<?xml version="1.0" encoding="UTF-8"?>
<gpx xmlns="http://www.topografix.com/GPX/1/1" xmlns:xsi="http://www.w3.org/2001/XMLSchema-instance" xsi:schemaLocation="http://www.topografix.com/GPX/1/1 http://www.topografix.com/GPX/1/1/gpx.xsd" version="1.1" creator="JuliacaBus-DS">
<metadata>
<name>Ayabacas-Bosque-LM-3</name>
<time>2026-10-06T09:00:00-05:00</time>
<keywords>linea LM-3, ida</keywords>
</metadata>
<trk>
<name>Ayabacas-Bosque-LM-3</name>
<trkseg>
<trkpt lat="-15.407451" lon="-70.095694">
<ele>3825.6</ele>
<time>2026-10-06T09:00:00-05:00</time>
</trkpt>
<trkpt lat="-15.40746" lon="-70.095686">
<ele>3825.8</ele>
<time>2026-10-06T09:00:02-05:00</time>
</trkpt>
<trkpt lat="-15.407446" lon="-70.095677">
<ele>3826.8</ele>
<time>2026-10-06T09:00:04-05:00</time>
</trkpt>
<trkpt lat="-15.407448" lon="-70.095675">
<ele>3825.5</ele>
<time>2026-10-06T09:00:06-05:00</time>
</trkpt>
<trkpt lat="-15.407463" lon="-70.095684">
<ele>3825.2</ele>
<time>2026-10-06T09:00:08-05:00</time>
</trkpt>
<trkpt lat="-15.407476" lon="-70.095682">
<ele>3825.6</ele>
<time>2026-10-06T09:00:10-05:00</time>
</trkpt>
<trkpt lat="-15.407505" lon="-70.095762">
<ele>3825.5</ele>
<time>2026-10-06T09:00:12-05:00</time>
</trkpt>
<trkpt lat="-15.407578" lon="-70.095785">
<ele>3826.2</ele>
<time>2026-10-06T09:00:14-05:00</time>
</trkpt>
<trkpt lat="-15.407596" lon="-70.095675">
<ele>3825.1</ele>
<time>2026-10-06T09:00:16-05:00</time>
</trkpt>
<trkpt lat="-15.407619" lon="-70.095553">
<ele>3825.6</ele>
<time>2026-10-06T09:00:18-05:00</time>
</trkpt>
<trkpt lat="-15.407611" lon="-70.095471">
<ele>3824.6</ele>
<time>2026-10-06T09:00:20-05:00</time>
</trkpt>
<trkpt lat="-15.407583" lon="-70.095398">
<ele>3824.6</ele>
<time>2026-10-06T09:00:22-05:00</time>
</trkpt>
<trkpt lat="-15.407551" lon="-70.095309">
<ele>3825.2</ele>
<time>2026-10-06T09:00:24-05:00</time>
</trkpt>
<trkpt lat="-15.407511" lon="-70.095207">
<ele>3826.0</ele>
<time>2026-10-06T09:00:26-05:00</time>
</trkpt>
<trkpt lat="-15.407477" lon="-70.095137">
<ele>3825.8</ele>
<time>2026-10-06T09:00:28-05:00</time>
</trkpt>
<trkpt lat="-15.407443" lon="-70.095059">
<ele>3825.7</ele>
<time>2026-10-06T09:00:30-05:00</time>
</trkpt>
<trkpt lat="-15.407387" lon="-70.09498">
<ele>3826.4</ele>
<time>2026-10-06T09:00:32-05:00</time>
</trkpt>
<trkpt lat="-15.407329" lon="-70.094892">
<ele>3826.3</ele>
<time>2026-10-06T09:00:34-05:00</time>
</trkpt>
<trkpt lat="-15.407277" lon="-70.094822">
<ele>3825.8</ele>
<time>2026-10-06T09:00:36-05:00</time>
</trkpt>
<trkpt lat="-15.407226" lon="-70.094749">
<ele>3826.1</ele>
<time>2026-10-06T09:00:38-05:00</time>
</trkpt>
<trkpt lat="-15.407186" lon="-70.094684">
<ele>3825.9</ele>
<time>2026-10-06T09:00:40-05:00</time>
</trkpt>
<trkpt lat="-15.407129" lon="-70.094611">
<ele>3826.2</ele>
<time>2026-10-06T09:00:42-05:00</time>
</trkpt>
<trkpt lat="-15.407094" lon="-70.094523">
<ele>3826.2</ele>
<time>2026-10-06T09:00:44-05:00</time>
</trkpt>
<trkpt lat="-15.407053" lon="-70.094437">
<ele>3825.3</ele>
<time>2026-10-06T09:00:46-05:00</time>
</trkpt>
<trkpt lat="-15.407039" lon="-70.094342">
<ele>3826.2</ele>
<time>2026-10-06T09:00:48-05:00</time>
</trkpt>
<trkpt lat="-15.407034" lon="-70.094251">
<ele>3826.0</ele>
<time>2026-10-06T09:00:50-05:00</time>
</trkpt>
<trkpt lat="-15.407016" lon="-70.094154">
<ele>3826.4</ele>
<time>2026-10-06T09:00:52-05:00</time>
</trkpt>
<trkpt lat="-15.407025" lon="-70.094068">
<ele>3826.3</ele>
<time>2026-10-06T09:00:54-05:00</time>
</trkpt>
<trkpt lat="-15.407015" lon="-70.093988">
<ele>3825.5</ele>
<time>2026-10-06T09:00:56-05:00</time>
</trkpt>
<trkpt lat="-15.407007" lon="-70.093899">
<ele>3826.2</ele>
<time>2026-10-06T09:00:58-05:00</time>
</trkpt>
<trkpt lat="-15.407007" lon="-70.093801">
<ele>3825.9</ele>
<time>2026-10-06T09:01:00-05:00</time>
</trkpt>
<trkpt lat="-15.407002" lon="-70.093709">
<ele>3826.1</ele>
<time>2026-10-06T09:01:02-05:00</time>
</trkpt>
<trkpt lat="-15.407014" lon="-70.093624">
<ele>3826.3</ele>
<time>2026-10-06T09:01:04-05:00</time>
</trkpt>
<trkpt lat="-15.407029" lon="-70.093545">
<ele>3826.4</ele>
<time>2026-10-06T09:01:06-05:00</time>
</trkpt>
<trkpt lat="-15.407036" lon="-70.093453">
<ele>3826.1</ele>
<time>2026-10-06T09:01:08-05:00</time>
</trkpt>
<trkpt lat="-15.407055" lon="-70.093362">
<ele>3826.3</ele>
<time>2026-10-06T09:01:10-05:00</time>
</trkpt>
<trkpt lat="-15.407089" lon="-70.093252">
<ele>3825.4</ele>
<time>2026-10-06T09:01:12-05:00</time>
</trkpt>
<trkpt lat="-15.407109" lon="-70.093158">
<ele>3825.9</ele>
<time>2026-10-06T09:01:14-05:00</time>
</trkpt>
<trkpt lat="-15.407124" lon="-70.093058">
<ele>3826.4</ele>
<time>2026-10-06T09:01:16-05:00</time>
</trkpt>
<trkpt lat="-15.407152" lon="-70.092966">
<ele>3826.4</ele>
<time>2026-10-06T09:01:18-05:00</time>
</trkpt>
<trkpt lat="-15.407178" lon="-70.092885">
<ele>3826.1</ele>
<time>2026-10-06T09:01:20-05:00</time>
</trkpt>
<trkpt lat="-15.407207" lon="-70.092789">
<ele>3826.1</ele>
<time>2026-10-06T09:01:22-05:00</time>
</trkpt>
<trkpt lat="-15.407228" lon="-70.09269">
<ele>3825.9</ele>
<time>2026-10-06T09:01:24-05:00</time>
</trkpt>
<trkpt lat="-15.407267" lon="-70.092618">
<ele>3826.1</ele>
<time>2026-10-06T09:01:26-05:00</time>
</trkpt>
<trkpt lat="-15.407305" lon="-70.092536">
<ele>3825.7</ele>
<time>2026-10-06T09:01:28-05:00</time>
</trkpt>
<trkpt lat="-15.407341" lon="-70.092457">
<ele>3825.9</ele>
<time>2026-10-06T09:01:30-05:00</time>
</trkpt>
<trkpt lat="-15.407382" lon="-70.092391">
<ele>3826.9</ele>
<time>2026-10-06T09:01:32-05:00</time>
</trkpt>
<trkpt lat="-15.407427" lon="-70.092325">
<ele>3825.8</ele>
<time>2026-10-06T09:01:34-05:00</time>
</trkpt>
<trkpt lat="-15.407471" lon="-70.09224">
<ele>3825.7</ele>
<time>2026-10-06T09:01:36-05:00</time>
</trkpt>
<trkpt lat="-15.407511" lon="-70.092171">
<ele>3826.0</ele>
<time>2026-10-06T09:01:38-05:00</time>
</trkpt>
<trkpt lat="-15.407559" lon="-70.092131">
<ele>3826.1</ele>
<time>2026-10-06T09:01:40-05:00</time>
</trkpt>
<trkpt lat="-15.407614" lon="-70.092067">
<ele>3826.8</ele>
<time>2026-10-06T09:01:42-05:00</time>
</trkpt>
<trkpt lat="-15.407671" lon="-70.092009">
<ele>3826.3</ele>
<time>2026-10-06T09:01:44-05:00</time>
</trkpt>
<trkpt lat="-15.407738" lon="-70.09195">
<ele>3826.0</ele>
<time>2026-10-06T09:01:46-05:00</time>
</trkpt>
<trkpt lat="-15.407816" lon="-70.091877">
<ele>3826.1</ele>
<time>2026-10-06T09:01:48-05:00</time>
</trkpt>
<trkpt lat="-15.407905" lon="-70.091815">
<ele>3826.2</ele>
<time>2026-10-06T09:01:50-05:00</time>
</trkpt>
<trkpt lat="-15.407976" lon="-70.091751">
<ele>3825.8</ele>
<time>2026-10-06T09:01:52-05:00</time>
</trkpt>
<trkpt lat="-15.408041" lon="-70.091699">
<ele>3826.1</ele>
<time>2026-10-06T09:01:54-05:00</time>
</trkpt>
<trkpt lat="-15.408131" lon="-70.091634">
<ele>3825.8</ele>
<time>2026-10-06T09:01:56-05:00</time>
</trkpt>
<trkpt lat="-15.408192" lon="-70.091581">
<ele>3826.4</ele>
<time>2026-10-06T09:01:58-05:00</time>
</trkpt>
<trkpt lat="-15.40827" lon="-70.091529">
<ele>3825.9</ele>
<time>2026-10-06T09:02:00-05:00</time>
</trkpt>
<trkpt lat="-15.40833" lon="-70.091496">
<ele>3826.2</ele>
<time>2026-10-06T09:02:02-05:00</time>
</trkpt>
<trkpt lat="-15.408411" lon="-70.091459">
<ele>3826.1</ele>
<time>2026-10-06T09:02:04-05:00</time>
</trkpt>
<trkpt lat="-15.408484" lon="-70.091425">
<ele>3826.3</ele>
<time>2026-10-06T09:02:06-05:00</time>
</trkpt>
<trkpt lat="-15.408561" lon="-70.091371">
<ele>3826.0</ele>
<time>2026-10-06T09:02:08-05:00</time>
</trkpt>
<trkpt lat="-15.408663" lon="-70.091325">
<ele>3826.7</ele>
<time>2026-10-06T09:02:10-05:00</time>
</trkpt>
<trkpt lat="-15.40874" lon="-70.091296">
<ele>3825.8</ele>
<time>2026-10-06T09:02:12-05:00</time>
</trkpt>
<trkpt lat="-15.408829" lon="-70.091276">
<ele>3825.8</ele>
<time>2026-10-06T09:02:14-05:00</time>
</trkpt>
<trkpt lat="-15.408905" lon="-70.091278">
<ele>3826.1</ele>
<time>2026-10-06T09:02:16-05:00</time>
</trkpt>
<trkpt lat="-15.409008" lon="-70.091278">
<ele>3826.3</ele>
<time>2026-10-06T09:02:18-05:00</time>
</trkpt>
<trkpt lat="-15.409094" lon="-70.091268">
<ele>3826.6</ele>
<time>2026-10-06T09:02:20-05:00</time>
</trkpt>
<trkpt lat="-15.409185" lon="-70.091256">
<ele>3825.5</ele>
<time>2026-10-06T09:02:22-05:00</time>
</trkpt>
<trkpt lat="-15.40927" lon="-70.091249">
<ele>3825.3</ele>
<time>2026-10-06T09:02:24-05:00</time>
</trkpt>
<trkpt lat="-15.409366" lon="-70.091242">
<ele>3825.4</ele>
<time>2026-10-06T09:02:26-05:00</time>
</trkpt>
<trkpt lat="-15.409448" lon="-70.091238">
<ele>3826.4</ele>
<time>2026-10-06T09:02:28-05:00</time>
</trkpt>
<trkpt lat="-15.409541" lon="-70.091239">
<ele>3825.9</ele>
<time>2026-10-06T09:02:30-05:00</time>
</trkpt>
<trkpt lat="-15.409617" lon="-70.091244">
<ele>3825.3</ele>
<time>2026-10-06T09:02:32-05:00</time>
</trkpt>
<trkpt lat="-15.409707" lon="-70.091239">
<ele>3825.8</ele>
<time>2026-10-06T09:02:34-05:00</time>
</trkpt>
<trkpt lat="-15.409795" lon="-70.09124">
<ele>3826.2</ele>
<time>2026-10-06T09:02:36-05:00</time>
</trkpt>
<trkpt lat="-15.409903" lon="-70.091247">
<ele>3825.7</ele>
<time>2026-10-06T09:02:38-05:00</time>
</trkpt>
<trkpt lat="-15.409995" lon="-70.091265">
<ele>3826.1</ele>
<time>2026-10-06T09:02:40-05:00</time>
</trkpt>
<trkpt lat="-15.410068" lon="-70.091305">
<ele>3825.8</ele>
<time>2026-10-06T09:02:42-05:00</time>
</trkpt>
<trkpt lat="-15.410169" lon="-70.091331">
<ele>3826.3</ele>
<time>2026-10-06T09:02:44-05:00</time>
</trkpt>
<trkpt lat="-15.410252" lon="-70.091344">
<ele>3825.7</ele>
<time>2026-10-06T09:02:46-05:00</time>
</trkpt>
<trkpt lat="-15.410349" lon="-70.091361">
<ele>3825.9</ele>
<time>2026-10-06T09:02:48-05:00</time>
</trkpt>
<trkpt lat="-15.410425" lon="-70.091399">
<ele>3825.8</ele>
<time>2026-10-06T09:02:50-05:00</time>
</trkpt>
<trkpt lat="-15.410509" lon="-70.091428">
<ele>3826.0</ele>
<time>2026-10-06T09:02:52-05:00</time>
</trkpt>
<trkpt lat="-15.410597" lon="-70.091488">
<ele>3826.4</ele>
<time>2026-10-06T09:02:54-05:00</time>
</trkpt>
<trkpt lat="-15.410666" lon="-70.091538">
<ele>3825.8</ele>
<time>2026-10-06T09:02:56-05:00</time>
</trkpt>
<trkpt lat="-15.410739" lon="-70.09157">
<ele>3825.5</ele>
<time>2026-10-06T09:02:58-05:00</time>
</trkpt>
<trkpt lat="-15.410821" lon="-70.091605">
<ele>3826.1</ele>
<time>2026-10-06T09:03:00-05:00</time>
</trkpt>
<trkpt lat="-15.410902" lon="-70.09166">
<ele>3825.9</ele>
<time>2026-10-06T09:03:02-05:00</time>
</trkpt>
<trkpt lat="-15.41097" lon="-70.091713">
<ele>3826.2</ele>
<time>2026-10-06T09:03:04-05:00</time>
</trkpt>
<trkpt lat="-15.411037" lon="-70.091757">
<ele>3826.7</ele>
<time>2026-10-06T09:03:06-05:00</time>
</trkpt>
<trkpt lat="-15.411105" lon="-70.091818">
<ele>3826.4</ele>
<time>2026-10-06T09:03:08-05:00</time>
</trkpt>
<trkpt lat="-15.41116" lon="-70.091885">
<ele>3826.3</ele>
<time>2026-10-06T09:03:10-05:00</time>
</trkpt>
<trkpt lat="-15.411215" lon="-70.091957">
<ele>3827.0</ele>
<time>2026-10-06T09:03:12-05:00</time>
</trkpt>
<trkpt lat="-15.411289" lon="-70.092012">
<ele>3826.0</ele>
<time>2026-10-06T09:03:14-05:00</time>
</trkpt>
<trkpt lat="-15.411371" lon="-70.092082">
<ele>3825.5</ele>
<time>2026-10-06T09:03:16-05:00</time>
</trkpt>
<trkpt lat="-15.411432" lon="-70.092142">
<ele>3825.9</ele>
<time>2026-10-06T09:03:18-05:00</time>
</trkpt>
<trkpt lat="-15.411472" lon="-70.092233">
<ele>3826.2</ele>
<time>2026-10-06T09:03:20-05:00</time>
</trkpt>
<trkpt lat="-15.411525" lon="-70.092286">
<ele>3825.9</ele>
<time>2026-10-06T09:03:22-05:00</time>
</trkpt>
<trkpt lat="-15.411576" lon="-70.092371">
<ele>3826.0</ele>
<time>2026-10-06T09:03:24-05:00</time>
</trkpt>
<trkpt lat="-15.411618" lon="-70.092454">
<ele>3826.1</ele>
<time>2026-10-06T09:03:26-05:00</time>
</trkpt>
<trkpt lat="-15.411631" lon="-70.092549">
<ele>3826.9</ele>
<time>2026-10-06T09:03:28-05:00</time>
</trkpt>
<trkpt lat="-15.411665" lon="-70.09262">
<ele>3826.2</ele>
<time>2026-10-06T09:03:30-05:00</time>
</trkpt>
<trkpt lat="-15.411701" lon="-70.092716">
<ele>3825.6</ele>
<time>2026-10-06T09:03:32-05:00</time>
</trkpt>
<trkpt lat="-15.411728" lon="-70.092815">
<ele>3825.6</ele>
<time>2026-10-06T09:03:34-05:00</time>
</trkpt>
<trkpt lat="-15.411765" lon="-70.0929">
<ele>3826.3</ele>
<time>2026-10-06T09:03:36-05:00</time>
</trkpt>
<trkpt lat="-15.411798" lon="-70.092961">
<ele>3826.6</ele>
<time>2026-10-06T09:03:38-05:00</time>
</trkpt>
<trkpt lat="-15.411815" lon="-70.093055">
<ele>3825.6</ele>
<time>2026-10-06T09:03:40-05:00</time>
</trkpt>
<trkpt lat="-15.411831" lon="-70.093126">
<ele>3825.9</ele>
<time>2026-10-06T09:03:42-05:00</time>
</trkpt>
<trkpt lat="-15.411857" lon="-70.093204">
<ele>3825.6</ele>
<time>2026-10-06T09:03:44-05:00</time>
</trkpt>
<trkpt lat="-15.411882" lon="-70.093292">
<ele>3826.4</ele>
<time>2026-10-06T09:03:46-05:00</time>
</trkpt>
<trkpt lat="-15.411902" lon="-70.09338">
<ele>3826.7</ele>
<time>2026-10-06T09:03:48-05:00</time>
</trkpt>
<trkpt lat="-15.411906" lon="-70.093469">
<ele>3826.0</ele>
<time>2026-10-06T09:03:50-05:00</time>
</trkpt>
<trkpt lat="-15.411893" lon="-70.093552">
<ele>3825.8</ele>
<time>2026-10-06T09:03:52-05:00</time>
</trkpt>
<trkpt lat="-15.411893" lon="-70.09363">
<ele>3826.1</ele>
<time>2026-10-06T09:03:54-05:00</time>
</trkpt>
<trkpt lat="-15.411889" lon="-70.093735">
<ele>3825.7</ele>
<time>2026-10-06T09:03:56-05:00</time>
</trkpt>
<trkpt lat="-15.411882" lon="-70.093834">
<ele>3826.0</ele>
<time>2026-10-06T09:03:58-05:00</time>
</trkpt>
<trkpt lat="-15.411892" lon="-70.093926">
<ele>3826.5</ele>
<time>2026-10-06T09:04:00-05:00</time>
</trkpt>
<trkpt lat="-15.411885" lon="-70.094016">
<ele>3825.8</ele>
<time>2026-10-06T09:04:02-05:00</time>
</trkpt>
<trkpt lat="-15.411871" lon="-70.094122">
<ele>3826.4</ele>
<time>2026-10-06T09:04:04-05:00</time>
</trkpt>
<trkpt lat="-15.41186" lon="-70.094223">
<ele>3827.0</ele>
<time>2026-10-06T09:04:06-05:00</time>
</trkpt>
<trkpt lat="-15.411823" lon="-70.094322">
<ele>3825.4</ele>
<time>2026-10-06T09:04:08-05:00</time>
</trkpt>
<trkpt lat="-15.411791" lon="-70.0944">
<ele>3825.5</ele>
<time>2026-10-06T09:04:10-05:00</time>
</trkpt>
<trkpt lat="-15.411774" lon="-70.09447">
<ele>3825.8</ele>
<time>2026-10-06T09:04:12-05:00</time>
</trkpt>
<trkpt lat="-15.411758" lon="-70.094571">
<ele>3826.0</ele>
<time>2026-10-06T09:04:14-05:00</time>
</trkpt>
<trkpt lat="-15.41172" lon="-70.094667">
<ele>3826.0</ele>
<time>2026-10-06T09:04:16-05:00</time>
</trkpt>
<trkpt lat="-15.41169" lon="-70.094758">
<ele>3825.9</ele>
<time>2026-10-06T09:04:18-05:00</time>
</trkpt>
<trkpt lat="-15.411631" lon="-70.094835">
<ele>3826.0</ele>
<time>2026-10-06T09:04:20-05:00</time>
</trkpt>
<trkpt lat="-15.411612" lon="-70.094932">
<ele>3825.6</ele>
<time>2026-10-06T09:04:22-05:00</time>
</trkpt>
<trkpt lat="-15.411567" lon="-70.09501">
<ele>3826.3</ele>
<time>2026-10-06T09:04:24-05:00</time>
</trkpt>
<trkpt lat="-15.411531" lon="-70.095066">
<ele>3825.7</ele>
<time>2026-10-06T09:04:26-05:00</time>
</trkpt>
<trkpt lat="-15.411473" lon="-70.095149">
<ele>3825.5</ele>
<time>2026-10-06T09:04:28-05:00</time>
</trkpt>
<trkpt lat="-15.411429" lon="-70.095229">
<ele>3826.0</ele>
<time>2026-10-06T09:04:30-05:00</time>
</trkpt>
<trkpt lat="-15.411367" lon="-70.095314">
<ele>3825.8</ele>
<time>2026-10-06T09:04:32-05:00</time>
</trkpt>
<trkpt lat="-15.411307" lon="-70.095372">
<ele>3826.1</ele>
<time>2026-10-06T09:04:34-05:00</time>
</trkpt>
<trkpt lat="-15.411263" lon="-70.095441">
<ele>3826.5</ele>
<time>2026-10-06T09:04:36-05:00</time>
</trkpt>
<trkpt lat="-15.411222" lon="-70.095518">
<ele>3825.0</ele>
<time>2026-10-06T09:04:38-05:00</time>
</trkpt>
<trkpt lat="-15.411168" lon="-70.095589">
<ele>3825.6</ele>
<time>2026-10-06T09:04:40-05:00</time>
</trkpt>
<trkpt lat="-15.41112" lon="-70.095665">
<ele>3826.1</ele>
<time>2026-10-06T09:04:42-05:00</time>
</trkpt>
<trkpt lat="-15.411055" lon="-70.095753">
<ele>3825.6</ele>
<time>2026-10-06T09:04:44-05:00</time>
</trkpt>
<trkpt lat="-15.410984" lon="-70.095831">
<ele>3825.9</ele>
<time>2026-10-06T09:04:46-05:00</time>
</trkpt>
<trkpt lat="-15.410946" lon="-70.095912">
<ele>3826.4</ele>
<time>2026-10-06T09:04:48-05:00</time>
</trkpt>
<trkpt lat="-15.410894" lon="-70.095981">
<ele>3825.9</ele>
<time>2026-10-06T09:04:50-05:00</time>
</trkpt>
<trkpt lat="-15.410869" lon="-70.096076">
<ele>3825.6</ele>
<time>2026-10-06T09:04:52-05:00</time>
</trkpt>
<trkpt lat="-15.410815" lon="-70.096156">
<ele>3825.8</ele>
<time>2026-10-06T09:04:54-05:00</time>
</trkpt>
<trkpt lat="-15.41078" lon="-70.096244">
<ele>3825.6</ele>
<time>2026-10-06T09:04:56-05:00</time>
</trkpt>
<trkpt lat="-15.41074" lon="-70.096325">
<ele>3826.0</ele>
<time>2026-10-06T09:04:58-05:00</time>
</trkpt>
<trkpt lat="-15.410729" lon="-70.096375">
<ele>3826.5</ele>
<time>2026-10-06T09:05:00-05:00</time>
</trkpt>
<trkpt lat="-15.410689" lon="-70.09644">
<ele>3826.6</ele>
<time>2026-10-06T09:05:02-05:00</time>
</trkpt>
<trkpt lat="-15.410664" lon="-70.096496">
<ele>3826.5</ele>
<time>2026-10-06T09:05:04-05:00</time>
</trkpt>
<trkpt lat="-15.410638" lon="-70.096527">
<ele>3826.0</ele>
<time>2026-10-06T09:05:06-05:00</time>
</trkpt>
<trkpt lat="-15.410653" lon="-70.096566">
<ele>3826.8</ele>
<time>2026-10-06T09:05:08-05:00</time>
</trkpt>
<trkpt lat="-15.410707" lon="-70.096583">
<ele>3825.9</ele>
<time>2026-10-06T09:05:10-05:00</time>
</trkpt>
<trkpt lat="-15.41078" lon="-70.096586">
<ele>3825.5</ele>
<time>2026-10-06T09:05:12-05:00</time>
</trkpt>
<trkpt lat="-15.410879" lon="-70.096611">
<ele>3825.6</ele>
<time>2026-10-06T09:05:14-05:00</time>
</trkpt>
<trkpt lat="-15.410986" lon="-70.096628">
<ele>3825.7</ele>
<time>2026-10-06T09:05:16-05:00</time>
</trkpt>
<trkpt lat="-15.411099" lon="-70.096648">
<ele>3826.4</ele>
<time>2026-10-06T09:05:18-05:00</time>
</trkpt>
<trkpt lat="-15.411193" lon="-70.096642">
<ele>3826.3</ele>
<time>2026-10-06T09:05:20-05:00</time>
</trkpt>
<trkpt lat="-15.411309" lon="-70.096657">
<ele>3826.2</ele>
<time>2026-10-06T09:05:22-05:00</time>
</trkpt>
<trkpt lat="-15.41142" lon="-70.096664">
<ele>3825.7</ele>
<time>2026-10-06T09:05:24-05:00</time>
</trkpt>
<trkpt lat="-15.41152" lon="-70.096684">
<ele>3826.7</ele>
<time>2026-10-06T09:05:26-05:00</time>
</trkpt>
<trkpt lat="-15.411604" lon="-70.096682">
<ele>3826.7</ele>
<time>2026-10-06T09:05:28-05:00</time>
</trkpt>
<trkpt lat="-15.411717" lon="-70.096678">
<ele>3826.3</ele>
<time>2026-10-06T09:05:30-05:00</time>
</trkpt>
<trkpt lat="-15.411784" lon="-70.096679">
<ele>3825.9</ele>
<time>2026-10-06T09:05:32-05:00</time>
</trkpt>
<trkpt lat="-15.411876" lon="-70.09668">
<ele>3826.5</ele>
<time>2026-10-06T09:05:34-05:00</time>
</trkpt>
<trkpt lat="-15.411982" lon="-70.096684">
<ele>3825.6</ele>
<time>2026-10-06T09:05:36-05:00</time>
</trkpt>
<trkpt lat="-15.412076" lon="-70.096681">
<ele>3826.5</ele>
<time>2026-10-06T09:05:38-05:00</time>
</trkpt>
<trkpt lat="-15.412188" lon="-70.096682">
<ele>3825.2</ele>
<time>2026-10-06T09:05:40-05:00</time>
</trkpt>
<trkpt lat="-15.412295" lon="-70.096686">
<ele>3825.8</ele>
<time>2026-10-06T09:05:42-05:00</time>
</trkpt>
<trkpt lat="-15.412404" lon="-70.096679">
<ele>3826.2</ele>
<time>2026-10-06T09:05:44-05:00</time>
</trkpt>
<trkpt lat="-15.412479" lon="-70.096691">
<ele>3825.4</ele>
<time>2026-10-06T09:05:46-05:00</time>
</trkpt>
<trkpt lat="-15.412595" lon="-70.096702">
<ele>3826.4</ele>
<time>2026-10-06T09:05:48-05:00</time>
</trkpt>
<trkpt lat="-15.412702" lon="-70.096702">
<ele>3826.7</ele>
<time>2026-10-06T09:05:50-05:00</time>
</trkpt>
<trkpt lat="-15.412811" lon="-70.096701">
<ele>3825.9</ele>
<time>2026-10-06T09:05:52-05:00</time>
</trkpt>
<trkpt lat="-15.412913" lon="-70.096705">
<ele>3826.1</ele>
<time>2026-10-06T09:05:54-05:00</time>
</trkpt>
<trkpt lat="-15.413016" lon="-70.096725">
<ele>3826.1</ele>
<time>2026-10-06T09:05:56-05:00</time>
</trkpt>
<trkpt lat="-15.413102" lon="-70.096727">
<ele>3825.9</ele>
<time>2026-10-06T09:05:58-05:00</time>
</trkpt>
<trkpt lat="-15.413213" lon="-70.096723">
<ele>3826.3</ele>
<time>2026-10-06T09:06:00-05:00</time>
</trkpt>
<trkpt lat="-15.413304" lon="-70.096728">
<ele>3826.1</ele>
<time>2026-10-06T09:06:02-05:00</time>
</trkpt>
<trkpt lat="-15.413405" lon="-70.09674">
<ele>3826.0</ele>
<time>2026-10-06T09:06:04-05:00</time>
</trkpt>
<trkpt lat="-15.413509" lon="-70.09675">
<ele>3825.9</ele>
<time>2026-10-06T09:06:06-05:00</time>
</trkpt>
<trkpt lat="-15.413632" lon="-70.096771">
<ele>3826.2</ele>
<time>2026-10-06T09:06:08-05:00</time>
</trkpt>
<trkpt lat="-15.413736" lon="-70.096783">
<ele>3825.7</ele>
<time>2026-10-06T09:06:10-05:00</time>
</trkpt>
<trkpt lat="-15.413837" lon="-70.096796">
<ele>3826.2</ele>
<time>2026-10-06T09:06:12-05:00</time>
</trkpt>
<trkpt lat="-15.413931" lon="-70.096802">
<ele>3825.7</ele>
<time>2026-10-06T09:06:14-05:00</time>
</trkpt>
<trkpt lat="-15.414022" lon="-70.096787">
<ele>3826.3</ele>
<time>2026-10-06T09:06:16-05:00</time>
</trkpt>
<trkpt lat="-15.414146" lon="-70.096802">
<ele>3826.0</ele>
<time>2026-10-06T09:06:18-05:00</time>
</trkpt>
<trkpt lat="-15.414249" lon="-70.096829">
<ele>3826.2</ele>
<time>2026-10-06T09:06:20-05:00</time>
</trkpt>
<trkpt lat="-15.414352" lon="-70.096845">
<ele>3826.5</ele>
<time>2026-10-06T09:06:22-05:00</time>
</trkpt>
<trkpt lat="-15.414469" lon="-70.096866">
<ele>3825.5</ele>
<time>2026-10-06T09:06:24-05:00</time>
</trkpt>
<trkpt lat="-15.414579" lon="-70.09687">
<ele>3825.7</ele>
<time>2026-10-06T09:06:26-05:00</time>
</trkpt>
<trkpt lat="-15.414662" lon="-70.096887">
<ele>3825.7</ele>
<time>2026-10-06T09:06:28-05:00</time>
</trkpt>
<trkpt lat="-15.414746" lon="-70.096904">
<ele>3825.8</ele>
<time>2026-10-06T09:06:30-05:00</time>
</trkpt>
<trkpt lat="-15.414833" lon="-70.096905">
<ele>3826.2</ele>
<time>2026-10-06T09:06:32-05:00</time>
</trkpt>
<trkpt lat="-15.414924" lon="-70.096922">
<ele>3825.4</ele>
<time>2026-10-06T09:06:34-05:00</time>
</trkpt>
<trkpt lat="-15.415029" lon="-70.096923">
<ele>3825.8</ele>
<time>2026-10-06T09:06:36-05:00</time>
</trkpt>
<trkpt lat="-15.415085" lon="-70.096943">
<ele>3825.6</ele>
<time>2026-10-06T09:06:38-05:00</time>
</trkpt>
<trkpt lat="-15.415135" lon="-70.096979">
<ele>3826.2</ele>
<time>2026-10-06T09:06:40-05:00</time>
</trkpt>
<trkpt lat="-15.415162" lon="-70.096989">
<ele>3826.3</ele>
<time>2026-10-06T09:06:42-05:00</time>
</trkpt>
<trkpt lat="-15.415183" lon="-70.096988">
<ele>3825.8</ele>
<time>2026-10-06T09:06:44-05:00</time>
</trkpt>
<trkpt lat="-15.415184" lon="-70.096972">
<ele>3826.2</ele>
<time>2026-10-06T09:06:46-05:00</time>
</trkpt>
<trkpt lat="-15.415171" lon="-70.096973">
<ele>3826.0</ele>
<time>2026-10-06T09:06:48-05:00</time>
</trkpt>
<trkpt lat="-15.415155" lon="-70.096966">
<ele>3826.0</ele>
<time>2026-10-06T09:06:50-05:00</time>
</trkpt>
<trkpt lat="-15.415155" lon="-70.096957">
<ele>3825.0</ele>
<time>2026-10-06T09:06:52-05:00</time>
</trkpt>
<trkpt lat="-15.415161" lon="-70.09697">
<ele>3825.8</ele>
<time>2026-10-06T09:06:54-05:00</time>
</trkpt>
<trkpt lat="-15.415218" lon="-70.096963">
<ele>3825.0</ele>
<time>2026-10-06T09:06:56-05:00</time>
</trkpt>
<trkpt lat="-15.415321" lon="-70.096943">
<ele>3826.7</ele>
<time>2026-10-06T09:06:58-05:00</time>
</trkpt>
<trkpt lat="-15.41544" lon="-70.096964">
<ele>3826.8</ele>
<time>2026-10-06T09:07:00-05:00</time>
</trkpt>
<trkpt lat="-15.415596" lon="-70.096989">
<ele>3825.9</ele>
<time>2026-10-06T09:07:02-05:00</time>
</trkpt>
<trkpt lat="-15.41573" lon="-70.096999">
<ele>3826.3</ele>
<time>2026-10-06T09:07:04-05:00</time>
</trkpt>
<trkpt lat="-15.415886" lon="-70.097022">
<ele>3826.9</ele>
<time>2026-10-06T09:07:06-05:00</time>
</trkpt>
<trkpt lat="-15.415985" lon="-70.097036">
<ele>3825.9</ele>
<time>2026-10-06T09:07:08-05:00</time>
</trkpt>
<trkpt lat="-15.416061" lon="-70.09706">
<ele>3825.8</ele>
<time>2026-10-06T09:07:10-05:00</time>
</trkpt>
<trkpt lat="-15.416077" lon="-70.097073">
<ele>3826.1</ele>
<time>2026-10-06T09:07:12-05:00</time>
</trkpt>
<trkpt lat="-15.416082" lon="-70.097058">
<ele>3825.8</ele>
<time>2026-10-06T09:07:14-05:00</time>
</trkpt>
<trkpt lat="-15.416093" lon="-70.097054">
<ele>3826.4</ele>
<time>2026-10-06T09:07:16-05:00</time>
</trkpt>
<trkpt lat="-15.416097" lon="-70.097047">
<ele>3825.6</ele>
<time>2026-10-06T09:07:18-05:00</time>
</trkpt>
<trkpt lat="-15.416097" lon="-70.097035">
<ele>3825.8</ele>
<time>2026-10-06T09:07:20-05:00</time>
</trkpt>
<trkpt lat="-15.416088" lon="-70.097034">
<ele>3826.1</ele>
<time>2026-10-06T09:07:22-05:00</time>
</trkpt>
<trkpt lat="-15.416077" lon="-70.09705">
<ele>3825.8</ele>
<time>2026-10-06T09:07:24-05:00</time>
</trkpt>
<trkpt lat="-15.416087" lon="-70.097059">
<ele>3825.8</ele>
<time>2026-10-06T09:07:26-05:00</time>
</trkpt>
<trkpt lat="-15.416085" lon="-70.097059">
<ele>3825.7</ele>
<time>2026-10-06T09:07:28-05:00</time>
</trkpt>
<trkpt lat="-15.416087" lon="-70.097059">
<ele>3825.8</ele>
<time>2026-10-06T09:07:30-05:00</time>
</trkpt>
<trkpt lat="-15.416105" lon="-70.097057">
<ele>3826.2</ele>
<time>2026-10-06T09:07:32-05:00</time>
</trkpt>
<trkpt lat="-15.416089" lon="-70.097062">
<ele>3825.8</ele>
<time>2026-10-06T09:07:34-05:00</time>
</trkpt>
<trkpt lat="-15.416111" lon="-70.097084">
<ele>3825.6</ele>
<time>2026-10-06T09:07:36-05:00</time>
</trkpt>
<trkpt lat="-15.416119" lon="-70.09708">
<ele>3825.7</ele>
<time>2026-10-06T09:07:38-05:00</time>
</trkpt>
<trkpt lat="-15.416104" lon="-70.097084">
<ele>3825.8</ele>
<time>2026-10-06T09:07:40-05:00</time>
</trkpt>
<trkpt lat="-15.416127" lon="-70.097062">
<ele>3826.0</ele>
<time>2026-10-06T09:07:42-05:00</time>
</trkpt>
<trkpt lat="-15.416181" lon="-70.097059">
<ele>3826.1</ele>
<time>2026-10-06T09:07:44-05:00</time>
</trkpt>
<trkpt lat="-15.416272" lon="-70.097045">
<ele>3825.4</ele>
<time>2026-10-06T09:07:46-05:00</time>
</trkpt>
<trkpt lat="-15.416403" lon="-70.097051">
<ele>3825.9</ele>
<time>2026-10-06T09:07:48-05:00</time>
</trkpt>
<trkpt lat="-15.416549" lon="-70.097072">
<ele>3825.8</ele>
<time>2026-10-06T09:07:50-05:00</time>
</trkpt>
<trkpt lat="-15.416684" lon="-70.097088">
<ele>3825.7</ele>
<time>2026-10-06T09:07:52-05:00</time>
</trkpt>
<trkpt lat="-15.416829" lon="-70.097108">
<ele>3825.8</ele>
<time>2026-10-06T09:07:54-05:00</time>
</trkpt>
<trkpt lat="-15.416966" lon="-70.097125">
<ele>3825.6</ele>
<time>2026-10-06T09:07:56-05:00</time>
</trkpt>
<trkpt lat="-15.417073" lon="-70.097118">
<ele>3825.9</ele>
<time>2026-10-06T09:07:58-05:00</time>
</trkpt>
<trkpt lat="-15.417128" lon="-70.09713">
<ele>3825.8</ele>
<time>2026-10-06T09:08:00-05:00</time>
</trkpt>
<trkpt lat="-15.41716" lon="-70.097128">
<ele>3825.6</ele>
<time>2026-10-06T09:08:02-05:00</time>
</trkpt>
<trkpt lat="-15.417183" lon="-70.097126">
<ele>3825.7</ele>
<time>2026-10-06T09:08:04-05:00</time>
</trkpt>
<trkpt lat="-15.417167" lon="-70.097129">
<ele>3826.3</ele>
<time>2026-10-06T09:08:06-05:00</time>
</trkpt>
<trkpt lat="-15.417171" lon="-70.097125">
<ele>3825.2</ele>
<time>2026-10-06T09:08:08-05:00</time>
</trkpt>
<trkpt lat="-15.417166" lon="-70.097144">
<ele>3825.5</ele>
<time>2026-10-06T09:08:10-05:00</time>
</trkpt>
<trkpt lat="-15.41715" lon="-70.097149">
<ele>3825.0</ele>
<time>2026-10-06T09:08:12-05:00</time>
</trkpt>
<trkpt lat="-15.417147" lon="-70.097144">
<ele>3825.9</ele>
<time>2026-10-06T09:08:14-05:00</time>
</trkpt>
<trkpt lat="-15.417153" lon="-70.097136">
<ele>3825.5</ele>
<time>2026-10-06T09:08:16-05:00</time>
</trkpt>
<trkpt lat="-15.417167" lon="-70.097136">
<ele>3826.0</ele>
<time>2026-10-06T09:08:18-05:00</time>
</trkpt>
<trkpt lat="-15.417173" lon="-70.097146">
<ele>3825.6</ele>
<time>2026-10-06T09:08:20-05:00</time>
</trkpt>
<trkpt lat="-15.41717" lon="-70.097136">
<ele>3825.4</ele>
<time>2026-10-06T09:08:22-05:00</time>
</trkpt>
<trkpt lat="-15.417166" lon="-70.09714">
<ele>3826.1</ele>
<time>2026-10-06T09:08:24-05:00</time>
</trkpt>
<trkpt lat="-15.417164" lon="-70.097145">
<ele>3826.0</ele>
<time>2026-10-06T09:08:26-05:00</time>
</trkpt>
<trkpt lat="-15.417189" lon="-70.09714">
<ele>3825.4</ele>
<time>2026-10-06T09:08:28-05:00</time>
</trkpt>
<trkpt lat="-15.417224" lon="-70.097132">
<ele>3825.7</ele>
<time>2026-10-06T09:08:30-05:00</time>
</trkpt>
<trkpt lat="-15.417292" lon="-70.097122">
<ele>3826.6</ele>
<time>2026-10-06T09:08:32-05:00</time>
</trkpt>
<trkpt lat="-15.417375" lon="-70.097118">
<ele>3825.7</ele>
<time>2026-10-06T09:08:34-05:00</time>
</trkpt>
<trkpt lat="-15.417448" lon="-70.097144">
<ele>3825.2</ele>
<time>2026-10-06T09:08:36-05:00</time>
</trkpt>
<trkpt lat="-15.417549" lon="-70.097148">
<ele>3826.0</ele>
<time>2026-10-06T09:08:38-05:00</time>
</trkpt>
<trkpt lat="-15.417649" lon="-70.097154">
<ele>3826.0</ele>
<time>2026-10-06T09:08:40-05:00</time>
</trkpt>
<trkpt lat="-15.417774" lon="-70.097177">
<ele>3826.2</ele>
<time>2026-10-06T09:08:42-05:00</time>
</trkpt>
<trkpt lat="-15.417885" lon="-70.097178">
<ele>3825.7</ele>
<time>2026-10-06T09:08:44-05:00</time>
</trkpt>
<trkpt lat="-15.417987" lon="-70.097209">
<ele>3826.2</ele>
<time>2026-10-06T09:08:46-05:00</time>
</trkpt>
<trkpt lat="-15.418075" lon="-70.097218">
<ele>3826.2</ele>
<time>2026-10-06T09:08:48-05:00</time>
</trkpt>
<trkpt lat="-15.41817" lon="-70.097206">
<ele>3825.9</ele>
<time>2026-10-06T09:08:50-05:00</time>
</trkpt>
<trkpt lat="-15.418268" lon="-70.097211">
<ele>3825.9</ele>
<time>2026-10-06T09:08:52-05:00</time>
</trkpt>
<trkpt lat="-15.418351" lon="-70.097238">
<ele>3826.4</ele>
<time>2026-10-06T09:08:54-05:00</time>
</trkpt>
<trkpt lat="-15.418449" lon="-70.097254">
<ele>3826.1</ele>
<time>2026-10-06T09:08:56-05:00</time>
</trkpt>
<trkpt lat="-15.418527" lon="-70.097265">
<ele>3826.4</ele>
<time>2026-10-06T09:08:58-05:00</time>
</trkpt>
<trkpt lat="-15.41863" lon="-70.09727">
<ele>3826.3</ele>
<time>2026-10-06T09:09:00-05:00</time>
</trkpt>
<trkpt lat="-15.418735" lon="-70.097255">
<ele>3826.5</ele>
<time>2026-10-06T09:09:02-05:00</time>
</trkpt>
<trkpt lat="-15.418831" lon="-70.097267">
<ele>3826.9</ele>
<time>2026-10-06T09:09:04-05:00</time>
</trkpt>
<trkpt lat="-15.418917" lon="-70.097276">
<ele>3826.8</ele>
<time>2026-10-06T09:09:06-05:00</time>
</trkpt>
<trkpt lat="-15.419014" lon="-70.097273">
<ele>3827.3</ele>
<time>2026-10-06T09:09:08-05:00</time>
</trkpt>
<trkpt lat="-15.41911" lon="-70.097274">
<ele>3826.9</ele>
<time>2026-10-06T09:09:10-05:00</time>
</trkpt>
<trkpt lat="-15.419202" lon="-70.097288">
<ele>3827.8</ele>
<time>2026-10-06T09:09:12-05:00</time>
</trkpt>
<trkpt lat="-15.41929" lon="-70.097286">
<ele>3828.3</ele>
<time>2026-10-06T09:09:14-05:00</time>
</trkpt>
<trkpt lat="-15.419368" lon="-70.097299">
<ele>3827.3</ele>
<time>2026-10-06T09:09:16-05:00</time>
</trkpt>
<trkpt lat="-15.419438" lon="-70.097301">
<ele>3827.3</ele>
<time>2026-10-06T09:09:18-05:00</time>
</trkpt>
<trkpt lat="-15.419537" lon="-70.097317">
<ele>3827.4</ele>
<time>2026-10-06T09:09:20-05:00</time>
</trkpt>
<trkpt lat="-15.419634" lon="-70.097333">
<ele>3827.8</ele>
<time>2026-10-06T09:09:22-05:00</time>
</trkpt>
<trkpt lat="-15.419731" lon="-70.097344">
<ele>3828.0</ele>
<time>2026-10-06T09:09:24-05:00</time>
</trkpt>
<trkpt lat="-15.419818" lon="-70.097343">
<ele>3828.9</ele>
<time>2026-10-06T09:09:26-05:00</time>
</trkpt>
<trkpt lat="-15.419945" lon="-70.097363">
<ele>3828.0</ele>
<time>2026-10-06T09:09:28-05:00</time>
</trkpt>
<trkpt lat="-15.420037" lon="-70.097364">
<ele>3828.2</ele>
<time>2026-10-06T09:09:30-05:00</time>
</trkpt>
<trkpt lat="-15.420151" lon="-70.097388">
<ele>3828.3</ele>
<time>2026-10-06T09:09:32-05:00</time>
</trkpt>
<trkpt lat="-15.42026" lon="-70.097385">
<ele>3828.7</ele>
<time>2026-10-06T09:09:34-05:00</time>
</trkpt>
<trkpt lat="-15.420369" lon="-70.097388">
<ele>3828.3</ele>
<time>2026-10-06T09:09:36-05:00</time>
</trkpt>
<trkpt lat="-15.420451" lon="-70.09739">
<ele>3827.8</ele>
<time>2026-10-06T09:09:38-05:00</time>
</trkpt>
<trkpt lat="-15.420515" lon="-70.097394">
<ele>3828.6</ele>
<time>2026-10-06T09:09:40-05:00</time>
</trkpt>
<trkpt lat="-15.420599" lon="-70.097399">
<ele>3829.0</ele>
<time>2026-10-06T09:09:42-05:00</time>
</trkpt>
<trkpt lat="-15.420674" lon="-70.097424">
<ele>3828.2</ele>
<time>2026-10-06T09:09:44-05:00</time>
</trkpt>
<trkpt lat="-15.420773" lon="-70.09743">
<ele>3828.3</ele>
<time>2026-10-06T09:09:46-05:00</time>
</trkpt>
<trkpt lat="-15.420886" lon="-70.097447">
<ele>3828.1</ele>
<time>2026-10-06T09:09:48-05:00</time>
</trkpt>
<trkpt lat="-15.420988" lon="-70.097435">
<ele>3827.9</ele>
<time>2026-10-06T09:09:50-05:00</time>
</trkpt>
<trkpt lat="-15.421098" lon="-70.097442">
<ele>3827.3</ele>
<time>2026-10-06T09:09:52-05:00</time>
</trkpt>
<trkpt lat="-15.421201" lon="-70.097464">
<ele>3828.6</ele>
<time>2026-10-06T09:09:54-05:00</time>
</trkpt>
<trkpt lat="-15.421298" lon="-70.097472">
<ele>3827.9</ele>
<time>2026-10-06T09:09:56-05:00</time>
</trkpt>
<trkpt lat="-15.421397" lon="-70.097498">
<ele>3827.3</ele>
<time>2026-10-06T09:09:58-05:00</time>
</trkpt>
<trkpt lat="-15.421489" lon="-70.097517">
<ele>3828.0</ele>
<time>2026-10-06T09:10:00-05:00</time>
</trkpt>
<trkpt lat="-15.421508" lon="-70.09752">
<ele>3828.0</ele>
<time>2026-10-06T09:10:02-05:00</time>
</trkpt>
<trkpt lat="-15.421523" lon="-70.097514">
<ele>3827.4</ele>
<time>2026-10-06T09:10:04-05:00</time>
</trkpt>
<trkpt lat="-15.421525" lon="-70.097496">
<ele>3826.9</ele>
<time>2026-10-06T09:10:06-05:00</time>
</trkpt>
<trkpt lat="-15.421528" lon="-70.097497">
<ele>3827.4</ele>
<time>2026-10-06T09:10:08-05:00</time>
</trkpt>
<trkpt lat="-15.421517" lon="-70.097496">
<ele>3826.7</ele>
<time>2026-10-06T09:10:10-05:00</time>
</trkpt>
<trkpt lat="-15.421513" lon="-70.097499">
<ele>3827.7</ele>
<time>2026-10-06T09:10:12-05:00</time>
</trkpt>
<trkpt lat="-15.421517" lon="-70.097489">
<ele>3827.2</ele>
<time>2026-10-06T09:10:14-05:00</time>
</trkpt>
<trkpt lat="-15.421492" lon="-70.097483">
<ele>3827.6</ele>
<time>2026-10-06T09:10:16-05:00</time>
</trkpt>
<trkpt lat="-15.421485" lon="-70.097492">
<ele>3827.5</ele>
<time>2026-10-06T09:10:18-05:00</time>
</trkpt>
<trkpt lat="-15.421497" lon="-70.097493">
<ele>3827.7</ele>
<time>2026-10-06T09:10:20-05:00</time>
</trkpt>
<trkpt lat="-15.421503" lon="-70.097481">
<ele>3827.6</ele>
<time>2026-10-06T09:10:22-05:00</time>
</trkpt>
<trkpt lat="-15.421497" lon="-70.097497">
<ele>3826.9</ele>
<time>2026-10-06T09:10:24-05:00</time>
</trkpt>
<trkpt lat="-15.421501" lon="-70.097489">
<ele>3827.7</ele>
<time>2026-10-06T09:10:26-05:00</time>
</trkpt>
<trkpt lat="-15.421504" lon="-70.097504">
<ele>3827.7</ele>
<time>2026-10-06T09:10:28-05:00</time>
</trkpt>
<trkpt lat="-15.421505" lon="-70.097496">
<ele>3827.7</ele>
<time>2026-10-06T09:10:30-05:00</time>
</trkpt>
<trkpt lat="-15.421496" lon="-70.097505">
<ele>3826.9</ele>
<time>2026-10-06T09:10:32-05:00</time>
</trkpt>
<trkpt lat="-15.421501" lon="-70.0975">
<ele>3827.6</ele>
<time>2026-10-06T09:10:34-05:00</time>
</trkpt>
<trkpt lat="-15.42152" lon="-70.097508">
<ele>3827.8</ele>
<time>2026-10-06T09:10:36-05:00</time>
</trkpt>
<trkpt lat="-15.42154" lon="-70.097499">
<ele>3827.4</ele>
<time>2026-10-06T09:10:38-05:00</time>
</trkpt>
<trkpt lat="-15.4216" lon="-70.097494">
<ele>3827.1</ele>
<time>2026-10-06T09:10:40-05:00</time>
</trkpt>
<trkpt lat="-15.421679" lon="-70.097501">
<ele>3827.6</ele>
<time>2026-10-06T09:10:42-05:00</time>
</trkpt>
<trkpt lat="-15.421767" lon="-70.097518">
<ele>3826.2</ele>
<time>2026-10-06T09:10:44-05:00</time>
</trkpt>
<trkpt lat="-15.421849" lon="-70.097524">
<ele>3826.8</ele>
<time>2026-10-06T09:10:46-05:00</time>
</trkpt>
<trkpt lat="-15.421939" lon="-70.097545">
<ele>3827.7</ele>
<time>2026-10-06T09:10:48-05:00</time>
</trkpt>
<trkpt lat="-15.422028" lon="-70.097554">
<ele>3827.0</ele>
<time>2026-10-06T09:10:50-05:00</time>
</trkpt>
<trkpt lat="-15.422134" lon="-70.097558">
<ele>3827.0</ele>
<time>2026-10-06T09:10:52-05:00</time>
</trkpt>
<trkpt lat="-15.422239" lon="-70.097573">
<ele>3826.4</ele>
<time>2026-10-06T09:10:54-05:00</time>
</trkpt>
<trkpt lat="-15.422329" lon="-70.097579">
<ele>3826.7</ele>
<time>2026-10-06T09:10:56-05:00</time>
</trkpt>
<trkpt lat="-15.422415" lon="-70.097592">
<ele>3827.4</ele>
<time>2026-10-06T09:10:58-05:00</time>
</trkpt>
<trkpt lat="-15.422512" lon="-70.0976">
<ele>3826.5</ele>
<time>2026-10-06T09:11:00-05:00</time>
</trkpt>
<trkpt lat="-15.422604" lon="-70.097607">
<ele>3827.3</ele>
<time>2026-10-06T09:11:02-05:00</time>
</trkpt>
<trkpt lat="-15.422696" lon="-70.097606">
<ele>3827.3</ele>
<time>2026-10-06T09:11:04-05:00</time>
</trkpt>
<trkpt lat="-15.422787" lon="-70.09762">
<ele>3826.7</ele>
<time>2026-10-06T09:11:06-05:00</time>
</trkpt>
<trkpt lat="-15.422898" lon="-70.097611">
<ele>3826.8</ele>
<time>2026-10-06T09:11:08-05:00</time>
</trkpt>
<trkpt lat="-15.423008" lon="-70.097641">
<ele>3827.3</ele>
<time>2026-10-06T09:11:10-05:00</time>
</trkpt>
<trkpt lat="-15.423101" lon="-70.097641">
<ele>3826.3</ele>
<time>2026-10-06T09:11:12-05:00</time>
</trkpt>
<trkpt lat="-15.423214" lon="-70.09764">
<ele>3826.7</ele>
<time>2026-10-06T09:11:14-05:00</time>
</trkpt>
<trkpt lat="-15.42332" lon="-70.097667">
<ele>3826.8</ele>
<time>2026-10-06T09:11:16-05:00</time>
</trkpt>
<trkpt lat="-15.423437" lon="-70.097697">
<ele>3827.1</ele>
<time>2026-10-06T09:11:18-05:00</time>
</trkpt>
<trkpt lat="-15.423535" lon="-70.09772">
<ele>3826.0</ele>
<time>2026-10-06T09:11:20-05:00</time>
</trkpt>
<trkpt lat="-15.423605" lon="-70.097733">
<ele>3826.1</ele>
<time>2026-10-06T09:11:22-05:00</time>
</trkpt>
<trkpt lat="-15.42369" lon="-70.097733">
<ele>3825.8</ele>
<time>2026-10-06T09:11:24-05:00</time>
</trkpt>
<trkpt lat="-15.423766" lon="-70.097746">
<ele>3826.0</ele>
<time>2026-10-06T09:11:26-05:00</time>
</trkpt>
<trkpt lat="-15.423849" lon="-70.097751">
<ele>3826.4</ele>
<time>2026-10-06T09:11:28-05:00</time>
</trkpt>
<trkpt lat="-15.423933" lon="-70.09776">
<ele>3826.0</ele>
<time>2026-10-06T09:11:30-05:00</time>
</trkpt>
<trkpt lat="-15.424017" lon="-70.097769">
<ele>3826.2</ele>
<time>2026-10-06T09:11:32-05:00</time>
</trkpt>
<trkpt lat="-15.424099" lon="-70.097761">
<ele>3826.0</ele>
<time>2026-10-06T09:11:34-05:00</time>
</trkpt>
<trkpt lat="-15.424199" lon="-70.097765">
<ele>3826.3</ele>
<time>2026-10-06T09:11:36-05:00</time>
</trkpt>
<trkpt lat="-15.424283" lon="-70.097784">
<ele>3825.4</ele>
<time>2026-10-06T09:11:38-05:00</time>
</trkpt>
<trkpt lat="-15.424389" lon="-70.097773">
<ele>3825.9</ele>
<time>2026-10-06T09:11:40-05:00</time>
</trkpt>
<trkpt lat="-15.424475" lon="-70.097766">
<ele>3826.0</ele>
<time>2026-10-06T09:11:42-05:00</time>
</trkpt>
<trkpt lat="-15.424549" lon="-70.097777">
<ele>3826.0</ele>
<time>2026-10-06T09:11:44-05:00</time>
</trkpt>
<trkpt lat="-15.424601" lon="-70.097784">
<ele>3826.1</ele>
<time>2026-10-06T09:11:46-05:00</time>
</trkpt>
<trkpt lat="-15.424672" lon="-70.097792">
<ele>3825.9</ele>
<time>2026-10-06T09:11:48-05:00</time>
</trkpt>
<trkpt lat="-15.424771" lon="-70.097797">
<ele>3826.0</ele>
<time>2026-10-06T09:11:50-05:00</time>
</trkpt>
<trkpt lat="-15.424843" lon="-70.097804">
<ele>3826.2</ele>
<time>2026-10-06T09:11:52-05:00</time>
</trkpt>
<trkpt lat="-15.424919" lon="-70.097811">
<ele>3826.4</ele>
<time>2026-10-06T09:11:54-05:00</time>
</trkpt>
<trkpt lat="-15.425009" lon="-70.097832">
<ele>3826.0</ele>
<time>2026-10-06T09:11:56-05:00</time>
</trkpt>
<trkpt lat="-15.425098" lon="-70.09786">
<ele>3825.5</ele>
<time>2026-10-06T09:11:58-05:00</time>
</trkpt>
<trkpt lat="-15.425189" lon="-70.097867">
<ele>3826.1</ele>
<time>2026-10-06T09:12:00-05:00</time>
</trkpt>
<trkpt lat="-15.425293" lon="-70.097861">
<ele>3825.5</ele>
<time>2026-10-06T09:12:02-05:00</time>
</trkpt>
<trkpt lat="-15.425376" lon="-70.097852">
<ele>3826.0</ele>
<time>2026-10-06T09:12:04-05:00</time>
</trkpt>
<trkpt lat="-15.425454" lon="-70.097855">
<ele>3825.3</ele>
<time>2026-10-06T09:12:06-05:00</time>
</trkpt>
<trkpt lat="-15.425531" lon="-70.097854">
<ele>3826.0</ele>
<time>2026-10-06T09:12:08-05:00</time>
</trkpt>
<trkpt lat="-15.42563" lon="-70.097851">
<ele>3825.8</ele>
<time>2026-10-06T09:12:10-05:00</time>
</trkpt>
<trkpt lat="-15.42572" lon="-70.097858">
<ele>3825.3</ele>
<time>2026-10-06T09:12:12-05:00</time>
</trkpt>
<trkpt lat="-15.425807" lon="-70.097877">
<ele>3825.3</ele>
<time>2026-10-06T09:12:14-05:00</time>
</trkpt>
<trkpt lat="-15.425899" lon="-70.097893">
<ele>3826.0</ele>
<time>2026-10-06T09:12:16-05:00</time>
</trkpt>
<trkpt lat="-15.425981" lon="-70.097897">
<ele>3825.7</ele>
<time>2026-10-06T09:12:18-05:00</time>
</trkpt>
<trkpt lat="-15.426066" lon="-70.097895">
<ele>3825.6</ele>
<time>2026-10-06T09:12:20-05:00</time>
</trkpt>
<trkpt lat="-15.426172" lon="-70.097906">
<ele>3825.5</ele>
<time>2026-10-06T09:12:22-05:00</time>
</trkpt>
<trkpt lat="-15.426264" lon="-70.097912">
<ele>3824.9</ele>
<time>2026-10-06T09:12:24-05:00</time>
</trkpt>
<trkpt lat="-15.42634" lon="-70.097908">
<ele>3825.6</ele>
<time>2026-10-06T09:12:26-05:00</time>
</trkpt>
<trkpt lat="-15.426412" lon="-70.097905">
<ele>3826.1</ele>
<time>2026-10-06T09:12:28-05:00</time>
</trkpt>
<trkpt lat="-15.426491" lon="-70.097888">
<ele>3825.2</ele>
<time>2026-10-06T09:12:30-05:00</time>
</trkpt>
<trkpt lat="-15.426568" lon="-70.097924">
<ele>3825.8</ele>
<time>2026-10-06T09:12:32-05:00</time>
</trkpt>
<trkpt lat="-15.426643" lon="-70.097945">
<ele>3824.5</ele>
<time>2026-10-06T09:12:34-05:00</time>
</trkpt>
<trkpt lat="-15.426734" lon="-70.097962">
<ele>3824.6</ele>
<time>2026-10-06T09:12:36-05:00</time>
</trkpt>
<trkpt lat="-15.426813" lon="-70.097963">
<ele>3825.2</ele>
<time>2026-10-06T09:12:38-05:00</time>
</trkpt>
<trkpt lat="-15.426879" lon="-70.097989">
<ele>3825.3</ele>
<time>2026-10-06T09:12:40-05:00</time>
</trkpt>
<trkpt lat="-15.426969" lon="-70.098003">
<ele>3824.5</ele>
<time>2026-10-06T09:12:42-05:00</time>
</trkpt>
<trkpt lat="-15.427047" lon="-70.097994">
<ele>3824.9</ele>
<time>2026-10-06T09:12:44-05:00</time>
</trkpt>
<trkpt lat="-15.427121" lon="-70.097985">
<ele>3824.6</ele>
<time>2026-10-06T09:12:46-05:00</time>
</trkpt>
<trkpt lat="-15.427225" lon="-70.098004">
<ele>3825.3</ele>
<time>2026-10-06T09:12:48-05:00</time>
</trkpt>
<trkpt lat="-15.427333" lon="-70.098018">
<ele>3825.2</ele>
<time>2026-10-06T09:12:50-05:00</time>
</trkpt>
<trkpt lat="-15.42741" lon="-70.098019">
<ele>3825.1</ele>
<time>2026-10-06T09:12:52-05:00</time>
</trkpt>
<trkpt lat="-15.427503" lon="-70.098025">
<ele>3824.4</ele>
<time>2026-10-06T09:12:54-05:00</time>
</trkpt>
<trkpt lat="-15.427607" lon="-70.098035">
<ele>3825.3</ele>
<time>2026-10-06T09:12:56-05:00</time>
</trkpt>
<trkpt lat="-15.427694" lon="-70.098053">
<ele>3826.6</ele>
<time>2026-10-06T09:12:58-05:00</time>
</trkpt>
<trkpt lat="-15.427786" lon="-70.098063">
<ele>3824.8</ele>
<time>2026-10-06T09:13:00-05:00</time>
</trkpt>
<trkpt lat="-15.42787" lon="-70.098079">
<ele>3825.2</ele>
<time>2026-10-06T09:13:02-05:00</time>
</trkpt>
<trkpt lat="-15.427965" lon="-70.098085">
<ele>3824.5</ele>
<time>2026-10-06T09:13:04-05:00</time>
</trkpt>
<trkpt lat="-15.428069" lon="-70.098089">
<ele>3825.2</ele>
<time>2026-10-06T09:13:06-05:00</time>
</trkpt>
<trkpt lat="-15.42814" lon="-70.098088">
<ele>3825.3</ele>
<time>2026-10-06T09:13:08-05:00</time>
</trkpt>
<trkpt lat="-15.428226" lon="-70.098108">
<ele>3824.9</ele>
<time>2026-10-06T09:13:10-05:00</time>
</trkpt>
<trkpt lat="-15.428319" lon="-70.09812">
<ele>3824.9</ele>
<time>2026-10-06T09:13:12-05:00</time>
</trkpt>
<trkpt lat="-15.428399" lon="-70.09812">
<ele>3824.9</ele>
<time>2026-10-06T09:13:14-05:00</time>
</trkpt>
<trkpt lat="-15.428475" lon="-70.098145">
<ele>3825.0</ele>
<time>2026-10-06T09:13:16-05:00</time>
</trkpt>
<trkpt lat="-15.428548" lon="-70.098147">
<ele>3824.8</ele>
<time>2026-10-06T09:13:18-05:00</time>
</trkpt>
<trkpt lat="-15.428625" lon="-70.098168">
<ele>3825.1</ele>
<time>2026-10-06T09:13:20-05:00</time>
</trkpt>
<trkpt lat="-15.428723" lon="-70.098169">
<ele>3824.6</ele>
<time>2026-10-06T09:13:22-05:00</time>
</trkpt>
<trkpt lat="-15.428824" lon="-70.098181">
<ele>3824.7</ele>
<time>2026-10-06T09:13:24-05:00</time>
</trkpt>
<trkpt lat="-15.428926" lon="-70.098195">
<ele>3825.2</ele>
<time>2026-10-06T09:13:26-05:00</time>
</trkpt>
<trkpt lat="-15.429034" lon="-70.098188">
<ele>3825.4</ele>
<time>2026-10-06T09:13:28-05:00</time>
</trkpt>
<trkpt lat="-15.429131" lon="-70.098204">
<ele>3824.8</ele>
<time>2026-10-06T09:13:30-05:00</time>
</trkpt>
<trkpt lat="-15.429231" lon="-70.098211">
<ele>3824.2</ele>
<time>2026-10-06T09:13:32-05:00</time>
</trkpt>
<trkpt lat="-15.429344" lon="-70.098208">
<ele>3824.9</ele>
<time>2026-10-06T09:13:34-05:00</time>
</trkpt>
<trkpt lat="-15.429429" lon="-70.098205">
<ele>3824.4</ele>
<time>2026-10-06T09:13:36-05:00</time>
</trkpt>
<trkpt lat="-15.429451" lon="-70.098238">
<ele>3825.6</ele>
<time>2026-10-06T09:13:38-05:00</time>
</trkpt>
<trkpt lat="-15.429484" lon="-70.098269">
<ele>3824.3</ele>
<time>2026-10-06T09:13:40-05:00</time>
</trkpt>
<trkpt lat="-15.429486" lon="-70.098268">
<ele>3825.2</ele>
<time>2026-10-06T09:13:42-05:00</time>
</trkpt>
<trkpt lat="-15.429467" lon="-70.098263">
<ele>3825.3</ele>
<time>2026-10-06T09:13:44-05:00</time>
</trkpt>
<trkpt lat="-15.429466" lon="-70.098267">
<ele>3824.4</ele>
<time>2026-10-06T09:13:46-05:00</time>
</trkpt>
<trkpt lat="-15.429473" lon="-70.098278">
<ele>3825.3</ele>
<time>2026-10-06T09:13:48-05:00</time>
</trkpt>
<trkpt lat="-15.429483" lon="-70.098281">
<ele>3824.5</ele>
<time>2026-10-06T09:13:50-05:00</time>
</trkpt>
<trkpt lat="-15.429472" lon="-70.098286">
<ele>3824.9</ele>
<time>2026-10-06T09:13:52-05:00</time>
</trkpt>
<trkpt lat="-15.429468" lon="-70.09829">
<ele>3824.5</ele>
<time>2026-10-06T09:13:54-05:00</time>
</trkpt>
<trkpt lat="-15.429474" lon="-70.098271">
<ele>3825.1</ele>
<time>2026-10-06T09:13:56-05:00</time>
</trkpt>
<trkpt lat="-15.429475" lon="-70.098273">
<ele>3824.2</ele>
<time>2026-10-06T09:13:58-05:00</time>
</trkpt>
<trkpt lat="-15.42948" lon="-70.098267">
<ele>3824.8</ele>
<time>2026-10-06T09:14:00-05:00</time>
</trkpt>
<trkpt lat="-15.429487" lon="-70.098264">
<ele>3825.0</ele>
<time>2026-10-06T09:14:02-05:00</time>
</trkpt>
<trkpt lat="-15.429523" lon="-70.098271">
<ele>3825.4</ele>
<time>2026-10-06T09:14:04-05:00</time>
</trkpt>
<trkpt lat="-15.429586" lon="-70.098248">
<ele>3824.5</ele>
<time>2026-10-06T09:14:06-05:00</time>
</trkpt>
<trkpt lat="-15.429691" lon="-70.09824">
<ele>3824.6</ele>
<time>2026-10-06T09:14:08-05:00</time>
</trkpt>
<trkpt lat="-15.429801" lon="-70.098247">
<ele>3825.1</ele>
<time>2026-10-06T09:14:10-05:00</time>
</trkpt>
<trkpt lat="-15.42991" lon="-70.098289">
<ele>3824.4</ele>
<time>2026-10-06T09:14:12-05:00</time>
</trkpt>
<trkpt lat="-15.430034" lon="-70.09829">
<ele>3823.8</ele>
<time>2026-10-06T09:14:14-05:00</time>
</trkpt>
<trkpt lat="-15.430145" lon="-70.098294">
<ele>3824.3</ele>
<time>2026-10-06T09:14:16-05:00</time>
</trkpt>
<trkpt lat="-15.430252" lon="-70.098295">
<ele>3825.0</ele>
<time>2026-10-06T09:14:18-05:00</time>
</trkpt>
<trkpt lat="-15.430353" lon="-70.098314">
<ele>3824.2</ele>
<time>2026-10-06T09:14:20-05:00</time>
</trkpt>
<trkpt lat="-15.43046" lon="-70.098307">
<ele>3824.7</ele>
<time>2026-10-06T09:14:22-05:00</time>
</trkpt>
<trkpt lat="-15.430581" lon="-70.098312">
<ele>3823.9</ele>
<time>2026-10-06T09:14:24-05:00</time>
</trkpt>
<trkpt lat="-15.430686" lon="-70.098312">
<ele>3824.3</ele>
<time>2026-10-06T09:14:26-05:00</time>
</trkpt>
<trkpt lat="-15.430787" lon="-70.098337">
<ele>3823.9</ele>
<time>2026-10-06T09:14:28-05:00</time>
</trkpt>
<trkpt lat="-15.430893" lon="-70.09834">
<ele>3824.7</ele>
<time>2026-10-06T09:14:30-05:00</time>
</trkpt>
<trkpt lat="-15.431001" lon="-70.098351">
<ele>3824.5</ele>
<time>2026-10-06T09:14:32-05:00</time>
</trkpt>
<trkpt lat="-15.431109" lon="-70.098382">
<ele>3824.4</ele>
<time>2026-10-06T09:14:34-05:00</time>
</trkpt>
<trkpt lat="-15.431217" lon="-70.098411">
<ele>3824.7</ele>
<time>2026-10-06T09:14:36-05:00</time>
</trkpt>
<trkpt lat="-15.431341" lon="-70.098422">
<ele>3824.4</ele>
<time>2026-10-06T09:14:38-05:00</time>
</trkpt>
<trkpt lat="-15.431451" lon="-70.098435">
<ele>3824.9</ele>
<time>2026-10-06T09:14:40-05:00</time>
</trkpt>
<trkpt lat="-15.431553" lon="-70.098444">
<ele>3824.4</ele>
<time>2026-10-06T09:14:42-05:00</time>
</trkpt>
<trkpt lat="-15.431662" lon="-70.098453">
<ele>3824.5</ele>
<time>2026-10-06T09:14:44-05:00</time>
</trkpt>
<trkpt lat="-15.431771" lon="-70.098465">
<ele>3824.4</ele>
<time>2026-10-06T09:14:46-05:00</time>
</trkpt>
<trkpt lat="-15.431885" lon="-70.098466">
<ele>3825.1</ele>
<time>2026-10-06T09:14:48-05:00</time>
</trkpt>
<trkpt lat="-15.431993" lon="-70.098451">
<ele>3824.2</ele>
<time>2026-10-06T09:14:50-05:00</time>
</trkpt>
<trkpt lat="-15.432119" lon="-70.098464">
<ele>3825.1</ele>
<time>2026-10-06T09:14:52-05:00</time>
</trkpt>
<trkpt lat="-15.432243" lon="-70.098474">
<ele>3825.4</ele>
<time>2026-10-06T09:14:54-05:00</time>
</trkpt>
<trkpt lat="-15.432349" lon="-70.098484">
<ele>3824.7</ele>
<time>2026-10-06T09:14:56-05:00</time>
</trkpt>
<trkpt lat="-15.432447" lon="-70.098508">
<ele>3824.4</ele>
<time>2026-10-06T09:14:58-05:00</time>
</trkpt>
<trkpt lat="-15.432552" lon="-70.098515">
<ele>3824.7</ele>
<time>2026-10-06T09:15:00-05:00</time>
</trkpt>
<trkpt lat="-15.432661" lon="-70.098508">
<ele>3825.1</ele>
<time>2026-10-06T09:15:02-05:00</time>
</trkpt>
<trkpt lat="-15.432783" lon="-70.098499">
<ele>3825.2</ele>
<time>2026-10-06T09:15:04-05:00</time>
</trkpt>
<trkpt lat="-15.43288" lon="-70.098514">
<ele>3824.7</ele>
<time>2026-10-06T09:15:06-05:00</time>
</trkpt>
<trkpt lat="-15.432985" lon="-70.098521">
<ele>3824.4</ele>
<time>2026-10-06T09:15:08-05:00</time>
</trkpt>
<trkpt lat="-15.433076" lon="-70.09855">
<ele>3825.1</ele>
<time>2026-10-06T09:15:10-05:00</time>
</trkpt>
<trkpt lat="-15.433156" lon="-70.098565">
<ele>3824.3</ele>
<time>2026-10-06T09:15:12-05:00</time>
</trkpt>
<trkpt lat="-15.433262" lon="-70.098574">
<ele>3824.9</ele>
<time>2026-10-06T09:15:14-05:00</time>
</trkpt>
<trkpt lat="-15.433371" lon="-70.09859">
<ele>3823.9</ele>
<time>2026-10-06T09:15:16-05:00</time>
</trkpt>
<trkpt lat="-15.433488" lon="-70.098579">
<ele>3825.1</ele>
<time>2026-10-06T09:15:18-05:00</time>
</trkpt>
<trkpt lat="-15.433618" lon="-70.098582">
<ele>3824.8</ele>
<time>2026-10-06T09:15:20-05:00</time>
</trkpt>
<trkpt lat="-15.433723" lon="-70.098589">
<ele>3824.4</ele>
<time>2026-10-06T09:15:22-05:00</time>
</trkpt>
<trkpt lat="-15.433822" lon="-70.098588">
<ele>3825.3</ele>
<time>2026-10-06T09:15:24-05:00</time>
</trkpt>
<trkpt lat="-15.43391" lon="-70.098594">
<ele>3824.2</ele>
<time>2026-10-06T09:15:26-05:00</time>
</trkpt>
<trkpt lat="-15.434022" lon="-70.098596">
<ele>3824.8</ele>
<time>2026-10-06T09:15:28-05:00</time>
</trkpt>
<trkpt lat="-15.434127" lon="-70.098604">
<ele>3823.7</ele>
<time>2026-10-06T09:15:30-05:00</time>
</trkpt>
<trkpt lat="-15.434229" lon="-70.098622">
<ele>3823.8</ele>
<time>2026-10-06T09:15:32-05:00</time>
</trkpt>
<trkpt lat="-15.434356" lon="-70.098637">
<ele>3824.3</ele>
<time>2026-10-06T09:15:34-05:00</time>
</trkpt>
<trkpt lat="-15.434474" lon="-70.098644">
<ele>3824.2</ele>
<time>2026-10-06T09:15:36-05:00</time>
</trkpt>
<trkpt lat="-15.434608" lon="-70.098648">
<ele>3824.2</ele>
<time>2026-10-06T09:15:38-05:00</time>
</trkpt>
<trkpt lat="-15.434723" lon="-70.098667">
<ele>3823.6</ele>
<time>2026-10-06T09:15:40-05:00</time>
</trkpt>
<trkpt lat="-15.434822" lon="-70.098683">
<ele>3823.4</ele>
<time>2026-10-06T09:15:42-05:00</time>
</trkpt>
<trkpt lat="-15.434921" lon="-70.098685">
<ele>3824.4</ele>
<time>2026-10-06T09:15:44-05:00</time>
</trkpt>
<trkpt lat="-15.43501" lon="-70.098693">
<ele>3824.3</ele>
<time>2026-10-06T09:15:46-05:00</time>
</trkpt>
<trkpt lat="-15.435079" lon="-70.098696">
<ele>3824.0</ele>
<time>2026-10-06T09:15:48-05:00</time>
</trkpt>
<trkpt lat="-15.435164" lon="-70.098712">
<ele>3824.6</ele>
<time>2026-10-06T09:15:50-05:00</time>
</trkpt>
<trkpt lat="-15.435267" lon="-70.098721">
<ele>3824.4</ele>
<time>2026-10-06T09:15:52-05:00</time>
</trkpt>
<trkpt lat="-15.435343" lon="-70.098733">
<ele>3824.4</ele>
<time>2026-10-06T09:15:54-05:00</time>
</trkpt>
<trkpt lat="-15.435436" lon="-70.098734">
<ele>3824.4</ele>
<time>2026-10-06T09:15:56-05:00</time>
</trkpt>
<trkpt lat="-15.435542" lon="-70.098743">
<ele>3824.0</ele>
<time>2026-10-06T09:15:58-05:00</time>
</trkpt>
<trkpt lat="-15.435667" lon="-70.098774">
<ele>3823.3</ele>
<time>2026-10-06T09:16:00-05:00</time>
</trkpt>
<trkpt lat="-15.435762" lon="-70.098803">
<ele>3824.3</ele>
<time>2026-10-06T09:16:02-05:00</time>
</trkpt>
<trkpt lat="-15.435844" lon="-70.098802">
<ele>3824.0</ele>
<time>2026-10-06T09:16:04-05:00</time>
</trkpt>
<trkpt lat="-15.43593" lon="-70.098796">
<ele>3824.0</ele>
<time>2026-10-06T09:16:06-05:00</time>
</trkpt>
<trkpt lat="-15.436013" lon="-70.098808">
<ele>3823.4</ele>
<time>2026-10-06T09:16:08-05:00</time>
</trkpt>
<trkpt lat="-15.436116" lon="-70.09882">
<ele>3823.3</ele>
<time>2026-10-06T09:16:10-05:00</time>
</trkpt>
<trkpt lat="-15.436219" lon="-70.098831">
<ele>3824.1</ele>
<time>2026-10-06T09:16:12-05:00</time>
</trkpt>
<trkpt lat="-15.436324" lon="-70.098834">
<ele>3823.7</ele>
<time>2026-10-06T09:16:14-05:00</time>
</trkpt>
<trkpt lat="-15.436438" lon="-70.098857">
<ele>3823.9</ele>
<time>2026-10-06T09:16:16-05:00</time>
</trkpt>
<trkpt lat="-15.436561" lon="-70.098861">
<ele>3824.1</ele>
<time>2026-10-06T09:16:18-05:00</time>
</trkpt>
<trkpt lat="-15.436709" lon="-70.098883">
<ele>3824.4</ele>
<time>2026-10-06T09:16:20-05:00</time>
</trkpt>
<trkpt lat="-15.436837" lon="-70.098898">
<ele>3824.2</ele>
<time>2026-10-06T09:16:22-05:00</time>
</trkpt>
<trkpt lat="-15.436954" lon="-70.09891">
<ele>3824.2</ele>
<time>2026-10-06T09:16:24-05:00</time>
</trkpt>
<trkpt lat="-15.43704" lon="-70.098926">
<ele>3824.0</ele>
<time>2026-10-06T09:16:26-05:00</time>
</trkpt>
<trkpt lat="-15.4371" lon="-70.09895">
<ele>3823.8</ele>
<time>2026-10-06T09:16:28-05:00</time>
</trkpt>
<trkpt lat="-15.437127" lon="-70.098967">
<ele>3824.2</ele>
<time>2026-10-06T09:16:30-05:00</time>
</trkpt>
<trkpt lat="-15.43712" lon="-70.098974">
<ele>3824.5</ele>
<time>2026-10-06T09:16:32-05:00</time>
</trkpt>
<trkpt lat="-15.437122" lon="-70.098957">
<ele>3824.8</ele>
<time>2026-10-06T09:16:34-05:00</time>
</trkpt>
<trkpt lat="-15.43713" lon="-70.098972">
<ele>3824.6</ele>
<time>2026-10-06T09:16:36-05:00</time>
</trkpt>
<trkpt lat="-15.437139" lon="-70.098959">
<ele>3823.7</ele>
<time>2026-10-06T09:16:38-05:00</time>
</trkpt>
<trkpt lat="-15.437139" lon="-70.09896">
<ele>3823.9</ele>
<time>2026-10-06T09:16:40-05:00</time>
</trkpt>
<trkpt lat="-15.437123" lon="-70.098963">
<ele>3824.0</ele>
<time>2026-10-06T09:16:42-05:00</time>
</trkpt>
<trkpt lat="-15.437118" lon="-70.098974">
<ele>3823.8</ele>
<time>2026-10-06T09:16:44-05:00</time>
</trkpt>
<trkpt lat="-15.437107" lon="-70.098961">
<ele>3824.5</ele>
<time>2026-10-06T09:16:46-05:00</time>
</trkpt>
<trkpt lat="-15.43712" lon="-70.098948">
<ele>3824.2</ele>
<time>2026-10-06T09:16:48-05:00</time>
</trkpt>
<trkpt lat="-15.437119" lon="-70.098946">
<ele>3823.5</ele>
<time>2026-10-06T09:16:50-05:00</time>
</trkpt>
<trkpt lat="-15.437133" lon="-70.098942">
<ele>3823.2</ele>
<time>2026-10-06T09:16:52-05:00</time>
</trkpt>
<trkpt lat="-15.437162" lon="-70.098941">
<ele>3824.5</ele>
<time>2026-10-06T09:16:54-05:00</time>
</trkpt>
<trkpt lat="-15.437206" lon="-70.098945">
<ele>3824.1</ele>
<time>2026-10-06T09:16:56-05:00</time>
</trkpt>
<trkpt lat="-15.437277" lon="-70.098924">
<ele>3824.5</ele>
<time>2026-10-06T09:16:58-05:00</time>
</trkpt>
<trkpt lat="-15.437384" lon="-70.098918">
<ele>3824.2</ele>
<time>2026-10-06T09:17:00-05:00</time>
</trkpt>
<trkpt lat="-15.437483" lon="-70.098925">
<ele>3823.7</ele>
<time>2026-10-06T09:17:02-05:00</time>
</trkpt>
<trkpt lat="-15.437596" lon="-70.09892">
<ele>3824.5</ele>
<time>2026-10-06T09:17:04-05:00</time>
</trkpt>
<trkpt lat="-15.437701" lon="-70.098935">
<ele>3824.8</ele>
<time>2026-10-06T09:17:06-05:00</time>
</trkpt>
<trkpt lat="-15.437805" lon="-70.098958">
<ele>3824.1</ele>
<time>2026-10-06T09:17:08-05:00</time>
</trkpt>
<trkpt lat="-15.4379" lon="-70.098984">
<ele>3823.3</ele>
<time>2026-10-06T09:17:10-05:00</time>
</trkpt>
<trkpt lat="-15.437993" lon="-70.09901">
<ele>3823.2</ele>
<time>2026-10-06T09:17:12-05:00</time>
</trkpt>
<trkpt lat="-15.438089" lon="-70.099022">
<ele>3824.5</ele>
<time>2026-10-06T09:17:14-05:00</time>
</trkpt>
<trkpt lat="-15.438168" lon="-70.099057">
<ele>3823.5</ele>
<time>2026-10-06T09:17:16-05:00</time>
</trkpt>
<trkpt lat="-15.438237" lon="-70.099071">
<ele>3823.8</ele>
<time>2026-10-06T09:17:18-05:00</time>
</trkpt>
<trkpt lat="-15.438322" lon="-70.099083">
<ele>3824.0</ele>
<time>2026-10-06T09:17:20-05:00</time>
</trkpt>
<trkpt lat="-15.438413" lon="-70.099071">
<ele>3824.0</ele>
<time>2026-10-06T09:17:22-05:00</time>
</trkpt>
<trkpt lat="-15.438491" lon="-70.099085">
<ele>3824.3</ele>
<time>2026-10-06T09:17:24-05:00</time>
</trkpt>
<trkpt lat="-15.438585" lon="-70.099085">
<ele>3824.2</ele>
<time>2026-10-06T09:17:26-05:00</time>
</trkpt>
<trkpt lat="-15.438677" lon="-70.099077">
<ele>3823.9</ele>
<time>2026-10-06T09:17:28-05:00</time>
</trkpt>
<trkpt lat="-15.438767" lon="-70.099092">
<ele>3823.5</ele>
<time>2026-10-06T09:17:30-05:00</time>
</trkpt>
<trkpt lat="-15.438857" lon="-70.099075">
<ele>3823.8</ele>
<time>2026-10-06T09:17:32-05:00</time>
</trkpt>
<trkpt lat="-15.438943" lon="-70.099091">
<ele>3824.2</ele>
<time>2026-10-06T09:17:34-05:00</time>
</trkpt>
<trkpt lat="-15.439033" lon="-70.099092">
<ele>3823.7</ele>
<time>2026-10-06T09:17:36-05:00</time>
</trkpt>
<trkpt lat="-15.4391" lon="-70.099107">
<ele>3824.1</ele>
<time>2026-10-06T09:17:38-05:00</time>
</trkpt>
<trkpt lat="-15.439167" lon="-70.099124">
<ele>3823.7</ele>
<time>2026-10-06T09:17:40-05:00</time>
</trkpt>
<trkpt lat="-15.439251" lon="-70.099134">
<ele>3824.1</ele>
<time>2026-10-06T09:17:42-05:00</time>
</trkpt>
<trkpt lat="-15.439345" lon="-70.099148">
<ele>3824.0</ele>
<time>2026-10-06T09:17:44-05:00</time>
</trkpt>
<trkpt lat="-15.439429" lon="-70.099154">
<ele>3824.3</ele>
<time>2026-10-06T09:17:46-05:00</time>
</trkpt>
<trkpt lat="-15.439528" lon="-70.099177">
<ele>3824.3</ele>
<time>2026-10-06T09:17:48-05:00</time>
</trkpt>
<trkpt lat="-15.439644" lon="-70.099177">
<ele>3823.8</ele>
<time>2026-10-06T09:17:50-05:00</time>
</trkpt>
<trkpt lat="-15.439743" lon="-70.099194">
<ele>3823.2</ele>
<time>2026-10-06T09:17:52-05:00</time>
</trkpt>
<trkpt lat="-15.43985" lon="-70.099181">
<ele>3823.5</ele>
<time>2026-10-06T09:17:54-05:00</time>
</trkpt>
<trkpt lat="-15.439957" lon="-70.099186">
<ele>3823.6</ele>
<time>2026-10-06T09:17:56-05:00</time>
</trkpt>
<trkpt lat="-15.440072" lon="-70.099167">
<ele>3823.7</ele>
<time>2026-10-06T09:17:58-05:00</time>
</trkpt>
<trkpt lat="-15.440179" lon="-70.099172">
<ele>3824.2</ele>
<time>2026-10-06T09:18:00-05:00</time>
</trkpt>
<trkpt lat="-15.440284" lon="-70.099187">
<ele>3823.9</ele>
<time>2026-10-06T09:18:02-05:00</time>
</trkpt>
<trkpt lat="-15.440382" lon="-70.099192">
<ele>3823.8</ele>
<time>2026-10-06T09:18:04-05:00</time>
</trkpt>
<trkpt lat="-15.440473" lon="-70.0992">
<ele>3823.6</ele>
<time>2026-10-06T09:18:06-05:00</time>
</trkpt>
<trkpt lat="-15.440571" lon="-70.099209">
<ele>3823.2</ele>
<time>2026-10-06T09:18:08-05:00</time>
</trkpt>
<trkpt lat="-15.440659" lon="-70.099211">
<ele>3824.4</ele>
<time>2026-10-06T09:18:10-05:00</time>
</trkpt>
<trkpt lat="-15.440745" lon="-70.099226">
<ele>3824.0</ele>
<time>2026-10-06T09:18:12-05:00</time>
</trkpt>
<trkpt lat="-15.440833" lon="-70.099255">
<ele>3823.4</ele>
<time>2026-10-06T09:18:14-05:00</time>
</trkpt>
<trkpt lat="-15.440929" lon="-70.099262">
<ele>3824.3</ele>
<time>2026-10-06T09:18:16-05:00</time>
</trkpt>
<trkpt lat="-15.441022" lon="-70.099264">
<ele>3823.0</ele>
<time>2026-10-06T09:18:18-05:00</time>
</trkpt>
<trkpt lat="-15.441105" lon="-70.099245">
<ele>3824.3</ele>
<time>2026-10-06T09:18:20-05:00</time>
</trkpt>
<trkpt lat="-15.441186" lon="-70.099237">
<ele>3823.8</ele>
<time>2026-10-06T09:18:22-05:00</time>
</trkpt>
<trkpt lat="-15.441248" lon="-70.099252">
<ele>3823.7</ele>
<time>2026-10-06T09:18:24-05:00</time>
</trkpt>
<trkpt lat="-15.441331" lon="-70.099271">
<ele>3824.0</ele>
<time>2026-10-06T09:18:26-05:00</time>
</trkpt>
<trkpt lat="-15.441399" lon="-70.099285">
<ele>3824.5</ele>
<time>2026-10-06T09:18:28-05:00</time>
</trkpt>
<trkpt lat="-15.441459" lon="-70.099295">
<ele>3824.1</ele>
<time>2026-10-06T09:18:30-05:00</time>
</trkpt>
<trkpt lat="-15.441548" lon="-70.099305">
<ele>3824.6</ele>
<time>2026-10-06T09:18:32-05:00</time>
</trkpt>
<trkpt lat="-15.441648" lon="-70.099301">
<ele>3823.7</ele>
<time>2026-10-06T09:18:34-05:00</time>
</trkpt>
<trkpt lat="-15.441741" lon="-70.099294">
<ele>3823.4</ele>
<time>2026-10-06T09:18:36-05:00</time>
</trkpt>
<trkpt lat="-15.441812" lon="-70.09929">
<ele>3822.6</ele>
<time>2026-10-06T09:18:38-05:00</time>
</trkpt>
<trkpt lat="-15.441891" lon="-70.099296">
<ele>3823.7</ele>
<time>2026-10-06T09:18:40-05:00</time>
</trkpt>
<trkpt lat="-15.441985" lon="-70.099326">
<ele>3823.0</ele>
<time>2026-10-06T09:18:42-05:00</time>
</trkpt>
<trkpt lat="-15.442072" lon="-70.099336">
<ele>3823.5</ele>
<time>2026-10-06T09:18:44-05:00</time>
</trkpt>
<trkpt lat="-15.442157" lon="-70.099346">
<ele>3824.6</ele>
<time>2026-10-06T09:18:46-05:00</time>
</trkpt>
<trkpt lat="-15.442242" lon="-70.099351">
<ele>3824.1</ele>
<time>2026-10-06T09:18:48-05:00</time>
</trkpt>
<trkpt lat="-15.442344" lon="-70.099347">
<ele>3823.3</ele>
<time>2026-10-06T09:18:50-05:00</time>
</trkpt>
<trkpt lat="-15.442425" lon="-70.099354">
<ele>3823.8</ele>
<time>2026-10-06T09:18:52-05:00</time>
</trkpt>
<trkpt lat="-15.442538" lon="-70.099371">
<ele>3823.2</ele>
<time>2026-10-06T09:18:54-05:00</time>
</trkpt>
<trkpt lat="-15.442631" lon="-70.099379">
<ele>3824.1</ele>
<time>2026-10-06T09:18:56-05:00</time>
</trkpt>
<trkpt lat="-15.442738" lon="-70.099383">
<ele>3823.9</ele>
<time>2026-10-06T09:18:58-05:00</time>
</trkpt>
<trkpt lat="-15.442838" lon="-70.099407">
<ele>3824.0</ele>
<time>2026-10-06T09:19:00-05:00</time>
</trkpt>
<trkpt lat="-15.442913" lon="-70.09941">
<ele>3823.4</ele>
<time>2026-10-06T09:19:02-05:00</time>
</trkpt>
<trkpt lat="-15.442991" lon="-70.099427">
<ele>3823.7</ele>
<time>2026-10-06T09:19:04-05:00</time>
</trkpt>
<trkpt lat="-15.44308" lon="-70.099441">
<ele>3824.3</ele>
<time>2026-10-06T09:19:06-05:00</time>
</trkpt>
<trkpt lat="-15.443143" lon="-70.099433">
<ele>3823.7</ele>
<time>2026-10-06T09:19:08-05:00</time>
</trkpt>
<trkpt lat="-15.443212" lon="-70.09945">
<ele>3823.8</ele>
<time>2026-10-06T09:19:10-05:00</time>
</trkpt>
<trkpt lat="-15.443305" lon="-70.099472">
<ele>3823.3</ele>
<time>2026-10-06T09:19:12-05:00</time>
</trkpt>
<trkpt lat="-15.443401" lon="-70.099472">
<ele>3822.6</ele>
<time>2026-10-06T09:19:14-05:00</time>
</trkpt>
<trkpt lat="-15.44348" lon="-70.099487">
<ele>3824.1</ele>
<time>2026-10-06T09:19:16-05:00</time>
</trkpt>
<trkpt lat="-15.443576" lon="-70.099505">
<ele>3822.7</ele>
<time>2026-10-06T09:19:18-05:00</time>
</trkpt>
<trkpt lat="-15.443685" lon="-70.099515">
<ele>3823.1</ele>
<time>2026-10-06T09:19:20-05:00</time>
</trkpt>
<trkpt lat="-15.443787" lon="-70.099526">
<ele>3822.7</ele>
<time>2026-10-06T09:19:22-05:00</time>
</trkpt>
<trkpt lat="-15.443874" lon="-70.09952">
<ele>3823.2</ele>
<time>2026-10-06T09:19:24-05:00</time>
</trkpt>
<trkpt lat="-15.443951" lon="-70.099516">
<ele>3823.4</ele>
<time>2026-10-06T09:19:26-05:00</time>
</trkpt>
<trkpt lat="-15.444047" lon="-70.099529">
<ele>3823.1</ele>
<time>2026-10-06T09:19:28-05:00</time>
</trkpt>
<trkpt lat="-15.444153" lon="-70.09955">
<ele>3822.8</ele>
<time>2026-10-06T09:19:30-05:00</time>
</trkpt>
<trkpt lat="-15.44427" lon="-70.099543">
<ele>3822.6</ele>
<time>2026-10-06T09:19:32-05:00</time>
</trkpt>
<trkpt lat="-15.444361" lon="-70.09956">
<ele>3822.7</ele>
<time>2026-10-06T09:19:34-05:00</time>
</trkpt>
<trkpt lat="-15.444458" lon="-70.099559">
<ele>3822.6</ele>
<time>2026-10-06T09:19:36-05:00</time>
</trkpt>
<trkpt lat="-15.44454" lon="-70.099566">
<ele>3823.0</ele>
<time>2026-10-06T09:19:38-05:00</time>
</trkpt>
<trkpt lat="-15.444605" lon="-70.099589">
<ele>3823.0</ele>
<time>2026-10-06T09:19:40-05:00</time>
</trkpt>
<trkpt lat="-15.444696" lon="-70.099601">
<ele>3823.4</ele>
<time>2026-10-06T09:19:42-05:00</time>
</trkpt>
<trkpt lat="-15.444791" lon="-70.099607">
<ele>3823.2</ele>
<time>2026-10-06T09:19:44-05:00</time>
</trkpt>
<trkpt lat="-15.444882" lon="-70.099604">
<ele>3822.6</ele>
<time>2026-10-06T09:19:46-05:00</time>
</trkpt>
<trkpt lat="-15.444969" lon="-70.099599">
<ele>3822.6</ele>
<time>2026-10-06T09:19:48-05:00</time>
</trkpt>
<trkpt lat="-15.445066" lon="-70.0996">
<ele>3822.9</ele>
<time>2026-10-06T09:19:50-05:00</time>
</trkpt>
<trkpt lat="-15.445145" lon="-70.099598">
<ele>3823.6</ele>
<time>2026-10-06T09:19:52-05:00</time>
</trkpt>
<trkpt lat="-15.445233" lon="-70.099624">
<ele>3823.4</ele>
<time>2026-10-06T09:19:54-05:00</time>
</trkpt>
<trkpt lat="-15.445328" lon="-70.099638">
<ele>3823.6</ele>
<time>2026-10-06T09:19:56-05:00</time>
</trkpt>
<trkpt lat="-15.445426" lon="-70.099651">
<ele>3823.3</ele>
<time>2026-10-06T09:19:58-05:00</time>
</trkpt>
<trkpt lat="-15.445517" lon="-70.099666">
<ele>3822.5</ele>
<time>2026-10-06T09:20:00-05:00</time>
</trkpt>
<trkpt lat="-15.445588" lon="-70.099688">
<ele>3823.5</ele>
<time>2026-10-06T09:20:02-05:00</time>
</trkpt>
<trkpt lat="-15.445665" lon="-70.099699">
<ele>3823.1</ele>
<time>2026-10-06T09:20:04-05:00</time>
</trkpt>
<trkpt lat="-15.445757" lon="-70.099693">
<ele>3822.6</ele>
<time>2026-10-06T09:20:06-05:00</time>
</trkpt>
<trkpt lat="-15.445841" lon="-70.099688">
<ele>3822.3</ele>
<time>2026-10-06T09:20:08-05:00</time>
</trkpt>
<trkpt lat="-15.445945" lon="-70.099698">
<ele>3822.2</ele>
<time>2026-10-06T09:20:10-05:00</time>
</trkpt>
<trkpt lat="-15.446058" lon="-70.099698">
<ele>3823.5</ele>
<time>2026-10-06T09:20:12-05:00</time>
</trkpt>
<trkpt lat="-15.446142" lon="-70.099715">
<ele>3822.9</ele>
<time>2026-10-06T09:20:14-05:00</time>
</trkpt>
<trkpt lat="-15.446234" lon="-70.099726">
<ele>3822.8</ele>
<time>2026-10-06T09:20:16-05:00</time>
</trkpt>
<trkpt lat="-15.446334" lon="-70.09974">
<ele>3823.0</ele>
<time>2026-10-06T09:20:18-05:00</time>
</trkpt>
<trkpt lat="-15.446424" lon="-70.099739">
<ele>3822.6</ele>
<time>2026-10-06T09:20:20-05:00</time>
</trkpt>
<trkpt lat="-15.446536" lon="-70.09975">
<ele>3822.9</ele>
<time>2026-10-06T09:20:22-05:00</time>
</trkpt>
<trkpt lat="-15.446642" lon="-70.09977">
<ele>3822.7</ele>
<time>2026-10-06T09:20:24-05:00</time>
</trkpt>
<trkpt lat="-15.446729" lon="-70.099791">
<ele>3823.1</ele>
<time>2026-10-06T09:20:26-05:00</time>
</trkpt>
<trkpt lat="-15.446813" lon="-70.0998">
<ele>3823.0</ele>
<time>2026-10-06T09:20:28-05:00</time>
</trkpt>
<trkpt lat="-15.446872" lon="-70.099806">
<ele>3823.5</ele>
<time>2026-10-06T09:20:30-05:00</time>
</trkpt>
<trkpt lat="-15.446951" lon="-70.099808">
<ele>3822.4</ele>
<time>2026-10-06T09:20:32-05:00</time>
</trkpt>
<trkpt lat="-15.447049" lon="-70.099816">
<ele>3822.8</ele>
<time>2026-10-06T09:20:34-05:00</time>
</trkpt>
<trkpt lat="-15.447169" lon="-70.099831">
<ele>3823.2</ele>
<time>2026-10-06T09:20:36-05:00</time>
</trkpt>
<trkpt lat="-15.447266" lon="-70.099831">
<ele>3822.5</ele>
<time>2026-10-06T09:20:38-05:00</time>
</trkpt>
<trkpt lat="-15.447364" lon="-70.099834">
<ele>3822.6</ele>
<time>2026-10-06T09:20:40-05:00</time>
</trkpt>
<trkpt lat="-15.447469" lon="-70.099848">
<ele>3823.3</ele>
<time>2026-10-06T09:20:42-05:00</time>
</trkpt>
<trkpt lat="-15.447599" lon="-70.099862">
<ele>3822.3</ele>
<time>2026-10-06T09:20:44-05:00</time>
</trkpt>
<trkpt lat="-15.44771" lon="-70.099871">
<ele>3822.7</ele>
<time>2026-10-06T09:20:46-05:00</time>
</trkpt>
<trkpt lat="-15.447812" lon="-70.099883">
<ele>3823.2</ele>
<time>2026-10-06T09:20:48-05:00</time>
</trkpt>
<trkpt lat="-15.447904" lon="-70.099907">
<ele>3822.9</ele>
<time>2026-10-06T09:20:50-05:00</time>
</trkpt>
<trkpt lat="-15.447994" lon="-70.099923">
<ele>3823.4</ele>
<time>2026-10-06T09:20:52-05:00</time>
</trkpt>
<trkpt lat="-15.448101" lon="-70.099936">
<ele>3823.2</ele>
<time>2026-10-06T09:20:54-05:00</time>
</trkpt>
<trkpt lat="-15.448209" lon="-70.099943">
<ele>3822.9</ele>
<time>2026-10-06T09:20:56-05:00</time>
</trkpt>
<trkpt lat="-15.448306" lon="-70.099938">
<ele>3823.3</ele>
<time>2026-10-06T09:20:58-05:00</time>
</trkpt>
<trkpt lat="-15.448422" lon="-70.09995">
<ele>3822.6</ele>
<time>2026-10-06T09:21:00-05:00</time>
</trkpt>
<trkpt lat="-15.448505" lon="-70.099961">
<ele>3822.8</ele>
<time>2026-10-06T09:21:02-05:00</time>
</trkpt>
<trkpt lat="-15.448626" lon="-70.099963">
<ele>3823.2</ele>
<time>2026-10-06T09:21:04-05:00</time>
</trkpt>
<trkpt lat="-15.44874" lon="-70.099959">
<ele>3822.4</ele>
<time>2026-10-06T09:21:06-05:00</time>
</trkpt>
<trkpt lat="-15.448846" lon="-70.099969">
<ele>3822.9</ele>
<time>2026-10-06T09:21:08-05:00</time>
</trkpt>
<trkpt lat="-15.448933" lon="-70.100003">
<ele>3822.8</ele>
<time>2026-10-06T09:21:10-05:00</time>
</trkpt>
<trkpt lat="-15.449034" lon="-70.100012">
<ele>3822.6</ele>
<time>2026-10-06T09:21:12-05:00</time>
</trkpt>
<trkpt lat="-15.449173" lon="-70.100019">
<ele>3823.2</ele>
<time>2026-10-06T09:21:14-05:00</time>
</trkpt>
<trkpt lat="-15.44926" lon="-70.100061">
<ele>3822.9</ele>
<time>2026-10-06T09:21:16-05:00</time>
</trkpt>
<trkpt lat="-15.44927" lon="-70.100064">
<ele>3822.7</ele>
<time>2026-10-06T09:21:18-05:00</time>
</trkpt>
<trkpt lat="-15.449251" lon="-70.100062">
<ele>3823.2</ele>
<time>2026-10-06T09:21:20-05:00</time>
</trkpt>
<trkpt lat="-15.44925" lon="-70.10006">
<ele>3822.7</ele>
<time>2026-10-06T09:21:22-05:00</time>
</trkpt>
<trkpt lat="-15.449247" lon="-70.100062">
<ele>3822.9</ele>
<time>2026-10-06T09:21:24-05:00</time>
</trkpt>
<trkpt lat="-15.449243" lon="-70.10005">
<ele>3822.9</ele>
<time>2026-10-06T09:21:26-05:00</time>
</trkpt>
<trkpt lat="-15.449253" lon="-70.100045">
<ele>3823.1</ele>
<time>2026-10-06T09:21:28-05:00</time>
</trkpt>
<trkpt lat="-15.449315" lon="-70.100052">
<ele>3823.5</ele>
<time>2026-10-06T09:21:30-05:00</time>
</trkpt>
<trkpt lat="-15.449417" lon="-70.100064">
<ele>3823.3</ele>
<time>2026-10-06T09:21:32-05:00</time>
</trkpt>
<trkpt lat="-15.449566" lon="-70.100079">
<ele>3822.9</ele>
<time>2026-10-06T09:21:34-05:00</time>
</trkpt>
<trkpt lat="-15.449693" lon="-70.100088">
<ele>3822.8</ele>
<time>2026-10-06T09:21:36-05:00</time>
</trkpt>
<trkpt lat="-15.449832" lon="-70.100103">
<ele>3822.7</ele>
<time>2026-10-06T09:21:38-05:00</time>
</trkpt>
<trkpt lat="-15.449965" lon="-70.100118">
<ele>3823.1</ele>
<time>2026-10-06T09:21:40-05:00</time>
</trkpt>
<trkpt lat="-15.450078" lon="-70.100132">
<ele>3822.8</ele>
<time>2026-10-06T09:21:42-05:00</time>
</trkpt>
<trkpt lat="-15.45013" lon="-70.100135">
<ele>3822.4</ele>
<time>2026-10-06T09:21:44-05:00</time>
</trkpt>
<trkpt lat="-15.450217" lon="-70.100151">
<ele>3823.1</ele>
<time>2026-10-06T09:21:46-05:00</time>
</trkpt>
<trkpt lat="-15.4503" lon="-70.100153">
<ele>3823.0</ele>
<time>2026-10-06T09:21:48-05:00</time>
</trkpt>
<trkpt lat="-15.450385" lon="-70.100175">
<ele>3823.0</ele>
<time>2026-10-06T09:21:50-05:00</time>
</trkpt>
<trkpt lat="-15.450478" lon="-70.100188">
<ele>3822.8</ele>
<time>2026-10-06T09:21:52-05:00</time>
</trkpt>
<trkpt lat="-15.450577" lon="-70.100192">
<ele>3822.9</ele>
<time>2026-10-06T09:21:54-05:00</time>
</trkpt>
<trkpt lat="-15.450663" lon="-70.100218">
<ele>3823.3</ele>
<time>2026-10-06T09:21:56-05:00</time>
</trkpt>
<trkpt lat="-15.450767" lon="-70.100221">
<ele>3822.6</ele>
<time>2026-10-06T09:21:58-05:00</time>
</trkpt>
<trkpt lat="-15.450853" lon="-70.100195">
<ele>3822.7</ele>
<time>2026-10-06T09:22:00-05:00</time>
</trkpt>
<trkpt lat="-15.450942" lon="-70.100201">
<ele>3823.1</ele>
<time>2026-10-06T09:22:02-05:00</time>
</trkpt>
<trkpt lat="-15.451019" lon="-70.100208">
<ele>3823.5</ele>
<time>2026-10-06T09:22:04-05:00</time>
</trkpt>
<trkpt lat="-15.451099" lon="-70.100222">
<ele>3823.8</ele>
<time>2026-10-06T09:22:06-05:00</time>
</trkpt>
<trkpt lat="-15.451198" lon="-70.100215">
<ele>3823.2</ele>
<time>2026-10-06T09:22:08-05:00</time>
</trkpt>
<trkpt lat="-15.4513" lon="-70.100237">
<ele>3822.8</ele>
<time>2026-10-06T09:22:10-05:00</time>
</trkpt>
<trkpt lat="-15.451385" lon="-70.100246">
<ele>3823.4</ele>
<time>2026-10-06T09:22:12-05:00</time>
</trkpt>
<trkpt lat="-15.451482" lon="-70.100254">
<ele>3822.9</ele>
<time>2026-10-06T09:22:14-05:00</time>
</trkpt>
<trkpt lat="-15.451575" lon="-70.100245">
<ele>3823.3</ele>
<time>2026-10-06T09:22:16-05:00</time>
</trkpt>
<trkpt lat="-15.451671" lon="-70.100263">
<ele>3823.1</ele>
<time>2026-10-06T09:22:18-05:00</time>
</trkpt>
<trkpt lat="-15.45176" lon="-70.100269">
<ele>3823.1</ele>
<time>2026-10-06T09:22:20-05:00</time>
</trkpt>
<trkpt lat="-15.451851" lon="-70.10027">
<ele>3823.5</ele>
<time>2026-10-06T09:22:22-05:00</time>
</trkpt>
<trkpt lat="-15.45195" lon="-70.10027">
<ele>3823.5</ele>
<time>2026-10-06T09:22:24-05:00</time>
</trkpt>
<trkpt lat="-15.452055" lon="-70.100285">
<ele>3823.1</ele>
<time>2026-10-06T09:22:26-05:00</time>
</trkpt>
<trkpt lat="-15.452165" lon="-70.100295">
<ele>3822.8</ele>
<time>2026-10-06T09:22:28-05:00</time>
</trkpt>
<trkpt lat="-15.452255" lon="-70.100308">
<ele>3823.1</ele>
<time>2026-10-06T09:22:30-05:00</time>
</trkpt>
<trkpt lat="-15.452348" lon="-70.100311">
<ele>3822.9</ele>
<time>2026-10-06T09:22:32-05:00</time>
</trkpt>
<trkpt lat="-15.452444" lon="-70.100324">
<ele>3823.5</ele>
<time>2026-10-06T09:22:34-05:00</time>
</trkpt>
<trkpt lat="-15.452527" lon="-70.100346">
<ele>3823.1</ele>
<time>2026-10-06T09:22:36-05:00</time>
</trkpt>
<trkpt lat="-15.452637" lon="-70.100343">
<ele>3823.9</ele>
<time>2026-10-06T09:22:38-05:00</time>
</trkpt>
<trkpt lat="-15.4527" lon="-70.100369">
<ele>3824.2</ele>
<time>2026-10-06T09:22:40-05:00</time>
</trkpt>
<trkpt lat="-15.4528" lon="-70.100364">
<ele>3824.7</ele>
<time>2026-10-06T09:22:42-05:00</time>
</trkpt>
<trkpt lat="-15.452885" lon="-70.100353">
<ele>3822.6</ele>
<time>2026-10-06T09:22:44-05:00</time>
</trkpt>
<trkpt lat="-15.452955" lon="-70.100371">
<ele>3824.0</ele>
<time>2026-10-06T09:22:46-05:00</time>
</trkpt>
<trkpt lat="-15.453057" lon="-70.100374">
<ele>3823.7</ele>
<time>2026-10-06T09:22:48-05:00</time>
</trkpt>
<trkpt lat="-15.453156" lon="-70.100387">
<ele>3823.4</ele>
<time>2026-10-06T09:22:50-05:00</time>
</trkpt>
<trkpt lat="-15.45326" lon="-70.100412">
<ele>3825.0</ele>
<time>2026-10-06T09:22:52-05:00</time>
</trkpt>
<trkpt lat="-15.453354" lon="-70.100414">
<ele>3823.4</ele>
<time>2026-10-06T09:22:54-05:00</time>
</trkpt>
<trkpt lat="-15.453478" lon="-70.100427">
<ele>3824.0</ele>
<time>2026-10-06T09:22:56-05:00</time>
</trkpt>
<trkpt lat="-15.453603" lon="-70.100427">
<ele>3823.9</ele>
<time>2026-10-06T09:22:58-05:00</time>
</trkpt>
<trkpt lat="-15.453689" lon="-70.10042">
<ele>3824.3</ele>
<time>2026-10-06T09:23:00-05:00</time>
</trkpt>
<trkpt lat="-15.453774" lon="-70.10044">
<ele>3824.0</ele>
<time>2026-10-06T09:23:02-05:00</time>
</trkpt>
<trkpt lat="-15.453869" lon="-70.10044">
<ele>3824.3</ele>
<time>2026-10-06T09:23:04-05:00</time>
</trkpt>
<trkpt lat="-15.453942" lon="-70.10046">
<ele>3824.1</ele>
<time>2026-10-06T09:23:06-05:00</time>
</trkpt>
<trkpt lat="-15.454049" lon="-70.100458">
<ele>3824.3</ele>
<time>2026-10-06T09:23:08-05:00</time>
</trkpt>
<trkpt lat="-15.454129" lon="-70.100455">
<ele>3824.8</ele>
<time>2026-10-06T09:23:10-05:00</time>
</trkpt>
<trkpt lat="-15.45421" lon="-70.100444">
<ele>3824.4</ele>
<time>2026-10-06T09:23:12-05:00</time>
</trkpt>
<trkpt lat="-15.45432" lon="-70.100465">
<ele>3824.6</ele>
<time>2026-10-06T09:23:14-05:00</time>
</trkpt>
<trkpt lat="-15.454429" lon="-70.100477">
<ele>3824.4</ele>
<time>2026-10-06T09:23:16-05:00</time>
</trkpt>
<trkpt lat="-15.454535" lon="-70.100507">
<ele>3825.7</ele>
<time>2026-10-06T09:23:18-05:00</time>
</trkpt>
<trkpt lat="-15.454583" lon="-70.10052">
<ele>3824.1</ele>
<time>2026-10-06T09:23:20-05:00</time>
</trkpt>
<trkpt lat="-15.454569" lon="-70.100509">
<ele>3824.8</ele>
<time>2026-10-06T09:23:22-05:00</time>
</trkpt>
<trkpt lat="-15.454561" lon="-70.100512">
<ele>3824.8</ele>
<time>2026-10-06T09:23:24-05:00</time>
</trkpt>
<trkpt lat="-15.454577" lon="-70.100512">
<ele>3825.0</ele>
<time>2026-10-06T09:23:26-05:00</time>
</trkpt>
<trkpt lat="-15.45457" lon="-70.100511">
<ele>3824.8</ele>
<time>2026-10-06T09:23:28-05:00</time>
</trkpt>
<trkpt lat="-15.454562" lon="-70.100524">
<ele>3824.5</ele>
<time>2026-10-06T09:23:30-05:00</time>
</trkpt>
<trkpt lat="-15.45457" lon="-70.100525">
<ele>3825.5</ele>
<time>2026-10-06T09:23:32-05:00</time>
</trkpt>
<trkpt lat="-15.454565" lon="-70.100529">
<ele>3825.4</ele>
<time>2026-10-06T09:23:34-05:00</time>
</trkpt>
<trkpt lat="-15.454559" lon="-70.100517">
<ele>3824.8</ele>
<time>2026-10-06T09:23:36-05:00</time>
</trkpt>
<trkpt lat="-15.454567" lon="-70.100516">
<ele>3824.6</ele>
<time>2026-10-06T09:23:38-05:00</time>
</trkpt>
<trkpt lat="-15.454585" lon="-70.100514">
<ele>3825.7</ele>
<time>2026-10-06T09:23:40-05:00</time>
</trkpt>
<trkpt lat="-15.454653" lon="-70.10052">
<ele>3825.4</ele>
<time>2026-10-06T09:23:42-05:00</time>
</trkpt>
<trkpt lat="-15.454751" lon="-70.100548">
<ele>3824.8</ele>
<time>2026-10-06T09:23:44-05:00</time>
</trkpt>
<trkpt lat="-15.454905" lon="-70.100573">
<ele>3824.3</ele>
<time>2026-10-06T09:23:46-05:00</time>
</trkpt>
<trkpt lat="-15.455091" lon="-70.100571">
<ele>3824.1</ele>
<time>2026-10-06T09:23:48-05:00</time>
</trkpt>
<trkpt lat="-15.455274" lon="-70.100623">
<ele>3823.9</ele>
<time>2026-10-06T09:23:50-05:00</time>
</trkpt>
<trkpt lat="-15.455421" lon="-70.100663">
<ele>3824.0</ele>
<time>2026-10-06T09:23:52-05:00</time>
</trkpt>
<trkpt lat="-15.455518" lon="-70.100708">
<ele>3824.7</ele>
<time>2026-10-06T09:23:54-05:00</time>
</trkpt>
<trkpt lat="-15.455571" lon="-70.10075">
<ele>3824.8</ele>
<time>2026-10-06T09:23:56-05:00</time>
</trkpt>
<trkpt lat="-15.455582" lon="-70.100752">
<ele>3824.7</ele>
<time>2026-10-06T09:23:58-05:00</time>
</trkpt>
<trkpt lat="-15.455571" lon="-70.100749">
<ele>3825.2</ele>
<time>2026-10-06T09:24:00-05:00</time>
</trkpt>
<trkpt lat="-15.45556" lon="-70.100764">
<ele>3824.5</ele>
<time>2026-10-06T09:24:02-05:00</time>
</trkpt>
<trkpt lat="-15.455555" lon="-70.10076">
<ele>3824.8</ele>
<time>2026-10-06T09:24:04-05:00</time>
</trkpt>
<trkpt lat="-15.455545" lon="-70.100759">
<ele>3824.5</ele>
<time>2026-10-06T09:24:06-05:00</time>
</trkpt>
<trkpt lat="-15.455538" lon="-70.100766">
<ele>3825.3</ele>
<time>2026-10-06T09:24:08-05:00</time>
</trkpt>
<trkpt lat="-15.455558" lon="-70.10078">
<ele>3824.4</ele>
<time>2026-10-06T09:24:10-05:00</time>
</trkpt>
<trkpt lat="-15.455558" lon="-70.100775">
<ele>3824.3</ele>
<time>2026-10-06T09:24:12-05:00</time>
</trkpt>
<trkpt lat="-15.455614" lon="-70.100789">
<ele>3825.0</ele>
<time>2026-10-06T09:24:14-05:00</time>
</trkpt>
<trkpt lat="-15.455712" lon="-70.100829">
<ele>3825.1</ele>
<time>2026-10-06T09:24:16-05:00</time>
</trkpt>
<trkpt lat="-15.455861" lon="-70.100925">
<ele>3824.7</ele>
<time>2026-10-06T09:24:18-05:00</time>
</trkpt>
<trkpt lat="-15.455997" lon="-70.101039">
<ele>3824.3</ele>
<time>2026-10-06T09:24:20-05:00</time>
</trkpt>
<trkpt lat="-15.45607" lon="-70.101106">
<ele>3824.6</ele>
<time>2026-10-06T09:24:22-05:00</time>
</trkpt>
<trkpt lat="-15.456086" lon="-70.101125">
<ele>3823.5</ele>
<time>2026-10-06T09:24:24-05:00</time>
</trkpt>
<trkpt lat="-15.456077" lon="-70.101117">
<ele>3824.0</ele>
<time>2026-10-06T09:24:26-05:00</time>
</trkpt>
<trkpt lat="-15.456086" lon="-70.101125">
<ele>3824.3</ele>
<time>2026-10-06T09:24:28-05:00</time>
</trkpt>
<trkpt lat="-15.456077" lon="-70.101143">
<ele>3823.6</ele>
<time>2026-10-06T09:24:30-05:00</time>
</trkpt>
<trkpt lat="-15.456078" lon="-70.101134">
<ele>3823.8</ele>
<time>2026-10-06T09:24:32-05:00</time>
</trkpt>
<trkpt lat="-15.456071" lon="-70.101135">
<ele>3823.7</ele>
<time>2026-10-06T09:24:34-05:00</time>
</trkpt>
<trkpt lat="-15.45607" lon="-70.101136">
<ele>3824.7</ele>
<time>2026-10-06T09:24:36-05:00</time>
</trkpt>
<trkpt lat="-15.456096" lon="-70.101145">
<ele>3824.6</ele>
<time>2026-10-06T09:24:38-05:00</time>
</trkpt>
<trkpt lat="-15.456086" lon="-70.101144">
<ele>3824.0</ele>
<time>2026-10-06T09:24:40-05:00</time>
</trkpt>
<trkpt lat="-15.456083" lon="-70.101136">
<ele>3824.2</ele>
<time>2026-10-06T09:24:42-05:00</time>
</trkpt>
<trkpt lat="-15.456081" lon="-70.101117">
<ele>3823.8</ele>
<time>2026-10-06T09:24:44-05:00</time>
</trkpt>
<trkpt lat="-15.456075" lon="-70.101117">
<ele>3824.4</ele>
<time>2026-10-06T09:24:46-05:00</time>
</trkpt>
<trkpt lat="-15.456079" lon="-70.101115">
<ele>3823.9</ele>
<time>2026-10-06T09:24:48-05:00</time>
</trkpt>
<trkpt lat="-15.456113" lon="-70.101129">
<ele>3824.4</ele>
<time>2026-10-06T09:24:50-05:00</time>
</trkpt>
<trkpt lat="-15.456212" lon="-70.101185">
<ele>3823.9</ele>
<time>2026-10-06T09:24:52-05:00</time>
</trkpt>
<trkpt lat="-15.456317" lon="-70.101279">
<ele>3823.4</ele>
<time>2026-10-06T09:24:54-05:00</time>
</trkpt>
<trkpt lat="-15.45643" lon="-70.101348">
<ele>3824.0</ele>
<time>2026-10-06T09:24:56-05:00</time>
</trkpt>
<trkpt lat="-15.456484" lon="-70.101416">
<ele>3824.3</ele>
<time>2026-10-06T09:24:58-05:00</time>
</trkpt>
<trkpt lat="-15.456543" lon="-70.101481">
<ele>3824.1</ele>
<time>2026-10-06T09:25:00-05:00</time>
</trkpt>
<trkpt lat="-15.4566" lon="-70.101538">
<ele>3823.7</ele>
<time>2026-10-06T09:25:02-05:00</time>
</trkpt>
<trkpt lat="-15.456666" lon="-70.101597">
<ele>3823.7</ele>
<time>2026-10-06T09:25:04-05:00</time>
</trkpt>
<trkpt lat="-15.45672" lon="-70.10165">
<ele>3823.6</ele>
<time>2026-10-06T09:25:06-05:00</time>
</trkpt>
<trkpt lat="-15.456809" lon="-70.101703">
<ele>3823.7</ele>
<time>2026-10-06T09:25:08-05:00</time>
</trkpt>
<trkpt lat="-15.456898" lon="-70.101727">
<ele>3822.5</ele>
<time>2026-10-06T09:25:10-05:00</time>
</trkpt>
<trkpt lat="-15.456976" lon="-70.101717">
<ele>3822.0</ele>
<time>2026-10-06T09:25:12-05:00</time>
</trkpt>
<trkpt lat="-15.457073" lon="-70.101709">
<ele>3822.6</ele>
<time>2026-10-06T09:25:14-05:00</time>
</trkpt>
<trkpt lat="-15.457164" lon="-70.101692">
<ele>3822.2</ele>
<time>2026-10-06T09:25:16-05:00</time>
</trkpt>
<trkpt lat="-15.457254" lon="-70.10165">
<ele>3820.5</ele>
<time>2026-10-06T09:25:18-05:00</time>
</trkpt>
<trkpt lat="-15.457352" lon="-70.101598">
<ele>3821.5</ele>
<time>2026-10-06T09:25:20-05:00</time>
</trkpt>
<trkpt lat="-15.457454" lon="-70.101551">
<ele>3821.2</ele>
<time>2026-10-06T09:25:22-05:00</time>
</trkpt>
<trkpt lat="-15.457544" lon="-70.101507">
<ele>3821.7</ele>
<time>2026-10-06T09:25:24-05:00</time>
</trkpt>
<trkpt lat="-15.457628" lon="-70.10145">
<ele>3821.4</ele>
<time>2026-10-06T09:25:26-05:00</time>
</trkpt>
<trkpt lat="-15.457739" lon="-70.101412">
<ele>3820.9</ele>
<time>2026-10-06T09:25:28-05:00</time>
</trkpt>
<trkpt lat="-15.457821" lon="-70.101365">
<ele>3821.7</ele>
<time>2026-10-06T09:25:30-05:00</time>
</trkpt>
<trkpt lat="-15.457909" lon="-70.101321">
<ele>3821.2</ele>
<time>2026-10-06T09:25:32-05:00</time>
</trkpt>
<trkpt lat="-15.457994" lon="-70.101277">
<ele>3821.4</ele>
<time>2026-10-06T09:25:34-05:00</time>
</trkpt>
<trkpt lat="-15.458088" lon="-70.10123">
<ele>3822.4</ele>
<time>2026-10-06T09:25:36-05:00</time>
</trkpt>
<trkpt lat="-15.458177" lon="-70.101196">
<ele>3821.5</ele>
<time>2026-10-06T09:25:38-05:00</time>
</trkpt>
<trkpt lat="-15.458266" lon="-70.101158">
<ele>3822.5</ele>
<time>2026-10-06T09:25:40-05:00</time>
</trkpt>
<trkpt lat="-15.458355" lon="-70.101105">
<ele>3821.7</ele>
<time>2026-10-06T09:25:42-05:00</time>
</trkpt>
<trkpt lat="-15.458443" lon="-70.101027">
<ele>3821.3</ele>
<time>2026-10-06T09:25:44-05:00</time>
</trkpt>
<trkpt lat="-15.458519" lon="-70.100976">
<ele>3821.8</ele>
<time>2026-10-06T09:25:46-05:00</time>
</trkpt>
<trkpt lat="-15.458603" lon="-70.100932">
<ele>3822.1</ele>
<time>2026-10-06T09:25:48-05:00</time>
</trkpt>
<trkpt lat="-15.458711" lon="-70.100913">
<ele>3822.2</ele>
<time>2026-10-06T09:25:50-05:00</time>
</trkpt>
<trkpt lat="-15.458807" lon="-70.10088">
<ele>3822.3</ele>
<time>2026-10-06T09:25:52-05:00</time>
</trkpt>
<trkpt lat="-15.458915" lon="-70.100865">
<ele>3821.9</ele>
<time>2026-10-06T09:25:54-05:00</time>
</trkpt>
<trkpt lat="-15.45901" lon="-70.10087">
<ele>3822.2</ele>
<time>2026-10-06T09:25:56-05:00</time>
</trkpt>
<trkpt lat="-15.459106" lon="-70.100875">
<ele>3821.9</ele>
<time>2026-10-06T09:25:58-05:00</time>
</trkpt>
<trkpt lat="-15.459195" lon="-70.100869">
<ele>3821.6</ele>
<time>2026-10-06T09:26:00-05:00</time>
</trkpt>
<trkpt lat="-15.459304" lon="-70.100851">
<ele>3822.2</ele>
<time>2026-10-06T09:26:02-05:00</time>
</trkpt>
<trkpt lat="-15.459399" lon="-70.100854">
<ele>3822.1</ele>
<time>2026-10-06T09:26:04-05:00</time>
</trkpt>
<trkpt lat="-15.459507" lon="-70.100845">
<ele>3822.0</ele>
<time>2026-10-06T09:26:06-05:00</time>
</trkpt>
<trkpt lat="-15.459607" lon="-70.100845">
<ele>3821.7</ele>
<time>2026-10-06T09:26:08-05:00</time>
</trkpt>
<trkpt lat="-15.459726" lon="-70.100834">
<ele>3821.0</ele>
<time>2026-10-06T09:26:10-05:00</time>
</trkpt>
<trkpt lat="-15.45982" lon="-70.10083">
<ele>3821.7</ele>
<time>2026-10-06T09:26:12-05:00</time>
</trkpt>
<trkpt lat="-15.459925" lon="-70.10084">
<ele>3821.4</ele>
<time>2026-10-06T09:26:14-05:00</time>
</trkpt>
<trkpt lat="-15.460033" lon="-70.100858">
<ele>3821.4</ele>
<time>2026-10-06T09:26:16-05:00</time>
</trkpt>
<trkpt lat="-15.460148" lon="-70.100844">
<ele>3821.4</ele>
<time>2026-10-06T09:26:18-05:00</time>
</trkpt>
<trkpt lat="-15.460252" lon="-70.100852">
<ele>3820.7</ele>
<time>2026-10-06T09:26:20-05:00</time>
</trkpt>
<trkpt lat="-15.460372" lon="-70.100855">
<ele>3821.3</ele>
<time>2026-10-06T09:26:22-05:00</time>
</trkpt>
<trkpt lat="-15.460485" lon="-70.100859">
<ele>3821.5</ele>
<time>2026-10-06T09:26:24-05:00</time>
</trkpt>
<trkpt lat="-15.460579" lon="-70.100859">
<ele>3821.6</ele>
<time>2026-10-06T09:26:26-05:00</time>
</trkpt>
<trkpt lat="-15.460695" lon="-70.100869">
<ele>3821.0</ele>
<time>2026-10-06T09:26:28-05:00</time>
</trkpt>
<trkpt lat="-15.460809" lon="-70.100843">
<ele>3822.2</ele>
<time>2026-10-06T09:26:30-05:00</time>
</trkpt>
<trkpt lat="-15.460893" lon="-70.10082">
<ele>3822.4</ele>
<time>2026-10-06T09:26:32-05:00</time>
</trkpt>
<trkpt lat="-15.460998" lon="-70.100812">
<ele>3822.4</ele>
<time>2026-10-06T09:26:34-05:00</time>
</trkpt>
<trkpt lat="-15.4611" lon="-70.10079">
<ele>3822.5</ele>
<time>2026-10-06T09:26:36-05:00</time>
</trkpt>
<trkpt lat="-15.461191" lon="-70.100785">
<ele>3821.0</ele>
<time>2026-10-06T09:26:38-05:00</time>
</trkpt>
<trkpt lat="-15.461263" lon="-70.100777">
<ele>3822.3</ele>
<time>2026-10-06T09:26:40-05:00</time>
</trkpt>
<trkpt lat="-15.461354" lon="-70.100767">
<ele>3822.0</ele>
<time>2026-10-06T09:26:42-05:00</time>
</trkpt>
<trkpt lat="-15.461466" lon="-70.100776">
<ele>3821.9</ele>
<time>2026-10-06T09:26:44-05:00</time>
</trkpt>
<trkpt lat="-15.461557" lon="-70.100778">
<ele>3822.2</ele>
<time>2026-10-06T09:26:46-05:00</time>
</trkpt>
<trkpt lat="-15.461653" lon="-70.100785">
<ele>3822.6</ele>
<time>2026-10-06T09:26:48-05:00</time>
</trkpt>
<trkpt lat="-15.461735" lon="-70.100795">
<ele>3822.4</ele>
<time>2026-10-06T09:26:50-05:00</time>
</trkpt>
<trkpt lat="-15.461828" lon="-70.100824">
<ele>3821.4</ele>
<time>2026-10-06T09:26:52-05:00</time>
</trkpt>
<trkpt lat="-15.461931" lon="-70.100863">
<ele>3821.8</ele>
<time>2026-10-06T09:26:54-05:00</time>
</trkpt>
<trkpt lat="-15.462037" lon="-70.100918">
<ele>3822.3</ele>
<time>2026-10-06T09:26:56-05:00</time>
</trkpt>
<trkpt lat="-15.46212" lon="-70.100965">
<ele>3821.8</ele>
<time>2026-10-06T09:26:58-05:00</time>
</trkpt>
<trkpt lat="-15.462185" lon="-70.101037">
<ele>3821.3</ele>
<time>2026-10-06T09:27:00-05:00</time>
</trkpt>
<trkpt lat="-15.462259" lon="-70.101075">
<ele>3822.2</ele>
<time>2026-10-06T09:27:02-05:00</time>
</trkpt>
<trkpt lat="-15.462312" lon="-70.101145">
<ele>3822.6</ele>
<time>2026-10-06T09:27:04-05:00</time>
</trkpt>
<trkpt lat="-15.462368" lon="-70.101217">
<ele>3821.6</ele>
<time>2026-10-06T09:27:06-05:00</time>
</trkpt>
<trkpt lat="-15.462451" lon="-70.101289">
<ele>3822.7</ele>
<time>2026-10-06T09:27:08-05:00</time>
</trkpt>
<trkpt lat="-15.462525" lon="-70.101374">
<ele>3822.9</ele>
<time>2026-10-06T09:27:10-05:00</time>
</trkpt>
<trkpt lat="-15.462572" lon="-70.101458">
<ele>3822.6</ele>
<time>2026-10-06T09:27:12-05:00</time>
</trkpt>
<trkpt lat="-15.462633" lon="-70.101532">
<ele>3822.3</ele>
<time>2026-10-06T09:27:14-05:00</time>
</trkpt>
<trkpt lat="-15.462701" lon="-70.101617">
<ele>3822.0</ele>
<time>2026-10-06T09:27:16-05:00</time>
</trkpt>
<trkpt lat="-15.462764" lon="-70.101675">
<ele>3822.5</ele>
<time>2026-10-06T09:27:18-05:00</time>
</trkpt>
<trkpt lat="-15.462803" lon="-70.101739">
<ele>3823.5</ele>
<time>2026-10-06T09:27:20-05:00</time>
</trkpt>
<trkpt lat="-15.46287" lon="-70.101808">
<ele>3823.3</ele>
<time>2026-10-06T09:27:22-05:00</time>
</trkpt>
<trkpt lat="-15.46294" lon="-70.101883">
<ele>3823.1</ele>
<time>2026-10-06T09:27:24-05:00</time>
</trkpt>
<trkpt lat="-15.463021" lon="-70.101966">
<ele>3822.7</ele>
<time>2026-10-06T09:27:26-05:00</time>
</trkpt>
<trkpt lat="-15.463081" lon="-70.102025">
<ele>3823.0</ele>
<time>2026-10-06T09:27:28-05:00</time>
</trkpt>
<trkpt lat="-15.463148" lon="-70.102088">
<ele>3822.3</ele>
<time>2026-10-06T09:27:30-05:00</time>
</trkpt>
<trkpt lat="-15.463195" lon="-70.10217">
<ele>3823.7</ele>
<time>2026-10-06T09:27:32-05:00</time>
</trkpt>
<trkpt lat="-15.463265" lon="-70.102266">
<ele>3821.8</ele>
<time>2026-10-06T09:27:34-05:00</time>
</trkpt>
<trkpt lat="-15.463346" lon="-70.102343">
<ele>3823.0</ele>
<time>2026-10-06T09:27:36-05:00</time>
</trkpt>
<trkpt lat="-15.463425" lon="-70.102433">
<ele>3822.8</ele>
<time>2026-10-06T09:27:38-05:00</time>
</trkpt>
<trkpt lat="-15.463524" lon="-70.102516">
<ele>3822.6</ele>
<time>2026-10-06T09:27:40-05:00</time>
</trkpt>
<trkpt lat="-15.463545" lon="-70.102593">
<ele>3822.5</ele>
<time>2026-10-06T09:27:42-05:00</time>
</trkpt>
<trkpt lat="-15.463555" lon="-70.102614">
<ele>3822.2</ele>
<time>2026-10-06T09:27:44-05:00</time>
</trkpt>
<trkpt lat="-15.463561" lon="-70.102614">
<ele>3822.4</ele>
<time>2026-10-06T09:27:46-05:00</time>
</trkpt>
<trkpt lat="-15.463564" lon="-70.102614">
<ele>3822.9</ele>
<time>2026-10-06T09:27:48-05:00</time>
</trkpt>
<trkpt lat="-15.463574" lon="-70.102618">
<ele>3822.7</ele>
<time>2026-10-06T09:27:50-05:00</time>
</trkpt>
<trkpt lat="-15.463577" lon="-70.102594">
<ele>3823.4</ele>
<time>2026-10-06T09:27:52-05:00</time>
</trkpt>
<trkpt lat="-15.46358" lon="-70.102605">
<ele>3822.7</ele>
<time>2026-10-06T09:27:54-05:00</time>
</trkpt>
<trkpt lat="-15.463569" lon="-70.102598">
<ele>3823.6</ele>
<time>2026-10-06T09:27:56-05:00</time>
</trkpt>
<trkpt lat="-15.463559" lon="-70.102576">
<ele>3823.5</ele>
<time>2026-10-06T09:27:58-05:00</time>
</trkpt>
<trkpt lat="-15.463554" lon="-70.102566">
<ele>3823.1</ele>
<time>2026-10-06T09:28:00-05:00</time>
</trkpt>
<trkpt lat="-15.463566" lon="-70.102588">
<ele>3822.8</ele>
<time>2026-10-06T09:28:02-05:00</time>
</trkpt>
<trkpt lat="-15.463554" lon="-70.102624">
<ele>3823.0</ele>
<time>2026-10-06T09:28:04-05:00</time>
</trkpt>
<trkpt lat="-15.46355" lon="-70.102612">
<ele>3823.1</ele>
<time>2026-10-06T09:28:06-05:00</time>
</trkpt>
<trkpt lat="-15.463554" lon="-70.102611">
<ele>3823.2</ele>
<time>2026-10-06T09:28:08-05:00</time>
</trkpt>
<trkpt lat="-15.463541" lon="-70.102607">
<ele>3823.7</ele>
<time>2026-10-06T09:28:10-05:00</time>
</trkpt>
<trkpt lat="-15.463647" lon="-70.102645">
<ele>3822.8</ele>
<time>2026-10-06T09:28:12-05:00</time>
</trkpt>
<trkpt lat="-15.463761" lon="-70.10278">
<ele>3823.1</ele>
<time>2026-10-06T09:28:14-05:00</time>
</trkpt>
<trkpt lat="-15.46378" lon="-70.102853">
<ele>3823.2</ele>
<time>2026-10-06T09:28:16-05:00</time>
</trkpt>
<trkpt lat="-15.463797" lon="-70.102846">
<ele>3823.4</ele>
<time>2026-10-06T09:28:18-05:00</time>
</trkpt>
<trkpt lat="-15.463784" lon="-70.102857">
<ele>3823.1</ele>
<time>2026-10-06T09:28:20-05:00</time>
</trkpt>
<trkpt lat="-15.463801" lon="-70.102872">
<ele>3822.9</ele>
<time>2026-10-06T09:28:22-05:00</time>
</trkpt>
<trkpt lat="-15.463802" lon="-70.102895">
<ele>3823.0</ele>
<time>2026-10-06T09:28:24-05:00</time>
</trkpt>
<trkpt lat="-15.463818" lon="-70.102915">
<ele>3823.4</ele>
<time>2026-10-06T09:28:26-05:00</time>
</trkpt>
<trkpt lat="-15.463812" lon="-70.102923">
<ele>3823.4</ele>
<time>2026-10-06T09:28:28-05:00</time>
</trkpt>
<trkpt lat="-15.463816" lon="-70.102911">
<ele>3823.8</ele>
<time>2026-10-06T09:28:30-05:00</time>
</trkpt>
<trkpt lat="-15.463823" lon="-70.102902">
<ele>3823.5</ele>
<time>2026-10-06T09:28:32-05:00</time>
</trkpt>
<trkpt lat="-15.463817" lon="-70.102918">
<ele>3823.1</ele>
<time>2026-10-06T09:28:34-05:00</time>
</trkpt>
<trkpt lat="-15.463816" lon="-70.102922">
<ele>3823.3</ele>
<time>2026-10-06T09:28:36-05:00</time>
</trkpt>
<trkpt lat="-15.463824" lon="-70.102912">
<ele>3823.2</ele>
<time>2026-10-06T09:28:38-05:00</time>
</trkpt>
<trkpt lat="-15.463842" lon="-70.102914">
<ele>3823.6</ele>
<time>2026-10-06T09:28:40-05:00</time>
</trkpt>
<trkpt lat="-15.463837" lon="-70.102905">
<ele>3823.4</ele>
<time>2026-10-06T09:28:42-05:00</time>
</trkpt>
<trkpt lat="-15.463834" lon="-70.102911">
<ele>3823.1</ele>
<time>2026-10-06T09:28:44-05:00</time>
</trkpt>
<trkpt lat="-15.463833" lon="-70.102917">
<ele>3822.7</ele>
<time>2026-10-06T09:28:46-05:00</time>
</trkpt>
<trkpt lat="-15.46384" lon="-70.102921">
<ele>3822.9</ele>
<time>2026-10-06T09:28:48-05:00</time>
</trkpt>
<trkpt lat="-15.463853" lon="-70.102906">
<ele>3823.2</ele>
<time>2026-10-06T09:28:50-05:00</time>
</trkpt>
<trkpt lat="-15.463845" lon="-70.102901">
<ele>3822.9</ele>
<time>2026-10-06T09:28:52-05:00</time>
</trkpt>
<trkpt lat="-15.463869" lon="-70.102923">
<ele>3823.0</ele>
<time>2026-10-06T09:28:54-05:00</time>
</trkpt>
<trkpt lat="-15.463935" lon="-70.102955">
<ele>3823.7</ele>
<time>2026-10-06T09:28:56-05:00</time>
</trkpt>
<trkpt lat="-15.464006" lon="-70.103055">
<ele>3823.5</ele>
<time>2026-10-06T09:28:58-05:00</time>
</trkpt>
<trkpt lat="-15.464102" lon="-70.103152">
<ele>3823.7</ele>
<time>2026-10-06T09:29:00-05:00</time>
</trkpt>
<trkpt lat="-15.464192" lon="-70.103246">
<ele>3824.1</ele>
<time>2026-10-06T09:29:02-05:00</time>
</trkpt>
<trkpt lat="-15.464266" lon="-70.103342">
<ele>3823.8</ele>
<time>2026-10-06T09:29:04-05:00</time>
</trkpt>
<trkpt lat="-15.464342" lon="-70.103431">
<ele>3824.1</ele>
<time>2026-10-06T09:29:06-05:00</time>
</trkpt>
<trkpt lat="-15.464393" lon="-70.103506">
<ele>3823.6</ele>
<time>2026-10-06T09:29:08-05:00</time>
</trkpt>
<trkpt lat="-15.464437" lon="-70.103566">
<ele>3824.0</ele>
<time>2026-10-06T09:29:10-05:00</time>
</trkpt>
<trkpt lat="-15.464485" lon="-70.103658">
<ele>3823.6</ele>
<time>2026-10-06T09:29:12-05:00</time>
</trkpt>
<trkpt lat="-15.464517" lon="-70.10373">
<ele>3823.7</ele>
<time>2026-10-06T09:29:14-05:00</time>
</trkpt>
<trkpt lat="-15.46457" lon="-70.103802">
<ele>3823.2</ele>
<time>2026-10-06T09:29:16-05:00</time>
</trkpt>
<trkpt lat="-15.464621" lon="-70.103899">
<ele>3823.4</ele>
<time>2026-10-06T09:29:18-05:00</time>
</trkpt>
<trkpt lat="-15.464674" lon="-70.103993">
<ele>3824.1</ele>
<time>2026-10-06T09:29:20-05:00</time>
</trkpt>
<trkpt lat="-15.464739" lon="-70.104084">
<ele>3823.3</ele>
<time>2026-10-06T09:29:22-05:00</time>
</trkpt>
<trkpt lat="-15.464793" lon="-70.104156">
<ele>3823.2</ele>
<time>2026-10-06T09:29:24-05:00</time>
</trkpt>
<trkpt lat="-15.464834" lon="-70.104255">
<ele>3823.4</ele>
<time>2026-10-06T09:29:26-05:00</time>
</trkpt>
<trkpt lat="-15.46487" lon="-70.104348">
<ele>3822.2</ele>
<time>2026-10-06T09:29:28-05:00</time>
</trkpt>
<trkpt lat="-15.464916" lon="-70.104458">
<ele>3821.7</ele>
<time>2026-10-06T09:29:30-05:00</time>
</trkpt>
<trkpt lat="-15.464937" lon="-70.104546">
<ele>3821.6</ele>
<time>2026-10-06T09:29:32-05:00</time>
</trkpt>
<trkpt lat="-15.464976" lon="-70.104596">
<ele>3821.3</ele>
<time>2026-10-06T09:29:34-05:00</time>
</trkpt>
<trkpt lat="-15.465001" lon="-70.10468">
<ele>3821.1</ele>
<time>2026-10-06T09:29:36-05:00</time>
</trkpt>
<trkpt lat="-15.464986" lon="-70.104797">
<ele>3821.5</ele>
<time>2026-10-06T09:29:38-05:00</time>
</trkpt>
<trkpt lat="-15.464974" lon="-70.104884">
<ele>3821.2</ele>
<time>2026-10-06T09:29:40-05:00</time>
</trkpt>
<trkpt lat="-15.464964" lon="-70.104976">
<ele>3822.3</ele>
<time>2026-10-06T09:29:42-05:00</time>
</trkpt>
<trkpt lat="-15.464917" lon="-70.105062">
<ele>3821.7</ele>
<time>2026-10-06T09:29:44-05:00</time>
</trkpt>
<trkpt lat="-15.4649" lon="-70.105142">
<ele>3821.3</ele>
<time>2026-10-06T09:29:46-05:00</time>
</trkpt>
<trkpt lat="-15.464843" lon="-70.105225">
<ele>3822.3</ele>
<time>2026-10-06T09:29:48-05:00</time>
</trkpt>
<trkpt lat="-15.464794" lon="-70.105299">
<ele>3821.5</ele>
<time>2026-10-06T09:29:50-05:00</time>
</trkpt>
<trkpt lat="-15.464768" lon="-70.10539">
<ele>3821.4</ele>
<time>2026-10-06T09:29:52-05:00</time>
</trkpt>
<trkpt lat="-15.464715" lon="-70.105447">
<ele>3821.6</ele>
<time>2026-10-06T09:29:54-05:00</time>
</trkpt>
<trkpt lat="-15.46466" lon="-70.105543">
<ele>3822.3</ele>
<time>2026-10-06T09:29:56-05:00</time>
</trkpt>
<trkpt lat="-15.4646" lon="-70.105654">
<ele>3821.4</ele>
<time>2026-10-06T09:29:58-05:00</time>
</trkpt>
<trkpt lat="-15.464547" lon="-70.105737">
<ele>3821.9</ele>
<time>2026-10-06T09:30:00-05:00</time>
</trkpt>
<trkpt lat="-15.464496" lon="-70.10585">
<ele>3821.8</ele>
<time>2026-10-06T09:30:02-05:00</time>
</trkpt>
<trkpt lat="-15.464446" lon="-70.105945">
<ele>3822.0</ele>
<time>2026-10-06T09:30:04-05:00</time>
</trkpt>
<trkpt lat="-15.464388" lon="-70.106044">
<ele>3821.5</ele>
<time>2026-10-06T09:30:06-05:00</time>
</trkpt>
<trkpt lat="-15.46433" lon="-70.106136">
<ele>3822.2</ele>
<time>2026-10-06T09:30:08-05:00</time>
</trkpt>
<trkpt lat="-15.46427" lon="-70.106246">
<ele>3821.7</ele>
<time>2026-10-06T09:30:10-05:00</time>
</trkpt>
<trkpt lat="-15.464213" lon="-70.106341">
<ele>3822.0</ele>
<time>2026-10-06T09:30:12-05:00</time>
</trkpt>
<trkpt lat="-15.464144" lon="-70.106433">
<ele>3821.7</ele>
<time>2026-10-06T09:30:14-05:00</time>
</trkpt>
<trkpt lat="-15.464078" lon="-70.106522">
<ele>3822.1</ele>
<time>2026-10-06T09:30:16-05:00</time>
</trkpt>
<trkpt lat="-15.464018" lon="-70.106568">
<ele>3821.8</ele>
<time>2026-10-06T09:30:18-05:00</time>
</trkpt>
<trkpt lat="-15.463986" lon="-70.106638">
<ele>3821.9</ele>
<time>2026-10-06T09:30:20-05:00</time>
</trkpt>
<trkpt lat="-15.46397" lon="-70.106638">
<ele>3821.6</ele>
<time>2026-10-06T09:30:22-05:00</time>
</trkpt>
<trkpt lat="-15.463989" lon="-70.106638">
<ele>3821.5</ele>
<time>2026-10-06T09:30:24-05:00</time>
</trkpt>
<trkpt lat="-15.463988" lon="-70.106637">
<ele>3821.6</ele>
<time>2026-10-06T09:30:26-05:00</time>
</trkpt>
<trkpt lat="-15.463987" lon="-70.106637">
<ele>3822.4</ele>
<time>2026-10-06T09:30:28-05:00</time>
</trkpt>
<trkpt lat="-15.463987" lon="-70.106643">
<ele>3822.0</ele>
<time>2026-10-06T09:30:30-05:00</time>
</trkpt>
<trkpt lat="-15.463985" lon="-70.106646">
<ele>3821.7</ele>
<time>2026-10-06T09:30:32-05:00</time>
</trkpt>
<trkpt lat="-15.463969" lon="-70.106646">
<ele>3822.4</ele>
<time>2026-10-06T09:30:34-05:00</time>
</trkpt>
<trkpt lat="-15.463973" lon="-70.106636">
<ele>3822.0</ele>
<time>2026-10-06T09:30:36-05:00</time>
</trkpt>
<trkpt lat="-15.463974" lon="-70.106633">
<ele>3821.9</ele>
<time>2026-10-06T09:30:38-05:00</time>
</trkpt>
<trkpt lat="-15.463968" lon="-70.106641">
<ele>3822.5</ele>
<time>2026-10-06T09:30:40-05:00</time>
</trkpt>
<trkpt lat="-15.463971" lon="-70.10664">
<ele>3821.7</ele>
<time>2026-10-06T09:30:42-05:00</time>
</trkpt>
<trkpt lat="-15.463963" lon="-70.106658">
<ele>3821.8</ele>
<time>2026-10-06T09:30:44-05:00</time>
</trkpt>
<trkpt lat="-15.463948" lon="-70.106716">
<ele>3822.3</ele>
<time>2026-10-06T09:30:46-05:00</time>
</trkpt>
<trkpt lat="-15.463911" lon="-70.106798">
<ele>3822.2</ele>
<time>2026-10-06T09:30:48-05:00</time>
</trkpt>
<trkpt lat="-15.463857" lon="-70.106896">
<ele>3822.9</ele>
<time>2026-10-06T09:30:50-05:00</time>
</trkpt>
<trkpt lat="-15.463833" lon="-70.107043">
<ele>3822.4</ele>
<time>2026-10-06T09:30:52-05:00</time>
</trkpt>
<trkpt lat="-15.463833" lon="-70.107187">
<ele>3823.3</ele>
<time>2026-10-06T09:30:54-05:00</time>
</trkpt>
<trkpt lat="-15.463863" lon="-70.107277">
<ele>3822.9</ele>
<time>2026-10-06T09:30:56-05:00</time>
</trkpt>
<trkpt lat="-15.463906" lon="-70.10738">
<ele>3822.9</ele>
<time>2026-10-06T09:30:58-05:00</time>
</trkpt>
<trkpt lat="-15.463982" lon="-70.107455">
<ele>3823.2</ele>
<time>2026-10-06T09:31:00-05:00</time>
</trkpt>
<trkpt lat="-15.464051" lon="-70.107529">
<ele>3824.1</ele>
<time>2026-10-06T09:31:02-05:00</time>
</trkpt>
<trkpt lat="-15.464144" lon="-70.107584">
<ele>3824.3</ele>
<time>2026-10-06T09:31:04-05:00</time>
</trkpt>
<trkpt lat="-15.464233" lon="-70.107639">
<ele>3824.5</ele>
<time>2026-10-06T09:31:06-05:00</time>
</trkpt>
<trkpt lat="-15.46432" lon="-70.107676">
<ele>3823.8</ele>
<time>2026-10-06T09:31:08-05:00</time>
</trkpt>
<trkpt lat="-15.464434" lon="-70.107743">
<ele>3824.5</ele>
<time>2026-10-06T09:31:10-05:00</time>
</trkpt>
<trkpt lat="-15.46453" lon="-70.107798">
<ele>3824.5</ele>
<time>2026-10-06T09:31:12-05:00</time>
</trkpt>
<trkpt lat="-15.464644" lon="-70.107849">
<ele>3824.2</ele>
<time>2026-10-06T09:31:14-05:00</time>
</trkpt>
<trkpt lat="-15.464753" lon="-70.107897">
<ele>3824.1</ele>
<time>2026-10-06T09:31:16-05:00</time>
</trkpt>
<trkpt lat="-15.464834" lon="-70.107948">
<ele>3824.5</ele>
<time>2026-10-06T09:31:18-05:00</time>
</trkpt>
<trkpt lat="-15.464926" lon="-70.107998">
<ele>3824.7</ele>
<time>2026-10-06T09:31:20-05:00</time>
</trkpt>
<trkpt lat="-15.465031" lon="-70.108031">
<ele>3823.6</ele>
<time>2026-10-06T09:31:22-05:00</time>
</trkpt>
<trkpt lat="-15.465112" lon="-70.108085">
<ele>3824.0</ele>
<time>2026-10-06T09:31:24-05:00</time>
</trkpt>
<trkpt lat="-15.465217" lon="-70.108129">
<ele>3823.9</ele>
<time>2026-10-06T09:31:26-05:00</time>
</trkpt>
<trkpt lat="-15.465323" lon="-70.108171">
<ele>3823.8</ele>
<time>2026-10-06T09:31:28-05:00</time>
</trkpt>
<trkpt lat="-15.465429" lon="-70.108218">
<ele>3823.1</ele>
<time>2026-10-06T09:31:30-05:00</time>
</trkpt>
<trkpt lat="-15.46556" lon="-70.108285">
<ele>3823.8</ele>
<time>2026-10-06T09:31:32-05:00</time>
</trkpt>
<trkpt lat="-15.465681" lon="-70.108334">
<ele>3823.2</ele>
<time>2026-10-06T09:31:34-05:00</time>
</trkpt>
<trkpt lat="-15.465804" lon="-70.108387">
<ele>3823.1</ele>
<time>2026-10-06T09:31:36-05:00</time>
</trkpt>
<trkpt lat="-15.465918" lon="-70.108451">
<ele>3823.1</ele>
<time>2026-10-06T09:31:38-05:00</time>
</trkpt>
<trkpt lat="-15.466038" lon="-70.108522">
<ele>3821.8</ele>
<time>2026-10-06T09:31:40-05:00</time>
</trkpt>
<trkpt lat="-15.466137" lon="-70.108567">
<ele>3822.6</ele>
<time>2026-10-06T09:31:42-05:00</time>
</trkpt>
<trkpt lat="-15.466204" lon="-70.108599">
<ele>3822.0</ele>
<time>2026-10-06T09:31:44-05:00</time>
</trkpt>
<trkpt lat="-15.466245" lon="-70.108635">
<ele>3822.1</ele>
<time>2026-10-06T09:31:46-05:00</time>
</trkpt>
<trkpt lat="-15.466255" lon="-70.108633">
<ele>3822.3</ele>
<time>2026-10-06T09:31:48-05:00</time>
</trkpt>
<trkpt lat="-15.466244" lon="-70.108631">
<ele>3822.8</ele>
<time>2026-10-06T09:31:50-05:00</time>
</trkpt>
<trkpt lat="-15.466228" lon="-70.10864">
<ele>3822.2</ele>
<time>2026-10-06T09:31:52-05:00</time>
</trkpt>
<trkpt lat="-15.466226" lon="-70.108653">
<ele>3822.4</ele>
<time>2026-10-06T09:31:54-05:00</time>
</trkpt>
<trkpt lat="-15.466214" lon="-70.108659">
<ele>3821.8</ele>
<time>2026-10-06T09:31:56-05:00</time>
</trkpt>
<trkpt lat="-15.466207" lon="-70.108639">
<ele>3822.3</ele>
<time>2026-10-06T09:31:58-05:00</time>
</trkpt>
<trkpt lat="-15.46621" lon="-70.108632">
<ele>3821.9</ele>
<time>2026-10-06T09:32:00-05:00</time>
</trkpt>
<trkpt lat="-15.466217" lon="-70.108633">
<ele>3823.0</ele>
<time>2026-10-06T09:32:02-05:00</time>
</trkpt>
<trkpt lat="-15.466196" lon="-70.108651">
<ele>3822.2</ele>
<time>2026-10-06T09:32:04-05:00</time>
</trkpt>
<trkpt lat="-15.466183" lon="-70.108647">
<ele>3822.4</ele>
<time>2026-10-06T09:32:06-05:00</time>
</trkpt>
<trkpt lat="-15.466188" lon="-70.108647">
<ele>3822.0</ele>
<time>2026-10-06T09:32:08-05:00</time>
</trkpt>
<trkpt lat="-15.466181" lon="-70.108642">
<ele>3822.0</ele>
<time>2026-10-06T09:32:10-05:00</time>
</trkpt>
<trkpt lat="-15.466192" lon="-70.10865">
<ele>3822.2</ele>
<time>2026-10-06T09:32:12-05:00</time>
</trkpt>
<trkpt lat="-15.466256" lon="-70.108684">
<ele>3822.4</ele>
<time>2026-10-06T09:32:14-05:00</time>
</trkpt>
<trkpt lat="-15.466382" lon="-70.108742">
<ele>3822.5</ele>
<time>2026-10-06T09:32:16-05:00</time>
</trkpt>
<trkpt lat="-15.466517" lon="-70.108799">
<ele>3822.5</ele>
<time>2026-10-06T09:32:18-05:00</time>
</trkpt>
<trkpt lat="-15.466641" lon="-70.108841">
<ele>3822.1</ele>
<time>2026-10-06T09:32:20-05:00</time>
</trkpt>
<trkpt lat="-15.466735" lon="-70.108902">
<ele>3822.3</ele>
<time>2026-10-06T09:32:22-05:00</time>
</trkpt>
<trkpt lat="-15.466812" lon="-70.108942">
<ele>3822.6</ele>
<time>2026-10-06T09:32:24-05:00</time>
</trkpt>
<trkpt lat="-15.466917" lon="-70.108995">
<ele>3823.4</ele>
<time>2026-10-06T09:32:26-05:00</time>
</trkpt>
<trkpt lat="-15.467006" lon="-70.109054">
<ele>3822.7</ele>
<time>2026-10-06T09:32:28-05:00</time>
</trkpt>
<trkpt lat="-15.467098" lon="-70.109097">
<ele>3822.4</ele>
<time>2026-10-06T09:32:30-05:00</time>
</trkpt>
<trkpt lat="-15.467196" lon="-70.109137">
<ele>3821.9</ele>
<time>2026-10-06T09:32:32-05:00</time>
</trkpt>
<trkpt lat="-15.467304" lon="-70.109184">
<ele>3823.6</ele>
<time>2026-10-06T09:32:34-05:00</time>
</trkpt>
<trkpt lat="-15.467408" lon="-70.109251">
<ele>3823.7</ele>
<time>2026-10-06T09:32:36-05:00</time>
</trkpt>
<trkpt lat="-15.467509" lon="-70.109305">
<ele>3824.3</ele>
<time>2026-10-06T09:32:38-05:00</time>
</trkpt>
<trkpt lat="-15.467576" lon="-70.109325">
<ele>3823.2</ele>
<time>2026-10-06T09:32:40-05:00</time>
</trkpt>
<trkpt lat="-15.467652" lon="-70.109367">
<ele>3823.4</ele>
<time>2026-10-06T09:32:42-05:00</time>
</trkpt>
<trkpt lat="-15.467747" lon="-70.109407">
<ele>3824.1</ele>
<time>2026-10-06T09:32:44-05:00</time>
</trkpt>
<trkpt lat="-15.467846" lon="-70.109465">
<ele>3823.3</ele>
<time>2026-10-06T09:32:46-05:00</time>
</trkpt>
<trkpt lat="-15.46793" lon="-70.109505">
<ele>3823.5</ele>
<time>2026-10-06T09:32:48-05:00</time>
</trkpt>
<trkpt lat="-15.468003" lon="-70.10954">
<ele>3824.4</ele>
<time>2026-10-06T09:32:50-05:00</time>
</trkpt>
<trkpt lat="-15.468084" lon="-70.10958">
<ele>3824.0</ele>
<time>2026-10-06T09:32:52-05:00</time>
</trkpt>
<trkpt lat="-15.468179" lon="-70.109622">
<ele>3823.7</ele>
<time>2026-10-06T09:32:54-05:00</time>
</trkpt>
<trkpt lat="-15.468243" lon="-70.109651">
<ele>3824.7</ele>
<time>2026-10-06T09:32:56-05:00</time>
</trkpt>
<trkpt lat="-15.468321" lon="-70.10971">
<ele>3823.7</ele>
<time>2026-10-06T09:32:58-05:00</time>
</trkpt>
<trkpt lat="-15.468406" lon="-70.109748">
<ele>3824.3</ele>
<time>2026-10-06T09:33:00-05:00</time>
</trkpt>
<trkpt lat="-15.468483" lon="-70.109784">
<ele>3824.7</ele>
<time>2026-10-06T09:33:02-05:00</time>
</trkpt>
<trkpt lat="-15.468572" lon="-70.109842">
<ele>3823.9</ele>
<time>2026-10-06T09:33:04-05:00</time>
</trkpt>
<trkpt lat="-15.468657" lon="-70.109904">
<ele>3823.5</ele>
<time>2026-10-06T09:33:06-05:00</time>
</trkpt>
<trkpt lat="-15.468725" lon="-70.10996">
<ele>3823.9</ele>
<time>2026-10-06T09:33:08-05:00</time>
</trkpt>
<trkpt lat="-15.46882" lon="-70.110007">
<ele>3824.2</ele>
<time>2026-10-06T09:33:10-05:00</time>
</trkpt>
<trkpt lat="-15.468896" lon="-70.110062">
<ele>3824.2</ele>
<time>2026-10-06T09:33:12-05:00</time>
</trkpt>
<trkpt lat="-15.468969" lon="-70.110077">
<ele>3824.3</ele>
<time>2026-10-06T09:33:14-05:00</time>
</trkpt>
<trkpt lat="-15.469049" lon="-70.110112">
<ele>3824.6</ele>
<time>2026-10-06T09:33:16-05:00</time>
</trkpt>
<trkpt lat="-15.469135" lon="-70.110169">
<ele>3824.7</ele>
<time>2026-10-06T09:33:18-05:00</time>
</trkpt>
<trkpt lat="-15.469197" lon="-70.110205">
<ele>3825.0</ele>
<time>2026-10-06T09:33:20-05:00</time>
</trkpt>
<trkpt lat="-15.469276" lon="-70.110255">
<ele>3824.6</ele>
<time>2026-10-06T09:33:22-05:00</time>
</trkpt>
<trkpt lat="-15.469384" lon="-70.110314">
<ele>3824.9</ele>
<time>2026-10-06T09:33:24-05:00</time>
</trkpt>
<trkpt lat="-15.469464" lon="-70.110375">
<ele>3824.5</ele>
<time>2026-10-06T09:33:26-05:00</time>
</trkpt>
<trkpt lat="-15.469583" lon="-70.110462">
<ele>3824.3</ele>
<time>2026-10-06T09:33:28-05:00</time>
</trkpt>
<trkpt lat="-15.469691" lon="-70.110532">
<ele>3825.6</ele>
<time>2026-10-06T09:33:30-05:00</time>
</trkpt>
<trkpt lat="-15.469733" lon="-70.110564">
<ele>3825.0</ele>
<time>2026-10-06T09:33:32-05:00</time>
</trkpt>
<trkpt lat="-15.469713" lon="-70.110565">
<ele>3825.4</ele>
<time>2026-10-06T09:33:34-05:00</time>
</trkpt>
<trkpt lat="-15.469713" lon="-70.110576">
<ele>3824.7</ele>
<time>2026-10-06T09:33:36-05:00</time>
</trkpt>
<trkpt lat="-15.469715" lon="-70.110561">
<ele>3825.7</ele>
<time>2026-10-06T09:33:38-05:00</time>
</trkpt>
<trkpt lat="-15.46971" lon="-70.110553">
<ele>3825.5</ele>
<time>2026-10-06T09:33:40-05:00</time>
</trkpt>
<trkpt lat="-15.469712" lon="-70.110549">
<ele>3825.7</ele>
<time>2026-10-06T09:33:42-05:00</time>
</trkpt>
<trkpt lat="-15.469704" lon="-70.110543">
<ele>3825.2</ele>
<time>2026-10-06T09:33:44-05:00</time>
</trkpt>
<trkpt lat="-15.4697" lon="-70.110531">
<ele>3824.9</ele>
<time>2026-10-06T09:33:46-05:00</time>
</trkpt>
<trkpt lat="-15.469707" lon="-70.110541">
<ele>3825.5</ele>
<time>2026-10-06T09:33:48-05:00</time>
</trkpt>
<trkpt lat="-15.469702" lon="-70.110545">
<ele>3825.0</ele>
<time>2026-10-06T09:33:50-05:00</time>
</trkpt>
<trkpt lat="-15.469703" lon="-70.110546">
<ele>3825.9</ele>
<time>2026-10-06T09:33:52-05:00</time>
</trkpt>
<trkpt lat="-15.469707" lon="-70.110551">
<ele>3825.2</ele>
<time>2026-10-06T09:33:54-05:00</time>
</trkpt>
<trkpt lat="-15.469723" lon="-70.110559">
<ele>3825.1</ele>
<time>2026-10-06T09:33:56-05:00</time>
</trkpt>
<trkpt lat="-15.469716" lon="-70.11057">
<ele>3825.7</ele>
<time>2026-10-06T09:33:58-05:00</time>
</trkpt>
<trkpt lat="-15.469727" lon="-70.110582">
<ele>3824.8</ele>
<time>2026-10-06T09:34:00-05:00</time>
</trkpt>
<trkpt lat="-15.469713" lon="-70.110601">
<ele>3825.2</ele>
<time>2026-10-06T09:34:02-05:00</time>
</trkpt>
<trkpt lat="-15.469711" lon="-70.110586">
<ele>3825.5</ele>
<time>2026-10-06T09:34:04-05:00</time>
</trkpt>
<trkpt lat="-15.469726" lon="-70.11059">
<ele>3825.4</ele>
<time>2026-10-06T09:34:06-05:00</time>
</trkpt>
<trkpt lat="-15.469758" lon="-70.110608">
<ele>3825.0</ele>
<time>2026-10-06T09:34:08-05:00</time>
</trkpt>
<trkpt lat="-15.469829" lon="-70.11064">
<ele>3825.2</ele>
<time>2026-10-06T09:34:10-05:00</time>
</trkpt>
<trkpt lat="-15.469933" lon="-70.110695">
<ele>3825.5</ele>
<time>2026-10-06T09:34:12-05:00</time>
</trkpt>
<trkpt lat="-15.470031" lon="-70.110766">
<ele>3826.5</ele>
<time>2026-10-06T09:34:14-05:00</time>
</trkpt>
<trkpt lat="-15.470112" lon="-70.110812">
<ele>3825.5</ele>
<time>2026-10-06T09:34:16-05:00</time>
</trkpt>
<trkpt lat="-15.470194" lon="-70.110857">
<ele>3826.2</ele>
<time>2026-10-06T09:34:18-05:00</time>
</trkpt>
<trkpt lat="-15.470266" lon="-70.110904">
<ele>3826.2</ele>
<time>2026-10-06T09:34:20-05:00</time>
</trkpt>
<trkpt lat="-15.470343" lon="-70.110962">
<ele>3825.7</ele>
<time>2026-10-06T09:34:22-05:00</time>
</trkpt>
<trkpt lat="-15.470441" lon="-70.111021">
<ele>3825.7</ele>
<time>2026-10-06T09:34:24-05:00</time>
</trkpt>
<trkpt lat="-15.47051" lon="-70.111079">
<ele>3826.0</ele>
<time>2026-10-06T09:34:26-05:00</time>
</trkpt>
<trkpt lat="-15.47059" lon="-70.111122">
<ele>3825.2</ele>
<time>2026-10-06T09:34:28-05:00</time>
</trkpt>
<trkpt lat="-15.470683" lon="-70.111179">
<ele>3825.0</ele>
<time>2026-10-06T09:34:30-05:00</time>
</trkpt>
<trkpt lat="-15.470786" lon="-70.111224">
<ele>3825.0</ele>
<time>2026-10-06T09:34:32-05:00</time>
</trkpt>
<trkpt lat="-15.470885" lon="-70.111284">
<ele>3825.1</ele>
<time>2026-10-06T09:34:34-05:00</time>
</trkpt>
<trkpt lat="-15.470985" lon="-70.11135">
<ele>3824.9</ele>
<time>2026-10-06T09:34:36-05:00</time>
</trkpt>
<trkpt lat="-15.471047" lon="-70.111386">
<ele>3825.3</ele>
<time>2026-10-06T09:34:38-05:00</time>
</trkpt>
<trkpt lat="-15.471064" lon="-70.111386">
<ele>3825.4</ele>
<time>2026-10-06T09:34:40-05:00</time>
</trkpt>
<trkpt lat="-15.471071" lon="-70.111389">
<ele>3824.8</ele>
<time>2026-10-06T09:34:42-05:00</time>
</trkpt>
<trkpt lat="-15.471071" lon="-70.111396">
<ele>3824.9</ele>
<time>2026-10-06T09:34:44-05:00</time>
</trkpt>
<trkpt lat="-15.471087" lon="-70.11139">
<ele>3824.3</ele>
<time>2026-10-06T09:34:46-05:00</time>
</trkpt>
<trkpt lat="-15.471069" lon="-70.111396">
<ele>3824.2</ele>
<time>2026-10-06T09:34:48-05:00</time>
</trkpt>
<trkpt lat="-15.471061" lon="-70.111393">
<ele>3825.1</ele>
<time>2026-10-06T09:34:50-05:00</time>
</trkpt>
<trkpt lat="-15.471079" lon="-70.111417">
<ele>3824.7</ele>
<time>2026-10-06T09:34:52-05:00</time>
</trkpt>
<trkpt lat="-15.471206" lon="-70.111444">
<ele>3825.3</ele>
<time>2026-10-06T09:34:54-05:00</time>
</trkpt>
<trkpt lat="-15.471316" lon="-70.11149">
<ele>3825.7</ele>
<time>2026-10-06T09:34:56-05:00</time>
</trkpt>
<trkpt lat="-15.471411" lon="-70.111565">
<ele>3825.6</ele>
<time>2026-10-06T09:34:58-05:00</time>
</trkpt>
<trkpt lat="-15.47151" lon="-70.111621">
<ele>3825.6</ele>
<time>2026-10-06T09:35:00-05:00</time>
</trkpt>
<trkpt lat="-15.471586" lon="-70.111681">
<ele>3826.2</ele>
<time>2026-10-06T09:35:02-05:00</time>
</trkpt>
<trkpt lat="-15.471656" lon="-70.111728">
<ele>3826.6</ele>
<time>2026-10-06T09:35:04-05:00</time>
</trkpt>
<trkpt lat="-15.471728" lon="-70.111775">
<ele>3825.9</ele>
<time>2026-10-06T09:35:06-05:00</time>
</trkpt>
<trkpt lat="-15.471809" lon="-70.11183">
<ele>3826.3</ele>
<time>2026-10-06T09:35:08-05:00</time>
</trkpt>
<trkpt lat="-15.471879" lon="-70.111866">
<ele>3825.8</ele>
<time>2026-10-06T09:35:10-05:00</time>
</trkpt>
<trkpt lat="-15.471956" lon="-70.111941">
<ele>3825.3</ele>
<time>2026-10-06T09:35:12-05:00</time>
</trkpt>
<trkpt lat="-15.472023" lon="-70.111976">
<ele>3826.1</ele>
<time>2026-10-06T09:35:14-05:00</time>
</trkpt>
<trkpt lat="-15.472093" lon="-70.112031">
<ele>3825.6</ele>
<time>2026-10-06T09:35:16-05:00</time>
</trkpt>
<trkpt lat="-15.472167" lon="-70.112076">
<ele>3825.6</ele>
<time>2026-10-06T09:35:18-05:00</time>
</trkpt>
<trkpt lat="-15.472242" lon="-70.112131">
<ele>3825.6</ele>
<time>2026-10-06T09:35:20-05:00</time>
</trkpt>
<trkpt lat="-15.472306" lon="-70.112191">
<ele>3825.2</ele>
<time>2026-10-06T09:35:22-05:00</time>
</trkpt>
<trkpt lat="-15.472376" lon="-70.11225">
<ele>3825.7</ele>
<time>2026-10-06T09:35:24-05:00</time>
</trkpt>
<trkpt lat="-15.472434" lon="-70.112314">
<ele>3825.8</ele>
<time>2026-10-06T09:35:26-05:00</time>
</trkpt>
<trkpt lat="-15.472502" lon="-70.112354">
<ele>3825.7</ele>
<time>2026-10-06T09:35:28-05:00</time>
</trkpt>
<trkpt lat="-15.472547" lon="-70.112423">
<ele>3825.7</ele>
<time>2026-10-06T09:35:30-05:00</time>
</trkpt>
<trkpt lat="-15.472608" lon="-70.112476">
<ele>3826.3</ele>
<time>2026-10-06T09:35:32-05:00</time>
</trkpt>
<trkpt lat="-15.472675" lon="-70.112542">
<ele>3826.6</ele>
<time>2026-10-06T09:35:34-05:00</time>
</trkpt>
<trkpt lat="-15.472722" lon="-70.112589">
<ele>3826.5</ele>
<time>2026-10-06T09:35:36-05:00</time>
</trkpt>
<trkpt lat="-15.472775" lon="-70.112648">
<ele>3825.7</ele>
<time>2026-10-06T09:35:38-05:00</time>
</trkpt>
<trkpt lat="-15.47283" lon="-70.112707">
<ele>3826.0</ele>
<time>2026-10-06T09:35:40-05:00</time>
</trkpt>
<trkpt lat="-15.472886" lon="-70.112752">
<ele>3826.0</ele>
<time>2026-10-06T09:35:42-05:00</time>
</trkpt>
<trkpt lat="-15.472957" lon="-70.112827">
<ele>3825.0</ele>
<time>2026-10-06T09:35:44-05:00</time>
</trkpt>
<trkpt lat="-15.473027" lon="-70.112863">
<ele>3825.7</ele>
<time>2026-10-06T09:35:46-05:00</time>
</trkpt>
<trkpt lat="-15.473065" lon="-70.112928">
<ele>3826.0</ele>
<time>2026-10-06T09:35:48-05:00</time>
</trkpt>
<trkpt lat="-15.473125" lon="-70.112989">
<ele>3825.3</ele>
<time>2026-10-06T09:35:50-05:00</time>
</trkpt>
<trkpt lat="-15.473208" lon="-70.113052">
<ele>3825.1</ele>
<time>2026-10-06T09:35:52-05:00</time>
</trkpt>
<trkpt lat="-15.473288" lon="-70.113146">
<ele>3825.4</ele>
<time>2026-10-06T09:35:54-05:00</time>
</trkpt>
<trkpt lat="-15.473379" lon="-70.11323">
<ele>3825.8</ele>
<time>2026-10-06T09:35:56-05:00</time>
</trkpt>
<trkpt lat="-15.473456" lon="-70.113289">
<ele>3825.2</ele>
<time>2026-10-06T09:35:58-05:00</time>
</trkpt>
<trkpt lat="-15.473538" lon="-70.113384">
<ele>3825.6</ele>
<time>2026-10-06T09:36:00-05:00</time>
</trkpt>
<trkpt lat="-15.473617" lon="-70.113448">
<ele>3825.7</ele>
<time>2026-10-06T09:36:02-05:00</time>
</trkpt>
<trkpt lat="-15.473714" lon="-70.11352">
<ele>3825.5</ele>
<time>2026-10-06T09:36:04-05:00</time>
</trkpt>
<trkpt lat="-15.473738" lon="-70.113568">
<ele>3825.6</ele>
<time>2026-10-06T09:36:06-05:00</time>
</trkpt>
<trkpt lat="-15.473754" lon="-70.113575">
<ele>3825.1</ele>
<time>2026-10-06T09:36:08-05:00</time>
</trkpt>
<trkpt lat="-15.473747" lon="-70.113596">
<ele>3825.7</ele>
<time>2026-10-06T09:36:10-05:00</time>
</trkpt>
<trkpt lat="-15.473748" lon="-70.113601">
<ele>3826.0</ele>
<time>2026-10-06T09:36:12-05:00</time>
</trkpt>
<trkpt lat="-15.473721" lon="-70.113606">
<ele>3825.6</ele>
<time>2026-10-06T09:36:14-05:00</time>
</trkpt>
<trkpt lat="-15.473694" lon="-70.113591">
<ele>3825.9</ele>
<time>2026-10-06T09:36:16-05:00</time>
</trkpt>
<trkpt lat="-15.473707" lon="-70.11358">
<ele>3825.7</ele>
<time>2026-10-06T09:36:18-05:00</time>
</trkpt>
<trkpt lat="-15.473703" lon="-70.113593">
<ele>3826.2</ele>
<time>2026-10-06T09:36:20-05:00</time>
</trkpt>
<trkpt lat="-15.473744" lon="-70.11361">
<ele>3826.0</ele>
<time>2026-10-06T09:36:22-05:00</time>
</trkpt>
<trkpt lat="-15.473802" lon="-70.113671">
<ele>3825.8</ele>
<time>2026-10-06T09:36:24-05:00</time>
</trkpt>
<trkpt lat="-15.473876" lon="-70.113732">
<ele>3825.8</ele>
<time>2026-10-06T09:36:26-05:00</time>
</trkpt>
<trkpt lat="-15.473981" lon="-70.113822">
<ele>3825.7</ele>
<time>2026-10-06T09:36:28-05:00</time>
</trkpt>
<trkpt lat="-15.474074" lon="-70.113916">
<ele>3826.4</ele>
<time>2026-10-06T09:36:30-05:00</time>
</trkpt>
<trkpt lat="-15.474161" lon="-70.11402">
<ele>3826.2</ele>
<time>2026-10-06T09:36:32-05:00</time>
</trkpt>
<trkpt lat="-15.474268" lon="-70.114087">
<ele>3826.2</ele>
<time>2026-10-06T09:36:34-05:00</time>
</trkpt>
<trkpt lat="-15.474318" lon="-70.114154">
<ele>3825.6</ele>
<time>2026-10-06T09:36:36-05:00</time>
</trkpt>
<trkpt lat="-15.474376" lon="-70.11422">
<ele>3825.4</ele>
<time>2026-10-06T09:36:38-05:00</time>
</trkpt>
<trkpt lat="-15.474431" lon="-70.114283">
<ele>3826.2</ele>
<time>2026-10-06T09:36:40-05:00</time>
</trkpt>
<trkpt lat="-15.474492" lon="-70.114354">
<ele>3826.1</ele>
<time>2026-10-06T09:36:42-05:00</time>
</trkpt>
<trkpt lat="-15.474555" lon="-70.114411">
<ele>3826.3</ele>
<time>2026-10-06T09:36:44-05:00</time>
</trkpt>
<trkpt lat="-15.474618" lon="-70.114464">
<ele>3826.1</ele>
<time>2026-10-06T09:36:46-05:00</time>
</trkpt>
<trkpt lat="-15.474683" lon="-70.114558">
<ele>3825.5</ele>
<time>2026-10-06T09:36:48-05:00</time>
</trkpt>
<trkpt lat="-15.474751" lon="-70.114615">
<ele>3825.9</ele>
<time>2026-10-06T09:36:50-05:00</time>
</trkpt>
<trkpt lat="-15.474822" lon="-70.114683">
<ele>3825.7</ele>
<time>2026-10-06T09:36:52-05:00</time>
</trkpt>
<trkpt lat="-15.474869" lon="-70.114749">
<ele>3825.7</ele>
<time>2026-10-06T09:36:54-05:00</time>
</trkpt>
<trkpt lat="-15.474926" lon="-70.114827">
<ele>3826.2</ele>
<time>2026-10-06T09:36:56-05:00</time>
</trkpt>
<trkpt lat="-15.475005" lon="-70.114871">
<ele>3825.6</ele>
<time>2026-10-06T09:36:58-05:00</time>
</trkpt>
<trkpt lat="-15.47507" lon="-70.114942">
<ele>3825.5</ele>
<time>2026-10-06T09:37:00-05:00</time>
</trkpt>
<trkpt lat="-15.475132" lon="-70.11501">
<ele>3826.2</ele>
<time>2026-10-06T09:37:02-05:00</time>
</trkpt>
<trkpt lat="-15.475201" lon="-70.115068">
<ele>3826.0</ele>
<time>2026-10-06T09:37:04-05:00</time>
</trkpt>
<trkpt lat="-15.475261" lon="-70.115149">
<ele>3826.3</ele>
<time>2026-10-06T09:37:06-05:00</time>
</trkpt>
<trkpt lat="-15.475331" lon="-70.115213">
<ele>3825.4</ele>
<time>2026-10-06T09:37:08-05:00</time>
</trkpt>
<trkpt lat="-15.475414" lon="-70.115285">
<ele>3825.8</ele>
<time>2026-10-06T09:37:10-05:00</time>
</trkpt>
<trkpt lat="-15.475463" lon="-70.115352">
<ele>3825.5</ele>
<time>2026-10-06T09:37:12-05:00</time>
</trkpt>
<trkpt lat="-15.475521" lon="-70.115413">
<ele>3825.4</ele>
<time>2026-10-06T09:37:14-05:00</time>
</trkpt>
<trkpt lat="-15.475583" lon="-70.115467">
<ele>3825.3</ele>
<time>2026-10-06T09:37:16-05:00</time>
</trkpt>
<trkpt lat="-15.475652" lon="-70.115505">
<ele>3826.1</ele>
<time>2026-10-06T09:37:18-05:00</time>
</trkpt>
<trkpt lat="-15.475712" lon="-70.11556">
<ele>3825.2</ele>
<time>2026-10-06T09:37:20-05:00</time>
</trkpt>
<trkpt lat="-15.475783" lon="-70.115631">
<ele>3825.9</ele>
<time>2026-10-06T09:37:22-05:00</time>
</trkpt>
<trkpt lat="-15.475855" lon="-70.115709">
<ele>3825.9</ele>
<time>2026-10-06T09:37:24-05:00</time>
</trkpt>
<trkpt lat="-15.475937" lon="-70.115765">
<ele>3825.2</ele>
<time>2026-10-06T09:37:26-05:00</time>
</trkpt>
<trkpt lat="-15.475998" lon="-70.11584">
<ele>3825.5</ele>
<time>2026-10-06T09:37:28-05:00</time>
</trkpt>
<trkpt lat="-15.476065" lon="-70.115927">
<ele>3826.2</ele>
<time>2026-10-06T09:37:30-05:00</time>
</trkpt>
<trkpt lat="-15.476121" lon="-70.115991">
<ele>3826.3</ele>
<time>2026-10-06T09:37:32-05:00</time>
</trkpt>
<trkpt lat="-15.476199" lon="-70.116052">
<ele>3825.9</ele>
<time>2026-10-06T09:37:34-05:00</time>
</trkpt>
<trkpt lat="-15.476275" lon="-70.116136">
<ele>3825.6</ele>
<time>2026-10-06T09:37:36-05:00</time>
</trkpt>
<trkpt lat="-15.476347" lon="-70.116183">
<ele>3825.6</ele>
<time>2026-10-06T09:37:38-05:00</time>
</trkpt>
<trkpt lat="-15.476431" lon="-70.11627">
<ele>3825.9</ele>
<time>2026-10-06T09:37:40-05:00</time>
</trkpt>
<trkpt lat="-15.476497" lon="-70.116341">
<ele>3826.3</ele>
<time>2026-10-06T09:37:42-05:00</time>
</trkpt>
<trkpt lat="-15.476592" lon="-70.116403">
<ele>3826.5</ele>
<time>2026-10-06T09:37:44-05:00</time>
</trkpt>
<trkpt lat="-15.476686" lon="-70.116485">
<ele>3826.5</ele>
<time>2026-10-06T09:37:46-05:00</time>
</trkpt>
<trkpt lat="-15.476775" lon="-70.116572">
<ele>3825.4</ele>
<time>2026-10-06T09:37:48-05:00</time>
</trkpt>
<trkpt lat="-15.476865" lon="-70.116648">
<ele>3825.6</ele>
<time>2026-10-06T09:37:50-05:00</time>
</trkpt>
<trkpt lat="-15.476935" lon="-70.116725">
<ele>3826.3</ele>
<time>2026-10-06T09:37:52-05:00</time>
</trkpt>
<trkpt lat="-15.477017" lon="-70.116812">
<ele>3825.4</ele>
<time>2026-10-06T09:37:54-05:00</time>
</trkpt>
<trkpt lat="-15.477103" lon="-70.116891">
<ele>3826.4</ele>
<time>2026-10-06T09:37:56-05:00</time>
</trkpt>
<trkpt lat="-15.477154" lon="-70.116965">
<ele>3825.4</ele>
<time>2026-10-06T09:37:58-05:00</time>
</trkpt>
<trkpt lat="-15.477183" lon="-70.117036">
<ele>3826.3</ele>
<time>2026-10-06T09:38:00-05:00</time>
</trkpt>
<trkpt lat="-15.477206" lon="-70.117074">
<ele>3826.4</ele>
<time>2026-10-06T09:38:02-05:00</time>
</trkpt>
<trkpt lat="-15.477189" lon="-70.117087">
<ele>3825.4</ele>
<time>2026-10-06T09:38:04-05:00</time>
</trkpt>
<trkpt lat="-15.477188" lon="-70.117071">
<ele>3826.0</ele>
<time>2026-10-06T09:38:06-05:00</time>
</trkpt>
<trkpt lat="-15.477181" lon="-70.117075">
<ele>3825.7</ele>
<time>2026-10-06T09:38:08-05:00</time>
</trkpt>
<trkpt lat="-15.477188" lon="-70.117088">
<ele>3826.6</ele>
<time>2026-10-06T09:38:10-05:00</time>
</trkpt>
<trkpt lat="-15.477194" lon="-70.117084">
<ele>3825.8</ele>
<time>2026-10-06T09:38:12-05:00</time>
</trkpt>
<trkpt lat="-15.477199" lon="-70.117101">
<ele>3826.8</ele>
<time>2026-10-06T09:38:14-05:00</time>
</trkpt>
<trkpt lat="-15.477197" lon="-70.117104">
<ele>3825.5</ele>
<time>2026-10-06T09:38:16-05:00</time>
</trkpt>
<trkpt lat="-15.477194" lon="-70.117115">
<ele>3826.4</ele>
<time>2026-10-06T09:38:18-05:00</time>
</trkpt>
<trkpt lat="-15.477223" lon="-70.117116">
<ele>3825.5</ele>
<time>2026-10-06T09:38:20-05:00</time>
</trkpt>
<trkpt lat="-15.477234" lon="-70.11711">
<ele>3825.9</ele>
<time>2026-10-06T09:38:22-05:00</time>
</trkpt>
<trkpt lat="-15.477221" lon="-70.117105">
<ele>3826.3</ele>
<time>2026-10-06T09:38:24-05:00</time>
</trkpt>
<trkpt lat="-15.47722" lon="-70.117106">
<ele>3826.4</ele>
<time>2026-10-06T09:38:26-05:00</time>
</trkpt>
<trkpt lat="-15.477224" lon="-70.117104">
<ele>3825.5</ele>
<time>2026-10-06T09:38:28-05:00</time>
</trkpt>
<trkpt lat="-15.477223" lon="-70.117106">
<ele>3825.9</ele>
<time>2026-10-06T09:38:30-05:00</time>
</trkpt>
<trkpt lat="-15.47722" lon="-70.117115">
<ele>3826.1</ele>
<time>2026-10-06T09:38:32-05:00</time>
</trkpt>
<trkpt lat="-15.477213" lon="-70.117109">
<ele>3826.1</ele>
<time>2026-10-06T09:38:34-05:00</time>
</trkpt>
<trkpt lat="-15.477215" lon="-70.117101">
<ele>3826.4</ele>
<time>2026-10-06T09:38:36-05:00</time>
</trkpt>
<trkpt lat="-15.477223" lon="-70.117121">
<ele>3826.6</ele>
<time>2026-10-06T09:38:38-05:00</time>
</trkpt>
<trkpt lat="-15.477284" lon="-70.117143">
<ele>3825.7</ele>
<time>2026-10-06T09:38:40-05:00</time>
</trkpt>
<trkpt lat="-15.477351" lon="-70.117201">
<ele>3826.0</ele>
<time>2026-10-06T09:38:42-05:00</time>
</trkpt>
<trkpt lat="-15.477424" lon="-70.117275">
<ele>3826.5</ele>
<time>2026-10-06T09:38:44-05:00</time>
</trkpt>
<trkpt lat="-15.477513" lon="-70.117342">
<ele>3826.8</ele>
<time>2026-10-06T09:38:46-05:00</time>
</trkpt>
<trkpt lat="-15.477602" lon="-70.117415">
<ele>3825.8</ele>
<time>2026-10-06T09:38:48-05:00</time>
</trkpt>
<trkpt lat="-15.477681" lon="-70.117502">
<ele>3826.3</ele>
<time>2026-10-06T09:38:50-05:00</time>
</trkpt>
<trkpt lat="-15.477745" lon="-70.117561">
<ele>3825.9</ele>
<time>2026-10-06T09:38:52-05:00</time>
</trkpt>
<trkpt lat="-15.477832" lon="-70.117612">
<ele>3825.8</ele>
<time>2026-10-06T09:38:54-05:00</time>
</trkpt>
<trkpt lat="-15.477905" lon="-70.117674">
<ele>3826.1</ele>
<time>2026-10-06T09:38:56-05:00</time>
</trkpt>
<trkpt lat="-15.477977" lon="-70.117736">
<ele>3825.6</ele>
<time>2026-10-06T09:38:58-05:00</time>
</trkpt>
<trkpt lat="-15.478028" lon="-70.117817">
<ele>3826.1</ele>
<time>2026-10-06T09:39:00-05:00</time>
</trkpt>
<trkpt lat="-15.478088" lon="-70.11789">
<ele>3826.3</ele>
<time>2026-10-06T09:39:02-05:00</time>
</trkpt>
<trkpt lat="-15.478162" lon="-70.117961">
<ele>3826.1</ele>
<time>2026-10-06T09:39:04-05:00</time>
</trkpt>
<trkpt lat="-15.478233" lon="-70.118028">
<ele>3826.2</ele>
<time>2026-10-06T09:39:06-05:00</time>
</trkpt>
<trkpt lat="-15.478313" lon="-70.118108">
<ele>3826.1</ele>
<time>2026-10-06T09:39:08-05:00</time>
</trkpt>
<trkpt lat="-15.478375" lon="-70.118193">
<ele>3827.0</ele>
<time>2026-10-06T09:39:10-05:00</time>
</trkpt>
<trkpt lat="-15.478439" lon="-70.118247">
<ele>3827.0</ele>
<time>2026-10-06T09:39:12-05:00</time>
</trkpt>
<trkpt lat="-15.478521" lon="-70.118318">
<ele>3826.5</ele>
<time>2026-10-06T09:39:14-05:00</time>
</trkpt>
<trkpt lat="-15.478618" lon="-70.118393">
<ele>3827.0</ele>
<time>2026-10-06T09:39:16-05:00</time>
</trkpt>
<trkpt lat="-15.478702" lon="-70.118456">
<ele>3827.3</ele>
<time>2026-10-06T09:39:18-05:00</time>
</trkpt>
<trkpt lat="-15.478777" lon="-70.118536">
<ele>3826.6</ele>
<time>2026-10-06T09:39:20-05:00</time>
</trkpt>
<trkpt lat="-15.478868" lon="-70.118605">
<ele>3827.7</ele>
<time>2026-10-06T09:39:22-05:00</time>
</trkpt>
<trkpt lat="-15.478941" lon="-70.118692">
<ele>3827.3</ele>
<time>2026-10-06T09:39:24-05:00</time>
</trkpt>
<trkpt lat="-15.479008" lon="-70.118746">
<ele>3828.1</ele>
<time>2026-10-06T09:39:26-05:00</time>
</trkpt>
<trkpt lat="-15.479058" lon="-70.118826">
<ele>3827.8</ele>
<time>2026-10-06T09:39:28-05:00</time>
</trkpt>
<trkpt lat="-15.479144" lon="-70.118886">
<ele>3827.2</ele>
<time>2026-10-06T09:39:30-05:00</time>
</trkpt>
<trkpt lat="-15.479208" lon="-70.118953">
<ele>3827.1</ele>
<time>2026-10-06T09:39:32-05:00</time>
</trkpt>
<trkpt lat="-15.479253" lon="-70.119039">
<ele>3827.8</ele>
<time>2026-10-06T09:39:34-05:00</time>
</trkpt>
<trkpt lat="-15.479302" lon="-70.119102">
<ele>3828.9</ele>
<time>2026-10-06T09:39:36-05:00</time>
</trkpt>
<trkpt lat="-15.479357" lon="-70.11918">
<ele>3828.0</ele>
<time>2026-10-06T09:39:38-05:00</time>
</trkpt>
<trkpt lat="-15.479435" lon="-70.119222">
<ele>3827.6</ele>
<time>2026-10-06T09:39:40-05:00</time>
</trkpt>
<trkpt lat="-15.479511" lon="-70.119304">
<ele>3828.5</ele>
<time>2026-10-06T09:39:42-05:00</time>
</trkpt>
<trkpt lat="-15.479574" lon="-70.119363">
<ele>3828.4</ele>
<time>2026-10-06T09:39:44-05:00</time>
</trkpt>
<trkpt lat="-15.479632" lon="-70.119414">
<ele>3828.1</ele>
<time>2026-10-06T09:39:46-05:00</time>
</trkpt>
<trkpt lat="-15.479688" lon="-70.119462">
<ele>3828.1</ele>
<time>2026-10-06T09:39:48-05:00</time>
</trkpt>
<trkpt lat="-15.479727" lon="-70.119547">
<ele>3828.0</ele>
<time>2026-10-06T09:39:50-05:00</time>
</trkpt>
<trkpt lat="-15.479778" lon="-70.119621">
<ele>3827.8</ele>
<time>2026-10-06T09:39:52-05:00</time>
</trkpt>
<trkpt lat="-15.479855" lon="-70.119679">
<ele>3827.6</ele>
<time>2026-10-06T09:39:54-05:00</time>
</trkpt>
<trkpt lat="-15.479959" lon="-70.119749">
<ele>3827.4</ele>
<time>2026-10-06T09:39:56-05:00</time>
</trkpt>
<trkpt lat="-15.480021" lon="-70.1198">
<ele>3827.0</ele>
<time>2026-10-06T09:39:58-05:00</time>
</trkpt>
<trkpt lat="-15.480074" lon="-70.119873">
<ele>3827.1</ele>
<time>2026-10-06T09:40:00-05:00</time>
</trkpt>
<trkpt lat="-15.480133" lon="-70.119946">
<ele>3826.5</ele>
<time>2026-10-06T09:40:02-05:00</time>
</trkpt>
<trkpt lat="-15.480209" lon="-70.120005">
<ele>3826.2</ele>
<time>2026-10-06T09:40:04-05:00</time>
</trkpt>
<trkpt lat="-15.480306" lon="-70.120071">
<ele>3826.5</ele>
<time>2026-10-06T09:40:06-05:00</time>
</trkpt>
<trkpt lat="-15.480365" lon="-70.120161">
<ele>3826.6</ele>
<time>2026-10-06T09:40:08-05:00</time>
</trkpt>
<trkpt lat="-15.480443" lon="-70.12025">
<ele>3826.6</ele>
<time>2026-10-06T09:40:10-05:00</time>
</trkpt>
<trkpt lat="-15.480516" lon="-70.120314">
<ele>3826.8</ele>
<time>2026-10-06T09:40:12-05:00</time>
</trkpt>
<trkpt lat="-15.480576" lon="-70.120366">
<ele>3826.5</ele>
<time>2026-10-06T09:40:14-05:00</time>
</trkpt>
<trkpt lat="-15.480628" lon="-70.120437">
<ele>3825.8</ele>
<time>2026-10-06T09:40:16-05:00</time>
</trkpt>
<trkpt lat="-15.480694" lon="-70.120498">
<ele>3825.8</ele>
<time>2026-10-06T09:40:18-05:00</time>
</trkpt>
<trkpt lat="-15.480744" lon="-70.12055">
<ele>3826.6</ele>
<time>2026-10-06T09:40:20-05:00</time>
</trkpt>
<trkpt lat="-15.480803" lon="-70.120624">
<ele>3826.1</ele>
<time>2026-10-06T09:40:22-05:00</time>
</trkpt>
<trkpt lat="-15.480863" lon="-70.1207">
<ele>3826.0</ele>
<time>2026-10-06T09:40:24-05:00</time>
</trkpt>
<trkpt lat="-15.480903" lon="-70.120766">
<ele>3826.0</ele>
<time>2026-10-06T09:40:26-05:00</time>
</trkpt>
<trkpt lat="-15.480975" lon="-70.120849">
<ele>3826.3</ele>
<time>2026-10-06T09:40:28-05:00</time>
</trkpt>
<trkpt lat="-15.481055" lon="-70.120939">
<ele>3826.6</ele>
<time>2026-10-06T09:40:30-05:00</time>
</trkpt>
<trkpt lat="-15.481107" lon="-70.121013">
<ele>3826.0</ele>
<time>2026-10-06T09:40:32-05:00</time>
</trkpt>
<trkpt lat="-15.481126" lon="-70.121041">
<ele>3826.2</ele>
<time>2026-10-06T09:40:34-05:00</time>
</trkpt>
<trkpt lat="-15.481146" lon="-70.121038">
<ele>3826.2</ele>
<time>2026-10-06T09:40:36-05:00</time>
</trkpt>
<trkpt lat="-15.481145" lon="-70.12105">
<ele>3825.4</ele>
<time>2026-10-06T09:40:38-05:00</time>
</trkpt>
<trkpt lat="-15.481142" lon="-70.121065">
<ele>3825.8</ele>
<time>2026-10-06T09:40:40-05:00</time>
</trkpt>
<trkpt lat="-15.481127" lon="-70.121069">
<ele>3826.2</ele>
<time>2026-10-06T09:40:42-05:00</time>
</trkpt>
<trkpt lat="-15.481143" lon="-70.121066">
<ele>3825.9</ele>
<time>2026-10-06T09:40:44-05:00</time>
</trkpt>
<trkpt lat="-15.481151" lon="-70.12106">
<ele>3825.6</ele>
<time>2026-10-06T09:40:46-05:00</time>
</trkpt>
<trkpt lat="-15.481153" lon="-70.121046">
<ele>3825.6</ele>
<time>2026-10-06T09:40:48-05:00</time>
</trkpt>
<trkpt lat="-15.481156" lon="-70.121051">
<ele>3826.1</ele>
<time>2026-10-06T09:40:50-05:00</time>
</trkpt>
<trkpt lat="-15.481173" lon="-70.121041">
<ele>3825.9</ele>
<time>2026-10-06T09:40:52-05:00</time>
</trkpt>
<trkpt lat="-15.481169" lon="-70.121046">
<ele>3825.9</ele>
<time>2026-10-06T09:40:54-05:00</time>
</trkpt>
<trkpt lat="-15.481162" lon="-70.121035">
<ele>3826.5</ele>
<time>2026-10-06T09:40:56-05:00</time>
</trkpt>
<trkpt lat="-15.48116" lon="-70.121036">
<ele>3826.2</ele>
<time>2026-10-06T09:40:58-05:00</time>
</trkpt>
<trkpt lat="-15.481163" lon="-70.12105">
<ele>3825.6</ele>
<time>2026-10-06T09:41:00-05:00</time>
</trkpt>
<trkpt lat="-15.481167" lon="-70.121065">
<ele>3825.8</ele>
<time>2026-10-06T09:41:02-05:00</time>
</trkpt>
<trkpt lat="-15.481212" lon="-70.121088">
<ele>3825.5</ele>
<time>2026-10-06T09:41:04-05:00</time>
</trkpt>
<trkpt lat="-15.481316" lon="-70.121152">
<ele>3825.9</ele>
<time>2026-10-06T09:41:06-05:00</time>
</trkpt>
<trkpt lat="-15.481428" lon="-70.121264">
<ele>3825.9</ele>
<time>2026-10-06T09:41:08-05:00</time>
</trkpt>
<trkpt lat="-15.481525" lon="-70.121357">
<ele>3825.3</ele>
<time>2026-10-06T09:41:10-05:00</time>
</trkpt>
<trkpt lat="-15.481605" lon="-70.121441">
<ele>3825.5</ele>
<time>2026-10-06T09:41:12-05:00</time>
</trkpt>
<trkpt lat="-15.481686" lon="-70.121511">
<ele>3825.2</ele>
<time>2026-10-06T09:41:14-05:00</time>
</trkpt>
<trkpt lat="-15.481754" lon="-70.121582">
<ele>3826.6</ele>
<time>2026-10-06T09:41:16-05:00</time>
</trkpt>
<trkpt lat="-15.481823" lon="-70.121651">
<ele>3825.8</ele>
<time>2026-10-06T09:41:18-05:00</time>
</trkpt>
<trkpt lat="-15.481893" lon="-70.12172">
<ele>3826.1</ele>
<time>2026-10-06T09:41:20-05:00</time>
</trkpt>
<trkpt lat="-15.48199" lon="-70.121794">
<ele>3825.7</ele>
<time>2026-10-06T09:41:22-05:00</time>
</trkpt>
<trkpt lat="-15.482049" lon="-70.121877">
<ele>3825.8</ele>
<time>2026-10-06T09:41:24-05:00</time>
</trkpt>
<trkpt lat="-15.482116" lon="-70.121948">
<ele>3825.2</ele>
<time>2026-10-06T09:41:26-05:00</time>
</trkpt>
<trkpt lat="-15.48222" lon="-70.122016">
<ele>3825.6</ele>
<time>2026-10-06T09:41:28-05:00</time>
</trkpt>
<trkpt lat="-15.48229" lon="-70.122111">
<ele>3825.6</ele>
<time>2026-10-06T09:41:30-05:00</time>
</trkpt>
<trkpt lat="-15.482369" lon="-70.12219">
<ele>3825.9</ele>
<time>2026-10-06T09:41:32-05:00</time>
</trkpt>
<trkpt lat="-15.482457" lon="-70.122264">
<ele>3826.6</ele>
<time>2026-10-06T09:41:34-05:00</time>
</trkpt>
<trkpt lat="-15.482515" lon="-70.122345">
<ele>3825.8</ele>
<time>2026-10-06T09:41:36-05:00</time>
</trkpt>
<trkpt lat="-15.482538" lon="-70.122424">
<ele>3825.8</ele>
<time>2026-10-06T09:41:38-05:00</time>
</trkpt>
<trkpt lat="-15.482543" lon="-70.122465">
<ele>3826.9</ele>
<time>2026-10-06T09:41:40-05:00</time>
</trkpt>
<trkpt lat="-15.482549" lon="-70.12247">
<ele>3825.9</ele>
<time>2026-10-06T09:41:42-05:00</time>
</trkpt>
<trkpt lat="-15.482552" lon="-70.122478">
<ele>3826.9</ele>
<time>2026-10-06T09:41:44-05:00</time>
</trkpt>
<trkpt lat="-15.482569" lon="-70.122497">
<ele>3826.4</ele>
<time>2026-10-06T09:41:46-05:00</time>
</trkpt>
<trkpt lat="-15.482574" lon="-70.122507">
<ele>3826.0</ele>
<time>2026-10-06T09:41:48-05:00</time>
</trkpt>
<trkpt lat="-15.482596" lon="-70.122485">
<ele>3825.6</ele>
<time>2026-10-06T09:41:50-05:00</time>
</trkpt>
<trkpt lat="-15.482593" lon="-70.122478">
<ele>3826.5</ele>
<time>2026-10-06T09:41:52-05:00</time>
</trkpt>
<trkpt lat="-15.482597" lon="-70.12249">
<ele>3826.7</ele>
<time>2026-10-06T09:41:54-05:00</time>
</trkpt>
<trkpt lat="-15.482586" lon="-70.122475">
<ele>3825.5</ele>
<time>2026-10-06T09:41:56-05:00</time>
</trkpt>
<trkpt lat="-15.482586" lon="-70.122469">
<ele>3826.2</ele>
<time>2026-10-06T09:41:58-05:00</time>
</trkpt>
<trkpt lat="-15.482597" lon="-70.122486">
<ele>3825.6</ele>
<time>2026-10-06T09:42:00-05:00</time>
</trkpt>
<trkpt lat="-15.482653" lon="-70.122495">
<ele>3826.4</ele>
<time>2026-10-06T09:42:02-05:00</time>
</trkpt>
<trkpt lat="-15.482732" lon="-70.122547">
<ele>3827.2</ele>
<time>2026-10-06T09:42:04-05:00</time>
</trkpt>
<trkpt lat="-15.482814" lon="-70.122644">
<ele>3825.8</ele>
<time>2026-10-06T09:42:06-05:00</time>
</trkpt>
<trkpt lat="-15.482915" lon="-70.122747">
<ele>3826.0</ele>
<time>2026-10-06T09:42:08-05:00</time>
</trkpt>
<trkpt lat="-15.483004" lon="-70.12282">
<ele>3826.3</ele>
<time>2026-10-06T09:42:10-05:00</time>
</trkpt>
<trkpt lat="-15.483101" lon="-70.122908">
<ele>3826.9</ele>
<time>2026-10-06T09:42:12-05:00</time>
</trkpt>
<trkpt lat="-15.483188" lon="-70.123004">
<ele>3827.8</ele>
<time>2026-10-06T09:42:14-05:00</time>
</trkpt>
<trkpt lat="-15.483283" lon="-70.123093">
<ele>3827.1</ele>
<time>2026-10-06T09:42:16-05:00</time>
</trkpt>
<trkpt lat="-15.483365" lon="-70.123176">
<ele>3828.0</ele>
<time>2026-10-06T09:42:18-05:00</time>
</trkpt>
<trkpt lat="-15.483447" lon="-70.123257">
<ele>3827.1</ele>
<time>2026-10-06T09:42:20-05:00</time>
</trkpt>
<trkpt lat="-15.483521" lon="-70.123319">
<ele>3827.9</ele>
<time>2026-10-06T09:42:22-05:00</time>
</trkpt>
<trkpt lat="-15.483617" lon="-70.123406">
<ele>3827.0</ele>
<time>2026-10-06T09:42:24-05:00</time>
</trkpt>
<trkpt lat="-15.483689" lon="-70.12348">
<ele>3826.8</ele>
<time>2026-10-06T09:42:26-05:00</time>
</trkpt>
<trkpt lat="-15.483734" lon="-70.123537">
<ele>3827.0</ele>
<time>2026-10-06T09:42:28-05:00</time>
</trkpt>
<trkpt lat="-15.483782" lon="-70.123611">
<ele>3826.7</ele>
<time>2026-10-06T09:42:30-05:00</time>
</trkpt>
<trkpt lat="-15.483865" lon="-70.123672">
<ele>3826.1</ele>
<time>2026-10-06T09:42:32-05:00</time>
</trkpt>
<trkpt lat="-15.483927" lon="-70.123754">
<ele>3826.6</ele>
<time>2026-10-06T09:42:34-05:00</time>
</trkpt>
<trkpt lat="-15.483983" lon="-70.123805">
<ele>3826.3</ele>
<time>2026-10-06T09:42:36-05:00</time>
</trkpt>
<trkpt lat="-15.484061" lon="-70.123885">
<ele>3825.8</ele>
<time>2026-10-06T09:42:38-05:00</time>
</trkpt>
<trkpt lat="-15.484136" lon="-70.123945">
<ele>3825.8</ele>
<time>2026-10-06T09:42:40-05:00</time>
</trkpt>
<trkpt lat="-15.484151" lon="-70.124056">
<ele>3826.4</ele>
<time>2026-10-06T09:42:42-05:00</time>
</trkpt>
<trkpt lat="-15.484183" lon="-70.124166">
<ele>3825.5</ele>
<time>2026-10-06T09:42:44-05:00</time>
</trkpt>
<trkpt lat="-15.484223" lon="-70.124293">
<ele>3825.7</ele>
<time>2026-10-06T09:42:46-05:00</time>
</trkpt>
<trkpt lat="-15.484267" lon="-70.124409">
<ele>3825.7</ele>
<time>2026-10-06T09:42:48-05:00</time>
</trkpt>
<trkpt lat="-15.4843" lon="-70.12451">
<ele>3826.6</ele>
<time>2026-10-06T09:42:50-05:00</time>
</trkpt>
<trkpt lat="-15.484349" lon="-70.12461">
<ele>3826.0</ele>
<time>2026-10-06T09:42:52-05:00</time>
</trkpt>
<trkpt lat="-15.484387" lon="-70.124695">
<ele>3825.4</ele>
<time>2026-10-06T09:42:54-05:00</time>
</trkpt>
<trkpt lat="-15.484437" lon="-70.124792">
<ele>3826.4</ele>
<time>2026-10-06T09:42:56-05:00</time>
</trkpt>
<trkpt lat="-15.484525" lon="-70.124832">
<ele>3826.0</ele>
<time>2026-10-06T09:42:58-05:00</time>
</trkpt>
<trkpt lat="-15.484618" lon="-70.124797">
<ele>3826.3</ele>
<time>2026-10-06T09:43:00-05:00</time>
</trkpt>
<trkpt lat="-15.484722" lon="-70.124769">
<ele>3825.6</ele>
<time>2026-10-06T09:43:02-05:00</time>
</trkpt>
<trkpt lat="-15.484822" lon="-70.124712">
<ele>3825.7</ele>
<time>2026-10-06T09:43:04-05:00</time>
</trkpt>
<trkpt lat="-15.484911" lon="-70.124665">
<ele>3825.5</ele>
<time>2026-10-06T09:43:06-05:00</time>
</trkpt>
<trkpt lat="-15.484995" lon="-70.124638">
<ele>3826.2</ele>
<time>2026-10-06T09:43:08-05:00</time>
</trkpt>
<trkpt lat="-15.485084" lon="-70.12462">
<ele>3826.3</ele>
<time>2026-10-06T09:43:10-05:00</time>
</trkpt>
<trkpt lat="-15.485194" lon="-70.124599">
<ele>3826.5</ele>
<time>2026-10-06T09:43:12-05:00</time>
</trkpt>
<trkpt lat="-15.485289" lon="-70.124547">
<ele>3825.9</ele>
<time>2026-10-06T09:43:14-05:00</time>
</trkpt>
<trkpt lat="-15.485416" lon="-70.124499">
<ele>3826.8</ele>
<time>2026-10-06T09:43:16-05:00</time>
</trkpt>
<trkpt lat="-15.485534" lon="-70.124444">
<ele>3827.0</ele>
<time>2026-10-06T09:43:18-05:00</time>
</trkpt>
<trkpt lat="-15.485659" lon="-70.124398">
<ele>3826.7</ele>
<time>2026-10-06T09:43:20-05:00</time>
</trkpt>
<trkpt lat="-15.485772" lon="-70.124331">
<ele>3826.5</ele>
<time>2026-10-06T09:43:22-05:00</time>
</trkpt>
<trkpt lat="-15.485894" lon="-70.124266">
<ele>3825.9</ele>
<time>2026-10-06T09:43:24-05:00</time>
</trkpt>
<trkpt lat="-15.485985" lon="-70.124231">
<ele>3826.5</ele>
<time>2026-10-06T09:43:26-05:00</time>
</trkpt>
<trkpt lat="-15.48607" lon="-70.124221">
<ele>3826.5</ele>
<time>2026-10-06T09:43:28-05:00</time>
</trkpt>
<trkpt lat="-15.486126" lon="-70.124217">
<ele>3826.3</ele>
<time>2026-10-06T09:43:30-05:00</time>
</trkpt>
<trkpt lat="-15.486151" lon="-70.124219">
<ele>3825.8</ele>
<time>2026-10-06T09:43:32-05:00</time>
</trkpt>
<trkpt lat="-15.486147" lon="-70.124217">
<ele>3826.5</ele>
<time>2026-10-06T09:43:34-05:00</time>
</trkpt>
<trkpt lat="-15.486137" lon="-70.124218">
<ele>3825.7</ele>
<time>2026-10-06T09:43:36-05:00</time>
</trkpt>
<trkpt lat="-15.486123" lon="-70.124213">
<ele>3826.5</ele>
<time>2026-10-06T09:43:38-05:00</time>
</trkpt>
<trkpt lat="-15.486144" lon="-70.124217">
<ele>3826.7</ele>
<time>2026-10-06T09:43:40-05:00</time>
</trkpt>
<trkpt lat="-15.486154" lon="-70.124197">
<ele>3825.9</ele>
<time>2026-10-06T09:43:42-05:00</time>
</trkpt>
<trkpt lat="-15.486148" lon="-70.124201">
<ele>3826.4</ele>
<time>2026-10-06T09:43:44-05:00</time>
</trkpt>
<trkpt lat="-15.486149" lon="-70.124205">
<ele>3826.0</ele>
<time>2026-10-06T09:43:46-05:00</time>
</trkpt>
<trkpt lat="-15.486165" lon="-70.124212">
<ele>3826.2</ele>
<time>2026-10-06T09:43:48-05:00</time>
</trkpt>
<trkpt lat="-15.486211" lon="-70.124177">
<ele>3826.7</ele>
<time>2026-10-06T09:43:50-05:00</time>
</trkpt>
<trkpt lat="-15.486298" lon="-70.124143">
<ele>3825.9</ele>
<time>2026-10-06T09:43:52-05:00</time>
</trkpt>
<trkpt lat="-15.486421" lon="-70.124097">
<ele>3826.6</ele>
<time>2026-10-06T09:43:54-05:00</time>
</trkpt>
<trkpt lat="-15.486527" lon="-70.124033">
<ele>3826.1</ele>
<time>2026-10-06T09:43:56-05:00</time>
</trkpt>
<trkpt lat="-15.486646" lon="-70.123993">
<ele>3825.6</ele>
<time>2026-10-06T09:43:58-05:00</time>
</trkpt>
<trkpt lat="-15.486759" lon="-70.123944">
<ele>3826.4</ele>
<time>2026-10-06T09:44:00-05:00</time>
</trkpt>
<trkpt lat="-15.486874" lon="-70.12389">
<ele>3825.7</ele>
<time>2026-10-06T09:44:02-05:00</time>
</trkpt>
<trkpt lat="-15.486995" lon="-70.123832">
<ele>3826.6</ele>
<time>2026-10-06T09:44:04-05:00</time>
</trkpt>
<trkpt lat="-15.487108" lon="-70.123779">
<ele>3825.8</ele>
<time>2026-10-06T09:44:06-05:00</time>
</trkpt>
<trkpt lat="-15.487188" lon="-70.12375">
<ele>3826.4</ele>
<time>2026-10-06T09:44:08-05:00</time>
</trkpt>
<trkpt lat="-15.487275" lon="-70.12371">
<ele>3825.7</ele>
<time>2026-10-06T09:44:10-05:00</time>
</trkpt>
<trkpt lat="-15.48736" lon="-70.123667">
<ele>3826.1</ele>
<time>2026-10-06T09:44:12-05:00</time>
</trkpt>
<trkpt lat="-15.487473" lon="-70.123627">
<ele>3826.2</ele>
<time>2026-10-06T09:44:14-05:00</time>
</trkpt>
<trkpt lat="-15.487587" lon="-70.123598">
<ele>3825.9</ele>
<time>2026-10-06T09:44:16-05:00</time>
</trkpt>
<trkpt lat="-15.487734" lon="-70.123551">
<ele>3826.2</ele>
<time>2026-10-06T09:44:18-05:00</time>
</trkpt>
<trkpt lat="-15.487822" lon="-70.123485">
<ele>3826.7</ele>
<time>2026-10-06T09:44:20-05:00</time>
</trkpt>
<trkpt lat="-15.487915" lon="-70.123451">
<ele>3826.0</ele>
<time>2026-10-06T09:44:22-05:00</time>
</trkpt>
<trkpt lat="-15.488028" lon="-70.123404">
<ele>3826.9</ele>
<time>2026-10-06T09:44:24-05:00</time>
</trkpt>
<trkpt lat="-15.488099" lon="-70.123392">
<ele>3826.3</ele>
<time>2026-10-06T09:44:26-05:00</time>
</trkpt>
<trkpt lat="-15.488164" lon="-70.123355">
<ele>3827.4</ele>
<time>2026-10-06T09:44:28-05:00</time>
</trkpt>
<trkpt lat="-15.488235" lon="-70.123319">
<ele>3826.6</ele>
<time>2026-10-06T09:44:30-05:00</time>
</trkpt>
<trkpt lat="-15.488317" lon="-70.123299">
<ele>3826.4</ele>
<time>2026-10-06T09:44:32-05:00</time>
</trkpt>
<trkpt lat="-15.488388" lon="-70.123284">
<ele>3826.4</ele>
<time>2026-10-06T09:44:34-05:00</time>
</trkpt>
<trkpt lat="-15.488468" lon="-70.123264">
<ele>3826.9</ele>
<time>2026-10-06T09:44:36-05:00</time>
</trkpt>
<trkpt lat="-15.488533" lon="-70.123221">
<ele>3827.6</ele>
<time>2026-10-06T09:44:38-05:00</time>
</trkpt>
<trkpt lat="-15.488628" lon="-70.123201">
<ele>3826.5</ele>
<time>2026-10-06T09:44:40-05:00</time>
</trkpt>
<trkpt lat="-15.488696" lon="-70.123186">
<ele>3826.1</ele>
<time>2026-10-06T09:44:42-05:00</time>
</trkpt>
<trkpt lat="-15.488779" lon="-70.123142">
<ele>3826.2</ele>
<time>2026-10-06T09:44:44-05:00</time>
</trkpt>
<trkpt lat="-15.488846" lon="-70.123113">
<ele>3826.8</ele>
<time>2026-10-06T09:44:46-05:00</time>
</trkpt>
<trkpt lat="-15.488905" lon="-70.123109">
<ele>3826.4</ele>
<time>2026-10-06T09:44:48-05:00</time>
</trkpt>
<trkpt lat="-15.488948" lon="-70.1231">
<ele>3826.8</ele>
<time>2026-10-06T09:44:50-05:00</time>
</trkpt>
<trkpt lat="-15.488973" lon="-70.123105">
<ele>3826.0</ele>
<time>2026-10-06T09:44:52-05:00</time>
</trkpt>
<trkpt lat="-15.488965" lon="-70.123106">
<ele>3826.3</ele>
<time>2026-10-06T09:44:54-05:00</time>
</trkpt>
<trkpt lat="-15.488976" lon="-70.123109">
<ele>3826.0</ele>
<time>2026-10-06T09:44:56-05:00</time>
</trkpt>
<trkpt lat="-15.488976" lon="-70.123106">
<ele>3826.6</ele>
<time>2026-10-06T09:44:58-05:00</time>
</trkpt>
<trkpt lat="-15.488983" lon="-70.123124">
<ele>3826.5</ele>
<time>2026-10-06T09:45:00-05:00</time>
</trkpt>
<trkpt lat="-15.488978" lon="-70.123111">
<ele>3826.7</ele>
<time>2026-10-06T09:45:02-05:00</time>
</trkpt>
<trkpt lat="-15.48897" lon="-70.12312">
<ele>3826.5</ele>
<time>2026-10-06T09:45:04-05:00</time>
</trkpt>
<trkpt lat="-15.488974" lon="-70.123115">
<ele>3826.5</ele>
<time>2026-10-06T09:45:06-05:00</time>
</trkpt>
<trkpt lat="-15.48898" lon="-70.123117">
<ele>3826.4</ele>
<time>2026-10-06T09:45:08-05:00</time>
</trkpt>
<trkpt lat="-15.488995" lon="-70.123107">
<ele>3826.3</ele>
<time>2026-10-06T09:45:10-05:00</time>
</trkpt>
<trkpt lat="-15.488984" lon="-70.123093">
<ele>3827.0</ele>
<time>2026-10-06T09:45:12-05:00</time>
</trkpt>
<trkpt lat="-15.488986" lon="-70.123099">
<ele>3826.3</ele>
<time>2026-10-06T09:45:14-05:00</time>
</trkpt>
<trkpt lat="-15.488978" lon="-70.123094">
<ele>3826.5</ele>
<time>2026-10-06T09:45:16-05:00</time>
</trkpt>
<trkpt lat="-15.488999" lon="-70.123099">
<ele>3825.7</ele>
<time>2026-10-06T09:45:18-05:00</time>
</trkpt>
<trkpt lat="-15.489018" lon="-70.123066">
<ele>3826.6</ele>
<time>2026-10-06T09:45:20-05:00</time>
</trkpt>
<trkpt lat="-15.489056" lon="-70.123033">
<ele>3827.2</ele>
<time>2026-10-06T09:45:22-05:00</time>
</trkpt>
<trkpt lat="-15.4891" lon="-70.123023">
<ele>3826.5</ele>
<time>2026-10-06T09:45:24-05:00</time>
</trkpt>
<trkpt lat="-15.489162" lon="-70.123001">
<ele>3826.1</ele>
<time>2026-10-06T09:45:26-05:00</time>
</trkpt>
<trkpt lat="-15.489215" lon="-70.122975">
<ele>3826.7</ele>
<time>2026-10-06T09:45:28-05:00</time>
</trkpt>
<trkpt lat="-15.489279" lon="-70.122938">
<ele>3825.8</ele>
<time>2026-10-06T09:45:30-05:00</time>
</trkpt>
<trkpt lat="-15.489314" lon="-70.122935">
<ele>3826.6</ele>
<time>2026-10-06T09:45:32-05:00</time>
</trkpt>
<trkpt lat="-15.489365" lon="-70.122902">
<ele>3825.9</ele>
<time>2026-10-06T09:45:34-05:00</time>
</trkpt>
<trkpt lat="-15.489415" lon="-70.122876">
<ele>3826.2</ele>
<time>2026-10-06T09:45:36-05:00</time>
</trkpt>
<trkpt lat="-15.489483" lon="-70.122864">
<ele>3826.2</ele>
<time>2026-10-06T09:45:38-05:00</time>
</trkpt>
<trkpt lat="-15.48955" lon="-70.122834">
<ele>3825.8</ele>
<time>2026-10-06T09:45:40-05:00</time>
</trkpt>
<trkpt lat="-15.489617" lon="-70.122808">
<ele>3826.0</ele>
<time>2026-10-06T09:45:42-05:00</time>
</trkpt>
<trkpt lat="-15.489669" lon="-70.122792">
<ele>3825.8</ele>
<time>2026-10-06T09:45:44-05:00</time>
</trkpt>
<trkpt lat="-15.489723" lon="-70.122756">
<ele>3826.3</ele>
<time>2026-10-06T09:45:46-05:00</time>
</trkpt>
<trkpt lat="-15.489789" lon="-70.122738">
<ele>3826.3</ele>
<time>2026-10-06T09:45:48-05:00</time>
</trkpt>
<trkpt lat="-15.489832" lon="-70.1227">
<ele>3825.6</ele>
<time>2026-10-06T09:45:50-05:00</time>
</trkpt>
<trkpt lat="-15.489893" lon="-70.122683">
<ele>3826.0</ele>
<time>2026-10-06T09:45:52-05:00</time>
</trkpt>
<trkpt lat="-15.489925" lon="-70.122672">
<ele>3825.9</ele>
<time>2026-10-06T09:45:54-05:00</time>
</trkpt>
<trkpt lat="-15.489943" lon="-70.122665">
<ele>3826.4</ele>
<time>2026-10-06T09:45:56-05:00</time>
</trkpt>
<trkpt lat="-15.489958" lon="-70.122646">
<ele>3825.9</ele>
<time>2026-10-06T09:45:58-05:00</time>
</trkpt>
<trkpt lat="-15.489943" lon="-70.122688">
<ele>3826.5</ele>
<time>2026-10-06T09:46:00-05:00</time>
</trkpt>
<trkpt lat="-15.489969" lon="-70.122719">
<ele>3826.3</ele>
<time>2026-10-06T09:46:02-05:00</time>
</trkpt>
<trkpt lat="-15.490016" lon="-70.122773">
<ele>3825.5</ele>
<time>2026-10-06T09:46:04-05:00</time>
</trkpt>
<trkpt lat="-15.490032" lon="-70.122844">
<ele>3826.1</ele>
<time>2026-10-06T09:46:06-05:00</time>
</trkpt>
<trkpt lat="-15.490053" lon="-70.122925">
<ele>3826.3</ele>
<time>2026-10-06T09:46:08-05:00</time>
</trkpt>
<trkpt lat="-15.490087" lon="-70.123009">
<ele>3826.3</ele>
<time>2026-10-06T09:46:10-05:00</time>
</trkpt>
<trkpt lat="-15.490133" lon="-70.123085">
<ele>3827.0</ele>
<time>2026-10-06T09:46:12-05:00</time>
</trkpt>
<trkpt lat="-15.490167" lon="-70.123173">
<ele>3825.7</ele>
<time>2026-10-06T09:46:14-05:00</time>
</trkpt>
<trkpt lat="-15.490191" lon="-70.123241">
<ele>3826.5</ele>
<time>2026-10-06T09:46:16-05:00</time>
</trkpt>
<trkpt lat="-15.490226" lon="-70.123322">
<ele>3826.7</ele>
<time>2026-10-06T09:46:18-05:00</time>
</trkpt>
<trkpt lat="-15.490244" lon="-70.123413">
<ele>3826.2</ele>
<time>2026-10-06T09:46:20-05:00</time>
</trkpt>
<trkpt lat="-15.490256" lon="-70.123475">
<ele>3826.3</ele>
<time>2026-10-06T09:46:22-05:00</time>
</trkpt>
<trkpt lat="-15.490281" lon="-70.123548">
<ele>3826.0</ele>
<time>2026-10-06T09:46:24-05:00</time>
</trkpt>
<trkpt lat="-15.490314" lon="-70.123613">
<ele>3826.4</ele>
<time>2026-10-06T09:46:26-05:00</time>
</trkpt>
<trkpt lat="-15.490309" lon="-70.123673">
<ele>3826.7</ele>
<time>2026-10-06T09:46:28-05:00</time>
</trkpt>
<trkpt lat="-15.490302" lon="-70.123712">
<ele>3826.0</ele>
<time>2026-10-06T09:46:30-05:00</time>
</trkpt>
<trkpt lat="-15.490324" lon="-70.123745">
<ele>3827.0</ele>
<time>2026-10-06T09:46:32-05:00</time>
</trkpt>
<trkpt lat="-15.490319" lon="-70.123733">
<ele>3825.9</ele>
<time>2026-10-06T09:46:34-05:00</time>
</trkpt>
<trkpt lat="-15.49032" lon="-70.123735">
<ele>3825.8</ele>
<time>2026-10-06T09:46:36-05:00</time>
</trkpt>
<trkpt lat="-15.490329" lon="-70.123723">
<ele>3826.4</ele>
<time>2026-10-06T09:46:38-05:00</time>
</trkpt>
<trkpt lat="-15.490329" lon="-70.123731">
<ele>3826.3</ele>
<time>2026-10-06T09:46:40-05:00</time>
</trkpt>
<trkpt lat="-15.490323" lon="-70.123731">
<ele>3826.5</ele>
<time>2026-10-06T09:46:42-05:00</time>
</trkpt>
<trkpt lat="-15.490327" lon="-70.123725">
<ele>3826.3</ele>
<time>2026-10-06T09:46:44-05:00</time>
</trkpt>
<trkpt lat="-15.490314" lon="-70.123722">
<ele>3825.3</ele>
<time>2026-10-06T09:46:46-05:00</time>
</trkpt>
<trkpt lat="-15.490315" lon="-70.123725">
<ele>3826.2</ele>
<time>2026-10-06T09:46:48-05:00</time>
</trkpt>
<trkpt lat="-15.490307" lon="-70.123734">
<ele>3826.1</ele>
<time>2026-10-06T09:46:50-05:00</time>
</trkpt>
<trkpt lat="-15.490323" lon="-70.123728">
<ele>3826.4</ele>
<time>2026-10-06T09:46:52-05:00</time>
</trkpt>
<trkpt lat="-15.490325" lon="-70.123747">
<ele>3825.7</ele>
<time>2026-10-06T09:46:54-05:00</time>
</trkpt>
<trkpt lat="-15.490335" lon="-70.123785">
<ele>3826.7</ele>
<time>2026-10-06T09:46:56-05:00</time>
</trkpt>
<trkpt lat="-15.490362" lon="-70.123835">
<ele>3826.0</ele>
<time>2026-10-06T09:46:58-05:00</time>
</trkpt>
<trkpt lat="-15.490395" lon="-70.123929">
<ele>3826.0</ele>
<time>2026-10-06T09:47:00-05:00</time>
</trkpt>
<trkpt lat="-15.49044" lon="-70.124042">
<ele>3826.6</ele>
<time>2026-10-06T09:47:02-05:00</time>
</trkpt>
<trkpt lat="-15.490478" lon="-70.124146">
<ele>3827.7</ele>
<time>2026-10-06T09:47:04-05:00</time>
</trkpt>
<trkpt lat="-15.490513" lon="-70.124254">
<ele>3826.9</ele>
<time>2026-10-06T09:47:06-05:00</time>
</trkpt>
<trkpt lat="-15.490525" lon="-70.124334">
<ele>3826.7</ele>
<time>2026-10-06T09:47:08-05:00</time>
</trkpt>
<trkpt lat="-15.490531" lon="-70.12438">
<ele>3827.0</ele>
<time>2026-10-06T09:47:10-05:00</time>
</trkpt>
<trkpt lat="-15.490539" lon="-70.124407">
<ele>3826.8</ele>
<time>2026-10-06T09:47:12-05:00</time>
</trkpt>
<trkpt lat="-15.490539" lon="-70.124415">
<ele>3826.2</ele>
<time>2026-10-06T09:47:14-05:00</time>
</trkpt>
<trkpt lat="-15.490548" lon="-70.12441">
<ele>3827.0</ele>
<time>2026-10-06T09:47:16-05:00</time>
</trkpt>
<trkpt lat="-15.49055" lon="-70.124415">
<ele>3826.6</ele>
<time>2026-10-06T09:47:18-05:00</time>
</trkpt>
<trkpt lat="-15.490531" lon="-70.124421">
<ele>3826.0</ele>
<time>2026-10-06T09:47:20-05:00</time>
</trkpt>
<trkpt lat="-15.49055" lon="-70.124404">
<ele>3827.5</ele>
<time>2026-10-06T09:47:22-05:00</time>
</trkpt>
<trkpt lat="-15.490548" lon="-70.124396">
<ele>3826.2</ele>
<time>2026-10-06T09:47:24-05:00</time>
</trkpt>
<trkpt lat="-15.490542" lon="-70.124391">
<ele>3826.5</ele>
<time>2026-10-06T09:47:26-05:00</time>
</trkpt>
<trkpt lat="-15.490554" lon="-70.124386">
<ele>3827.2</ele>
<time>2026-10-06T09:47:28-05:00</time>
</trkpt>
<trkpt lat="-15.490579" lon="-70.124415">
<ele>3826.9</ele>
<time>2026-10-06T09:47:30-05:00</time>
</trkpt>
<trkpt lat="-15.490591" lon="-70.12442">
<ele>3826.3</ele>
<time>2026-10-06T09:47:32-05:00</time>
</trkpt>
<trkpt lat="-15.490632" lon="-70.124445">
<ele>3827.0</ele>
<time>2026-10-06T09:47:34-05:00</time>
</trkpt>
<trkpt lat="-15.490668" lon="-70.124507">
<ele>3826.7</ele>
<time>2026-10-06T09:47:36-05:00</time>
</trkpt>
<trkpt lat="-15.490695" lon="-70.124592">
<ele>3826.6</ele>
<time>2026-10-06T09:47:38-05:00</time>
</trkpt>
<trkpt lat="-15.490726" lon="-70.124687">
<ele>3827.2</ele>
<time>2026-10-06T09:47:40-05:00</time>
</trkpt>
<trkpt lat="-15.490755" lon="-70.12475">
<ele>3827.1</ele>
<time>2026-10-06T09:47:42-05:00</time>
</trkpt>
<trkpt lat="-15.490767" lon="-70.124815">
<ele>3827.2</ele>
<time>2026-10-06T09:47:44-05:00</time>
</trkpt>
<trkpt lat="-15.490796" lon="-70.124869">
<ele>3826.3</ele>
<time>2026-10-06T09:47:46-05:00</time>
</trkpt>
<trkpt lat="-15.490816" lon="-70.124911">
<ele>3827.4</ele>
<time>2026-10-06T09:47:48-05:00</time>
</trkpt>
<trkpt lat="-15.490843" lon="-70.124965">
<ele>3826.0</ele>
<time>2026-10-06T09:47:50-05:00</time>
</trkpt>
<trkpt lat="-15.490868" lon="-70.125039">
<ele>3826.9</ele>
<time>2026-10-06T09:47:52-05:00</time>
</trkpt>
<trkpt lat="-15.490888" lon="-70.125116">
<ele>3826.3</ele>
<time>2026-10-06T09:47:54-05:00</time>
</trkpt>
<trkpt lat="-15.490908" lon="-70.125177">
<ele>3826.8</ele>
<time>2026-10-06T09:47:56-05:00</time>
</trkpt>
<trkpt lat="-15.490929" lon="-70.125215">
<ele>3826.2</ele>
<time>2026-10-06T09:47:58-05:00</time>
</trkpt>
<trkpt lat="-15.490952" lon="-70.125271">
<ele>3826.6</ele>
<time>2026-10-06T09:48:00-05:00</time>
</trkpt>
<trkpt lat="-15.490974" lon="-70.125327">
<ele>3826.0</ele>
<time>2026-10-06T09:48:02-05:00</time>
</trkpt>
<trkpt lat="-15.490995" lon="-70.12539">
<ele>3825.7</ele>
<time>2026-10-06T09:48:04-05:00</time>
</trkpt>
<trkpt lat="-15.491021" lon="-70.125443">
<ele>3825.3</ele>
<time>2026-10-06T09:48:06-05:00</time>
</trkpt>
<trkpt lat="-15.491028" lon="-70.125501">
<ele>3826.1</ele>
<time>2026-10-06T09:48:08-05:00</time>
</trkpt>
<trkpt lat="-15.491056" lon="-70.125581">
<ele>3826.7</ele>
<time>2026-10-06T09:48:10-05:00</time>
</trkpt>
<trkpt lat="-15.491086" lon="-70.125648">
<ele>3826.4</ele>
<time>2026-10-06T09:48:12-05:00</time>
</trkpt>
<trkpt lat="-15.491075" lon="-70.125683">
<ele>3826.1</ele>
<time>2026-10-06T09:48:14-05:00</time>
</trkpt>
<trkpt lat="-15.491077" lon="-70.125711">
<ele>3825.5</ele>
<time>2026-10-06T09:48:16-05:00</time>
</trkpt>
<trkpt lat="-15.491075" lon="-70.125699">
<ele>3825.6</ele>
<time>2026-10-06T09:48:18-05:00</time>
</trkpt>
<trkpt lat="-15.491079" lon="-70.125715">
<ele>3826.4</ele>
<time>2026-10-06T09:48:20-05:00</time>
</trkpt>
<trkpt lat="-15.491084" lon="-70.125717">
<ele>3826.2</ele>
<time>2026-10-06T09:48:22-05:00</time>
</trkpt>
<trkpt lat="-15.491074" lon="-70.125708">
<ele>3825.9</ele>
<time>2026-10-06T09:48:24-05:00</time>
</trkpt>
<trkpt lat="-15.491075" lon="-70.125697">
<ele>3825.4</ele>
<time>2026-10-06T09:48:26-05:00</time>
</trkpt>
<trkpt lat="-15.491075" lon="-70.125697">
<ele>3825.7</ele>
<time>2026-10-06T09:48:28-05:00</time>
</trkpt>
<trkpt lat="-15.491069" lon="-70.125701">
<ele>3825.8</ele>
<time>2026-10-06T09:48:30-05:00</time>
</trkpt>
<trkpt lat="-15.491077" lon="-70.125696">
<ele>3825.9</ele>
<time>2026-10-06T09:48:32-05:00</time>
</trkpt>
<trkpt lat="-15.491091" lon="-70.125689">
<ele>3826.2</ele>
<time>2026-10-06T09:48:34-05:00</time>
</trkpt>
<trkpt lat="-15.491087" lon="-70.125674">
<ele>3826.0</ele>
<time>2026-10-06T09:48:36-05:00</time>
</trkpt>
<trkpt lat="-15.4911" lon="-70.125684">
<ele>3826.0</ele>
<time>2026-10-06T09:48:38-05:00</time>
</trkpt>
<trkpt lat="-15.491096" lon="-70.125692">
<ele>3826.3</ele>
<time>2026-10-06T09:48:40-05:00</time>
</trkpt>
<trkpt lat="-15.491105" lon="-70.125709">
<ele>3825.6</ele>
<time>2026-10-06T09:48:42-05:00</time>
</trkpt>
<trkpt lat="-15.491114" lon="-70.125742">
<ele>3825.5</ele>
<time>2026-10-06T09:48:44-05:00</time>
</trkpt>
<trkpt lat="-15.491133" lon="-70.12578">
<ele>3826.3</ele>
<time>2026-10-06T09:48:46-05:00</time>
</trkpt>
<trkpt lat="-15.491172" lon="-70.125833">
<ele>3826.3</ele>
<time>2026-10-06T09:48:48-05:00</time>
</trkpt>
<trkpt lat="-15.491199" lon="-70.125907">
<ele>3825.6</ele>
<time>2026-10-06T09:48:50-05:00</time>
</trkpt>
<trkpt lat="-15.491223" lon="-70.12596">
<ele>3825.8</ele>
<time>2026-10-06T09:48:52-05:00</time>
</trkpt>
<trkpt lat="-15.491242" lon="-70.126015">
<ele>3826.0</ele>
<time>2026-10-06T09:48:54-05:00</time>
</trkpt>
<trkpt lat="-15.491251" lon="-70.126057">
<ele>3826.4</ele>
<time>2026-10-06T09:48:56-05:00</time>
</trkpt>
<trkpt lat="-15.491262" lon="-70.126143">
<ele>3827.1</ele>
<time>2026-10-06T09:48:58-05:00</time>
</trkpt>
<trkpt lat="-15.491284" lon="-70.126192">
<ele>3827.8</ele>
<time>2026-10-06T09:49:00-05:00</time>
</trkpt>
<trkpt lat="-15.49131" lon="-70.12625">
<ele>3826.1</ele>
<time>2026-10-06T09:49:02-05:00</time>
</trkpt>
<trkpt lat="-15.491325" lon="-70.12631">
<ele>3826.6</ele>
<time>2026-10-06T09:49:04-05:00</time>
</trkpt>
<trkpt lat="-15.491343" lon="-70.126368">
<ele>3826.5</ele>
<time>2026-10-06T09:49:06-05:00</time>
</trkpt>
<trkpt lat="-15.491356" lon="-70.126411">
<ele>3827.3</ele>
<time>2026-10-06T09:49:08-05:00</time>
</trkpt>
<trkpt lat="-15.491385" lon="-70.126438">
<ele>3827.3</ele>
<time>2026-10-06T09:49:10-05:00</time>
</trkpt>
<trkpt lat="-15.491399" lon="-70.126489">
<ele>3826.7</ele>
<time>2026-10-06T09:49:12-05:00</time>
</trkpt>
<trkpt lat="-15.491422" lon="-70.126529">
<ele>3827.2</ele>
<time>2026-10-06T09:49:14-05:00</time>
</trkpt>
<trkpt lat="-15.491452" lon="-70.126597">
<ele>3827.7</ele>
<time>2026-10-06T09:49:16-05:00</time>
</trkpt>
<trkpt lat="-15.491478" lon="-70.126677">
<ele>3827.1</ele>
<time>2026-10-06T09:49:18-05:00</time>
</trkpt>
<trkpt lat="-15.491506" lon="-70.126749">
<ele>3827.7</ele>
<time>2026-10-06T09:49:20-05:00</time>
</trkpt>
<trkpt lat="-15.491539" lon="-70.126831">
<ele>3828.0</ele>
<time>2026-10-06T09:49:22-05:00</time>
</trkpt>
<trkpt lat="-15.491573" lon="-70.126894">
<ele>3828.5</ele>
<time>2026-10-06T09:49:24-05:00</time>
</trkpt>
<trkpt lat="-15.49159" lon="-70.126957">
<ele>3827.4</ele>
<time>2026-10-06T09:49:26-05:00</time>
</trkpt>
<trkpt lat="-15.491607" lon="-70.12703">
<ele>3827.8</ele>
<time>2026-10-06T09:49:28-05:00</time>
</trkpt>
<trkpt lat="-15.491624" lon="-70.127088">
<ele>3828.2</ele>
<time>2026-10-06T09:49:30-05:00</time>
</trkpt>
<trkpt lat="-15.491644" lon="-70.127174">
<ele>3828.0</ele>
<time>2026-10-06T09:49:32-05:00</time>
</trkpt>
<trkpt lat="-15.491681" lon="-70.127233">
<ele>3828.3</ele>
<time>2026-10-06T09:49:34-05:00</time>
</trkpt>
<trkpt lat="-15.491708" lon="-70.127305">
<ele>3828.0</ele>
<time>2026-10-06T09:49:36-05:00</time>
</trkpt>
<trkpt lat="-15.491731" lon="-70.127392">
<ele>3828.6</ele>
<time>2026-10-06T09:49:38-05:00</time>
</trkpt>
<trkpt lat="-15.491737" lon="-70.127432">
<ele>3829.6</ele>
<time>2026-10-06T09:49:40-05:00</time>
</trkpt>
<trkpt lat="-15.491761" lon="-70.127477">
<ele>3827.6</ele>
<time>2026-10-06T09:49:42-05:00</time>
</trkpt>
<trkpt lat="-15.491782" lon="-70.127523">
<ele>3829.7</ele>
<time>2026-10-06T09:49:44-05:00</time>
</trkpt>
<trkpt lat="-15.491815" lon="-70.127593">
<ele>3828.4</ele>
<time>2026-10-06T09:49:46-05:00</time>
</trkpt>
<trkpt lat="-15.491827" lon="-70.127664">
<ele>3827.5</ele>
<time>2026-10-06T09:49:48-05:00</time>
</trkpt>
<trkpt lat="-15.491857" lon="-70.127715">
<ele>3827.5</ele>
<time>2026-10-06T09:49:50-05:00</time>
</trkpt>
<trkpt lat="-15.491868" lon="-70.127785">
<ele>3827.8</ele>
<time>2026-10-06T09:49:52-05:00</time>
</trkpt>
<trkpt lat="-15.491897" lon="-70.127843">
<ele>3828.1</ele>
<time>2026-10-06T09:49:54-05:00</time>
</trkpt>
<trkpt lat="-15.491922" lon="-70.127905">
<ele>3828.3</ele>
<time>2026-10-06T09:49:56-05:00</time>
</trkpt>
<trkpt lat="-15.491955" lon="-70.127973">
<ele>3827.6</ele>
<time>2026-10-06T09:49:58-05:00</time>
</trkpt>
<trkpt lat="-15.491969" lon="-70.128045">
<ele>3827.4</ele>
<time>2026-10-06T09:50:00-05:00</time>
</trkpt>
<trkpt lat="-15.491985" lon="-70.128126">
<ele>3827.1</ele>
<time>2026-10-06T09:50:02-05:00</time>
</trkpt>
<trkpt lat="-15.491992" lon="-70.128184">
<ele>3827.1</ele>
<time>2026-10-06T09:50:04-05:00</time>
</trkpt>
<trkpt lat="-15.492026" lon="-70.128253">
<ele>3827.7</ele>
<time>2026-10-06T09:50:06-05:00</time>
</trkpt>
<trkpt lat="-15.492036" lon="-70.128314">
<ele>3826.8</ele>
<time>2026-10-06T09:50:08-05:00</time>
</trkpt>
<trkpt lat="-15.492024" lon="-70.128373">
<ele>3827.3</ele>
<time>2026-10-06T09:50:10-05:00</time>
</trkpt>
<trkpt lat="-15.492028" lon="-70.128393">
<ele>3826.9</ele>
<time>2026-10-06T09:50:12-05:00</time>
</trkpt>
<trkpt lat="-15.492012" lon="-70.128395">
<ele>3827.8</ele>
<time>2026-10-06T09:50:14-05:00</time>
</trkpt>
<trkpt lat="-15.492007" lon="-70.128402">
<ele>3827.8</ele>
<time>2026-10-06T09:50:16-05:00</time>
</trkpt>
<trkpt lat="-15.49201" lon="-70.128394">
<ele>3828.0</ele>
<time>2026-10-06T09:50:18-05:00</time>
</trkpt>
<trkpt lat="-15.492013" lon="-70.128404">
<ele>3827.6</ele>
<time>2026-10-06T09:50:20-05:00</time>
</trkpt>
<trkpt lat="-15.492003" lon="-70.128401">
<ele>3827.4</ele>
<time>2026-10-06T09:50:22-05:00</time>
</trkpt>
<trkpt lat="-15.492004" lon="-70.128418">
<ele>3827.9</ele>
<time>2026-10-06T09:50:24-05:00</time>
</trkpt>
<trkpt lat="-15.491995" lon="-70.128388">
<ele>3827.2</ele>
<time>2026-10-06T09:50:26-05:00</time>
</trkpt>
<trkpt lat="-15.492018" lon="-70.128368">
<ele>3827.7</ele>
<time>2026-10-06T09:50:28-05:00</time>
</trkpt>
<trkpt lat="-15.49201" lon="-70.128367">
<ele>3827.3</ele>
<time>2026-10-06T09:50:30-05:00</time>
</trkpt>
<trkpt lat="-15.492025" lon="-70.128376">
<ele>3828.1</ele>
<time>2026-10-06T09:50:32-05:00</time>
</trkpt>
<trkpt lat="-15.492013" lon="-70.128391">
<ele>3827.6</ele>
<time>2026-10-06T09:50:34-05:00</time>
</trkpt>
<trkpt lat="-15.492035" lon="-70.128415">
<ele>3827.7</ele>
<time>2026-10-06T09:50:36-05:00</time>
</trkpt>
<trkpt lat="-15.492065" lon="-70.128446">
<ele>3827.8</ele>
<time>2026-10-06T09:50:38-05:00</time>
</trkpt>
<trkpt lat="-15.492087" lon="-70.12851">
<ele>3827.8</ele>
<time>2026-10-06T09:50:40-05:00</time>
</trkpt>
<trkpt lat="-15.492124" lon="-70.128594">
<ele>3827.1</ele>
<time>2026-10-06T09:50:42-05:00</time>
</trkpt>
<trkpt lat="-15.492158" lon="-70.128668">
<ele>3827.6</ele>
<time>2026-10-06T09:50:44-05:00</time>
</trkpt>
<trkpt lat="-15.492178" lon="-70.128746">
<ele>3827.6</ele>
<time>2026-10-06T09:50:46-05:00</time>
</trkpt>
<trkpt lat="-15.492219" lon="-70.128825">
<ele>3828.0</ele>
<time>2026-10-06T09:50:48-05:00</time>
</trkpt>
<trkpt lat="-15.492237" lon="-70.128879">
<ele>3828.2</ele>
<time>2026-10-06T09:50:50-05:00</time>
</trkpt>
<trkpt lat="-15.492271" lon="-70.128959">
<ele>3827.7</ele>
<time>2026-10-06T09:50:52-05:00</time>
</trkpt>
<trkpt lat="-15.492288" lon="-70.129015">
<ele>3827.8</ele>
<time>2026-10-06T09:50:54-05:00</time>
</trkpt>
<trkpt lat="-15.492324" lon="-70.129075">
<ele>3828.0</ele>
<time>2026-10-06T09:50:56-05:00</time>
</trkpt>
<trkpt lat="-15.492346" lon="-70.129154">
<ele>3828.0</ele>
<time>2026-10-06T09:50:58-05:00</time>
</trkpt>
<trkpt lat="-15.492372" lon="-70.129209">
<ele>3828.4</ele>
<time>2026-10-06T09:51:00-05:00</time>
</trkpt>
<trkpt lat="-15.492399" lon="-70.129245">
<ele>3827.9</ele>
<time>2026-10-06T09:51:02-05:00</time>
</trkpt>
<trkpt lat="-15.492424" lon="-70.129312">
<ele>3827.5</ele>
<time>2026-10-06T09:51:04-05:00</time>
</trkpt>
<trkpt lat="-15.492439" lon="-70.129387">
<ele>3827.8</ele>
<time>2026-10-06T09:51:06-05:00</time>
</trkpt>
<trkpt lat="-15.492444" lon="-70.129435">
<ele>3828.0</ele>
<time>2026-10-06T09:51:08-05:00</time>
</trkpt>
<trkpt lat="-15.492471" lon="-70.129482">
<ele>3827.7</ele>
<time>2026-10-06T09:51:10-05:00</time>
</trkpt>
<trkpt lat="-15.492497" lon="-70.12954">
<ele>3827.6</ele>
<time>2026-10-06T09:51:12-05:00</time>
</trkpt>
<trkpt lat="-15.492507" lon="-70.129584">
<ele>3827.7</ele>
<time>2026-10-06T09:51:14-05:00</time>
</trkpt>
<trkpt lat="-15.492522" lon="-70.129636">
<ele>3828.4</ele>
<time>2026-10-06T09:51:16-05:00</time>
</trkpt>
<trkpt lat="-15.492532" lon="-70.129701">
<ele>3828.1</ele>
<time>2026-10-06T09:51:18-05:00</time>
</trkpt>
<trkpt lat="-15.492549" lon="-70.129748">
<ele>3828.2</ele>
<time>2026-10-06T09:51:20-05:00</time>
</trkpt>
<trkpt lat="-15.492559" lon="-70.129794">
<ele>3828.0</ele>
<time>2026-10-06T09:51:22-05:00</time>
</trkpt>
<trkpt lat="-15.492579" lon="-70.129856">
<ele>3827.8</ele>
<time>2026-10-06T09:51:24-05:00</time>
</trkpt>
<trkpt lat="-15.492579" lon="-70.129899">
<ele>3827.3</ele>
<time>2026-10-06T09:51:26-05:00</time>
</trkpt>
<trkpt lat="-15.4926" lon="-70.129956">
<ele>3827.3</ele>
<time>2026-10-06T09:51:28-05:00</time>
</trkpt>
<trkpt lat="-15.492638" lon="-70.130013">
<ele>3827.1</ele>
<time>2026-10-06T09:51:30-05:00</time>
</trkpt>
<trkpt lat="-15.492633" lon="-70.130065">
<ele>3827.1</ele>
<time>2026-10-06T09:51:32-05:00</time>
</trkpt>
<trkpt lat="-15.492662" lon="-70.130126">
<ele>3828.0</ele>
<time>2026-10-06T09:51:34-05:00</time>
</trkpt>
<trkpt lat="-15.492674" lon="-70.13019">
<ele>3827.7</ele>
<time>2026-10-06T09:51:36-05:00</time>
</trkpt>
<trkpt lat="-15.4927" lon="-70.130231">
<ele>3826.8</ele>
<time>2026-10-06T09:51:38-05:00</time>
</trkpt>
<trkpt lat="-15.492714" lon="-70.130298">
<ele>3826.6</ele>
<time>2026-10-06T09:51:40-05:00</time>
</trkpt>
<trkpt lat="-15.492719" lon="-70.130356">
<ele>3827.0</ele>
<time>2026-10-06T09:51:42-05:00</time>
</trkpt>
<trkpt lat="-15.492741" lon="-70.130395">
<ele>3827.4</ele>
<time>2026-10-06T09:51:44-05:00</time>
</trkpt>
<trkpt lat="-15.492755" lon="-70.130441">
<ele>3827.1</ele>
<time>2026-10-06T09:51:46-05:00</time>
</trkpt>
<trkpt lat="-15.492771" lon="-70.130496">
<ele>3826.6</ele>
<time>2026-10-06T09:51:48-05:00</time>
</trkpt>
<trkpt lat="-15.492798" lon="-70.130556">
<ele>3826.9</ele>
<time>2026-10-06T09:51:50-05:00</time>
</trkpt>
<trkpt lat="-15.49283" lon="-70.130606">
<ele>3826.6</ele>
<time>2026-10-06T09:51:52-05:00</time>
</trkpt>
<trkpt lat="-15.492868" lon="-70.130672">
<ele>3826.0</ele>
<time>2026-10-06T09:51:54-05:00</time>
</trkpt>
<trkpt lat="-15.492883" lon="-70.130736">
<ele>3827.1</ele>
<time>2026-10-06T09:51:56-05:00</time>
</trkpt>
<trkpt lat="-15.492902" lon="-70.130794">
<ele>3827.2</ele>
<time>2026-10-06T09:51:58-05:00</time>
</trkpt>
<trkpt lat="-15.492926" lon="-70.130829">
<ele>3826.7</ele>
<time>2026-10-06T09:52:00-05:00</time>
</trkpt>
<trkpt lat="-15.492937" lon="-70.130879">
<ele>3826.3</ele>
<time>2026-10-06T09:52:02-05:00</time>
</trkpt>
<trkpt lat="-15.492963" lon="-70.13095">
<ele>3826.5</ele>
<time>2026-10-06T09:52:04-05:00</time>
</trkpt>
<trkpt lat="-15.492978" lon="-70.131003">
<ele>3826.0</ele>
<time>2026-10-06T09:52:06-05:00</time>
</trkpt>
<trkpt lat="-15.493002" lon="-70.131062">
<ele>3827.6</ele>
<time>2026-10-06T09:52:08-05:00</time>
</trkpt>
<trkpt lat="-15.493018" lon="-70.131129">
<ele>3826.3</ele>
<time>2026-10-06T09:52:10-05:00</time>
</trkpt>
<trkpt lat="-15.493019" lon="-70.131171">
<ele>3826.4</ele>
<time>2026-10-06T09:52:12-05:00</time>
</trkpt>
<trkpt lat="-15.493029" lon="-70.13122">
<ele>3825.8</ele>
<time>2026-10-06T09:52:14-05:00</time>
</trkpt>
<trkpt lat="-15.493025" lon="-70.131295">
<ele>3826.8</ele>
<time>2026-10-06T09:52:16-05:00</time>
</trkpt>
<trkpt lat="-15.493047" lon="-70.131332">
<ele>3826.8</ele>
<time>2026-10-06T09:52:18-05:00</time>
</trkpt>
<trkpt lat="-15.493061" lon="-70.131402">
<ele>3825.9</ele>
<time>2026-10-06T09:52:20-05:00</time>
</trkpt>
<trkpt lat="-15.493082" lon="-70.131436">
<ele>3825.7</ele>
<time>2026-10-06T09:52:22-05:00</time>
</trkpt>
<trkpt lat="-15.493117" lon="-70.131506">
<ele>3826.3</ele>
<time>2026-10-06T09:52:24-05:00</time>
</trkpt>
<trkpt lat="-15.49314" lon="-70.131563">
<ele>3825.7</ele>
<time>2026-10-06T09:52:26-05:00</time>
</trkpt>
<trkpt lat="-15.493169" lon="-70.131621">
<ele>3826.7</ele>
<time>2026-10-06T09:52:28-05:00</time>
</trkpt>
<trkpt lat="-15.493184" lon="-70.131696">
<ele>3826.6</ele>
<time>2026-10-06T09:52:30-05:00</time>
</trkpt>
<trkpt lat="-15.493213" lon="-70.131749">
<ele>3826.7</ele>
<time>2026-10-06T09:52:32-05:00</time>
</trkpt>
<trkpt lat="-15.493208" lon="-70.131821">
<ele>3826.8</ele>
<time>2026-10-06T09:52:34-05:00</time>
</trkpt>
<trkpt lat="-15.493227" lon="-70.131889">
<ele>3826.9</ele>
<time>2026-10-06T09:52:36-05:00</time>
</trkpt>
<trkpt lat="-15.493249" lon="-70.131946">
<ele>3827.7</ele>
<time>2026-10-06T09:52:38-05:00</time>
</trkpt>
<trkpt lat="-15.493259" lon="-70.132018">
<ele>3827.6</ele>
<time>2026-10-06T09:52:40-05:00</time>
</trkpt>
<trkpt lat="-15.49327" lon="-70.132061">
<ele>3828.1</ele>
<time>2026-10-06T09:52:42-05:00</time>
</trkpt>
<trkpt lat="-15.493266" lon="-70.132121">
<ele>3828.2</ele>
<time>2026-10-06T09:52:44-05:00</time>
</trkpt>
<trkpt lat="-15.493253" lon="-70.132192">
<ele>3828.5</ele>
<time>2026-10-06T09:52:46-05:00</time>
</trkpt>
<trkpt lat="-15.493227" lon="-70.132255">
<ele>3829.4</ele>
<time>2026-10-06T09:52:48-05:00</time>
</trkpt>
<trkpt lat="-15.493224" lon="-70.132332">
<ele>3828.7</ele>
<time>2026-10-06T09:52:50-05:00</time>
</trkpt>
<trkpt lat="-15.493207" lon="-70.132391">
<ele>3830.1</ele>
<time>2026-10-06T09:52:52-05:00</time>
</trkpt>
<trkpt lat="-15.493202" lon="-70.132437">
<ele>3831.2</ele>
<time>2026-10-06T09:52:54-05:00</time>
</trkpt>
<trkpt lat="-15.493206" lon="-70.132492">
<ele>3829.8</ele>
<time>2026-10-06T09:52:56-05:00</time>
</trkpt>
<trkpt lat="-15.493201" lon="-70.132551">
<ele>3831.7</ele>
<time>2026-10-06T09:52:58-05:00</time>
</trkpt>
<trkpt lat="-15.493226" lon="-70.132617">
<ele>3831.6</ele>
<time>2026-10-06T09:53:00-05:00</time>
</trkpt>
<trkpt lat="-15.493204" lon="-70.13269">
<ele>3830.8</ele>
<time>2026-10-06T09:53:02-05:00</time>
</trkpt>
<trkpt lat="-15.493196" lon="-70.132763">
<ele>3831.4</ele>
<time>2026-10-06T09:53:04-05:00</time>
</trkpt>
<trkpt lat="-15.493174" lon="-70.13282">
<ele>3831.4</ele>
<time>2026-10-06T09:53:06-05:00</time>
</trkpt>
<trkpt lat="-15.493189" lon="-70.132894">
<ele>3831.1</ele>
<time>2026-10-06T09:53:08-05:00</time>
</trkpt>
<trkpt lat="-15.493172" lon="-70.13296">
<ele>3831.1</ele>
<time>2026-10-06T09:53:10-05:00</time>
</trkpt>
<trkpt lat="-15.49316" lon="-70.133027">
<ele>3831.5</ele>
<time>2026-10-06T09:53:12-05:00</time>
</trkpt>
<trkpt lat="-15.493136" lon="-70.133079">
<ele>3831.6</ele>
<time>2026-10-06T09:53:14-05:00</time>
</trkpt>
<trkpt lat="-15.493143" lon="-70.13314">
<ele>3830.9</ele>
<time>2026-10-06T09:53:16-05:00</time>
</trkpt>
<trkpt lat="-15.493146" lon="-70.133185">
<ele>3830.7</ele>
<time>2026-10-06T09:53:18-05:00</time>
</trkpt>
<trkpt lat="-15.493155" lon="-70.133202">
<ele>3831.2</ele>
<time>2026-10-06T09:53:20-05:00</time>
</trkpt>
<trkpt lat="-15.493202" lon="-70.133192">
<ele>3831.4</ele>
<time>2026-10-06T09:53:22-05:00</time>
</trkpt>
<trkpt lat="-15.49325" lon="-70.13317">
<ele>3831.2</ele>
<time>2026-10-06T09:53:24-05:00</time>
</trkpt>
<trkpt lat="-15.493299" lon="-70.133154">
<ele>3831.1</ele>
<time>2026-10-06T09:53:26-05:00</time>
</trkpt>
<trkpt lat="-15.493362" lon="-70.133136">
<ele>3831.9</ele>
<time>2026-10-06T09:53:28-05:00</time>
</trkpt>
<trkpt lat="-15.493421" lon="-70.133106">
<ele>3832.1</ele>
<time>2026-10-06T09:53:30-05:00</time>
</trkpt>
<trkpt lat="-15.493477" lon="-70.133093">
<ele>3832.5</ele>
<time>2026-10-06T09:53:32-05:00</time>
</trkpt>
<trkpt lat="-15.493534" lon="-70.133049">
<ele>3832.1</ele>
<time>2026-10-06T09:53:34-05:00</time>
</trkpt>
<trkpt lat="-15.493598" lon="-70.133035">
<ele>3831.6</ele>
<time>2026-10-06T09:53:36-05:00</time>
</trkpt>
<trkpt lat="-15.493654" lon="-70.133007">
<ele>3831.9</ele>
<time>2026-10-06T09:53:38-05:00</time>
</trkpt>
<trkpt lat="-15.493707" lon="-70.132968">
<ele>3832.0</ele>
<time>2026-10-06T09:53:40-05:00</time>
</trkpt>
<trkpt lat="-15.493789" lon="-70.132934">
<ele>3832.1</ele>
<time>2026-10-06T09:53:42-05:00</time>
</trkpt>
<trkpt lat="-15.493847" lon="-70.132906">
<ele>3831.8</ele>
<time>2026-10-06T09:53:44-05:00</time>
</trkpt>
<trkpt lat="-15.493896" lon="-70.132881">
<ele>3831.8</ele>
<time>2026-10-06T09:53:46-05:00</time>
</trkpt>
<trkpt lat="-15.493932" lon="-70.132837">
<ele>3831.3</ele>
<time>2026-10-06T09:53:48-05:00</time>
</trkpt>
<trkpt lat="-15.493985" lon="-70.132811">
<ele>3831.2</ele>
<time>2026-10-06T09:53:50-05:00</time>
</trkpt>
<trkpt lat="-15.494058" lon="-70.132807">
<ele>3830.7</ele>
<time>2026-10-06T09:53:52-05:00</time>
</trkpt>
<trkpt lat="-15.4941" lon="-70.132806">
<ele>3831.6</ele>
<time>2026-10-06T09:53:54-05:00</time>
</trkpt>
<trkpt lat="-15.494146" lon="-70.132786">
<ele>3830.7</ele>
<time>2026-10-06T09:53:56-05:00</time>
</trkpt>
<trkpt lat="-15.49419" lon="-70.13278">
<ele>3830.7</ele>
<time>2026-10-06T09:53:58-05:00</time>
</trkpt>
<trkpt lat="-15.494251" lon="-70.132758">
<ele>3830.9</ele>
<time>2026-10-06T09:54:00-05:00</time>
</trkpt>
<trkpt lat="-15.494302" lon="-70.132731">
<ele>3830.6</ele>
<time>2026-10-06T09:54:02-05:00</time>
</trkpt>
<trkpt lat="-15.494343" lon="-70.132718">
<ele>3830.7</ele>
<time>2026-10-06T09:54:04-05:00</time>
</trkpt>
<trkpt lat="-15.49439" lon="-70.132696">
<ele>3830.0</ele>
<time>2026-10-06T09:54:06-05:00</time>
</trkpt>
<trkpt lat="-15.494437" lon="-70.132673">
<ele>3830.0</ele>
<time>2026-10-06T09:54:08-05:00</time>
</trkpt>
<trkpt lat="-15.494488" lon="-70.132658">
<ele>3830.6</ele>
<time>2026-10-06T09:54:10-05:00</time>
</trkpt>
<trkpt lat="-15.494511" lon="-70.132647">
<ele>3829.8</ele>
<time>2026-10-06T09:54:12-05:00</time>
</trkpt>
<trkpt lat="-15.49457" lon="-70.132623">
<ele>3830.2</ele>
<time>2026-10-06T09:54:14-05:00</time>
</trkpt>
<trkpt lat="-15.49463" lon="-70.13261">
<ele>3829.8</ele>
<time>2026-10-06T09:54:16-05:00</time>
</trkpt>
<trkpt lat="-15.494679" lon="-70.132607">
<ele>3830.1</ele>
<time>2026-10-06T09:54:18-05:00</time>
</trkpt>
<trkpt lat="-15.494726" lon="-70.132576">
<ele>3831.1</ele>
<time>2026-10-06T09:54:20-05:00</time>
</trkpt>
<trkpt lat="-15.494782" lon="-70.132546">
<ele>3831.0</ele>
<time>2026-10-06T09:54:22-05:00</time>
</trkpt>
<trkpt lat="-15.494829" lon="-70.13252">
<ele>3831.4</ele>
<time>2026-10-06T09:54:24-05:00</time>
</trkpt>
<trkpt lat="-15.494894" lon="-70.132491">
<ele>3831.5</ele>
<time>2026-10-06T09:54:26-05:00</time>
</trkpt>
<trkpt lat="-15.494962" lon="-70.132474">
<ele>3831.1</ele>
<time>2026-10-06T09:54:28-05:00</time>
</trkpt>
<trkpt lat="-15.495014" lon="-70.132453">
<ele>3831.5</ele>
<time>2026-10-06T09:54:30-05:00</time>
</trkpt>
<trkpt lat="-15.495092" lon="-70.132431">
<ele>3830.5</ele>
<time>2026-10-06T09:54:32-05:00</time>
</trkpt>
<trkpt lat="-15.495139" lon="-70.132422">
<ele>3831.5</ele>
<time>2026-10-06T09:54:34-05:00</time>
</trkpt>
<trkpt lat="-15.49518" lon="-70.132389">
<ele>3831.1</ele>
<time>2026-10-06T09:54:36-05:00</time>
</trkpt>
<trkpt lat="-15.495258" lon="-70.132356">
<ele>3831.3</ele>
<time>2026-10-06T09:54:38-05:00</time>
</trkpt>
<trkpt lat="-15.495322" lon="-70.132344">
<ele>3831.2</ele>
<time>2026-10-06T09:54:40-05:00</time>
</trkpt>
<trkpt lat="-15.495355" lon="-70.132318">
<ele>3830.8</ele>
<time>2026-10-06T09:54:42-05:00</time>
</trkpt>
<trkpt lat="-15.49539" lon="-70.132288">
<ele>3830.3</ele>
<time>2026-10-06T09:54:44-05:00</time>
</trkpt>
<trkpt lat="-15.495447" lon="-70.132242">
<ele>3830.3</ele>
<time>2026-10-06T09:54:46-05:00</time>
</trkpt>
<trkpt lat="-15.495504" lon="-70.132213">
<ele>3830.3</ele>
<time>2026-10-06T09:54:48-05:00</time>
</trkpt>
<trkpt lat="-15.495562" lon="-70.132196">
<ele>3829.8</ele>
<time>2026-10-06T09:54:50-05:00</time>
</trkpt>
<trkpt lat="-15.495618" lon="-70.132194">
<ele>3830.6</ele>
<time>2026-10-06T09:54:52-05:00</time>
</trkpt>
<trkpt lat="-15.495657" lon="-70.13218">
<ele>3830.9</ele>
<time>2026-10-06T09:54:54-05:00</time>
</trkpt>
<trkpt lat="-15.495705" lon="-70.132144">
<ele>3830.9</ele>
<time>2026-10-06T09:54:56-05:00</time>
</trkpt>
<trkpt lat="-15.495754" lon="-70.132099">
<ele>3830.9</ele>
<time>2026-10-06T09:54:58-05:00</time>
</trkpt>
<trkpt lat="-15.495803" lon="-70.132071">
<ele>3830.2</ele>
<time>2026-10-06T09:55:00-05:00</time>
</trkpt>
<trkpt lat="-15.495848" lon="-70.132038">
<ele>3831.3</ele>
<time>2026-10-06T09:55:02-05:00</time>
</trkpt>
<trkpt lat="-15.49589" lon="-70.131996">
<ele>3829.9</ele>
<time>2026-10-06T09:55:04-05:00</time>
</trkpt>
<trkpt lat="-15.495935" lon="-70.131979">
<ele>3829.6</ele>
<time>2026-10-06T09:55:06-05:00</time>
</trkpt>
<trkpt lat="-15.495981" lon="-70.131953">
<ele>3829.8</ele>
<time>2026-10-06T09:55:08-05:00</time>
</trkpt>
<trkpt lat="-15.496038" lon="-70.13192">
<ele>3829.1</ele>
<time>2026-10-06T09:55:10-05:00</time>
</trkpt>
<trkpt lat="-15.496086" lon="-70.131886">
<ele>3829.3</ele>
<time>2026-10-06T09:55:12-05:00</time>
</trkpt>
<trkpt lat="-15.496146" lon="-70.131855">
<ele>3829.0</ele>
<time>2026-10-06T09:55:14-05:00</time>
</trkpt>
<trkpt lat="-15.496212" lon="-70.131822">
<ele>3827.6</ele>
<time>2026-10-06T09:55:16-05:00</time>
</trkpt>
<trkpt lat="-15.496285" lon="-70.131801">
<ele>3827.7</ele>
<time>2026-10-06T09:55:18-05:00</time>
</trkpt>
<trkpt lat="-15.496362" lon="-70.131778">
<ele>3827.7</ele>
<time>2026-10-06T09:55:20-05:00</time>
</trkpt>
<trkpt lat="-15.496451" lon="-70.13175">
<ele>3828.6</ele>
<time>2026-10-06T09:55:22-05:00</time>
</trkpt>
<trkpt lat="-15.496495" lon="-70.131709">
<ele>3828.8</ele>
<time>2026-10-06T09:55:24-05:00</time>
</trkpt>
<trkpt lat="-15.496554" lon="-70.13169">
<ele>3828.7</ele>
<time>2026-10-06T09:55:26-05:00</time>
</trkpt>
<trkpt lat="-15.496603" lon="-70.131655">
<ele>3828.8</ele>
<time>2026-10-06T09:55:28-05:00</time>
</trkpt>
<trkpt lat="-15.496658" lon="-70.13162">
<ele>3828.4</ele>
<time>2026-10-06T09:55:30-05:00</time>
</trkpt>
<trkpt lat="-15.496723" lon="-70.131617">
<ele>3829.1</ele>
<time>2026-10-06T09:55:32-05:00</time>
</trkpt>
<trkpt lat="-15.496764" lon="-70.131616">
<ele>3828.9</ele>
<time>2026-10-06T09:55:34-05:00</time>
</trkpt>
<trkpt lat="-15.496774" lon="-70.1316">
<ele>3828.4</ele>
<time>2026-10-06T09:55:36-05:00</time>
</trkpt>
<trkpt lat="-15.496771" lon="-70.131592">
<ele>3829.1</ele>
<time>2026-10-06T09:55:38-05:00</time>
</trkpt>
<trkpt lat="-15.496771" lon="-70.131603">
<ele>3829.1</ele>
<time>2026-10-06T09:55:40-05:00</time>
</trkpt>
<trkpt lat="-15.496763" lon="-70.131587">
<ele>3828.5</ele>
<time>2026-10-06T09:55:42-05:00</time>
</trkpt>
<trkpt lat="-15.496761" lon="-70.131586">
<ele>3828.5</ele>
<time>2026-10-06T09:55:44-05:00</time>
</trkpt>
<trkpt lat="-15.496765" lon="-70.131602">
<ele>3828.6</ele>
<time>2026-10-06T09:55:46-05:00</time>
</trkpt>
<trkpt lat="-15.496777" lon="-70.131595">
<ele>3829.4</ele>
<time>2026-10-06T09:55:48-05:00</time>
</trkpt>
<trkpt lat="-15.496784" lon="-70.131602">
<ele>3828.3</ele>
<time>2026-10-06T09:55:50-05:00</time>
</trkpt>
<trkpt lat="-15.496779" lon="-70.13159">
<ele>3828.9</ele>
<time>2026-10-06T09:55:52-05:00</time>
</trkpt>
<trkpt lat="-15.496784" lon="-70.131602">
<ele>3829.1</ele>
<time>2026-10-06T09:55:54-05:00</time>
</trkpt>
<trkpt lat="-15.496788" lon="-70.13161">
<ele>3829.1</ele>
<time>2026-10-06T09:55:56-05:00</time>
</trkpt>
<trkpt lat="-15.496792" lon="-70.131604">
<ele>3828.8</ele>
<time>2026-10-06T09:55:58-05:00</time>
</trkpt>
<trkpt lat="-15.496803" lon="-70.13162">
<ele>3829.5</ele>
<time>2026-10-06T09:56:00-05:00</time>
</trkpt>
<trkpt lat="-15.496799" lon="-70.131626">
<ele>3828.6</ele>
<time>2026-10-06T09:56:02-05:00</time>
</trkpt>
<trkpt lat="-15.49681" lon="-70.131614">
<ele>3828.5</ele>
<time>2026-10-06T09:56:04-05:00</time>
</trkpt>
<trkpt lat="-15.496803" lon="-70.131594">
<ele>3829.0</ele>
<time>2026-10-06T09:56:06-05:00</time>
</trkpt>
<trkpt lat="-15.496819" lon="-70.131613">
<ele>3829.7</ele>
<time>2026-10-06T09:56:08-05:00</time>
</trkpt>
<trkpt lat="-15.496827" lon="-70.131584">
<ele>3828.8</ele>
<time>2026-10-06T09:56:10-05:00</time>
</trkpt>
<trkpt lat="-15.496831" lon="-70.13159">
<ele>3828.9</ele>
<time>2026-10-06T09:56:12-05:00</time>
</trkpt>
<trkpt lat="-15.496857" lon="-70.131569">
<ele>3828.8</ele>
<time>2026-10-06T09:56:14-05:00</time>
</trkpt>
<trkpt lat="-15.496885" lon="-70.13156">
<ele>3828.6</ele>
<time>2026-10-06T09:56:16-05:00</time>
</trkpt>
<trkpt lat="-15.49692" lon="-70.13152">
<ele>3829.5</ele>
<time>2026-10-06T09:56:18-05:00</time>
</trkpt>
<trkpt lat="-15.496967" lon="-70.131476">
<ele>3828.8</ele>
<time>2026-10-06T09:56:20-05:00</time>
</trkpt>
<trkpt lat="-15.497006" lon="-70.13145">
<ele>3829.0</ele>
<time>2026-10-06T09:56:22-05:00</time>
</trkpt>
<trkpt lat="-15.497066" lon="-70.131418">
<ele>3828.0</ele>
<time>2026-10-06T09:56:24-05:00</time>
</trkpt>
<trkpt lat="-15.497111" lon="-70.131393">
<ele>3829.0</ele>
<time>2026-10-06T09:56:26-05:00</time>
</trkpt>
<trkpt lat="-15.497178" lon="-70.131365">
<ele>3829.3</ele>
<time>2026-10-06T09:56:28-05:00</time>
</trkpt>
<trkpt lat="-15.497251" lon="-70.131339">
<ele>3829.5</ele>
<time>2026-10-06T09:56:30-05:00</time>
</trkpt>
<trkpt lat="-15.497285" lon="-70.131313">
<ele>3829.3</ele>
<time>2026-10-06T09:56:32-05:00</time>
</trkpt>
<trkpt lat="-15.497351" lon="-70.131273">
<ele>3828.7</ele>
<time>2026-10-06T09:56:34-05:00</time>
</trkpt>
<trkpt lat="-15.497424" lon="-70.131246">
<ele>3828.5</ele>
<time>2026-10-06T09:56:36-05:00</time>
</trkpt>
<trkpt lat="-15.497479" lon="-70.131216">
<ele>3828.8</ele>
<time>2026-10-06T09:56:38-05:00</time>
</trkpt>
<trkpt lat="-15.497549" lon="-70.131181">
<ele>3828.5</ele>
<time>2026-10-06T09:56:40-05:00</time>
</trkpt>
<trkpt lat="-15.497595" lon="-70.13115">
<ele>3828.6</ele>
<time>2026-10-06T09:56:42-05:00</time>
</trkpt>
<trkpt lat="-15.497639" lon="-70.131095">
<ele>3828.9</ele>
<time>2026-10-06T09:56:44-05:00</time>
</trkpt>
<trkpt lat="-15.497683" lon="-70.131069">
<ele>3828.9</ele>
<time>2026-10-06T09:56:46-05:00</time>
</trkpt>
<trkpt lat="-15.497721" lon="-70.131033">
<ele>3828.7</ele>
<time>2026-10-06T09:56:48-05:00</time>
</trkpt>
<trkpt lat="-15.497762" lon="-70.131027">
<ele>3829.0</ele>
<time>2026-10-06T09:56:50-05:00</time>
</trkpt>
<trkpt lat="-15.497807" lon="-70.131006">
<ele>3828.6</ele>
<time>2026-10-06T09:56:52-05:00</time>
</trkpt>
<trkpt lat="-15.497855" lon="-70.130979">
<ele>3828.6</ele>
<time>2026-10-06T09:56:54-05:00</time>
</trkpt>
<trkpt lat="-15.497896" lon="-70.130935">
<ele>3828.9</ele>
<time>2026-10-06T09:56:56-05:00</time>
</trkpt>
<trkpt lat="-15.497927" lon="-70.130916">
<ele>3828.4</ele>
<time>2026-10-06T09:56:58-05:00</time>
</trkpt>
<trkpt lat="-15.497977" lon="-70.13088">
<ele>3828.6</ele>
<time>2026-10-06T09:57:00-05:00</time>
</trkpt>
<trkpt lat="-15.498022" lon="-70.130851">
<ele>3827.3</ele>
<time>2026-10-06T09:57:02-05:00</time>
</trkpt>
<trkpt lat="-15.498092" lon="-70.130842">
<ele>3828.8</ele>
<time>2026-10-06T09:57:04-05:00</time>
</trkpt>
<trkpt lat="-15.498153" lon="-70.130822">
<ele>3827.4</ele>
<time>2026-10-06T09:57:06-05:00</time>
</trkpt>
<trkpt lat="-15.498197" lon="-70.130787">
<ele>3827.6</ele>
<time>2026-10-06T09:57:08-05:00</time>
</trkpt>
<trkpt lat="-15.49823" lon="-70.130753">
<ele>3828.3</ele>
<time>2026-10-06T09:57:10-05:00</time>
</trkpt>
<trkpt lat="-15.498281" lon="-70.130733">
<ele>3827.9</ele>
<time>2026-10-06T09:57:12-05:00</time>
</trkpt>
<trkpt lat="-15.498337" lon="-70.130708">
<ele>3827.7</ele>
<time>2026-10-06T09:57:14-05:00</time>
</trkpt>
<trkpt lat="-15.498375" lon="-70.130684">
<ele>3827.5</ele>
<time>2026-10-06T09:57:16-05:00</time>
</trkpt>
<trkpt lat="-15.498425" lon="-70.130644">
<ele>3828.2</ele>
<time>2026-10-06T09:57:18-05:00</time>
</trkpt>
<trkpt lat="-15.498476" lon="-70.130601">
<ele>3827.7</ele>
<time>2026-10-06T09:57:20-05:00</time>
</trkpt>
<trkpt lat="-15.498523" lon="-70.130565">
<ele>3827.4</ele>
<time>2026-10-06T09:57:22-05:00</time>
</trkpt>
<trkpt lat="-15.498567" lon="-70.130535">
<ele>3827.4</ele>
<time>2026-10-06T09:57:24-05:00</time>
</trkpt>
<trkpt lat="-15.498613" lon="-70.130507">
<ele>3827.6</ele>
<time>2026-10-06T09:57:26-05:00</time>
</trkpt>
<trkpt lat="-15.498671" lon="-70.130484">
<ele>3827.7</ele>
<time>2026-10-06T09:57:28-05:00</time>
</trkpt>
<trkpt lat="-15.498713" lon="-70.130435">
<ele>3827.8</ele>
<time>2026-10-06T09:57:30-05:00</time>
</trkpt>
<trkpt lat="-15.498754" lon="-70.1304">
<ele>3827.3</ele>
<time>2026-10-06T09:57:32-05:00</time>
</trkpt>
<trkpt lat="-15.498829" lon="-70.130356">
<ele>3827.0</ele>
<time>2026-10-06T09:57:34-05:00</time>
</trkpt>
<trkpt lat="-15.498887" lon="-70.130315">
<ele>3827.0</ele>
<time>2026-10-06T09:57:36-05:00</time>
</trkpt>
<trkpt lat="-15.498941" lon="-70.130295">
<ele>3827.4</ele>
<time>2026-10-06T09:57:38-05:00</time>
</trkpt>
<trkpt lat="-15.498984" lon="-70.130292">
<ele>3827.8</ele>
<time>2026-10-06T09:57:40-05:00</time>
</trkpt>
<trkpt lat="-15.499047" lon="-70.130255">
<ele>3826.6</ele>
<time>2026-10-06T09:57:42-05:00</time>
</trkpt>
<trkpt lat="-15.499106" lon="-70.130245">
<ele>3827.7</ele>
<time>2026-10-06T09:57:44-05:00</time>
</trkpt>
<trkpt lat="-15.499153" lon="-70.130219">
<ele>3827.0</ele>
<time>2026-10-06T09:57:46-05:00</time>
</trkpt>
<trkpt lat="-15.499197" lon="-70.13021">
<ele>3826.3</ele>
<time>2026-10-06T09:57:48-05:00</time>
</trkpt>
<trkpt lat="-15.49925" lon="-70.130183">
<ele>3826.4</ele>
<time>2026-10-06T09:57:50-05:00</time>
</trkpt>
<trkpt lat="-15.499299" lon="-70.130155">
<ele>3827.2</ele>
<time>2026-10-06T09:57:52-05:00</time>
</trkpt>
<trkpt lat="-15.499356" lon="-70.130129">
<ele>3826.6</ele>
<time>2026-10-06T09:57:54-05:00</time>
</trkpt>
<trkpt lat="-15.499394" lon="-70.130084">
<ele>3825.8</ele>
<time>2026-10-06T09:57:56-05:00</time>
</trkpt>
<trkpt lat="-15.499446" lon="-70.130054">
<ele>3825.6</ele>
<time>2026-10-06T09:57:58-05:00</time>
</trkpt>
<trkpt lat="-15.499516" lon="-70.130025">
<ele>3826.3</ele>
<time>2026-10-06T09:58:00-05:00</time>
</trkpt>
<trkpt lat="-15.499564" lon="-70.129996">
<ele>3826.6</ele>
<time>2026-10-06T09:58:02-05:00</time>
</trkpt>
<trkpt lat="-15.499606" lon="-70.129966">
<ele>3825.8</ele>
<time>2026-10-06T09:58:04-05:00</time>
</trkpt>
<trkpt lat="-15.499647" lon="-70.12993">
<ele>3826.0</ele>
<time>2026-10-06T09:58:06-05:00</time>
</trkpt>
<trkpt lat="-15.499662" lon="-70.12991">
<ele>3826.1</ele>
<time>2026-10-06T09:58:08-05:00</time>
</trkpt>
<trkpt lat="-15.499702" lon="-70.129883">
<ele>3825.5</ele>
<time>2026-10-06T09:58:10-05:00</time>
</trkpt>
<trkpt lat="-15.499751" lon="-70.12986">
<ele>3825.5</ele>
<time>2026-10-06T09:58:12-05:00</time>
</trkpt>
<trkpt lat="-15.499814" lon="-70.129841">
<ele>3826.2</ele>
<time>2026-10-06T09:58:14-05:00</time>
</trkpt>
<trkpt lat="-15.499875" lon="-70.12981">
<ele>3825.9</ele>
<time>2026-10-06T09:58:16-05:00</time>
</trkpt>
<trkpt lat="-15.499934" lon="-70.12979">
<ele>3826.1</ele>
<time>2026-10-06T09:58:18-05:00</time>
</trkpt>
<trkpt lat="-15.500006" lon="-70.129768">
<ele>3825.9</ele>
<time>2026-10-06T09:58:20-05:00</time>
</trkpt>
<trkpt lat="-15.500069" lon="-70.129719">
<ele>3825.8</ele>
<time>2026-10-06T09:58:22-05:00</time>
</trkpt>
<trkpt lat="-15.500132" lon="-70.129688">
<ele>3826.6</ele>
<time>2026-10-06T09:58:24-05:00</time>
</trkpt>
<trkpt lat="-15.500189" lon="-70.129663">
<ele>3826.9</ele>
<time>2026-10-06T09:58:26-05:00</time>
</trkpt>
<trkpt lat="-15.500249" lon="-70.129642">
<ele>3826.4</ele>
<time>2026-10-06T09:58:28-05:00</time>
</trkpt>
<trkpt lat="-15.500299" lon="-70.12962">
<ele>3826.7</ele>
<time>2026-10-06T09:58:30-05:00</time>
</trkpt>
<trkpt lat="-15.500357" lon="-70.129582">
<ele>3827.5</ele>
<time>2026-10-06T09:58:32-05:00</time>
</trkpt>
<trkpt lat="-15.500405" lon="-70.129578">
<ele>3827.3</ele>
<time>2026-10-06T09:58:34-05:00</time>
</trkpt>
<trkpt lat="-15.500461" lon="-70.129564">
<ele>3827.9</ele>
<time>2026-10-06T09:58:36-05:00</time>
</trkpt>
<trkpt lat="-15.500517" lon="-70.129535">
<ele>3828.5</ele>
<time>2026-10-06T09:58:38-05:00</time>
</trkpt>
<trkpt lat="-15.500559" lon="-70.129532">
<ele>3827.4</ele>
<time>2026-10-06T09:58:40-05:00</time>
</trkpt>
<trkpt lat="-15.50061" lon="-70.129523">
<ele>3827.4</ele>
<time>2026-10-06T09:58:42-05:00</time>
</trkpt>
<trkpt lat="-15.500657" lon="-70.129496">
<ele>3828.4</ele>
<time>2026-10-06T09:58:44-05:00</time>
</trkpt>
<trkpt lat="-15.500726" lon="-70.129478">
<ele>3827.9</ele>
<time>2026-10-06T09:58:46-05:00</time>
</trkpt>
<trkpt lat="-15.500784" lon="-70.129439">
<ele>3827.2</ele>
<time>2026-10-06T09:58:48-05:00</time>
</trkpt>
<trkpt lat="-15.500832" lon="-70.12942">
<ele>3827.9</ele>
<time>2026-10-06T09:58:50-05:00</time>
</trkpt>
<trkpt lat="-15.5009" lon="-70.129417">
<ele>3828.0</ele>
<time>2026-10-06T09:58:52-05:00</time>
</trkpt>
<trkpt lat="-15.500964" lon="-70.12939">
<ele>3828.2</ele>
<time>2026-10-06T09:58:54-05:00</time>
</trkpt>
<trkpt lat="-15.501029" lon="-70.129365">
<ele>3828.4</ele>
<time>2026-10-06T09:58:56-05:00</time>
</trkpt>
<trkpt lat="-15.501086" lon="-70.129343">
<ele>3827.8</ele>
<time>2026-10-06T09:58:58-05:00</time>
</trkpt>
<trkpt lat="-15.501135" lon="-70.129315">
<ele>3828.5</ele>
<time>2026-10-06T09:59:00-05:00</time>
</trkpt>
<trkpt lat="-15.501182" lon="-70.129285">
<ele>3827.8</ele>
<time>2026-10-06T09:59:02-05:00</time>
</trkpt>
<trkpt lat="-15.501227" lon="-70.129249">
<ele>3828.3</ele>
<time>2026-10-06T09:59:04-05:00</time>
</trkpt>
<trkpt lat="-15.501298" lon="-70.129227">
<ele>3827.8</ele>
<time>2026-10-06T09:59:06-05:00</time>
</trkpt>
<trkpt lat="-15.501342" lon="-70.129204">
<ele>3827.8</ele>
<time>2026-10-06T09:59:08-05:00</time>
</trkpt>
<trkpt lat="-15.501391" lon="-70.129187">
<ele>3828.4</ele>
<time>2026-10-06T09:59:10-05:00</time>
</trkpt>
<trkpt lat="-15.501446" lon="-70.129168">
<ele>3828.3</ele>
<time>2026-10-06T09:59:12-05:00</time>
</trkpt>
<trkpt lat="-15.501493" lon="-70.129158">
<ele>3828.3</ele>
<time>2026-10-06T09:59:14-05:00</time>
</trkpt>
<trkpt lat="-15.501552" lon="-70.12913">
<ele>3828.6</ele>
<time>2026-10-06T09:59:16-05:00</time>
</trkpt>
<trkpt lat="-15.501607" lon="-70.129109">
<ele>3827.8</ele>
<time>2026-10-06T09:59:18-05:00</time>
</trkpt>
<trkpt lat="-15.501666" lon="-70.12908">
<ele>3828.3</ele>
<time>2026-10-06T09:59:20-05:00</time>
</trkpt>
<trkpt lat="-15.501737" lon="-70.129063">
<ele>3828.1</ele>
<time>2026-10-06T09:59:22-05:00</time>
</trkpt>
<trkpt lat="-15.501788" lon="-70.129031">
<ele>3828.5</ele>
<time>2026-10-06T09:59:24-05:00</time>
</trkpt>
<trkpt lat="-15.501851" lon="-70.129003">
<ele>3828.6</ele>
<time>2026-10-06T09:59:26-05:00</time>
</trkpt>
<trkpt lat="-15.501911" lon="-70.128988">
<ele>3828.5</ele>
<time>2026-10-06T09:59:28-05:00</time>
</trkpt>
<trkpt lat="-15.501991" lon="-70.128954">
<ele>3828.5</ele>
<time>2026-10-06T09:59:30-05:00</time>
</trkpt>
<trkpt lat="-15.502029" lon="-70.128931">
<ele>3828.8</ele>
<time>2026-10-06T09:59:32-05:00</time>
</trkpt>
<trkpt lat="-15.502102" lon="-70.128912">
<ele>3829.4</ele>
<time>2026-10-06T09:59:34-05:00</time>
</trkpt>
<trkpt lat="-15.502159" lon="-70.128891">
<ele>3828.2</ele>
<time>2026-10-06T09:59:36-05:00</time>
</trkpt>
<trkpt lat="-15.50221" lon="-70.128866">
<ele>3829.1</ele>
<time>2026-10-06T09:59:38-05:00</time>
</trkpt>
<trkpt lat="-15.502268" lon="-70.12884">
<ele>3828.6</ele>
<time>2026-10-06T09:59:40-05:00</time>
</trkpt>
<trkpt lat="-15.502326" lon="-70.128827">
<ele>3828.4</ele>
<time>2026-10-06T09:59:42-05:00</time>
</trkpt>
<trkpt lat="-15.502384" lon="-70.128791">
<ele>3829.1</ele>
<time>2026-10-06T09:59:44-05:00</time>
</trkpt>
<trkpt lat="-15.502433" lon="-70.128778">
<ele>3829.2</ele>
<time>2026-10-06T09:59:46-05:00</time>
</trkpt>
<trkpt lat="-15.502472" lon="-70.128748">
<ele>3829.1</ele>
<time>2026-10-06T09:59:48-05:00</time>
</trkpt>
<trkpt lat="-15.50253" lon="-70.128728">
<ele>3828.2</ele>
<time>2026-10-06T09:59:50-05:00</time>
</trkpt>
<trkpt lat="-15.502594" lon="-70.128711">
<ele>3829.0</ele>
<time>2026-10-06T09:59:52-05:00</time>
</trkpt>
<trkpt lat="-15.502638" lon="-70.128703">
<ele>3828.0</ele>
<time>2026-10-06T09:59:54-05:00</time>
</trkpt>
<trkpt lat="-15.502696" lon="-70.128682">
<ele>3828.0</ele>
<time>2026-10-06T09:59:56-05:00</time>
</trkpt>
<trkpt lat="-15.502776" lon="-70.128662">
<ele>3828.5</ele>
<time>2026-10-06T09:59:58-05:00</time>
</trkpt>
<trkpt lat="-15.502838" lon="-70.128644">
<ele>3828.0</ele>
<time>2026-10-06T10:00:00-05:00</time>
</trkpt>
<trkpt lat="-15.502922" lon="-70.128615">
<ele>3827.9</ele>
<time>2026-10-06T10:00:02-05:00</time>
</trkpt>
<trkpt lat="-15.502978" lon="-70.128581">
<ele>3827.5</ele>
<time>2026-10-06T10:00:04-05:00</time>
</trkpt>
<trkpt lat="-15.503037" lon="-70.128563">
<ele>3827.5</ele>
<time>2026-10-06T10:00:06-05:00</time>
</trkpt>
<trkpt lat="-15.503101" lon="-70.128531">
<ele>3827.1</ele>
<time>2026-10-06T10:00:08-05:00</time>
</trkpt>
<trkpt lat="-15.50314" lon="-70.128508">
<ele>3827.4</ele>
<time>2026-10-06T10:00:10-05:00</time>
</trkpt>
<trkpt lat="-15.503193" lon="-70.128469">
<ele>3826.7</ele>
<time>2026-10-06T10:00:12-05:00</time>
</trkpt>
<trkpt lat="-15.50321" lon="-70.128455">
<ele>3827.3</ele>
<time>2026-10-06T10:00:14-05:00</time>
</trkpt>
<trkpt lat="-15.503265" lon="-70.128473">
<ele>3827.1</ele>
<time>2026-10-06T10:00:16-05:00</time>
</trkpt>
<trkpt lat="-15.503336" lon="-70.128454">
<ele>3827.3</ele>
<time>2026-10-06T10:00:18-05:00</time>
</trkpt>
<trkpt lat="-15.50342" lon="-70.12841">
<ele>3827.3</ele>
<time>2026-10-06T10:00:20-05:00</time>
</trkpt>
<trkpt lat="-15.503511" lon="-70.128383">
<ele>3827.0</ele>
<time>2026-10-06T10:00:22-05:00</time>
</trkpt>
<trkpt lat="-15.503612" lon="-70.128352">
<ele>3827.2</ele>
<time>2026-10-06T10:00:24-05:00</time>
</trkpt>
<trkpt lat="-15.503734" lon="-70.128323">
<ele>3826.9</ele>
<time>2026-10-06T10:00:26-05:00</time>
</trkpt>
<trkpt lat="-15.503845" lon="-70.128301">
<ele>3827.0</ele>
<time>2026-10-06T10:00:28-05:00</time>
</trkpt>
<trkpt lat="-15.503964" lon="-70.128262">
<ele>3827.2</ele>
<time>2026-10-06T10:00:30-05:00</time>
</trkpt>
<trkpt lat="-15.504079" lon="-70.128229">
<ele>3827.4</ele>
<time>2026-10-06T10:00:32-05:00</time>
</trkpt>
<trkpt lat="-15.504144" lon="-70.128194">
<ele>3827.7</ele>
<time>2026-10-06T10:00:34-05:00</time>
</trkpt>
<trkpt lat="-15.504218" lon="-70.128189">
<ele>3826.6</ele>
<time>2026-10-06T10:00:36-05:00</time>
</trkpt>
<trkpt lat="-15.504229" lon="-70.128177">
<ele>3826.9</ele>
<time>2026-10-06T10:00:38-05:00</time>
</trkpt>
<trkpt lat="-15.504239" lon="-70.12817">
<ele>3826.4</ele>
<time>2026-10-06T10:00:40-05:00</time>
</trkpt>
<trkpt lat="-15.504251" lon="-70.128177">
<ele>3827.0</ele>
<time>2026-10-06T10:00:42-05:00</time>
</trkpt>
<trkpt lat="-15.504253" lon="-70.12817">
<ele>3827.0</ele>
<time>2026-10-06T10:00:44-05:00</time>
</trkpt>
<trkpt lat="-15.504256" lon="-70.128169">
<ele>3827.0</ele>
<time>2026-10-06T10:00:46-05:00</time>
</trkpt>
<trkpt lat="-15.50424" lon="-70.128181">
<ele>3826.8</ele>
<time>2026-10-06T10:00:48-05:00</time>
</trkpt>
<trkpt lat="-15.50425" lon="-70.128186">
<ele>3826.6</ele>
<time>2026-10-06T10:00:50-05:00</time>
</trkpt>
<trkpt lat="-15.504252" lon="-70.128182">
<ele>3826.9</ele>
<time>2026-10-06T10:00:52-05:00</time>
</trkpt>
<trkpt lat="-15.504261" lon="-70.128185">
<ele>3827.1</ele>
<time>2026-10-06T10:00:54-05:00</time>
</trkpt>
<trkpt lat="-15.504265" lon="-70.128192">
<ele>3827.3</ele>
<time>2026-10-06T10:00:56-05:00</time>
</trkpt>
<trkpt lat="-15.504269" lon="-70.128193">
<ele>3827.1</ele>
<time>2026-10-06T10:00:58-05:00</time>
</trkpt>
<trkpt lat="-15.50425" lon="-70.128186">
<ele>3826.7</ele>
<time>2026-10-06T10:01:00-05:00</time>
</trkpt>
<trkpt lat="-15.504244" lon="-70.128198">
<ele>3827.2</ele>
<time>2026-10-06T10:01:02-05:00</time>
</trkpt>
<trkpt lat="-15.504243" lon="-70.128211">
<ele>3827.2</ele>
<time>2026-10-06T10:01:04-05:00</time>
</trkpt>
<trkpt lat="-15.504241" lon="-70.128201">
<ele>3826.2</ele>
<time>2026-10-06T10:01:06-05:00</time>
</trkpt>
<trkpt lat="-15.504238" lon="-70.12821">
<ele>3827.6</ele>
<time>2026-10-06T10:01:08-05:00</time>
</trkpt>
<trkpt lat="-15.504247" lon="-70.128205">
<ele>3827.0</ele>
<time>2026-10-06T10:01:10-05:00</time>
</trkpt>
<trkpt lat="-15.504274" lon="-70.128184">
<ele>3827.0</ele>
<time>2026-10-06T10:01:12-05:00</time>
</trkpt>
<trkpt lat="-15.504343" lon="-70.128127">
<ele>3826.7</ele>
<time>2026-10-06T10:01:14-05:00</time>
</trkpt>
<trkpt lat="-15.504448" lon="-70.128049">
<ele>3827.3</ele>
<time>2026-10-06T10:01:16-05:00</time>
</trkpt>
<trkpt lat="-15.504595" lon="-70.127993">
<ele>3827.4</ele>
<time>2026-10-06T10:01:18-05:00</time>
</trkpt>
<trkpt lat="-15.50476" lon="-70.127929">
<ele>3826.6</ele>
<time>2026-10-06T10:01:20-05:00</time>
</trkpt>
<trkpt lat="-15.504935" lon="-70.127866">
<ele>3826.8</ele>
<time>2026-10-06T10:01:22-05:00</time>
</trkpt>
<trkpt lat="-15.505061" lon="-70.127807">
<ele>3826.7</ele>
<time>2026-10-06T10:01:24-05:00</time>
</trkpt>
<trkpt lat="-15.505138" lon="-70.12779">
<ele>3826.4</ele>
<time>2026-10-06T10:01:26-05:00</time>
</trkpt>
<trkpt lat="-15.505161" lon="-70.127788">
<ele>3826.2</ele>
<time>2026-10-06T10:01:28-05:00</time>
</trkpt>
<trkpt lat="-15.505165" lon="-70.127778">
<ele>3825.7</ele>
<time>2026-10-06T10:01:30-05:00</time>
</trkpt>
<trkpt lat="-15.505167" lon="-70.127775">
<ele>3826.1</ele>
<time>2026-10-06T10:01:32-05:00</time>
</trkpt>
<trkpt lat="-15.505168" lon="-70.127762">
<ele>3826.3</ele>
<time>2026-10-06T10:01:34-05:00</time>
</trkpt>
<trkpt lat="-15.505156" lon="-70.127748">
<ele>3825.8</ele>
<time>2026-10-06T10:01:36-05:00</time>
</trkpt>
<trkpt lat="-15.505154" lon="-70.127753">
<ele>3826.5</ele>
<time>2026-10-06T10:01:38-05:00</time>
</trkpt>
<trkpt lat="-15.505146" lon="-70.127759">
<ele>3825.9</ele>
<time>2026-10-06T10:01:40-05:00</time>
</trkpt>
<trkpt lat="-15.505159" lon="-70.12775">
<ele>3825.4</ele>
<time>2026-10-06T10:01:42-05:00</time>
</trkpt>
<trkpt lat="-15.505134" lon="-70.12777">
<ele>3826.2</ele>
<time>2026-10-06T10:01:44-05:00</time>
</trkpt>
<trkpt lat="-15.505178" lon="-70.127841">
<ele>3825.8</ele>
<time>2026-10-06T10:01:46-05:00</time>
</trkpt>
<trkpt lat="-15.505211" lon="-70.127967">
<ele>3826.7</ele>
<time>2026-10-06T10:01:48-05:00</time>
</trkpt>
<trkpt lat="-15.505274" lon="-70.128114">
<ele>3827.5</ele>
<time>2026-10-06T10:01:50-05:00</time>
</trkpt>
<trkpt lat="-15.505329" lon="-70.128261">
<ele>3826.1</ele>
<time>2026-10-06T10:01:52-05:00</time>
</trkpt>
<trkpt lat="-15.505356" lon="-70.128383">
<ele>3826.5</ele>
<time>2026-10-06T10:01:54-05:00</time>
</trkpt>
<trkpt lat="-15.505383" lon="-70.128455">
<ele>3827.1</ele>
<time>2026-10-06T10:01:56-05:00</time>
</trkpt>
<trkpt lat="-15.505423" lon="-70.128529">
<ele>3826.6</ele>
<time>2026-10-06T10:01:58-05:00</time>
</trkpt>
<trkpt lat="-15.505475" lon="-70.128541">
<ele>3827.2</ele>
<time>2026-10-06T10:02:00-05:00</time>
</trkpt>
<trkpt lat="-15.505553" lon="-70.12855">
<ele>3827.6</ele>
<time>2026-10-06T10:02:02-05:00</time>
</trkpt>
<trkpt lat="-15.505648" lon="-70.128578">
<ele>3826.4</ele>
<time>2026-10-06T10:02:04-05:00</time>
</trkpt>
<trkpt lat="-15.505749" lon="-70.128589">
<ele>3827.8</ele>
<time>2026-10-06T10:02:06-05:00</time>
</trkpt>
<trkpt lat="-15.505867" lon="-70.128573">
<ele>3827.4</ele>
<time>2026-10-06T10:02:08-05:00</time>
</trkpt>
<trkpt lat="-15.506011" lon="-70.128566">
<ele>3826.6</ele>
<time>2026-10-06T10:02:10-05:00</time>
</trkpt>
<trkpt lat="-15.506172" lon="-70.128562">
<ele>3827.0</ele>
<time>2026-10-06T10:02:12-05:00</time>
</trkpt>
<trkpt lat="-15.506301" lon="-70.128561">
<ele>3827.1</ele>
<time>2026-10-06T10:02:14-05:00</time>
</trkpt>
<trkpt lat="-15.506404" lon="-70.128564">
<ele>3827.0</ele>
<time>2026-10-06T10:02:16-05:00</time>
</trkpt>
<trkpt lat="-15.506482" lon="-70.12857">
<ele>3827.0</ele>
<time>2026-10-06T10:02:18-05:00</time>
</trkpt>
<trkpt lat="-15.506534" lon="-70.128572">
<ele>3826.7</ele>
<time>2026-10-06T10:02:20-05:00</time>
</trkpt>
<trkpt lat="-15.506543" lon="-70.128577">
<ele>3827.3</ele>
<time>2026-10-06T10:02:22-05:00</time>
</trkpt>
<trkpt lat="-15.50654" lon="-70.128553">
<ele>3827.7</ele>
<time>2026-10-06T10:02:24-05:00</time>
</trkpt>
<trkpt lat="-15.506527" lon="-70.128539">
<ele>3826.3</ele>
<time>2026-10-06T10:02:26-05:00</time>
</trkpt>
<trkpt lat="-15.506515" lon="-70.128544">
<ele>3827.2</ele>
<time>2026-10-06T10:02:28-05:00</time>
</trkpt>
<trkpt lat="-15.50651" lon="-70.128542">
<ele>3827.1</ele>
<time>2026-10-06T10:02:30-05:00</time>
</trkpt>
<trkpt lat="-15.506507" lon="-70.128546">
<ele>3827.3</ele>
<time>2026-10-06T10:02:32-05:00</time>
</trkpt>
<trkpt lat="-15.506522" lon="-70.12855">
<ele>3827.1</ele>
<time>2026-10-06T10:02:34-05:00</time>
</trkpt>
<trkpt lat="-15.506561" lon="-70.128549">
<ele>3826.9</ele>
<time>2026-10-06T10:02:36-05:00</time>
</trkpt>
<trkpt lat="-15.506623" lon="-70.128541">
<ele>3826.7</ele>
<time>2026-10-06T10:02:38-05:00</time>
</trkpt>
<trkpt lat="-15.506721" lon="-70.128538">
<ele>3827.3</ele>
<time>2026-10-06T10:02:40-05:00</time>
</trkpt>
<trkpt lat="-15.506845" lon="-70.128528">
<ele>3827.2</ele>
<time>2026-10-06T10:02:42-05:00</time>
</trkpt>
<trkpt lat="-15.507" lon="-70.128558">
<ele>3827.3</ele>
<time>2026-10-06T10:02:44-05:00</time>
</trkpt>
<trkpt lat="-15.507127" lon="-70.128558">
<ele>3827.8</ele>
<time>2026-10-06T10:02:46-05:00</time>
</trkpt>
<trkpt lat="-15.507268" lon="-70.128574">
<ele>3826.8</ele>
<time>2026-10-06T10:02:48-05:00</time>
</trkpt>
<trkpt lat="-15.507404" lon="-70.128566">
<ele>3827.0</ele>
<time>2026-10-06T10:02:50-05:00</time>
</trkpt>
<trkpt lat="-15.507548" lon="-70.128577">
<ele>3827.5</ele>
<time>2026-10-06T10:02:52-05:00</time>
</trkpt>
<trkpt lat="-15.507666" lon="-70.12858">
<ele>3826.9</ele>
<time>2026-10-06T10:02:54-05:00</time>
</trkpt>
<trkpt lat="-15.507757" lon="-70.12856">
<ele>3827.3</ele>
<time>2026-10-06T10:02:56-05:00</time>
</trkpt>
<trkpt lat="-15.507842" lon="-70.128587">
<ele>3827.0</ele>
<time>2026-10-06T10:02:58-05:00</time>
</trkpt>
<trkpt lat="-15.507912" lon="-70.128603">
<ele>3825.9</ele>
<time>2026-10-06T10:03:00-05:00</time>
</trkpt>
<trkpt lat="-15.507992" lon="-70.128596">
<ele>3827.0</ele>
<time>2026-10-06T10:03:02-05:00</time>
</trkpt>
<trkpt lat="-15.508075" lon="-70.128588">
<ele>3826.9</ele>
<time>2026-10-06T10:03:04-05:00</time>
</trkpt>
<trkpt lat="-15.508168" lon="-70.128576">
<ele>3826.9</ele>
<time>2026-10-06T10:03:06-05:00</time>
</trkpt>
<trkpt lat="-15.508258" lon="-70.128569">
<ele>3827.5</ele>
<time>2026-10-06T10:03:08-05:00</time>
</trkpt>
<trkpt lat="-15.508354" lon="-70.128569">
<ele>3827.1</ele>
<time>2026-10-06T10:03:10-05:00</time>
</trkpt>
<trkpt lat="-15.508431" lon="-70.128562">
<ele>3827.9</ele>
<time>2026-10-06T10:03:12-05:00</time>
</trkpt>
<trkpt lat="-15.508519" lon="-70.128553">
<ele>3827.6</ele>
<time>2026-10-06T10:03:14-05:00</time>
</trkpt>
<trkpt lat="-15.508657" lon="-70.128573">
<ele>3827.5</ele>
<time>2026-10-06T10:03:16-05:00</time>
</trkpt>
<trkpt lat="-15.50876" lon="-70.128552">
<ele>3826.6</ele>
<time>2026-10-06T10:03:18-05:00</time>
</trkpt>
<trkpt lat="-15.508879" lon="-70.128555">
<ele>3827.2</ele>
<time>2026-10-06T10:03:20-05:00</time>
</trkpt>
<trkpt lat="-15.509014" lon="-70.128582">
<ele>3827.2</ele>
<time>2026-10-06T10:03:22-05:00</time>
</trkpt>
<trkpt lat="-15.509124" lon="-70.128582">
<ele>3827.4</ele>
<time>2026-10-06T10:03:24-05:00</time>
</trkpt>
<trkpt lat="-15.509183" lon="-70.12858">
<ele>3827.2</ele>
<time>2026-10-06T10:03:26-05:00</time>
</trkpt>
<trkpt lat="-15.509211" lon="-70.128572">
<ele>3827.2</ele>
<time>2026-10-06T10:03:28-05:00</time>
</trkpt>
<trkpt lat="-15.509199" lon="-70.128562">
<ele>3827.2</ele>
<time>2026-10-06T10:03:30-05:00</time>
</trkpt>
<trkpt lat="-15.509188" lon="-70.12856">
<ele>3826.7</ele>
<time>2026-10-06T10:03:32-05:00</time>
</trkpt>
<trkpt lat="-15.50917" lon="-70.128546">
<ele>3826.9</ele>
<time>2026-10-06T10:03:34-05:00</time>
</trkpt>
<trkpt lat="-15.50917" lon="-70.12854">
<ele>3826.9</ele>
<time>2026-10-06T10:03:36-05:00</time>
</trkpt>
<trkpt lat="-15.50917" lon="-70.128545">
<ele>3827.4</ele>
<time>2026-10-06T10:03:38-05:00</time>
</trkpt>
<trkpt lat="-15.509176" lon="-70.128524">
<ele>3826.6</ele>
<time>2026-10-06T10:03:40-05:00</time>
</trkpt>
<trkpt lat="-15.509186" lon="-70.128547">
<ele>3826.9</ele>
<time>2026-10-06T10:03:42-05:00</time>
</trkpt>
<trkpt lat="-15.509187" lon="-70.128555">
<ele>3827.6</ele>
<time>2026-10-06T10:03:44-05:00</time>
</trkpt>
<trkpt lat="-15.509186" lon="-70.128559">
<ele>3826.3</ele>
<time>2026-10-06T10:03:46-05:00</time>
</trkpt>
<trkpt lat="-15.509188" lon="-70.128548">
<ele>3827.0</ele>
<time>2026-10-06T10:03:48-05:00</time>
</trkpt>
<trkpt lat="-15.50919" lon="-70.128556">
<ele>3827.3</ele>
<time>2026-10-06T10:03:50-05:00</time>
</trkpt>
<trkpt lat="-15.509185" lon="-70.128558">
<ele>3826.9</ele>
<time>2026-10-06T10:03:52-05:00</time>
</trkpt>
<trkpt lat="-15.509246" lon="-70.128587">
<ele>3826.3</ele>
<time>2026-10-06T10:03:54-05:00</time>
</trkpt>
<trkpt lat="-15.509322" lon="-70.128595">
<ele>3826.1</ele>
<time>2026-10-06T10:03:56-05:00</time>
</trkpt>
<trkpt lat="-15.509468" lon="-70.128616">
<ele>3827.1</ele>
<time>2026-10-06T10:03:58-05:00</time>
</trkpt>
<trkpt lat="-15.509586" lon="-70.128648">
<ele>3826.1</ele>
<time>2026-10-06T10:04:00-05:00</time>
</trkpt>
<trkpt lat="-15.509678" lon="-70.12867">
<ele>3825.6</ele>
<time>2026-10-06T10:04:02-05:00</time>
</trkpt>
<trkpt lat="-15.509782" lon="-70.128685">
<ele>3825.3</ele>
<time>2026-10-06T10:04:04-05:00</time>
</trkpt>
<trkpt lat="-15.509868" lon="-70.128715">
<ele>3826.0</ele>
<time>2026-10-06T10:04:06-05:00</time>
</trkpt>
<trkpt lat="-15.509941" lon="-70.128731">
<ele>3826.7</ele>
<time>2026-10-06T10:04:08-05:00</time>
</trkpt>
<trkpt lat="-15.510035" lon="-70.128745">
<ele>3825.8</ele>
<time>2026-10-06T10:04:10-05:00</time>
</trkpt>
<trkpt lat="-15.510125" lon="-70.128742">
<ele>3826.4</ele>
<time>2026-10-06T10:04:12-05:00</time>
</trkpt>
<trkpt lat="-15.510205" lon="-70.128735">
<ele>3826.5</ele>
<time>2026-10-06T10:04:14-05:00</time>
</trkpt>
<trkpt lat="-15.51029" lon="-70.128755">
<ele>3825.9</ele>
<time>2026-10-06T10:04:16-05:00</time>
</trkpt>
<trkpt lat="-15.510381" lon="-70.128775">
<ele>3825.4</ele>
<time>2026-10-06T10:04:18-05:00</time>
</trkpt>
<trkpt lat="-15.510464" lon="-70.128806">
<ele>3826.4</ele>
<time>2026-10-06T10:04:20-05:00</time>
</trkpt>
<trkpt lat="-15.51054" lon="-70.128825">
<ele>3825.8</ele>
<time>2026-10-06T10:04:22-05:00</time>
</trkpt>
<trkpt lat="-15.510643" lon="-70.128844">
<ele>3826.1</ele>
<time>2026-10-06T10:04:24-05:00</time>
</trkpt>
<trkpt lat="-15.51071" lon="-70.128863">
<ele>3825.5</ele>
<time>2026-10-06T10:04:26-05:00</time>
</trkpt>
<trkpt lat="-15.510785" lon="-70.128899">
<ele>3825.7</ele>
<time>2026-10-06T10:04:28-05:00</time>
</trkpt>
<trkpt lat="-15.510875" lon="-70.128942">
<ele>3825.4</ele>
<time>2026-10-06T10:04:30-05:00</time>
</trkpt>
<trkpt lat="-15.510983" lon="-70.128958">
<ele>3826.8</ele>
<time>2026-10-06T10:04:32-05:00</time>
</trkpt>
<trkpt lat="-15.511068" lon="-70.128973">
<ele>3825.7</ele>
<time>2026-10-06T10:04:34-05:00</time>
</trkpt>
<trkpt lat="-15.511139" lon="-70.129001">
<ele>3826.6</ele>
<time>2026-10-06T10:04:36-05:00</time>
</trkpt>
<trkpt lat="-15.511237" lon="-70.129021">
<ele>3826.3</ele>
<time>2026-10-06T10:04:38-05:00</time>
</trkpt>
<trkpt lat="-15.511329" lon="-70.129029">
<ele>3826.7</ele>
<time>2026-10-06T10:04:40-05:00</time>
</trkpt>
<trkpt lat="-15.511417" lon="-70.129049">
<ele>3826.1</ele>
<time>2026-10-06T10:04:42-05:00</time>
</trkpt>
<trkpt lat="-15.511518" lon="-70.129083">
<ele>3826.4</ele>
<time>2026-10-06T10:04:44-05:00</time>
</trkpt>
<trkpt lat="-15.511619" lon="-70.129096">
<ele>3825.9</ele>
<time>2026-10-06T10:04:46-05:00</time>
</trkpt>
<trkpt lat="-15.511702" lon="-70.129123">
<ele>3826.0</ele>
<time>2026-10-06T10:04:48-05:00</time>
</trkpt>
<trkpt lat="-15.511785" lon="-70.129164">
<ele>3827.2</ele>
<time>2026-10-06T10:04:50-05:00</time>
</trkpt>
<trkpt lat="-15.511876" lon="-70.129194">
<ele>3826.7</ele>
<time>2026-10-06T10:04:52-05:00</time>
</trkpt>
<trkpt lat="-15.511971" lon="-70.129218">
<ele>3826.7</ele>
<time>2026-10-06T10:04:54-05:00</time>
</trkpt>
<trkpt lat="-15.512056" lon="-70.129235">
<ele>3825.8</ele>
<time>2026-10-06T10:04:56-05:00</time>
</trkpt>
<trkpt lat="-15.512133" lon="-70.129261">
<ele>3827.3</ele>
<time>2026-10-06T10:04:58-05:00</time>
</trkpt>
<trkpt lat="-15.512217" lon="-70.129268">
<ele>3826.1</ele>
<time>2026-10-06T10:05:00-05:00</time>
</trkpt>
<trkpt lat="-15.5123" lon="-70.129285">
<ele>3826.8</ele>
<time>2026-10-06T10:05:02-05:00</time>
</trkpt>
<trkpt lat="-15.512401" lon="-70.129296">
<ele>3826.3</ele>
<time>2026-10-06T10:05:04-05:00</time>
</trkpt>
<trkpt lat="-15.512494" lon="-70.129306">
<ele>3826.2</ele>
<time>2026-10-06T10:05:06-05:00</time>
</trkpt>
<trkpt lat="-15.512565" lon="-70.129327">
<ele>3825.8</ele>
<time>2026-10-06T10:05:08-05:00</time>
</trkpt>
<trkpt lat="-15.512657" lon="-70.129362">
<ele>3825.8</ele>
<time>2026-10-06T10:05:10-05:00</time>
</trkpt>
<trkpt lat="-15.512754" lon="-70.129376">
<ele>3826.8</ele>
<time>2026-10-06T10:05:12-05:00</time>
</trkpt>
<trkpt lat="-15.512844" lon="-70.12942">
<ele>3826.9</ele>
<time>2026-10-06T10:05:14-05:00</time>
</trkpt>
<trkpt lat="-15.512934" lon="-70.129457">
<ele>3827.7</ele>
<time>2026-10-06T10:05:16-05:00</time>
</trkpt>
<trkpt lat="-15.513024" lon="-70.129484">
<ele>3827.6</ele>
<time>2026-10-06T10:05:18-05:00</time>
</trkpt>
<trkpt lat="-15.513087" lon="-70.12952">
<ele>3827.2</ele>
<time>2026-10-06T10:05:20-05:00</time>
</trkpt>
<trkpt lat="-15.51316" lon="-70.12957">
<ele>3827.9</ele>
<time>2026-10-06T10:05:22-05:00</time>
</trkpt>
<trkpt lat="-15.513278" lon="-70.129594">
<ele>3826.9</ele>
<time>2026-10-06T10:05:24-05:00</time>
</trkpt>
<trkpt lat="-15.513375" lon="-70.129655">
<ele>3827.6</ele>
<time>2026-10-06T10:05:26-05:00</time>
</trkpt>
<trkpt lat="-15.513378" lon="-70.129671">
<ele>3827.0</ele>
<time>2026-10-06T10:05:28-05:00</time>
</trkpt>
<trkpt lat="-15.513395" lon="-70.129671">
<ele>3828.0</ele>
<time>2026-10-06T10:05:30-05:00</time>
</trkpt>
<trkpt lat="-15.513395" lon="-70.129672">
<ele>3827.8</ele>
<time>2026-10-06T10:05:32-05:00</time>
</trkpt>
<trkpt lat="-15.513396" lon="-70.129678">
<ele>3827.8</ele>
<time>2026-10-06T10:05:34-05:00</time>
</trkpt>
<trkpt lat="-15.51339" lon="-70.129687">
<ele>3828.0</ele>
<time>2026-10-06T10:05:36-05:00</time>
</trkpt>
<trkpt lat="-15.513383" lon="-70.129684">
<ele>3827.5</ele>
<time>2026-10-06T10:05:38-05:00</time>
</trkpt>
<trkpt lat="-15.513385" lon="-70.129674">
<ele>3827.8</ele>
<time>2026-10-06T10:05:40-05:00</time>
</trkpt>
<trkpt lat="-15.513388" lon="-70.12967">
<ele>3827.7</ele>
<time>2026-10-06T10:05:42-05:00</time>
</trkpt>
<trkpt lat="-15.513395" lon="-70.129669">
<ele>3828.5</ele>
<time>2026-10-06T10:05:44-05:00</time>
</trkpt>
<trkpt lat="-15.513389" lon="-70.129653">
<ele>3827.9</ele>
<time>2026-10-06T10:05:46-05:00</time>
</trkpt>
<trkpt lat="-15.513372" lon="-70.129649">
<ele>3827.2</ele>
<time>2026-10-06T10:05:48-05:00</time>
</trkpt>
<trkpt lat="-15.513361" lon="-70.12965">
<ele>3828.0</ele>
<time>2026-10-06T10:05:50-05:00</time>
</trkpt>
<trkpt lat="-15.513361" lon="-70.129636">
<ele>3827.9</ele>
<time>2026-10-06T10:05:52-05:00</time>
</trkpt>
<trkpt lat="-15.513371" lon="-70.129635">
<ele>3827.8</ele>
<time>2026-10-06T10:05:54-05:00</time>
</trkpt>
<trkpt lat="-15.513377" lon="-70.129615">
<ele>3828.2</ele>
<time>2026-10-06T10:05:56-05:00</time>
</trkpt>
<trkpt lat="-15.513377" lon="-70.129617">
<ele>3828.1</ele>
<time>2026-10-06T10:05:58-05:00</time>
</trkpt>
<trkpt lat="-15.513415" lon="-70.129628">
<ele>3828.2</ele>
<time>2026-10-06T10:06:00-05:00</time>
</trkpt>
<trkpt lat="-15.513503" lon="-70.129652">
<ele>3827.6</ele>
<time>2026-10-06T10:06:02-05:00</time>
</trkpt>
<trkpt lat="-15.513646" lon="-70.129716">
<ele>3827.9</ele>
<time>2026-10-06T10:06:04-05:00</time>
</trkpt>
<trkpt lat="-15.513738" lon="-70.129775">
<ele>3827.7</ele>
<time>2026-10-06T10:06:06-05:00</time>
</trkpt>
<trkpt lat="-15.513825" lon="-70.129803">
<ele>3828.1</ele>
<time>2026-10-06T10:06:08-05:00</time>
</trkpt>
<trkpt lat="-15.513899" lon="-70.12977">
<ele>3827.6</ele>
<time>2026-10-06T10:06:10-05:00</time>
</trkpt>
<trkpt lat="-15.514005" lon="-70.129748">
<ele>3828.2</ele>
<time>2026-10-06T10:06:12-05:00</time>
</trkpt>
<trkpt lat="-15.51412" lon="-70.129707">
<ele>3827.4</ele>
<time>2026-10-06T10:06:14-05:00</time>
</trkpt>
<trkpt lat="-15.514223" lon="-70.129684">
<ele>3827.2</ele>
<time>2026-10-06T10:06:16-05:00</time>
</trkpt>
<trkpt lat="-15.514342" lon="-70.129648">
<ele>3827.6</ele>
<time>2026-10-06T10:06:18-05:00</time>
</trkpt>
<trkpt lat="-15.514423" lon="-70.129599">
<ele>3826.9</ele>
<time>2026-10-06T10:06:20-05:00</time>
</trkpt>
<trkpt lat="-15.514499" lon="-70.129567">
<ele>3826.6</ele>
<time>2026-10-06T10:06:22-05:00</time>
</trkpt>
<trkpt lat="-15.514578" lon="-70.12951">
<ele>3827.0</ele>
<time>2026-10-06T10:06:24-05:00</time>
</trkpt>
<trkpt lat="-15.514659" lon="-70.129464">
<ele>3826.5</ele>
<time>2026-10-06T10:06:26-05:00</time>
</trkpt>
<trkpt lat="-15.514762" lon="-70.129419">
<ele>3827.3</ele>
<time>2026-10-06T10:06:28-05:00</time>
</trkpt>
<trkpt lat="-15.514846" lon="-70.129385">
<ele>3827.0</ele>
<time>2026-10-06T10:06:30-05:00</time>
</trkpt>
<trkpt lat="-15.514918" lon="-70.129364">
<ele>3826.7</ele>
<time>2026-10-06T10:06:32-05:00</time>
</trkpt>
<trkpt lat="-15.515" lon="-70.129332">
<ele>3826.9</ele>
<time>2026-10-06T10:06:34-05:00</time>
</trkpt>
<trkpt lat="-15.515082" lon="-70.129309">
<ele>3826.5</ele>
<time>2026-10-06T10:06:36-05:00</time>
</trkpt>
<trkpt lat="-15.515185" lon="-70.129263">
<ele>3827.0</ele>
<time>2026-10-06T10:06:38-05:00</time>
</trkpt>
<trkpt lat="-15.515277" lon="-70.129225">
<ele>3826.9</ele>
<time>2026-10-06T10:06:40-05:00</time>
</trkpt>
<trkpt lat="-15.515379" lon="-70.129199">
<ele>3826.6</ele>
<time>2026-10-06T10:06:42-05:00</time>
</trkpt>
<trkpt lat="-15.515478" lon="-70.12918">
<ele>3827.1</ele>
<time>2026-10-06T10:06:44-05:00</time>
</trkpt>
<trkpt lat="-15.51557" lon="-70.12911">
<ele>3826.8</ele>
<time>2026-10-06T10:06:46-05:00</time>
</trkpt>
<trkpt lat="-15.515657" lon="-70.129074">
<ele>3826.5</ele>
<time>2026-10-06T10:06:48-05:00</time>
</trkpt>
<trkpt lat="-15.515745" lon="-70.129044">
<ele>3827.2</ele>
<time>2026-10-06T10:06:50-05:00</time>
</trkpt>
<trkpt lat="-15.515853" lon="-70.129002">
<ele>3826.6</ele>
<time>2026-10-06T10:06:52-05:00</time>
</trkpt>
<trkpt lat="-15.515952" lon="-70.128961">
<ele>3826.4</ele>
<time>2026-10-06T10:06:54-05:00</time>
</trkpt>
<trkpt lat="-15.516069" lon="-70.128912">
<ele>3826.1</ele>
<time>2026-10-06T10:06:56-05:00</time>
</trkpt>
<trkpt lat="-15.516187" lon="-70.12882">
<ele>3825.6</ele>
<time>2026-10-06T10:06:58-05:00</time>
</trkpt>
<trkpt lat="-15.516302" lon="-70.128775">
<ele>3825.8</ele>
<time>2026-10-06T10:07:00-05:00</time>
</trkpt>
<trkpt lat="-15.516373" lon="-70.128737">
<ele>3825.8</ele>
<time>2026-10-06T10:07:02-05:00</time>
</trkpt>
<trkpt lat="-15.516416" lon="-70.128734">
<ele>3825.9</ele>
<time>2026-10-06T10:07:04-05:00</time>
</trkpt>
<trkpt lat="-15.516418" lon="-70.128729">
<ele>3825.8</ele>
<time>2026-10-06T10:07:06-05:00</time>
</trkpt>
<trkpt lat="-15.516432" lon="-70.128721">
<ele>3826.0</ele>
<time>2026-10-06T10:07:08-05:00</time>
</trkpt>
<trkpt lat="-15.516444" lon="-70.128723">
<ele>3826.4</ele>
<time>2026-10-06T10:07:10-05:00</time>
</trkpt>
<trkpt lat="-15.516437" lon="-70.12873">
<ele>3825.8</ele>
<time>2026-10-06T10:07:12-05:00</time>
</trkpt>
<trkpt lat="-15.516434" lon="-70.128739">
<ele>3826.0</ele>
<time>2026-10-06T10:07:14-05:00</time>
</trkpt>
<trkpt lat="-15.516429" lon="-70.128744">
<ele>3826.6</ele>
<time>2026-10-06T10:07:16-05:00</time>
</trkpt>
<trkpt lat="-15.51648" lon="-70.128713">
<ele>3826.0</ele>
<time>2026-10-06T10:07:18-05:00</time>
</trkpt>
<trkpt lat="-15.516611" lon="-70.128676">
<ele>3825.7</ele>
<time>2026-10-06T10:07:20-05:00</time>
</trkpt>
<trkpt lat="-15.516801" lon="-70.1286">
<ele>3825.4</ele>
<time>2026-10-06T10:07:22-05:00</time>
</trkpt>
<trkpt lat="-15.516934" lon="-70.128543">
<ele>3824.5</ele>
<time>2026-10-06T10:07:24-05:00</time>
</trkpt>
<trkpt lat="-15.517021" lon="-70.128535">
<ele>3824.8</ele>
<time>2026-10-06T10:07:26-05:00</time>
</trkpt>
<trkpt lat="-15.517029" lon="-70.128533">
<ele>3825.3</ele>
<time>2026-10-06T10:07:28-05:00</time>
</trkpt>
<trkpt lat="-15.517029" lon="-70.128521">
<ele>3825.3</ele>
<time>2026-10-06T10:07:30-05:00</time>
</trkpt>
<trkpt lat="-15.51703" lon="-70.128528">
<ele>3825.2</ele>
<time>2026-10-06T10:07:32-05:00</time>
</trkpt>
<trkpt lat="-15.517047" lon="-70.128495">
<ele>3825.7</ele>
<time>2026-10-06T10:07:34-05:00</time>
</trkpt>
<trkpt lat="-15.517038" lon="-70.128492">
<ele>3825.0</ele>
<time>2026-10-06T10:07:36-05:00</time>
</trkpt>
<trkpt lat="-15.517034" lon="-70.128506">
<ele>3825.3</ele>
<time>2026-10-06T10:07:38-05:00</time>
</trkpt>
<trkpt lat="-15.517031" lon="-70.128501">
<ele>3824.7</ele>
<time>2026-10-06T10:07:40-05:00</time>
</trkpt>
<trkpt lat="-15.517033" lon="-70.128496">
<ele>3824.6</ele>
<time>2026-10-06T10:07:42-05:00</time>
</trkpt>
<trkpt lat="-15.51702" lon="-70.128487">
<ele>3824.8</ele>
<time>2026-10-06T10:07:44-05:00</time>
</trkpt>
<trkpt lat="-15.51703" lon="-70.128493">
<ele>3825.4</ele>
<time>2026-10-06T10:07:46-05:00</time>
</trkpt>
<trkpt lat="-15.517036" lon="-70.128479">
<ele>3825.2</ele>
<time>2026-10-06T10:07:48-05:00</time>
</trkpt>
<trkpt lat="-15.517061" lon="-70.128465">
<ele>3825.5</ele>
<time>2026-10-06T10:07:50-05:00</time>
</trkpt>
<trkpt lat="-15.517113" lon="-70.128432">
<ele>3824.5</ele>
<time>2026-10-06T10:07:52-05:00</time>
</trkpt>
<trkpt lat="-15.51722" lon="-70.128386">
<ele>3825.0</ele>
<time>2026-10-06T10:07:54-05:00</time>
</trkpt>
<trkpt lat="-15.517329" lon="-70.128338">
<ele>3824.8</ele>
<time>2026-10-06T10:07:56-05:00</time>
</trkpt>
<trkpt lat="-15.517449" lon="-70.128287">
<ele>3824.7</ele>
<time>2026-10-06T10:07:58-05:00</time>
</trkpt>
<trkpt lat="-15.517552" lon="-70.128223">
<ele>3824.2</ele>
<time>2026-10-06T10:08:00-05:00</time>
</trkpt>
<trkpt lat="-15.517646" lon="-70.128176">
<ele>3825.2</ele>
<time>2026-10-06T10:08:02-05:00</time>
</trkpt>
<trkpt lat="-15.517764" lon="-70.128141">
<ele>3825.2</ele>
<time>2026-10-06T10:08:04-05:00</time>
</trkpt>
<trkpt lat="-15.517853" lon="-70.128105">
<ele>3824.7</ele>
<time>2026-10-06T10:08:06-05:00</time>
</trkpt>
<trkpt lat="-15.517929" lon="-70.128069">
<ele>3825.4</ele>
<time>2026-10-06T10:08:08-05:00</time>
</trkpt>
<trkpt lat="-15.517998" lon="-70.128041">
<ele>3824.4</ele>
<time>2026-10-06T10:08:10-05:00</time>
</trkpt>
<trkpt lat="-15.518087" lon="-70.128001">
<ele>3825.5</ele>
<time>2026-10-06T10:08:12-05:00</time>
</trkpt>
<trkpt lat="-15.518176" lon="-70.127949">
<ele>3825.1</ele>
<time>2026-10-06T10:08:14-05:00</time>
</trkpt>
<trkpt lat="-15.518264" lon="-70.127918">
<ele>3824.6</ele>
<time>2026-10-06T10:08:16-05:00</time>
</trkpt>
<trkpt lat="-15.518357" lon="-70.127876">
<ele>3824.8</ele>
<time>2026-10-06T10:08:18-05:00</time>
</trkpt>
<trkpt lat="-15.51846" lon="-70.127821">
<ele>3825.2</ele>
<time>2026-10-06T10:08:20-05:00</time>
</trkpt>
<trkpt lat="-15.518549" lon="-70.127785">
<ele>3825.3</ele>
<time>2026-10-06T10:08:22-05:00</time>
</trkpt>
<trkpt lat="-15.518644" lon="-70.127732">
<ele>3824.9</ele>
<time>2026-10-06T10:08:24-05:00</time>
</trkpt>
<trkpt lat="-15.518736" lon="-70.127704">
<ele>3824.6</ele>
<time>2026-10-06T10:08:26-05:00</time>
</trkpt>
<trkpt lat="-15.518821" lon="-70.127679">
<ele>3824.9</ele>
<time>2026-10-06T10:08:28-05:00</time>
</trkpt>
<trkpt lat="-15.518892" lon="-70.127642">
<ele>3825.4</ele>
<time>2026-10-06T10:08:30-05:00</time>
</trkpt>
<trkpt lat="-15.518981" lon="-70.127606">
<ele>3825.0</ele>
<time>2026-10-06T10:08:32-05:00</time>
</trkpt>
<trkpt lat="-15.519061" lon="-70.127564">
<ele>3824.3</ele>
<time>2026-10-06T10:08:34-05:00</time>
</trkpt>
<trkpt lat="-15.519158" lon="-70.127522">
<ele>3825.3</ele>
<time>2026-10-06T10:08:36-05:00</time>
</trkpt>
<trkpt lat="-15.519272" lon="-70.127504">
<ele>3825.5</ele>
<time>2026-10-06T10:08:38-05:00</time>
</trkpt>
<trkpt lat="-15.519374" lon="-70.127455">
<ele>3824.6</ele>
<time>2026-10-06T10:08:40-05:00</time>
</trkpt>
<trkpt lat="-15.519468" lon="-70.127425">
<ele>3824.8</ele>
<time>2026-10-06T10:08:42-05:00</time>
</trkpt>
<trkpt lat="-15.519572" lon="-70.1274">
<ele>3824.8</ele>
<time>2026-10-06T10:08:44-05:00</time>
</trkpt>
<trkpt lat="-15.519676" lon="-70.127352">
<ele>3824.7</ele>
<time>2026-10-06T10:08:46-05:00</time>
</trkpt>
<trkpt lat="-15.519785" lon="-70.127311">
<ele>3824.5</ele>
<time>2026-10-06T10:08:48-05:00</time>
</trkpt>
<trkpt lat="-15.519882" lon="-70.127273">
<ele>3824.0</ele>
<time>2026-10-06T10:08:50-05:00</time>
</trkpt>
<trkpt lat="-15.520004" lon="-70.12722">
<ele>3824.4</ele>
<time>2026-10-06T10:08:52-05:00</time>
</trkpt>
<trkpt lat="-15.520098" lon="-70.127163">
<ele>3823.5</ele>
<time>2026-10-06T10:08:54-05:00</time>
</trkpt>
<trkpt lat="-15.520186" lon="-70.127111">
<ele>3823.9</ele>
<time>2026-10-06T10:08:56-05:00</time>
</trkpt>
<trkpt lat="-15.52027" lon="-70.127098">
<ele>3824.4</ele>
<time>2026-10-06T10:08:58-05:00</time>
</trkpt>
<trkpt lat="-15.520372" lon="-70.127059">
<ele>3824.1</ele>
<time>2026-10-06T10:09:00-05:00</time>
</trkpt>
<trkpt lat="-15.520472" lon="-70.12703">
<ele>3824.0</ele>
<time>2026-10-06T10:09:02-05:00</time>
</trkpt>
<trkpt lat="-15.520575" lon="-70.126973">
<ele>3824.7</ele>
<time>2026-10-06T10:09:04-05:00</time>
</trkpt>
<trkpt lat="-15.520633" lon="-70.126936">
<ele>3824.7</ele>
<time>2026-10-06T10:09:06-05:00</time>
</trkpt>
<trkpt lat="-15.520726" lon="-70.126892">
<ele>3824.4</ele>
<time>2026-10-06T10:09:08-05:00</time>
</trkpt>
<trkpt lat="-15.520798" lon="-70.126839">
<ele>3824.4</ele>
<time>2026-10-06T10:09:10-05:00</time>
</trkpt>
<trkpt lat="-15.520894" lon="-70.12681">
<ele>3824.5</ele>
<time>2026-10-06T10:09:12-05:00</time>
</trkpt>
<trkpt lat="-15.521028" lon="-70.126772">
<ele>3824.1</ele>
<time>2026-10-06T10:09:14-05:00</time>
</trkpt>
<trkpt lat="-15.521121" lon="-70.126749">
<ele>3823.7</ele>
<time>2026-10-06T10:09:16-05:00</time>
</trkpt>
<trkpt lat="-15.521228" lon="-70.126727">
<ele>3824.4</ele>
<time>2026-10-06T10:09:18-05:00</time>
</trkpt>
<trkpt lat="-15.521309" lon="-70.126711">
<ele>3823.8</ele>
<time>2026-10-06T10:09:20-05:00</time>
</trkpt>
<trkpt lat="-15.521377" lon="-70.126703">
<ele>3823.9</ele>
<time>2026-10-06T10:09:22-05:00</time>
</trkpt>
<trkpt lat="-15.521477" lon="-70.126724">
<ele>3824.0</ele>
<time>2026-10-06T10:09:24-05:00</time>
</trkpt>
<trkpt lat="-15.521573" lon="-70.126752">
<ele>3823.9</ele>
<time>2026-10-06T10:09:26-05:00</time>
</trkpt>
<trkpt lat="-15.521688" lon="-70.126771">
<ele>3824.5</ele>
<time>2026-10-06T10:09:28-05:00</time>
</trkpt>
<trkpt lat="-15.521784" lon="-70.12679">
<ele>3825.3</ele>
<time>2026-10-06T10:09:30-05:00</time>
</trkpt>
<trkpt lat="-15.521873" lon="-70.126819">
<ele>3825.0</ele>
<time>2026-10-06T10:09:32-05:00</time>
</trkpt>
<trkpt lat="-15.521959" lon="-70.126834">
<ele>3823.9</ele>
<time>2026-10-06T10:09:34-05:00</time>
</trkpt>
<trkpt lat="-15.522061" lon="-70.126841">
<ele>3825.4</ele>
<time>2026-10-06T10:09:36-05:00</time>
</trkpt>
<trkpt lat="-15.522136" lon="-70.126867">
<ele>3824.5</ele>
<time>2026-10-06T10:09:38-05:00</time>
</trkpt>
<trkpt lat="-15.522214" lon="-70.126905">
<ele>3823.7</ele>
<time>2026-10-06T10:09:40-05:00</time>
</trkpt>
<trkpt lat="-15.522317" lon="-70.126932">
<ele>3823.7</ele>
<time>2026-10-06T10:09:42-05:00</time>
</trkpt>
<trkpt lat="-15.522414" lon="-70.126977">
<ele>3823.5</ele>
<time>2026-10-06T10:09:44-05:00</time>
</trkpt>
<trkpt lat="-15.522526" lon="-70.127017">
<ele>3824.7</ele>
<time>2026-10-06T10:09:46-05:00</time>
</trkpt>
<trkpt lat="-15.522593" lon="-70.127054">
<ele>3824.6</ele>
<time>2026-10-06T10:09:48-05:00</time>
</trkpt>
<trkpt lat="-15.522639" lon="-70.127091">
<ele>3824.3</ele>
<time>2026-10-06T10:09:50-05:00</time>
</trkpt>
<trkpt lat="-15.522695" lon="-70.127117">
<ele>3824.8</ele>
<time>2026-10-06T10:09:52-05:00</time>
</trkpt>
<trkpt lat="-15.522724" lon="-70.127076">
<ele>3824.7</ele>
<time>2026-10-06T10:09:54-05:00</time>
</trkpt>
<trkpt lat="-15.522754" lon="-70.127018">
<ele>3825.3</ele>
<time>2026-10-06T10:09:56-05:00</time>
</trkpt>
<trkpt lat="-15.522814" lon="-70.126956">
<ele>3824.9</ele>
<time>2026-10-06T10:09:58-05:00</time>
</trkpt>
<trkpt lat="-15.52289" lon="-70.126862">
<ele>3824.4</ele>
<time>2026-10-06T10:10:00-05:00</time>
</trkpt>
<trkpt lat="-15.522956" lon="-70.126755">
<ele>3824.4</ele>
<time>2026-10-06T10:10:02-05:00</time>
</trkpt>
<trkpt lat="-15.523033" lon="-70.126641">
<ele>3824.0</ele>
<time>2026-10-06T10:10:04-05:00</time>
</trkpt>
<trkpt lat="-15.523086" lon="-70.126548">
<ele>3824.8</ele>
<time>2026-10-06T10:10:06-05:00</time>
</trkpt>
<trkpt lat="-15.523138" lon="-70.126466">
<ele>3824.0</ele>
<time>2026-10-06T10:10:08-05:00</time>
</trkpt>
<trkpt lat="-15.523194" lon="-70.126388">
<ele>3824.6</ele>
<time>2026-10-06T10:10:10-05:00</time>
</trkpt>
<trkpt lat="-15.523265" lon="-70.126314">
<ele>3823.5</ele>
<time>2026-10-06T10:10:12-05:00</time>
</trkpt>
<trkpt lat="-15.523322" lon="-70.126236">
<ele>3824.2</ele>
<time>2026-10-06T10:10:14-05:00</time>
</trkpt>
<trkpt lat="-15.523401" lon="-70.126139">
<ele>3824.6</ele>
<time>2026-10-06T10:10:16-05:00</time>
</trkpt>
<trkpt lat="-15.523448" lon="-70.126091">
<ele>3824.2</ele>
<time>2026-10-06T10:10:18-05:00</time>
</trkpt>
<trkpt lat="-15.523476" lon="-70.126043">
<ele>3824.0</ele>
<time>2026-10-06T10:10:20-05:00</time>
</trkpt>
<trkpt lat="-15.523482" lon="-70.126053">
<ele>3823.5</ele>
<time>2026-10-06T10:10:22-05:00</time>
</trkpt>
<trkpt lat="-15.523551" lon="-70.126065">
<ele>3823.7</ele>
<time>2026-10-06T10:10:24-05:00</time>
</trkpt>
<trkpt lat="-15.523647" lon="-70.126123">
<ele>3824.6</ele>
<time>2026-10-06T10:10:26-05:00</time>
</trkpt>
<trkpt lat="-15.523748" lon="-70.126186">
<ele>3823.6</ele>
<time>2026-10-06T10:10:28-05:00</time>
</trkpt>
<trkpt lat="-15.523854" lon="-70.126252">
<ele>3823.6</ele>
<time>2026-10-06T10:10:30-05:00</time>
</trkpt>
<trkpt lat="-15.523953" lon="-70.126309">
<ele>3824.1</ele>
<time>2026-10-06T10:10:32-05:00</time>
</trkpt>
<trkpt lat="-15.524037" lon="-70.126371">
<ele>3823.6</ele>
<time>2026-10-06T10:10:34-05:00</time>
</trkpt>
<trkpt lat="-15.524096" lon="-70.12642">
<ele>3823.7</ele>
<time>2026-10-06T10:10:36-05:00</time>
</trkpt>
<trkpt lat="-15.52418" lon="-70.126497">
<ele>3823.8</ele>
<time>2026-10-06T10:10:38-05:00</time>
</trkpt>
<trkpt lat="-15.5243" lon="-70.126562">
<ele>3824.1</ele>
<time>2026-10-06T10:10:40-05:00</time>
</trkpt>
<trkpt lat="-15.524389" lon="-70.126636">
<ele>3824.2</ele>
<time>2026-10-06T10:10:42-05:00</time>
</trkpt>
<trkpt lat="-15.524461" lon="-70.126698">
<ele>3823.8</ele>
<time>2026-10-06T10:10:44-05:00</time>
</trkpt>
<trkpt lat="-15.524484" lon="-70.12675">
<ele>3822.9</ele>
<time>2026-10-06T10:10:46-05:00</time>
</trkpt>
<trkpt lat="-15.524517" lon="-70.126764">
<ele>3824.6</ele>
<time>2026-10-06T10:10:48-05:00</time>
</trkpt>
<trkpt lat="-15.52451" lon="-70.126767">
<ele>3823.9</ele>
<time>2026-10-06T10:10:50-05:00</time>
</trkpt>
<trkpt lat="-15.524508" lon="-70.12676">
<ele>3824.0</ele>
<time>2026-10-06T10:10:52-05:00</time>
</trkpt>
<trkpt lat="-15.524523" lon="-70.126771">
<ele>3824.4</ele>
<time>2026-10-06T10:10:54-05:00</time>
</trkpt>
<trkpt lat="-15.524511" lon="-70.126787">
<ele>3824.2</ele>
<time>2026-10-06T10:10:56-05:00</time>
</trkpt>
<trkpt lat="-15.524515" lon="-70.126776">
<ele>3823.4</ele>
<time>2026-10-06T10:10:58-05:00</time>
</trkpt>
<trkpt lat="-15.524506" lon="-70.126778">
<ele>3823.8</ele>
<time>2026-10-06T10:11:00-05:00</time>
</trkpt>
<trkpt lat="-15.524513" lon="-70.126771">
<ele>3823.5</ele>
<time>2026-10-06T10:11:02-05:00</time>
</trkpt>
<trkpt lat="-15.524513" lon="-70.126786">
<ele>3823.7</ele>
<time>2026-10-06T10:11:04-05:00</time>
</trkpt>
<trkpt lat="-15.524518" lon="-70.126776">
<ele>3823.7</ele>
<time>2026-10-06T10:11:06-05:00</time>
</trkpt>
<trkpt lat="-15.524538" lon="-70.126791">
<ele>3823.8</ele>
<time>2026-10-06T10:11:08-05:00</time>
</trkpt>
<trkpt lat="-15.524572" lon="-70.126822">
<ele>3824.7</ele>
<time>2026-10-06T10:11:10-05:00</time>
</trkpt>
<trkpt lat="-15.524649" lon="-70.126843">
<ele>3824.9</ele>
<time>2026-10-06T10:11:12-05:00</time>
</trkpt>
<trkpt lat="-15.52471" lon="-70.126901">
<ele>3823.8</ele>
<time>2026-10-06T10:11:14-05:00</time>
</trkpt>
<trkpt lat="-15.524779" lon="-70.126972">
<ele>3824.1</ele>
<time>2026-10-06T10:11:16-05:00</time>
</trkpt>
<trkpt lat="-15.524858" lon="-70.12702">
<ele>3824.1</ele>
<time>2026-10-06T10:11:18-05:00</time>
</trkpt>
<trkpt lat="-15.524938" lon="-70.127079">
<ele>3824.8</ele>
<time>2026-10-06T10:11:20-05:00</time>
</trkpt>
<trkpt lat="-15.525006" lon="-70.127142">
<ele>3824.3</ele>
<time>2026-10-06T10:11:22-05:00</time>
</trkpt>
<trkpt lat="-15.525096" lon="-70.127212">
<ele>3824.0</ele>
<time>2026-10-06T10:11:24-05:00</time>
</trkpt>
<trkpt lat="-15.525173" lon="-70.12728">
<ele>3824.6</ele>
<time>2026-10-06T10:11:26-05:00</time>
</trkpt>
<trkpt lat="-15.525263" lon="-70.127332">
<ele>3825.1</ele>
<time>2026-10-06T10:11:28-05:00</time>
</trkpt>
<trkpt lat="-15.525331" lon="-70.127387">
<ele>3823.5</ele>
<time>2026-10-06T10:11:30-05:00</time>
</trkpt>
<trkpt lat="-15.525397" lon="-70.127441">
<ele>3823.8</ele>
<time>2026-10-06T10:11:32-05:00</time>
</trkpt>
<trkpt lat="-15.525472" lon="-70.127493">
<ele>3823.4</ele>
<time>2026-10-06T10:11:34-05:00</time>
</trkpt>
<trkpt lat="-15.525554" lon="-70.127521">
<ele>3823.8</ele>
<time>2026-10-06T10:11:36-05:00</time>
</trkpt>
<trkpt lat="-15.52564" lon="-70.127576">
<ele>3823.2</ele>
<time>2026-10-06T10:11:38-05:00</time>
</trkpt>
<trkpt lat="-15.525743" lon="-70.127647">
<ele>3823.6</ele>
<time>2026-10-06T10:11:40-05:00</time>
</trkpt>
<trkpt lat="-15.525842" lon="-70.127712">
<ele>3824.8</ele>
<time>2026-10-06T10:11:42-05:00</time>
</trkpt>
<trkpt lat="-15.525926" lon="-70.127765">
<ele>3823.9</ele>
<time>2026-10-06T10:11:44-05:00</time>
</trkpt>
<trkpt lat="-15.525983" lon="-70.1278">
<ele>3824.4</ele>
<time>2026-10-06T10:11:46-05:00</time>
</trkpt>
<trkpt lat="-15.526013" lon="-70.127814">
<ele>3824.1</ele>
<time>2026-10-06T10:11:48-05:00</time>
</trkpt>
<trkpt lat="-15.525964" lon="-70.127861">
<ele>3823.9</ele>
<time>2026-10-06T10:11:50-05:00</time>
</trkpt>
<trkpt lat="-15.52587" lon="-70.127966">
<ele>3824.1</ele>
<time>2026-10-06T10:11:52-05:00</time>
</trkpt>
<trkpt lat="-15.525799" lon="-70.128094">
<ele>3824.4</ele>
<time>2026-10-06T10:11:54-05:00</time>
</trkpt>
<trkpt lat="-15.525689" lon="-70.128217">
<ele>3824.4</ele>
<time>2026-10-06T10:11:56-05:00</time>
</trkpt>
<trkpt lat="-15.525619" lon="-70.128298">
<ele>3824.4</ele>
<time>2026-10-06T10:11:58-05:00</time>
</trkpt>
<trkpt lat="-15.525562" lon="-70.128326">
<ele>3823.8</ele>
<time>2026-10-06T10:12:00-05:00</time>
</trkpt>
<trkpt lat="-15.525555" lon="-70.128346">
<ele>3824.1</ele>
<time>2026-10-06T10:12:02-05:00</time>
</trkpt>
<trkpt lat="-15.525543" lon="-70.128371">
<ele>3823.9</ele>
<time>2026-10-06T10:12:04-05:00</time>
</trkpt>
<trkpt lat="-15.525535" lon="-70.128361">
<ele>3823.8</ele>
<time>2026-10-06T10:12:06-05:00</time>
</trkpt>
<trkpt lat="-15.525553" lon="-70.128366">
<ele>3823.9</ele>
<time>2026-10-06T10:12:08-05:00</time>
</trkpt>
<trkpt lat="-15.525555" lon="-70.128345">
<ele>3824.0</ele>
<time>2026-10-06T10:12:10-05:00</time>
</trkpt>
<trkpt lat="-15.525562" lon="-70.128368">
<ele>3824.0</ele>
<time>2026-10-06T10:12:12-05:00</time>
</trkpt>
<trkpt lat="-15.525553" lon="-70.128372">
<ele>3824.0</ele>
<time>2026-10-06T10:12:14-05:00</time>
</trkpt>
<trkpt lat="-15.525544" lon="-70.128382">
<ele>3823.7</ele>
<time>2026-10-06T10:12:16-05:00</time>
</trkpt>
<trkpt lat="-15.52556" lon="-70.128378">
<ele>3823.7</ele>
<time>2026-10-06T10:12:18-05:00</time>
</trkpt>
<trkpt lat="-15.525561" lon="-70.128367">
<ele>3824.5</ele>
<time>2026-10-06T10:12:20-05:00</time>
</trkpt>
<trkpt lat="-15.52557" lon="-70.128368">
<ele>3824.4</ele>
<time>2026-10-06T10:12:22-05:00</time>
</trkpt>
<trkpt lat="-15.525568" lon="-70.128384">
<ele>3824.0</ele>
<time>2026-10-06T10:12:24-05:00</time>
</trkpt>
<trkpt lat="-15.525571" lon="-70.128395">
<ele>3823.8</ele>
<time>2026-10-06T10:12:26-05:00</time>
</trkpt>
<trkpt lat="-15.525573" lon="-70.128392">
<ele>3824.0</ele>
<time>2026-10-06T10:12:28-05:00</time>
</trkpt>
<trkpt lat="-15.525576" lon="-70.128382">
<ele>3823.2</ele>
<time>2026-10-06T10:12:30-05:00</time>
</trkpt>
<trkpt lat="-15.525581" lon="-70.128368">
<ele>3824.1</ele>
<time>2026-10-06T10:12:32-05:00</time>
</trkpt>
<trkpt lat="-15.525593" lon="-70.128351">
<ele>3824.4</ele>
<time>2026-10-06T10:12:34-05:00</time>
</trkpt>
<trkpt lat="-15.525611" lon="-70.128392">
<ele>3824.2</ele>
<time>2026-10-06T10:12:36-05:00</time>
</trkpt>
<trkpt lat="-15.525686" lon="-70.128424">
<ele>3824.2</ele>
<time>2026-10-06T10:12:38-05:00</time>
</trkpt>
<trkpt lat="-15.525804" lon="-70.128491">
<ele>3824.0</ele>
<time>2026-10-06T10:12:40-05:00</time>
</trkpt>
<trkpt lat="-15.525934" lon="-70.12857">
<ele>3823.4</ele>
<time>2026-10-06T10:12:42-05:00</time>
</trkpt>
<trkpt lat="-15.526053" lon="-70.128665">
<ele>3823.8</ele>
<time>2026-10-06T10:12:44-05:00</time>
</trkpt>
<trkpt lat="-15.526132" lon="-70.128739">
<ele>3823.9</ele>
<time>2026-10-06T10:12:46-05:00</time>
</trkpt>
<trkpt lat="-15.526175" lon="-70.128798">
<ele>3824.0</ele>
<time>2026-10-06T10:12:48-05:00</time>
</trkpt>
<trkpt lat="-15.526179" lon="-70.128799">
<ele>3824.0</ele>
<time>2026-10-06T10:12:50-05:00</time>
</trkpt>
<trkpt lat="-15.52618" lon="-70.128786">
<ele>3824.3</ele>
<time>2026-10-06T10:12:52-05:00</time>
</trkpt>
<trkpt lat="-15.526176" lon="-70.128781">
<ele>3823.9</ele>
<time>2026-10-06T10:12:54-05:00</time>
</trkpt>
<trkpt lat="-15.526179" lon="-70.12877">
<ele>3824.2</ele>
<time>2026-10-06T10:12:56-05:00</time>
</trkpt>
<trkpt lat="-15.526174" lon="-70.128784">
<ele>3824.9</ele>
<time>2026-10-06T10:12:58-05:00</time>
</trkpt>
<trkpt lat="-15.526174" lon="-70.128777">
<ele>3824.3</ele>
<time>2026-10-06T10:13:00-05:00</time>
</trkpt>
<trkpt lat="-15.526189" lon="-70.128763">
<ele>3824.8</ele>
<time>2026-10-06T10:13:02-05:00</time>
</trkpt>
<trkpt lat="-15.526189" lon="-70.128771">
<ele>3823.6</ele>
<time>2026-10-06T10:13:04-05:00</time>
</trkpt>
<trkpt lat="-15.526187" lon="-70.128777">
<ele>3823.4</ele>
<time>2026-10-06T10:13:06-05:00</time>
</trkpt>
<trkpt lat="-15.52619" lon="-70.128774">
<ele>3823.7</ele>
<time>2026-10-06T10:13:08-05:00</time>
</trkpt>
<trkpt lat="-15.526189" lon="-70.128761">
<ele>3823.6</ele>
<time>2026-10-06T10:13:10-05:00</time>
</trkpt>
<trkpt lat="-15.526189" lon="-70.128779">
<ele>3824.1</ele>
<time>2026-10-06T10:13:12-05:00</time>
</trkpt>
<trkpt lat="-15.526176" lon="-70.128762">
<ele>3824.4</ele>
<time>2026-10-06T10:13:14-05:00</time>
</trkpt>
<trkpt lat="-15.526161" lon="-70.128768">
<ele>3823.3</ele>
<time>2026-10-06T10:13:16-05:00</time>
</trkpt>
<trkpt lat="-15.526166" lon="-70.128754">
<ele>3824.1</ele>
<time>2026-10-06T10:13:18-05:00</time>
</trkpt>
<trkpt lat="-15.526174" lon="-70.128759">
<ele>3823.8</ele>
<time>2026-10-06T10:13:20-05:00</time>
</trkpt>
<trkpt lat="-15.526171" lon="-70.12875">
<ele>3823.3</ele>
<time>2026-10-06T10:13:22-05:00</time>
</trkpt>
<trkpt lat="-15.526194" lon="-70.128757">
<ele>3824.4</ele>
<time>2026-10-06T10:13:24-05:00</time>
</trkpt>
<trkpt lat="-15.526267" lon="-70.128785">
<ele>3824.2</ele>
<time>2026-10-06T10:13:26-05:00</time>
</trkpt>
<trkpt lat="-15.526375" lon="-70.12884">
<ele>3823.5</ele>
<time>2026-10-06T10:13:28-05:00</time>
</trkpt>
<trkpt lat="-15.526514" lon="-70.128947">
<ele>3823.0</ele>
<time>2026-10-06T10:13:30-05:00</time>
</trkpt>
<trkpt lat="-15.526646" lon="-70.129055">
<ele>3823.8</ele>
<time>2026-10-06T10:13:32-05:00</time>
</trkpt>
<trkpt lat="-15.526742" lon="-70.129121">
<ele>3823.8</ele>
<time>2026-10-06T10:13:34-05:00</time>
</trkpt>
<trkpt lat="-15.526762" lon="-70.129168">
<ele>3824.6</ele>
<time>2026-10-06T10:13:36-05:00</time>
</trkpt>
<trkpt lat="-15.526776" lon="-70.129167">
<ele>3823.7</ele>
<time>2026-10-06T10:13:38-05:00</time>
</trkpt>
<trkpt lat="-15.526782" lon="-70.129164">
<ele>3824.0</ele>
<time>2026-10-06T10:13:40-05:00</time>
</trkpt>
<trkpt lat="-15.526799" lon="-70.129174">
<ele>3823.4</ele>
<time>2026-10-06T10:13:42-05:00</time>
</trkpt>
<trkpt lat="-15.526802" lon="-70.129163">
<ele>3823.7</ele>
<time>2026-10-06T10:13:44-05:00</time>
</trkpt>
<trkpt lat="-15.526816" lon="-70.129177">
<ele>3824.4</ele>
<time>2026-10-06T10:13:46-05:00</time>
</trkpt>
<trkpt lat="-15.526803" lon="-70.129175">
<ele>3824.1</ele>
<time>2026-10-06T10:13:48-05:00</time>
</trkpt>
<trkpt lat="-15.526797" lon="-70.129177">
<ele>3823.7</ele>
<time>2026-10-06T10:13:50-05:00</time>
</trkpt>
<trkpt lat="-15.526798" lon="-70.129186">
<ele>3823.8</ele>
<time>2026-10-06T10:13:52-05:00</time>
</trkpt>
<trkpt lat="-15.526785" lon="-70.129174">
<ele>3824.5</ele>
<time>2026-10-06T10:13:54-05:00</time>
</trkpt>
<trkpt lat="-15.526792" lon="-70.129194">
<ele>3823.8</ele>
<time>2026-10-06T10:13:56-05:00</time>
</trkpt>
<trkpt lat="-15.526794" lon="-70.129181">
<ele>3824.5</ele>
<time>2026-10-06T10:13:58-05:00</time>
</trkpt>
<trkpt lat="-15.526809" lon="-70.12919">
<ele>3824.0</ele>
<time>2026-10-06T10:14:00-05:00</time>
</trkpt>
<trkpt lat="-15.52685" lon="-70.12922">
<ele>3824.1</ele>
<time>2026-10-06T10:14:02-05:00</time>
</trkpt>
<trkpt lat="-15.526928" lon="-70.129268">
<ele>3824.3</ele>
<time>2026-10-06T10:14:04-05:00</time>
</trkpt>
<trkpt lat="-15.527046" lon="-70.129336">
<ele>3823.1</ele>
<time>2026-10-06T10:14:06-05:00</time>
</trkpt>
<trkpt lat="-15.52714" lon="-70.129411">
<ele>3824.4</ele>
<time>2026-10-06T10:14:08-05:00</time>
</trkpt>
<trkpt lat="-15.527214" lon="-70.12947">
<ele>3824.4</ele>
<time>2026-10-06T10:14:10-05:00</time>
</trkpt>
<trkpt lat="-15.527281" lon="-70.129508">
<ele>3824.1</ele>
<time>2026-10-06T10:14:12-05:00</time>
</trkpt>
<trkpt lat="-15.52727" lon="-70.129539">
<ele>3824.1</ele>
<time>2026-10-06T10:14:14-05:00</time>
</trkpt>
<trkpt lat="-15.52722" lon="-70.129599">
<ele>3824.4</ele>
<time>2026-10-06T10:14:16-05:00</time>
</trkpt>
<trkpt lat="-15.527158" lon="-70.12972">
<ele>3823.6</ele>
<time>2026-10-06T10:14:18-05:00</time>
</trkpt>
<trkpt lat="-15.527085" lon="-70.129856">
<ele>3823.9</ele>
<time>2026-10-06T10:14:20-05:00</time>
</trkpt>
<trkpt lat="-15.52701" lon="-70.129968">
<ele>3823.7</ele>
<time>2026-10-06T10:14:22-05:00</time>
</trkpt>
<trkpt lat="-15.526957" lon="-70.130042">
<ele>3824.7</ele>
<time>2026-10-06T10:14:24-05:00</time>
</trkpt>
<trkpt lat="-15.526951" lon="-70.13011">
<ele>3824.2</ele>
<time>2026-10-06T10:14:26-05:00</time>
</trkpt>
<trkpt lat="-15.527004" lon="-70.130166">
<ele>3824.1</ele>
<time>2026-10-06T10:14:28-05:00</time>
</trkpt>
<trkpt lat="-15.527082" lon="-70.130201">
<ele>3823.4</ele>
<time>2026-10-06T10:14:30-05:00</time>
</trkpt>
<trkpt lat="-15.527191" lon="-70.130268">
<ele>3824.1</ele>
<time>2026-10-06T10:14:32-05:00</time>
</trkpt>
<trkpt lat="-15.527308" lon="-70.130338">
<ele>3824.5</ele>
<time>2026-10-06T10:14:34-05:00</time>
</trkpt>
<trkpt lat="-15.527428" lon="-70.130415">
<ele>3824.5</ele>
<time>2026-10-06T10:14:36-05:00</time>
</trkpt>
<trkpt lat="-15.527511" lon="-70.130486">
<ele>3824.6</ele>
<time>2026-10-06T10:14:38-05:00</time>
</trkpt>
<trkpt lat="-15.5276" lon="-70.130565">
<ele>3824.2</ele>
<time>2026-10-06T10:14:40-05:00</time>
</trkpt>
<trkpt lat="-15.527691" lon="-70.130643">
<ele>3823.4</ele>
<time>2026-10-06T10:14:42-05:00</time>
</trkpt>
<trkpt lat="-15.527816" lon="-70.130733">
<ele>3824.0</ele>
<time>2026-10-06T10:14:44-05:00</time>
</trkpt>
<trkpt lat="-15.527929" lon="-70.130831">
<ele>3823.9</ele>
<time>2026-10-06T10:14:46-05:00</time>
</trkpt>
<trkpt lat="-15.528032" lon="-70.130917">
<ele>3823.8</ele>
<time>2026-10-06T10:14:48-05:00</time>
</trkpt>
<trkpt lat="-15.528104" lon="-70.130969">
<ele>3824.3</ele>
<time>2026-10-06T10:14:50-05:00</time>
</trkpt>
<trkpt lat="-15.528128" lon="-70.130992">
<ele>3824.1</ele>
<time>2026-10-06T10:14:52-05:00</time>
</trkpt>
<trkpt lat="-15.528126" lon="-70.130983">
<ele>3823.4</ele>
<time>2026-10-06T10:14:54-05:00</time>
</trkpt>
<trkpt lat="-15.528129" lon="-70.130968">
<ele>3823.5</ele>
<time>2026-10-06T10:14:56-05:00</time>
</trkpt>
<trkpt lat="-15.528135" lon="-70.130961">
<ele>3823.8</ele>
<time>2026-10-06T10:14:58-05:00</time>
</trkpt>
<trkpt lat="-15.528143" lon="-70.130976">
<ele>3823.9</ele>
<time>2026-10-06T10:15:00-05:00</time>
</trkpt>
<trkpt lat="-15.528151" lon="-70.130981">
<ele>3823.3</ele>
<time>2026-10-06T10:15:02-05:00</time>
</trkpt>
<trkpt lat="-15.528151" lon="-70.130974">
<ele>3823.9</ele>
<time>2026-10-06T10:15:04-05:00</time>
</trkpt>
<trkpt lat="-15.528163" lon="-70.130967">
<ele>3824.3</ele>
<time>2026-10-06T10:15:06-05:00</time>
</trkpt>
<trkpt lat="-15.52818" lon="-70.130962">
<ele>3824.3</ele>
<time>2026-10-06T10:15:08-05:00</time>
</trkpt>
<trkpt lat="-15.528196" lon="-70.130983">
<ele>3824.6</ele>
<time>2026-10-06T10:15:10-05:00</time>
</trkpt>
<trkpt lat="-15.52821" lon="-70.130997">
<ele>3823.4</ele>
<time>2026-10-06T10:15:12-05:00</time>
</trkpt>
<trkpt lat="-15.52825" lon="-70.131012">
<ele>3823.8</ele>
<time>2026-10-06T10:15:14-05:00</time>
</trkpt>
<trkpt lat="-15.528321" lon="-70.131046">
<ele>3823.8</ele>
<time>2026-10-06T10:15:16-05:00</time>
</trkpt>
<trkpt lat="-15.528404" lon="-70.131116">
<ele>3824.2</ele>
<time>2026-10-06T10:15:18-05:00</time>
</trkpt>
<trkpt lat="-15.528486" lon="-70.131169">
<ele>3823.7</ele>
<time>2026-10-06T10:15:20-05:00</time>
</trkpt>
<trkpt lat="-15.528583" lon="-70.131257">
<ele>3824.3</ele>
<time>2026-10-06T10:15:22-05:00</time>
</trkpt>
<trkpt lat="-15.528685" lon="-70.131299">
<ele>3824.6</ele>
<time>2026-10-06T10:15:24-05:00</time>
</trkpt>
<trkpt lat="-15.528748" lon="-70.131359">
<ele>3823.7</ele>
<time>2026-10-06T10:15:26-05:00</time>
</trkpt>
<trkpt lat="-15.528833" lon="-70.131416">
<ele>3824.0</ele>
<time>2026-10-06T10:15:28-05:00</time>
</trkpt>
<trkpt lat="-15.528909" lon="-70.131465">
<ele>3824.1</ele>
<time>2026-10-06T10:15:30-05:00</time>
</trkpt>
<trkpt lat="-15.528974" lon="-70.131528">
<ele>3824.7</ele>
<time>2026-10-06T10:15:32-05:00</time>
</trkpt>
<trkpt lat="-15.529066" lon="-70.131595">
<ele>3824.8</ele>
<time>2026-10-06T10:15:34-05:00</time>
</trkpt>
<trkpt lat="-15.529138" lon="-70.131659">
<ele>3824.2</ele>
<time>2026-10-06T10:15:36-05:00</time>
</trkpt>
<trkpt lat="-15.529227" lon="-70.131726">
<ele>3823.8</ele>
<time>2026-10-06T10:15:38-05:00</time>
</trkpt>
<trkpt lat="-15.529306" lon="-70.1318">
<ele>3824.5</ele>
<time>2026-10-06T10:15:40-05:00</time>
</trkpt>
<trkpt lat="-15.529387" lon="-70.131845">
<ele>3823.7</ele>
<time>2026-10-06T10:15:42-05:00</time>
</trkpt>
<trkpt lat="-15.529472" lon="-70.131886">
<ele>3823.7</ele>
<time>2026-10-06T10:15:44-05:00</time>
</trkpt>
<trkpt lat="-15.529547" lon="-70.131955">
<ele>3824.4</ele>
<time>2026-10-06T10:15:46-05:00</time>
</trkpt>
<trkpt lat="-15.529634" lon="-70.132018">
<ele>3823.2</ele>
<time>2026-10-06T10:15:48-05:00</time>
</trkpt>
<trkpt lat="-15.529675" lon="-70.132059">
<ele>3823.8</ele>
<time>2026-10-06T10:15:50-05:00</time>
</trkpt>
<trkpt lat="-15.5297" lon="-70.132077">
<ele>3823.7</ele>
<time>2026-10-06T10:15:52-05:00</time>
</trkpt>
<trkpt lat="-15.529701" lon="-70.132081">
<ele>3824.2</ele>
<time>2026-10-06T10:15:54-05:00</time>
</trkpt>
<trkpt lat="-15.529706" lon="-70.132085">
<ele>3824.0</ele>
<time>2026-10-06T10:15:56-05:00</time>
</trkpt>
<trkpt lat="-15.529704" lon="-70.132094">
<ele>3823.5</ele>
<time>2026-10-06T10:15:58-05:00</time>
</trkpt>
<trkpt lat="-15.529695" lon="-70.132101">
<ele>3824.1</ele>
<time>2026-10-06T10:16:00-05:00</time>
</trkpt>
<trkpt lat="-15.529683" lon="-70.132117">
<ele>3824.0</ele>
<time>2026-10-06T10:16:02-05:00</time>
</trkpt>
<trkpt lat="-15.529687" lon="-70.13211">
<ele>3823.8</ele>
<time>2026-10-06T10:16:04-05:00</time>
</trkpt>
<trkpt lat="-15.529689" lon="-70.132112">
<ele>3824.5</ele>
<time>2026-10-06T10:16:06-05:00</time>
</trkpt>
<trkpt lat="-15.529695" lon="-70.132111">
<ele>3824.2</ele>
<time>2026-10-06T10:16:08-05:00</time>
</trkpt>
<trkpt lat="-15.529724" lon="-70.132126">
<ele>3823.7</ele>
<time>2026-10-06T10:16:10-05:00</time>
</trkpt>
<trkpt lat="-15.529718" lon="-70.132127">
<ele>3823.3</ele>
<time>2026-10-06T10:16:12-05:00</time>
</trkpt>
<trkpt lat="-15.529725" lon="-70.132119">
<ele>3824.7</ele>
<time>2026-10-06T10:16:14-05:00</time>
</trkpt>
<trkpt lat="-15.52973" lon="-70.13214">
<ele>3823.9</ele>
<time>2026-10-06T10:16:16-05:00</time>
</trkpt>
<trkpt lat="-15.529717" lon="-70.132138">
<ele>3823.8</ele>
<time>2026-10-06T10:16:18-05:00</time>
</trkpt>
<trkpt lat="-15.529715" lon="-70.132132">
<ele>3823.8</ele>
<time>2026-10-06T10:16:20-05:00</time>
</trkpt>
<trkpt lat="-15.529712" lon="-70.132139">
<ele>3824.4</ele>
<time>2026-10-06T10:16:22-05:00</time>
</trkpt>
<trkpt lat="-15.52972" lon="-70.132144">
<ele>3823.8</ele>
<time>2026-10-06T10:16:24-05:00</time>
</trkpt>
<trkpt lat="-15.529721" lon="-70.132152">
<ele>3824.7</ele>
<time>2026-10-06T10:16:26-05:00</time>
</trkpt>
<trkpt lat="-15.529773" lon="-70.132177">
<ele>3823.7</ele>
<time>2026-10-06T10:16:28-05:00</time>
</trkpt>
<trkpt lat="-15.529844" lon="-70.132228">
<ele>3823.9</ele>
<time>2026-10-06T10:16:30-05:00</time>
</trkpt>
<trkpt lat="-15.529934" lon="-70.132284">
<ele>3824.7</ele>
<time>2026-10-06T10:16:32-05:00</time>
</trkpt>
<trkpt lat="-15.530061" lon="-70.132361">
<ele>3825.3</ele>
<time>2026-10-06T10:16:34-05:00</time>
</trkpt>
<trkpt lat="-15.530165" lon="-70.132442">
<ele>3824.3</ele>
<time>2026-10-06T10:16:36-05:00</time>
</trkpt>
<trkpt lat="-15.530293" lon="-70.132519">
<ele>3824.5</ele>
<time>2026-10-06T10:16:38-05:00</time>
</trkpt>
<trkpt lat="-15.530403" lon="-70.132609">
<ele>3824.6</ele>
<time>2026-10-06T10:16:40-05:00</time>
</trkpt>
<trkpt lat="-15.530531" lon="-70.132693">
<ele>3825.2</ele>
<time>2026-10-06T10:16:42-05:00</time>
</trkpt>
<trkpt lat="-15.530638" lon="-70.132778">
<ele>3825.0</ele>
<time>2026-10-06T10:16:44-05:00</time>
</trkpt>
<trkpt lat="-15.53072" lon="-70.132827">
<ele>3825.2</ele>
<time>2026-10-06T10:16:46-05:00</time>
</trkpt>
<trkpt lat="-15.530759" lon="-70.132882">
<ele>3824.5</ele>
<time>2026-10-06T10:16:48-05:00</time>
</trkpt>
<trkpt lat="-15.530779" lon="-70.132921">
<ele>3825.0</ele>
<time>2026-10-06T10:16:50-05:00</time>
</trkpt>
<trkpt lat="-15.530795" lon="-70.13293">
<ele>3825.4</ele>
<time>2026-10-06T10:16:52-05:00</time>
</trkpt>
<trkpt lat="-15.530767" lon="-70.132928">
<ele>3824.4</ele>
<time>2026-10-06T10:16:54-05:00</time>
</trkpt>
<trkpt lat="-15.530749" lon="-70.13292">
<ele>3824.7</ele>
<time>2026-10-06T10:16:56-05:00</time>
</trkpt>
<trkpt lat="-15.530766" lon="-70.132923">
<ele>3825.3</ele>
<time>2026-10-06T10:16:58-05:00</time>
</trkpt>
<trkpt lat="-15.530756" lon="-70.132929">
<ele>3825.2</ele>
<time>2026-10-06T10:17:00-05:00</time>
</trkpt>
<trkpt lat="-15.530779" lon="-70.132939">
<ele>3825.0</ele>
<time>2026-10-06T10:17:02-05:00</time>
</trkpt>
<trkpt lat="-15.530776" lon="-70.132919">
<ele>3824.9</ele>
<time>2026-10-06T10:17:04-05:00</time>
</trkpt>
<trkpt lat="-15.530813" lon="-70.132927">
<ele>3825.2</ele>
<time>2026-10-06T10:17:06-05:00</time>
</trkpt>
<trkpt lat="-15.530885" lon="-70.132971">
<ele>3824.3</ele>
<time>2026-10-06T10:17:08-05:00</time>
</trkpt>
<trkpt lat="-15.530995" lon="-70.133032">
<ele>3824.8</ele>
<time>2026-10-06T10:17:10-05:00</time>
</trkpt>
<trkpt lat="-15.531108" lon="-70.133113">
<ele>3824.5</ele>
<time>2026-10-06T10:17:12-05:00</time>
</trkpt>
<trkpt lat="-15.531186" lon="-70.133196">
<ele>3824.5</ele>
<time>2026-10-06T10:17:14-05:00</time>
</trkpt>
<trkpt lat="-15.531273" lon="-70.133251">
<ele>3824.3</ele>
<time>2026-10-06T10:17:16-05:00</time>
</trkpt>
<trkpt lat="-15.531348" lon="-70.133309">
<ele>3823.8</ele>
<time>2026-10-06T10:17:18-05:00</time>
</trkpt>
<trkpt lat="-15.531369" lon="-70.133319">
<ele>3824.5</ele>
<time>2026-10-06T10:17:20-05:00</time>
</trkpt>
<trkpt lat="-15.531358" lon="-70.133357">
<ele>3824.1</ele>
<time>2026-10-06T10:17:22-05:00</time>
</trkpt>
<trkpt lat="-15.531318" lon="-70.133416">
<ele>3823.5</ele>
<time>2026-10-06T10:17:24-05:00</time>
</trkpt>
<trkpt lat="-15.53125" lon="-70.133511">
<ele>3824.1</ele>
<time>2026-10-06T10:17:26-05:00</time>
</trkpt>
<trkpt lat="-15.531156" lon="-70.133603">
<ele>3824.6</ele>
<time>2026-10-06T10:17:28-05:00</time>
</trkpt>
<trkpt lat="-15.531088" lon="-70.133713">
<ele>3824.6</ele>
<time>2026-10-06T10:17:30-05:00</time>
</trkpt>
<trkpt lat="-15.531031" lon="-70.133813">
<ele>3825.2</ele>
<time>2026-10-06T10:17:32-05:00</time>
</trkpt>
<trkpt lat="-15.530966" lon="-70.133896">
<ele>3824.8</ele>
<time>2026-10-06T10:17:34-05:00</time>
</trkpt>
<trkpt lat="-15.530904" lon="-70.134012">
<ele>3824.1</ele>
<time>2026-10-06T10:17:36-05:00</time>
</trkpt>
<trkpt lat="-15.53082" lon="-70.134116">
<ele>3825.5</ele>
<time>2026-10-06T10:17:38-05:00</time>
</trkpt>
<trkpt lat="-15.530758" lon="-70.134214">
<ele>3824.7</ele>
<time>2026-10-06T10:17:40-05:00</time>
</trkpt>
<trkpt lat="-15.530695" lon="-70.134322">
<ele>3825.1</ele>
<time>2026-10-06T10:17:42-05:00</time>
</trkpt>
<trkpt lat="-15.530637" lon="-70.134413">
<ele>3824.2</ele>
<time>2026-10-06T10:17:44-05:00</time>
</trkpt>
<trkpt lat="-15.530583" lon="-70.134484">
<ele>3825.3</ele>
<time>2026-10-06T10:17:46-05:00</time>
</trkpt>
<trkpt lat="-15.530572" lon="-70.134552">
<ele>3824.2</ele>
<time>2026-10-06T10:17:48-05:00</time>
</trkpt>
<trkpt lat="-15.530587" lon="-70.134695">
<ele>3824.3</ele>
<time>2026-10-06T10:17:50-05:00</time>
</trkpt>
<trkpt lat="-15.530637" lon="-70.134796">
<ele>3824.4</ele>
<time>2026-10-06T10:17:52-05:00</time>
</trkpt>
<trkpt lat="-15.53068" lon="-70.134852">
<ele>3824.9</ele>
<time>2026-10-06T10:17:54-05:00</time>
</trkpt>
<trkpt lat="-15.530755" lon="-70.134904">
<ele>3824.6</ele>
<time>2026-10-06T10:17:56-05:00</time>
</trkpt>
<trkpt lat="-15.530784" lon="-70.134975">
<ele>3824.7</ele>
<time>2026-10-06T10:17:58-05:00</time>
</trkpt>
<trkpt lat="-15.530858" lon="-70.135024">
<ele>3824.7</ele>
<time>2026-10-06T10:18:00-05:00</time>
</trkpt>
<trkpt lat="-15.530927" lon="-70.135071">
<ele>3824.6</ele>
<time>2026-10-06T10:18:02-05:00</time>
</trkpt>
<trkpt lat="-15.530995" lon="-70.135116">
<ele>3825.0</ele>
<time>2026-10-06T10:18:04-05:00</time>
</trkpt>
<trkpt lat="-15.531062" lon="-70.135151">
<ele>3824.7</ele>
<time>2026-10-06T10:18:06-05:00</time>
</trkpt>
<trkpt lat="-15.53113" lon="-70.13521">
<ele>3824.9</ele>
<time>2026-10-06T10:18:08-05:00</time>
</trkpt>
<trkpt lat="-15.531216" lon="-70.135277">
<ele>3824.6</ele>
<time>2026-10-06T10:18:10-05:00</time>
</trkpt>
<trkpt lat="-15.531309" lon="-70.135315">
<ele>3825.3</ele>
<time>2026-10-06T10:18:12-05:00</time>
</trkpt>
<trkpt lat="-15.531398" lon="-70.135378">
<ele>3825.8</ele>
<time>2026-10-06T10:18:14-05:00</time>
</trkpt>
<trkpt lat="-15.531501" lon="-70.135447">
<ele>3825.1</ele>
<time>2026-10-06T10:18:16-05:00</time>
</trkpt>
<trkpt lat="-15.531585" lon="-70.135506">
<ele>3824.9</ele>
<time>2026-10-06T10:18:18-05:00</time>
</trkpt>
<trkpt lat="-15.531681" lon="-70.135546">
<ele>3825.2</ele>
<time>2026-10-06T10:18:20-05:00</time>
</trkpt>
<trkpt lat="-15.531778" lon="-70.135586">
<ele>3824.8</ele>
<time>2026-10-06T10:18:22-05:00</time>
</trkpt>
<trkpt lat="-15.531866" lon="-70.135627">
<ele>3825.5</ele>
<time>2026-10-06T10:18:24-05:00</time>
</trkpt>
<trkpt lat="-15.531968" lon="-70.135685">
<ele>3825.3</ele>
<time>2026-10-06T10:18:26-05:00</time>
</trkpt>
<trkpt lat="-15.532058" lon="-70.135747">
<ele>3824.4</ele>
<time>2026-10-06T10:18:28-05:00</time>
</trkpt>
<trkpt lat="-15.532154" lon="-70.135809">
<ele>3824.9</ele>
<time>2026-10-06T10:18:30-05:00</time>
</trkpt>
<trkpt lat="-15.532245" lon="-70.135872">
<ele>3825.5</ele>
<time>2026-10-06T10:18:32-05:00</time>
</trkpt>
<trkpt lat="-15.532313" lon="-70.135925">
<ele>3825.4</ele>
<time>2026-10-06T10:18:34-05:00</time>
</trkpt>
<trkpt lat="-15.532401" lon="-70.135978">
<ele>3825.4</ele>
<time>2026-10-06T10:18:36-05:00</time>
</trkpt>
<trkpt lat="-15.532496" lon="-70.136034">
<ele>3825.3</ele>
<time>2026-10-06T10:18:38-05:00</time>
</trkpt>
<trkpt lat="-15.532574" lon="-70.136068">
<ele>3825.0</ele>
<time>2026-10-06T10:18:40-05:00</time>
</trkpt>
<trkpt lat="-15.532643" lon="-70.136117">
<ele>3826.1</ele>
<time>2026-10-06T10:18:42-05:00</time>
</trkpt>
<trkpt lat="-15.532721" lon="-70.136158">
<ele>3825.0</ele>
<time>2026-10-06T10:18:44-05:00</time>
</trkpt>
<trkpt lat="-15.532806" lon="-70.136191">
<ele>3824.3</ele>
<time>2026-10-06T10:18:46-05:00</time>
</trkpt>
<trkpt lat="-15.53289" lon="-70.136229">
<ele>3824.9</ele>
<time>2026-10-06T10:18:48-05:00</time>
</trkpt>
<trkpt lat="-15.532977" lon="-70.136287">
<ele>3824.8</ele>
<time>2026-10-06T10:18:50-05:00</time>
</trkpt>
<trkpt lat="-15.533071" lon="-70.136333">
<ele>3825.0</ele>
<time>2026-10-06T10:18:52-05:00</time>
</trkpt>
<trkpt lat="-15.533162" lon="-70.136369">
<ele>3824.5</ele>
<time>2026-10-06T10:18:54-05:00</time>
</trkpt>
<trkpt lat="-15.533246" lon="-70.136423">
<ele>3825.4</ele>
<time>2026-10-06T10:18:56-05:00</time>
</trkpt>
<trkpt lat="-15.533331" lon="-70.136467">
<ele>3824.5</ele>
<time>2026-10-06T10:18:58-05:00</time>
</trkpt>
<trkpt lat="-15.533419" lon="-70.136506">
<ele>3824.8</ele>
<time>2026-10-06T10:19:00-05:00</time>
</trkpt>
<trkpt lat="-15.533506" lon="-70.136554">
<ele>3825.3</ele>
<time>2026-10-06T10:19:02-05:00</time>
</trkpt>
<trkpt lat="-15.533604" lon="-70.136604">
<ele>3824.2</ele>
<time>2026-10-06T10:19:04-05:00</time>
</trkpt>
<trkpt lat="-15.533592" lon="-70.136669">
<ele>3825.1</ele>
<time>2026-10-06T10:19:06-05:00</time>
</trkpt>
<trkpt lat="-15.533573" lon="-70.136741">
<ele>3825.1</ele>
<time>2026-10-06T10:19:08-05:00</time>
</trkpt>
<trkpt lat="-15.533567" lon="-70.13685">
<ele>3825.4</ele>
<time>2026-10-06T10:19:10-05:00</time>
</trkpt>
<trkpt lat="-15.533565" lon="-70.136949">
<ele>3825.2</ele>
<time>2026-10-06T10:19:12-05:00</time>
</trkpt>
<trkpt lat="-15.533566" lon="-70.137054">
<ele>3825.6</ele>
<time>2026-10-06T10:19:14-05:00</time>
</trkpt>
<trkpt lat="-15.533549" lon="-70.137166">
<ele>3826.1</ele>
<time>2026-10-06T10:19:16-05:00</time>
</trkpt>
<trkpt lat="-15.533536" lon="-70.137283">
<ele>3825.5</ele>
<time>2026-10-06T10:19:18-05:00</time>
</trkpt>
<trkpt lat="-15.533521" lon="-70.137384">
<ele>3825.4</ele>
<time>2026-10-06T10:19:20-05:00</time>
</trkpt>
<trkpt lat="-15.533495" lon="-70.137495">
<ele>3825.6</ele>
<time>2026-10-06T10:19:22-05:00</time>
</trkpt>
<trkpt lat="-15.533481" lon="-70.137593">
<ele>3825.5</ele>
<time>2026-10-06T10:19:24-05:00</time>
</trkpt>
<trkpt lat="-15.533465" lon="-70.137694">
<ele>3825.5</ele>
<time>2026-10-06T10:19:26-05:00</time>
</trkpt>
<trkpt lat="-15.533433" lon="-70.137817">
<ele>3825.4</ele>
<time>2026-10-06T10:19:28-05:00</time>
</trkpt>
<trkpt lat="-15.533373" lon="-70.137846">
<ele>3825.8</ele>
<time>2026-10-06T10:19:30-05:00</time>
</trkpt>
<trkpt lat="-15.53327" lon="-70.137844">
<ele>3825.4</ele>
<time>2026-10-06T10:19:32-05:00</time>
</trkpt>
<trkpt lat="-15.533163" lon="-70.137848">
<ele>3825.6</ele>
<time>2026-10-06T10:19:34-05:00</time>
</trkpt>
<trkpt lat="-15.533083" lon="-70.137835">
<ele>3825.7</ele>
<time>2026-10-06T10:19:36-05:00</time>
</trkpt>
<trkpt lat="-15.532992" lon="-70.137823">
<ele>3826.4</ele>
<time>2026-10-06T10:19:38-05:00</time>
</trkpt>
<trkpt lat="-15.532885" lon="-70.13782">
<ele>3826.5</ele>
<time>2026-10-06T10:19:40-05:00</time>
</trkpt>
<trkpt lat="-15.532778" lon="-70.137813">
<ele>3825.7</ele>
<time>2026-10-06T10:19:42-05:00</time>
</trkpt>
<trkpt lat="-15.532748" lon="-70.137758">
<ele>3826.3</ele>
<time>2026-10-06T10:19:44-05:00</time>
</trkpt>
<trkpt lat="-15.532739" lon="-70.137639">
<ele>3824.6</ele>
<time>2026-10-06T10:19:46-05:00</time>
</trkpt>
<trkpt lat="-15.532697" lon="-70.137565">
<ele>3825.4</ele>
<time>2026-10-06T10:19:48-05:00</time>
</trkpt>
<trkpt lat="-15.532692" lon="-70.137466">
<ele>3825.8</ele>
<time>2026-10-06T10:19:50-05:00</time>
</trkpt>
<trkpt lat="-15.532706" lon="-70.137354">
<ele>3825.2</ele>
<time>2026-10-06T10:19:52-05:00</time>
</trkpt>
<trkpt lat="-15.532702" lon="-70.137257">
<ele>3825.3</ele>
<time>2026-10-06T10:19:54-05:00</time>
</trkpt>
<trkpt lat="-15.532717" lon="-70.137171">
<ele>3824.9</ele>
<time>2026-10-06T10:19:56-05:00</time>
</trkpt>
<trkpt lat="-15.532721" lon="-70.137145">
<ele>3825.6</ele>
<time>2026-10-06T10:19:58-05:00</time>
</trkpt>
<trkpt lat="-15.53271" lon="-70.137132">
<ele>3825.7</ele>
<time>2026-10-06T10:20:00-05:00</time>
</trkpt>
</trkseg>
</trk>
</gpx>