<?xml version="1.0" encoding="UTF-8"?>
<gpx xmlns="http://www.topografix.com/GPX/1/1" xmlns:xsi="http://www.w3.org/2001/XMLSchema-instance" xsi:schemaLocation="http://www.topografix.com/GPX/1/1 http://www.topografix.com/GPX/1/1/gpx.xsd" version="1.1" creator="JuliacaBus-DS">
<metadata>
<name>Bosque-Ayabacas-LM-3</name>
<time>2026-10-06T10:30:00-05:00</time>
<keywords>linea LM-3, vuelta</keywords>
</metadata>
<trk>
<name>Bosque-Ayabacas-LM-3</name>
<trkseg>
<trkpt lat="-15.532777" lon="-70.136214">
<ele>3824.3</ele>
<time>2026-10-06T10:30:00-05:00</time>
</trkpt>
<trkpt lat="-15.53277" lon="-70.136204">
<ele>3825.7</ele>
<time>2026-10-06T10:30:02-05:00</time>
</trkpt>
<trkpt lat="-15.532774" lon="-70.136187">
<ele>3824.9</ele>
<time>2026-10-06T10:30:04-05:00</time>
</trkpt>
<trkpt lat="-15.532789" lon="-70.136174">
<ele>3825.1</ele>
<time>2026-10-06T10:30:06-05:00</time>
</trkpt>
<trkpt lat="-15.532779" lon="-70.136196">
<ele>3824.6</ele>
<time>2026-10-06T10:30:08-05:00</time>
</trkpt>
<trkpt lat="-15.532755" lon="-70.136201">
<ele>3824.8</ele>
<time>2026-10-06T10:30:10-05:00</time>
</trkpt>
<trkpt lat="-15.532726" lon="-70.13612">
<ele>3824.7</ele>
<time>2026-10-06T10:30:12-05:00</time>
</trkpt>
<trkpt lat="-15.532633" lon="-70.136049">
<ele>3824.0</ele>
<time>2026-10-06T10:30:14-05:00</time>
</trkpt>
<trkpt lat="-15.532537" lon="-70.135996">
<ele>3824.9</ele>
<time>2026-10-06T10:30:16-05:00</time>
</trkpt>
<trkpt lat="-15.532447" lon="-70.135909">
<ele>3825.0</ele>
<time>2026-10-06T10:30:18-05:00</time>
</trkpt>
<trkpt lat="-15.532325" lon="-70.135845">
<ele>3825.5</ele>
<time>2026-10-06T10:30:20-05:00</time>
</trkpt>
<trkpt lat="-15.532221" lon="-70.135785">
<ele>3824.8</ele>
<time>2026-10-06T10:30:22-05:00</time>
</trkpt>
<trkpt lat="-15.532103" lon="-70.135731">
<ele>3825.6</ele>
<time>2026-10-06T10:30:24-05:00</time>
</trkpt>
<trkpt lat="-15.531982" lon="-70.135655">
<ele>3824.9</ele>
<time>2026-10-06T10:30:26-05:00</time>
</trkpt>
<trkpt lat="-15.531853" lon="-70.135581">
<ele>3825.2</ele>
<time>2026-10-06T10:30:28-05:00</time>
</trkpt>
<trkpt lat="-15.531744" lon="-70.135518">
<ele>3825.7</ele>
<time>2026-10-06T10:30:30-05:00</time>
</trkpt>
<trkpt lat="-15.531622" lon="-70.135442">
<ele>3825.1</ele>
<time>2026-10-06T10:30:32-05:00</time>
</trkpt>
<trkpt lat="-15.531513" lon="-70.135385">
<ele>3825.8</ele>
<time>2026-10-06T10:30:34-05:00</time>
</trkpt>
<trkpt lat="-15.5314" lon="-70.135315">
<ele>3825.2</ele>
<time>2026-10-06T10:30:36-05:00</time>
</trkpt>
<trkpt lat="-15.531285" lon="-70.135246">
<ele>3824.9</ele>
<time>2026-10-06T10:30:38-05:00</time>
</trkpt>
<trkpt lat="-15.53117" lon="-70.135187">
<ele>3826.1</ele>
<time>2026-10-06T10:30:40-05:00</time>
</trkpt>
<trkpt lat="-15.531071" lon="-70.135122">
<ele>3824.8</ele>
<time>2026-10-06T10:30:42-05:00</time>
</trkpt>
<trkpt lat="-15.530971" lon="-70.135079">
<ele>3825.0</ele>
<time>2026-10-06T10:30:44-05:00</time>
</trkpt>
<trkpt lat="-15.530874" lon="-70.135005">
<ele>3824.8</ele>
<time>2026-10-06T10:30:46-05:00</time>
</trkpt>
<trkpt lat="-15.530766" lon="-70.13494">
<ele>3825.4</ele>
<time>2026-10-06T10:30:48-05:00</time>
</trkpt>
<trkpt lat="-15.5307" lon="-70.134819">
<ele>3825.4</ele>
<time>2026-10-06T10:30:50-05:00</time>
</trkpt>
<trkpt lat="-15.53064" lon="-70.134748">
<ele>3824.9</ele>
<time>2026-10-06T10:30:52-05:00</time>
</trkpt>
<trkpt lat="-15.530666" lon="-70.134718">
<ele>3824.8</ele>
<time>2026-10-06T10:30:54-05:00</time>
</trkpt>
<trkpt lat="-15.530708" lon="-70.134688">
<ele>3824.9</ele>
<time>2026-10-06T10:30:56-05:00</time>
</trkpt>
<trkpt lat="-15.530741" lon="-70.134613">
<ele>3824.9</ele>
<time>2026-10-06T10:30:58-05:00</time>
</trkpt>
<trkpt lat="-15.530796" lon="-70.13453">
<ele>3825.4</ele>
<time>2026-10-06T10:31:00-05:00</time>
</trkpt>
<trkpt lat="-15.530874" lon="-70.134418">
<ele>3825.1</ele>
<time>2026-10-06T10:31:02-05:00</time>
</trkpt>
<trkpt lat="-15.530954" lon="-70.134308">
<ele>3824.9</ele>
<time>2026-10-06T10:31:04-05:00</time>
</trkpt>
<trkpt lat="-15.531021" lon="-70.134201">
<ele>3824.2</ele>
<time>2026-10-06T10:31:06-05:00</time>
</trkpt>
<trkpt lat="-15.531103" lon="-70.134098">
<ele>3824.1</ele>
<time>2026-10-06T10:31:08-05:00</time>
</trkpt>
<trkpt lat="-15.531172" lon="-70.133974">
<ele>3824.3</ele>
<time>2026-10-06T10:31:10-05:00</time>
</trkpt>
<trkpt lat="-15.531259" lon="-70.133854">
<ele>3823.7</ele>
<time>2026-10-06T10:31:12-05:00</time>
</trkpt>
<trkpt lat="-15.531334" lon="-70.13376">
<ele>3823.9</ele>
<time>2026-10-06T10:31:14-05:00</time>
</trkpt>
<trkpt lat="-15.531402" lon="-70.133648">
<ele>3823.7</ele>
<time>2026-10-06T10:31:16-05:00</time>
</trkpt>
<trkpt lat="-15.531464" lon="-70.133579">
<ele>3824.3</ele>
<time>2026-10-06T10:31:18-05:00</time>
</trkpt>
<trkpt lat="-15.531516" lon="-70.133519">
<ele>3824.4</ele>
<time>2026-10-06T10:31:20-05:00</time>
</trkpt>
<trkpt lat="-15.53154" lon="-70.133452">
<ele>3824.3</ele>
<time>2026-10-06T10:31:22-05:00</time>
</trkpt>
<trkpt lat="-15.531511" lon="-70.1334">
<ele>3823.9</ele>
<time>2026-10-06T10:31:24-05:00</time>
</trkpt>
<trkpt lat="-15.531456" lon="-70.133369">
<ele>3823.9</ele>
<time>2026-10-06T10:31:26-05:00</time>
</trkpt>
<trkpt lat="-15.531368" lon="-70.133319">
<ele>3823.9</ele>
<time>2026-10-06T10:31:28-05:00</time>
</trkpt>
<trkpt lat="-15.531254" lon="-70.133229">
<ele>3824.4</ele>
<time>2026-10-06T10:31:30-05:00</time>
</trkpt>
<trkpt lat="-15.531146" lon="-70.133136">
<ele>3823.9</ele>
<time>2026-10-06T10:31:32-05:00</time>
</trkpt>
<trkpt lat="-15.531023" lon="-70.13305">
<ele>3824.6</ele>
<time>2026-10-06T10:31:34-05:00</time>
</trkpt>
<trkpt lat="-15.530932" lon="-70.132971">
<ele>3824.6</ele>
<time>2026-10-06T10:31:36-05:00</time>
</trkpt>
<trkpt lat="-15.530822" lon="-70.132907">
<ele>3824.9</ele>
<time>2026-10-06T10:31:38-05:00</time>
</trkpt>
<trkpt lat="-15.530737" lon="-70.132848">
<ele>3823.9</ele>
<time>2026-10-06T10:31:40-05:00</time>
</trkpt>
<trkpt lat="-15.530664" lon="-70.132809">
<ele>3825.3</ele>
<time>2026-10-06T10:31:42-05:00</time>
</trkpt>
<trkpt lat="-15.530554" lon="-70.132726">
<ele>3824.9</ele>
<time>2026-10-06T10:31:44-05:00</time>
</trkpt>
<trkpt lat="-15.530457" lon="-70.132645">
<ele>3824.7</ele>
<time>2026-10-06T10:31:46-05:00</time>
</trkpt>
<trkpt lat="-15.530351" lon="-70.132572">
<ele>3824.6</ele>
<time>2026-10-06T10:31:48-05:00</time>
</trkpt>
<trkpt lat="-15.530243" lon="-70.132503">
<ele>3824.5</ele>
<time>2026-10-06T10:31:50-05:00</time>
</trkpt>
<trkpt lat="-15.53014" lon="-70.132412">
<ele>3825.0</ele>
<time>2026-10-06T10:31:52-05:00</time>
</trkpt>
<trkpt lat="-15.530034" lon="-70.132331">
<ele>3824.7</ele>
<time>2026-10-06T10:31:54-05:00</time>
</trkpt>
<trkpt lat="-15.529945" lon="-70.132258">
<ele>3824.3</ele>
<time>2026-10-06T10:31:56-05:00</time>
</trkpt>
<trkpt lat="-15.529866" lon="-70.132188">
<ele>3824.2</ele>
<time>2026-10-06T10:31:58-05:00</time>
</trkpt>
<trkpt lat="-15.529787" lon="-70.132127">
<ele>3823.9</ele>
<time>2026-10-06T10:32:00-05:00</time>
</trkpt>
<trkpt lat="-15.529697" lon="-70.132068">
<ele>3823.3</ele>
<time>2026-10-06T10:32:02-05:00</time>
</trkpt>
<trkpt lat="-15.529623" lon="-70.132022">
<ele>3823.9</ele>
<time>2026-10-06T10:32:04-05:00</time>
</trkpt>
<trkpt lat="-15.52956" lon="-70.131981">
<ele>3823.9</ele>
<time>2026-10-06T10:32:06-05:00</time>
</trkpt>
<trkpt lat="-15.52949" lon="-70.131915">
<ele>3824.0</ele>
<time>2026-10-06T10:32:08-05:00</time>
</trkpt>
<trkpt lat="-15.529411" lon="-70.131865">
<ele>3824.0</ele>
<time>2026-10-06T10:32:10-05:00</time>
</trkpt>
<trkpt lat="-15.529344" lon="-70.131815">
<ele>3824.2</ele>
<time>2026-10-06T10:32:12-05:00</time>
</trkpt>
<trkpt lat="-15.529246" lon="-70.131762">
<ele>3823.6</ele>
<time>2026-10-06T10:32:14-05:00</time>
</trkpt>
<trkpt lat="-15.529177" lon="-70.131698">
<ele>3824.3</ele>
<time>2026-10-06T10:32:16-05:00</time>
</trkpt>
<trkpt lat="-15.529098" lon="-70.131635">
<ele>3824.1</ele>
<time>2026-10-06T10:32:18-05:00</time>
</trkpt>
<trkpt lat="-15.529012" lon="-70.131543">
<ele>3825.1</ele>
<time>2026-10-06T10:32:20-05:00</time>
</trkpt>
<trkpt lat="-15.528932" lon="-70.131492">
<ele>3823.8</ele>
<time>2026-10-06T10:32:22-05:00</time>
</trkpt>
<trkpt lat="-15.528865" lon="-70.131436">
<ele>3823.6</ele>
<time>2026-10-06T10:32:24-05:00</time>
</trkpt>
<trkpt lat="-15.528785" lon="-70.131404">
<ele>3823.7</ele>
<time>2026-10-06T10:32:26-05:00</time>
</trkpt>
<trkpt lat="-15.528715" lon="-70.131344">
<ele>3824.2</ele>
<time>2026-10-06T10:32:28-05:00</time>
</trkpt>
<trkpt lat="-15.528647" lon="-70.131298">
<ele>3823.9</ele>
<time>2026-10-06T10:32:30-05:00</time>
</trkpt>
<trkpt lat="-15.528581" lon="-70.131238">
<ele>3823.8</ele>
<time>2026-10-06T10:32:32-05:00</time>
</trkpt>
<trkpt lat="-15.528486" lon="-70.131185">
<ele>3823.7</ele>
<time>2026-10-06T10:32:34-05:00</time>
</trkpt>
<trkpt lat="-15.528397" lon="-70.131127">
<ele>3823.5</ele>
<time>2026-10-06T10:32:36-05:00</time>
</trkpt>
<trkpt lat="-15.528337" lon="-70.131075">
<ele>3824.4</ele>
<time>2026-10-06T10:32:38-05:00</time>
</trkpt>
<trkpt lat="-15.528259" lon="-70.131004">
<ele>3824.5</ele>
<time>2026-10-06T10:32:40-05:00</time>
</trkpt>
<trkpt lat="-15.528195" lon="-70.130967">
<ele>3824.0</ele>
<time>2026-10-06T10:32:42-05:00</time>
</trkpt>
<trkpt lat="-15.528151" lon="-70.130915">
<ele>3823.8</ele>
<time>2026-10-06T10:32:44-05:00</time>
</trkpt>
<trkpt lat="-15.528057" lon="-70.130859">
<ele>3823.8</ele>
<time>2026-10-06T10:32:46-05:00</time>
</trkpt>
<trkpt lat="-15.527969" lon="-70.130802">
<ele>3824.0</ele>
<time>2026-10-06T10:32:48-05:00</time>
</trkpt>
<trkpt lat="-15.527878" lon="-70.130745">
<ele>3824.6</ele>
<time>2026-10-06T10:32:50-05:00</time>
</trkpt>
<trkpt lat="-15.5278" lon="-70.13067">
<ele>3823.9</ele>
<time>2026-10-06T10:32:52-05:00</time>
</trkpt>
<trkpt lat="-15.52773" lon="-70.130633">
<ele>3823.7</ele>
<time>2026-10-06T10:32:54-05:00</time>
</trkpt>
<trkpt lat="-15.527653" lon="-70.130566">
<ele>3823.6</ele>
<time>2026-10-06T10:32:56-05:00</time>
</trkpt>
<trkpt lat="-15.527581" lon="-70.130495">
<ele>3824.1</ele>
<time>2026-10-06T10:32:58-05:00</time>
</trkpt>
<trkpt lat="-15.527497" lon="-70.130439">
<ele>3824.0</ele>
<time>2026-10-06T10:33:00-05:00</time>
</trkpt>
<trkpt lat="-15.527393" lon="-70.130353">
<ele>3824.1</ele>
<time>2026-10-06T10:33:02-05:00</time>
</trkpt>
<trkpt lat="-15.527279" lon="-70.130271">
<ele>3824.6</ele>
<time>2026-10-06T10:33:04-05:00</time>
</trkpt>
<trkpt lat="-15.527184" lon="-70.130183">
<ele>3824.4</ele>
<time>2026-10-06T10:33:06-05:00</time>
</trkpt>
<trkpt lat="-15.527088" lon="-70.130112">
<ele>3824.0</ele>
<time>2026-10-06T10:33:08-05:00</time>
</trkpt>
<trkpt lat="-15.52703" lon="-70.130064">
<ele>3823.4</ele>
<time>2026-10-06T10:33:10-05:00</time>
</trkpt>
<trkpt lat="-15.527004" lon="-70.130046">
<ele>3824.0</ele>
<time>2026-10-06T10:33:12-05:00</time>
</trkpt>
<trkpt lat="-15.527044" lon="-70.130006">
<ele>3823.1</ele>
<time>2026-10-06T10:33:14-05:00</time>
</trkpt>
<trkpt lat="-15.527095" lon="-70.129898">
<ele>3823.9</ele>
<time>2026-10-06T10:33:16-05:00</time>
</trkpt>
<trkpt lat="-15.527165" lon="-70.129775">
<ele>3823.9</ele>
<time>2026-10-06T10:33:18-05:00</time>
</trkpt>
<trkpt lat="-15.52723" lon="-70.129657">
<ele>3823.9</ele>
<time>2026-10-06T10:33:20-05:00</time>
</trkpt>
<trkpt lat="-15.527279" lon="-70.129584">
<ele>3823.5</ele>
<time>2026-10-06T10:33:22-05:00</time>
</trkpt>
<trkpt lat="-15.527304" lon="-70.129515">
<ele>3824.1</ele>
<time>2026-10-06T10:33:24-05:00</time>
</trkpt>
<trkpt lat="-15.52729" lon="-70.129451">
<ele>3823.2</ele>
<time>2026-10-06T10:33:26-05:00</time>
</trkpt>
<trkpt lat="-15.527211" lon="-70.129403">
<ele>3824.0</ele>
<time>2026-10-06T10:33:28-05:00</time>
</trkpt>
<trkpt lat="-15.527099" lon="-70.129329">
<ele>3823.2</ele>
<time>2026-10-06T10:33:30-05:00</time>
</trkpt>
<trkpt lat="-15.526977" lon="-70.129229">
<ele>3823.8</ele>
<time>2026-10-06T10:33:32-05:00</time>
</trkpt>
<trkpt lat="-15.526878" lon="-70.129161">
<ele>3824.2</ele>
<time>2026-10-06T10:33:34-05:00</time>
</trkpt>
<trkpt lat="-15.526771" lon="-70.129086">
<ele>3824.8</ele>
<time>2026-10-06T10:33:36-05:00</time>
</trkpt>
<trkpt lat="-15.52669" lon="-70.12903">
<ele>3823.9</ele>
<time>2026-10-06T10:33:38-05:00</time>
</trkpt>
<trkpt lat="-15.52663" lon="-70.128978">
<ele>3824.2</ele>
<time>2026-10-06T10:33:40-05:00</time>
</trkpt>
<trkpt lat="-15.526536" lon="-70.128904">
<ele>3823.9</ele>
<time>2026-10-06T10:33:42-05:00</time>
</trkpt>
<trkpt lat="-15.526438" lon="-70.128835">
<ele>3824.4</ele>
<time>2026-10-06T10:33:44-05:00</time>
</trkpt>
<trkpt lat="-15.526359" lon="-70.128782">
<ele>3824.1</ele>
<time>2026-10-06T10:33:46-05:00</time>
</trkpt>
<trkpt lat="-15.526277" lon="-70.128733">
<ele>3824.6</ele>
<time>2026-10-06T10:33:48-05:00</time>
</trkpt>
<trkpt lat="-15.526186" lon="-70.128694">
<ele>3824.1</ele>
<time>2026-10-06T10:33:50-05:00</time>
</trkpt>
<trkpt lat="-15.526095" lon="-70.128618">
<ele>3823.8</ele>
<time>2026-10-06T10:33:52-05:00</time>
</trkpt>
<trkpt lat="-15.525974" lon="-70.128524">
<ele>3824.2</ele>
<time>2026-10-06T10:33:54-05:00</time>
</trkpt>
<trkpt lat="-15.525849" lon="-70.128448">
<ele>3824.0</ele>
<time>2026-10-06T10:33:56-05:00</time>
</trkpt>
<trkpt lat="-15.525733" lon="-70.128355">
<ele>3824.1</ele>
<time>2026-10-06T10:33:58-05:00</time>
</trkpt>
<trkpt lat="-15.525658" lon="-70.1283">
<ele>3824.3</ele>
<time>2026-10-06T10:34:00-05:00</time>
</trkpt>
<trkpt lat="-15.525619" lon="-70.128259">
<ele>3823.8</ele>
<time>2026-10-06T10:34:02-05:00</time>
</trkpt>
<trkpt lat="-15.525654" lon="-70.128224">
<ele>3823.7</ele>
<time>2026-10-06T10:34:04-05:00</time>
</trkpt>
<trkpt lat="-15.525713" lon="-70.12814">
<ele>3823.9</ele>
<time>2026-10-06T10:34:06-05:00</time>
</trkpt>
<trkpt lat="-15.525795" lon="-70.128032">
<ele>3824.4</ele>
<time>2026-10-06T10:34:08-05:00</time>
</trkpt>
<trkpt lat="-15.525872" lon="-70.12791">
<ele>3823.3</ele>
<time>2026-10-06T10:34:10-05:00</time>
</trkpt>
<trkpt lat="-15.525951" lon="-70.12781">
<ele>3823.5</ele>
<time>2026-10-06T10:34:12-05:00</time>
</trkpt>
<trkpt lat="-15.52601" lon="-70.127752">
<ele>3823.8</ele>
<time>2026-10-06T10:34:14-05:00</time>
</trkpt>
<trkpt lat="-15.526013" lon="-70.127708">
<ele>3824.0</ele>
<time>2026-10-06T10:34:16-05:00</time>
</trkpt>
<trkpt lat="-15.525961" lon="-70.127665">
<ele>3824.1</ele>
<time>2026-10-06T10:34:18-05:00</time>
</trkpt>
<trkpt lat="-15.525888" lon="-70.127622">
<ele>3823.5</ele>
<time>2026-10-06T10:34:20-05:00</time>
</trkpt>
<trkpt lat="-15.52578" lon="-70.127548">
<ele>3824.4</ele>
<time>2026-10-06T10:34:22-05:00</time>
</trkpt>
<trkpt lat="-15.525672" lon="-70.127477">
<ele>3824.3</ele>
<time>2026-10-06T10:34:24-05:00</time>
</trkpt>
<trkpt lat="-15.525579" lon="-70.127401">
<ele>3824.2</ele>
<time>2026-10-06T10:34:26-05:00</time>
</trkpt>
<trkpt lat="-15.525505" lon="-70.127351">
<ele>3824.1</ele>
<time>2026-10-06T10:34:28-05:00</time>
</trkpt>
<trkpt lat="-15.525417" lon="-70.127291">
<ele>3824.3</ele>
<time>2026-10-06T10:34:30-05:00</time>
</trkpt>
<trkpt lat="-15.525337" lon="-70.127238">
<ele>3823.6</ele>
<time>2026-10-06T10:34:32-05:00</time>
</trkpt>
<trkpt lat="-15.52524" lon="-70.12718">
<ele>3824.6</ele>
<time>2026-10-06T10:34:34-05:00</time>
</trkpt>
<trkpt lat="-15.525142" lon="-70.127119">
<ele>3824.2</ele>
<time>2026-10-06T10:34:36-05:00</time>
</trkpt>
<trkpt lat="-15.525053" lon="-70.127057">
<ele>3823.9</ele>
<time>2026-10-06T10:34:38-05:00</time>
</trkpt>
<trkpt lat="-15.524964" lon="-70.126992">
<ele>3824.3</ele>
<time>2026-10-06T10:34:40-05:00</time>
</trkpt>
<trkpt lat="-15.524859" lon="-70.126923">
<ele>3823.4</ele>
<time>2026-10-06T10:34:42-05:00</time>
</trkpt>
<trkpt lat="-15.524763" lon="-70.126858">
<ele>3823.7</ele>
<time>2026-10-06T10:34:44-05:00</time>
</trkpt>
<trkpt lat="-15.524679" lon="-70.126805">
<ele>3824.4</ele>
<time>2026-10-06T10:34:46-05:00</time>
</trkpt>
<trkpt lat="-15.524587" lon="-70.126763">
<ele>3823.8</ele>
<time>2026-10-06T10:34:48-05:00</time>
</trkpt>
<trkpt lat="-15.524497" lon="-70.126713">
<ele>3824.2</ele>
<time>2026-10-06T10:34:50-05:00</time>
</trkpt>
<trkpt lat="-15.524408" lon="-70.126651">
<ele>3824.4</ele>
<time>2026-10-06T10:34:52-05:00</time>
</trkpt>
<trkpt lat="-15.524306" lon="-70.126572">
<ele>3823.9</ele>
<time>2026-10-06T10:34:54-05:00</time>
</trkpt>
<trkpt lat="-15.524206" lon="-70.126501">
<ele>3824.1</ele>
<time>2026-10-06T10:34:56-05:00</time>
</trkpt>
<trkpt lat="-15.524116" lon="-70.126425">
<ele>3824.2</ele>
<time>2026-10-06T10:34:58-05:00</time>
</trkpt>
<trkpt lat="-15.524025" lon="-70.126365">
<ele>3823.4</ele>
<time>2026-10-06T10:35:00-05:00</time>
</trkpt>
<trkpt lat="-15.523962" lon="-70.126305">
<ele>3823.7</ele>
<time>2026-10-06T10:35:02-05:00</time>
</trkpt>
<trkpt lat="-15.523868" lon="-70.126257">
<ele>3824.6</ele>
<time>2026-10-06T10:35:04-05:00</time>
</trkpt>
<trkpt lat="-15.523764" lon="-70.126201">
<ele>3823.5</ele>
<time>2026-10-06T10:35:06-05:00</time>
</trkpt>
<trkpt lat="-15.523671" lon="-70.126152">
<ele>3824.9</ele>
<time>2026-10-06T10:35:08-05:00</time>
</trkpt>
<trkpt lat="-15.523583" lon="-70.126101">
<ele>3823.9</ele>
<time>2026-10-06T10:35:10-05:00</time>
</trkpt>
<trkpt lat="-15.523519" lon="-70.126084">
<ele>3824.0</ele>
<time>2026-10-06T10:35:12-05:00</time>
</trkpt>
<trkpt lat="-15.523455" lon="-70.126035">
<ele>3824.0</ele>
<time>2026-10-06T10:35:14-05:00</time>
</trkpt>
<trkpt lat="-15.523415" lon="-70.126016">
<ele>3824.8</ele>
<time>2026-10-06T10:35:16-05:00</time>
</trkpt>
<trkpt lat="-15.523373" lon="-70.126075">
<ele>3823.4</ele>
<time>2026-10-06T10:35:18-05:00</time>
</trkpt>
<trkpt lat="-15.523287" lon="-70.126177">
<ele>3824.1</ele>
<time>2026-10-06T10:35:20-05:00</time>
</trkpt>
<trkpt lat="-15.523216" lon="-70.126296">
<ele>3823.5</ele>
<time>2026-10-06T10:35:22-05:00</time>
</trkpt>
<trkpt lat="-15.523137" lon="-70.126424">
<ele>3824.2</ele>
<time>2026-10-06T10:35:24-05:00</time>
</trkpt>
<trkpt lat="-15.523058" lon="-70.126522">
<ele>3824.2</ele>
<time>2026-10-06T10:35:26-05:00</time>
</trkpt>
<trkpt lat="-15.523007" lon="-70.126605">
<ele>3824.1</ele>
<time>2026-10-06T10:35:28-05:00</time>
</trkpt>
<trkpt lat="-15.52295" lon="-70.126698">
<ele>3824.6</ele>
<time>2026-10-06T10:35:30-05:00</time>
</trkpt>
<trkpt lat="-15.522875" lon="-70.126783">
<ele>3824.4</ele>
<time>2026-10-06T10:35:32-05:00</time>
</trkpt>
<trkpt lat="-15.522828" lon="-70.126911">
<ele>3824.4</ele>
<time>2026-10-06T10:35:34-05:00</time>
</trkpt>
<trkpt lat="-15.522754" lon="-70.127017">
<ele>3824.9</ele>
<time>2026-10-06T10:35:36-05:00</time>
</trkpt>
<trkpt lat="-15.522681" lon="-70.127088">
<ele>3824.4</ele>
<time>2026-10-06T10:35:38-05:00</time>
</trkpt>
<trkpt lat="-15.522638" lon="-70.127131">
<ele>3824.4</ele>
<time>2026-10-06T10:35:40-05:00</time>
</trkpt>
<trkpt lat="-15.522627" lon="-70.127133">
<ele>3824.8</ele>
<time>2026-10-06T10:35:42-05:00</time>
</trkpt>
<trkpt lat="-15.522571" lon="-70.12709">
<ele>3824.6</ele>
<time>2026-10-06T10:35:44-05:00</time>
</trkpt>
<trkpt lat="-15.522466" lon="-70.127039">
<ele>3824.1</ele>
<time>2026-10-06T10:35:46-05:00</time>
</trkpt>
<trkpt lat="-15.522361" lon="-70.126993">
<ele>3823.8</ele>
<time>2026-10-06T10:35:48-05:00</time>
</trkpt>
<trkpt lat="-15.522247" lon="-70.126927">
<ele>3825.0</ele>
<time>2026-10-06T10:35:50-05:00</time>
</trkpt>
<trkpt lat="-15.522145" lon="-70.126875">
<ele>3825.4</ele>
<time>2026-10-06T10:35:52-05:00</time>
</trkpt>
<trkpt lat="-15.522051" lon="-70.126809">
<ele>3823.9</ele>
<time>2026-10-06T10:35:54-05:00</time>
</trkpt>
<trkpt lat="-15.521939" lon="-70.126784">
<ele>3824.6</ele>
<time>2026-10-06T10:35:56-05:00</time>
</trkpt>
<trkpt lat="-15.521839" lon="-70.126753">
<ele>3824.6</ele>
<time>2026-10-06T10:35:58-05:00</time>
</trkpt>
<trkpt lat="-15.521724" lon="-70.12672">
<ele>3824.5</ele>
<time>2026-10-06T10:36:00-05:00</time>
</trkpt>
<trkpt lat="-15.521617" lon="-70.126682">
<ele>3824.8</ele>
<time>2026-10-06T10:36:02-05:00</time>
</trkpt>
<trkpt lat="-15.521512" lon="-70.126669">
<ele>3824.3</ele>
<time>2026-10-06T10:36:04-05:00</time>
</trkpt>
<trkpt lat="-15.521416" lon="-70.126669">
<ele>3824.5</ele>
<time>2026-10-06T10:36:06-05:00</time>
</trkpt>
<trkpt lat="-15.521322" lon="-70.126688">
<ele>3824.2</ele>
<time>2026-10-06T10:36:08-05:00</time>
</trkpt>
<trkpt lat="-15.52122" lon="-70.126698">
<ele>3824.3</ele>
<time>2026-10-06T10:36:10-05:00</time>
</trkpt>
<trkpt lat="-15.52111" lon="-70.126745">
<ele>3823.4</ele>
<time>2026-10-06T10:36:12-05:00</time>
</trkpt>
<trkpt lat="-15.520993" lon="-70.126758">
<ele>3823.8</ele>
<time>2026-10-06T10:36:14-05:00</time>
</trkpt>
<trkpt lat="-15.520877" lon="-70.1268">
<ele>3823.8</ele>
<time>2026-10-06T10:36:16-05:00</time>
</trkpt>
<trkpt lat="-15.520783" lon="-70.126837">
<ele>3824.2</ele>
<time>2026-10-06T10:36:18-05:00</time>
</trkpt>
<trkpt lat="-15.520711" lon="-70.126876">
<ele>3824.4</ele>
<time>2026-10-06T10:36:20-05:00</time>
</trkpt>
<trkpt lat="-15.520627" lon="-70.126928">
<ele>3824.4</ele>
<time>2026-10-06T10:36:22-05:00</time>
</trkpt>
<trkpt lat="-15.5205" lon="-70.126978">
<ele>3824.3</ele>
<time>2026-10-06T10:36:24-05:00</time>
</trkpt>
<trkpt lat="-15.520402" lon="-70.12704">
<ele>3823.7</ele>
<time>2026-10-06T10:36:26-05:00</time>
</trkpt>
<trkpt lat="-15.520299" lon="-70.1271">
<ele>3824.0</ele>
<time>2026-10-06T10:36:28-05:00</time>
</trkpt>
<trkpt lat="-15.520205" lon="-70.127131">
<ele>3824.0</ele>
<time>2026-10-06T10:36:30-05:00</time>
</trkpt>
<trkpt lat="-15.520122" lon="-70.127168">
<ele>3823.8</ele>
<time>2026-10-06T10:36:32-05:00</time>
</trkpt>
<trkpt lat="-15.520048" lon="-70.127196">
<ele>3823.4</ele>
<time>2026-10-06T10:36:34-05:00</time>
</trkpt>
<trkpt lat="-15.51997" lon="-70.127245">
<ele>3823.9</ele>
<time>2026-10-06T10:36:36-05:00</time>
</trkpt>
<trkpt lat="-15.519869" lon="-70.127271">
<ele>3824.8</ele>
<time>2026-10-06T10:36:38-05:00</time>
</trkpt>
<trkpt lat="-15.519772" lon="-70.12732">
<ele>3824.2</ele>
<time>2026-10-06T10:36:40-05:00</time>
</trkpt>
<trkpt lat="-15.519667" lon="-70.127344">
<ele>3824.2</ele>
<time>2026-10-06T10:36:42-05:00</time>
</trkpt>
<trkpt lat="-15.519565" lon="-70.127396">
<ele>3824.9</ele>
<time>2026-10-06T10:36:44-05:00</time>
</trkpt>
<trkpt lat="-15.519496" lon="-70.12744">
<ele>3825.0</ele>
<time>2026-10-06T10:36:46-05:00</time>
</trkpt>
<trkpt lat="-15.519399" lon="-70.127453">
<ele>3825.0</ele>
<time>2026-10-06T10:36:48-05:00</time>
</trkpt>
<trkpt lat="-15.519317" lon="-70.127486">
<ele>3825.5</ele>
<time>2026-10-06T10:36:50-05:00</time>
</trkpt>
<trkpt lat="-15.519204" lon="-70.127519">
<ele>3825.0</ele>
<time>2026-10-06T10:36:52-05:00</time>
</trkpt>
<trkpt lat="-15.519118" lon="-70.127557">
<ele>3825.0</ele>
<time>2026-10-06T10:36:54-05:00</time>
</trkpt>
<trkpt lat="-15.519015" lon="-70.127597">
<ele>3823.7</ele>
<time>2026-10-06T10:36:56-05:00</time>
</trkpt>
<trkpt lat="-15.518924" lon="-70.127628">
<ele>3825.2</ele>
<time>2026-10-06T10:36:58-05:00</time>
</trkpt>
<trkpt lat="-15.518845" lon="-70.127669">
<ele>3825.1</ele>
<time>2026-10-06T10:37:00-05:00</time>
</trkpt>
<trkpt lat="-15.518778" lon="-70.127701">
<ele>3825.0</ele>
<time>2026-10-06T10:37:02-05:00</time>
</trkpt>
<trkpt lat="-15.518696" lon="-70.127745">
<ele>3825.3</ele>
<time>2026-10-06T10:37:04-05:00</time>
</trkpt>
<trkpt lat="-15.518604" lon="-70.127783">
<ele>3824.7</ele>
<time>2026-10-06T10:37:06-05:00</time>
</trkpt>
<trkpt lat="-15.518508" lon="-70.127815">
<ele>3824.7</ele>
<time>2026-10-06T10:37:08-05:00</time>
</trkpt>
<trkpt lat="-15.518417" lon="-70.127862">
<ele>3825.2</ele>
<time>2026-10-06T10:37:10-05:00</time>
</trkpt>
<trkpt lat="-15.518334" lon="-70.127905">
<ele>3824.7</ele>
<time>2026-10-06T10:37:12-05:00</time>
</trkpt>
<trkpt lat="-15.518248" lon="-70.127953">
<ele>3825.5</ele>
<time>2026-10-06T10:37:14-05:00</time>
</trkpt>
<trkpt lat="-15.518159" lon="-70.127997">
<ele>3824.1</ele>
<time>2026-10-06T10:37:16-05:00</time>
</trkpt>
<trkpt lat="-15.518086" lon="-70.128046">
<ele>3824.7</ele>
<time>2026-10-06T10:37:18-05:00</time>
</trkpt>
<trkpt lat="-15.517992" lon="-70.128088">
<ele>3824.9</ele>
<time>2026-10-06T10:37:20-05:00</time>
</trkpt>
<trkpt lat="-15.517906" lon="-70.128121">
<ele>3824.2</ele>
<time>2026-10-06T10:37:22-05:00</time>
</trkpt>
<trkpt lat="-15.517848" lon="-70.128138">
<ele>3825.0</ele>
<time>2026-10-06T10:37:24-05:00</time>
</trkpt>
<trkpt lat="-15.517759" lon="-70.128161">
<ele>3824.7</ele>
<time>2026-10-06T10:37:26-05:00</time>
</trkpt>
<trkpt lat="-15.517666" lon="-70.128197">
<ele>3825.1</ele>
<time>2026-10-06T10:37:28-05:00</time>
</trkpt>
<trkpt lat="-15.517548" lon="-70.128259">
<ele>3824.8</ele>
<time>2026-10-06T10:37:30-05:00</time>
</trkpt>
<trkpt lat="-15.517458" lon="-70.128298">
<ele>3825.2</ele>
<time>2026-10-06T10:37:32-05:00</time>
</trkpt>
<trkpt lat="-15.51735" lon="-70.128329">
<ele>3824.8</ele>
<time>2026-10-06T10:37:34-05:00</time>
</trkpt>
<trkpt lat="-15.517259" lon="-70.128363">
<ele>3825.1</ele>
<time>2026-10-06T10:37:36-05:00</time>
</trkpt>
<trkpt lat="-15.517173" lon="-70.128401">
<ele>3825.6</ele>
<time>2026-10-06T10:37:38-05:00</time>
</trkpt>
<trkpt lat="-15.51709" lon="-70.128458">
<ele>3825.0</ele>
<time>2026-10-06T10:37:40-05:00</time>
</trkpt>
<trkpt lat="-15.51702" lon="-70.128484">
<ele>3825.0</ele>
<time>2026-10-06T10:37:42-05:00</time>
</trkpt>
<trkpt lat="-15.516935" lon="-70.128504">
<ele>3824.8</ele>
<time>2026-10-06T10:37:44-05:00</time>
</trkpt>
<trkpt lat="-15.516833" lon="-70.128542">
<ele>3825.1</ele>
<time>2026-10-06T10:37:46-05:00</time>
</trkpt>
<trkpt lat="-15.516734" lon="-70.128585">
<ele>3825.4</ele>
<time>2026-10-06T10:37:48-05:00</time>
</trkpt>
<trkpt lat="-15.516647" lon="-70.12864">
<ele>3825.7</ele>
<time>2026-10-06T10:37:50-05:00</time>
</trkpt>
<trkpt lat="-15.516543" lon="-70.128681">
<ele>3824.8</ele>
<time>2026-10-06T10:37:52-05:00</time>
</trkpt>
<trkpt lat="-15.516448" lon="-70.128733">
<ele>3825.5</ele>
<time>2026-10-06T10:37:54-05:00</time>
</trkpt>
<trkpt lat="-15.516367" lon="-70.128778">
<ele>3826.6</ele>
<time>2026-10-06T10:37:56-05:00</time>
</trkpt>
<trkpt lat="-15.516278" lon="-70.128802">
<ele>3826.0</ele>
<time>2026-10-06T10:37:58-05:00</time>
</trkpt>
<trkpt lat="-15.516179" lon="-70.128828">
<ele>3826.4</ele>
<time>2026-10-06T10:38:00-05:00</time>
</trkpt>
<trkpt lat="-15.51609" lon="-70.128876">
<ele>3826.6</ele>
<time>2026-10-06T10:38:02-05:00</time>
</trkpt>
<trkpt lat="-15.515982" lon="-70.128935">
<ele>3826.6</ele>
<time>2026-10-06T10:38:04-05:00</time>
</trkpt>
<trkpt lat="-15.51587" lon="-70.128996">
<ele>3826.1</ele>
<time>2026-10-06T10:38:06-05:00</time>
</trkpt>
<trkpt lat="-15.515773" lon="-70.129043">
<ele>3827.2</ele>
<time>2026-10-06T10:38:08-05:00</time>
</trkpt>
<trkpt lat="-15.515687" lon="-70.129078">
<ele>3826.2</ele>
<time>2026-10-06T10:38:10-05:00</time>
</trkpt>
<trkpt lat="-15.515601" lon="-70.12911">
<ele>3826.5</ele>
<time>2026-10-06T10:38:12-05:00</time>
</trkpt>
<trkpt lat="-15.515495" lon="-70.129145">
<ele>3826.6</ele>
<time>2026-10-06T10:38:14-05:00</time>
</trkpt>
<trkpt lat="-15.515399" lon="-70.129195">
<ele>3826.3</ele>
<time>2026-10-06T10:38:16-05:00</time>
</trkpt>
<trkpt lat="-15.515286" lon="-70.129234">
<ele>3826.6</ele>
<time>2026-10-06T10:38:18-05:00</time>
</trkpt>
<trkpt lat="-15.515172" lon="-70.129291">
<ele>3827.1</ele>
<time>2026-10-06T10:38:20-05:00</time>
</trkpt>
<trkpt lat="-15.515052" lon="-70.129333">
<ele>3827.4</ele>
<time>2026-10-06T10:38:22-05:00</time>
</trkpt>
<trkpt lat="-15.514982" lon="-70.129369">
<ele>3827.2</ele>
<time>2026-10-06T10:38:24-05:00</time>
</trkpt>
<trkpt lat="-15.514899" lon="-70.129404">
<ele>3826.6</ele>
<time>2026-10-06T10:38:26-05:00</time>
</trkpt>
<trkpt lat="-15.514822" lon="-70.129454">
<ele>3827.0</ele>
<time>2026-10-06T10:38:28-05:00</time>
</trkpt>
<trkpt lat="-15.514716" lon="-70.129505">
<ele>3826.6</ele>
<time>2026-10-06T10:38:30-05:00</time>
</trkpt>
<trkpt lat="-15.514611" lon="-70.129528">
<ele>3827.7</ele>
<time>2026-10-06T10:38:32-05:00</time>
</trkpt>
<trkpt lat="-15.514525" lon="-70.129571">
<ele>3826.9</ele>
<time>2026-10-06T10:38:34-05:00</time>
</trkpt>
<trkpt lat="-15.514451" lon="-70.129581">
<ele>3827.0</ele>
<time>2026-10-06T10:38:36-05:00</time>
</trkpt>
<trkpt lat="-15.51436" lon="-70.129622">
<ele>3827.0</ele>
<time>2026-10-06T10:38:38-05:00</time>
</trkpt>
<trkpt lat="-15.514242" lon="-70.129672">
<ele>3827.0</ele>
<time>2026-10-06T10:38:40-05:00</time>
</trkpt>
<trkpt lat="-15.514122" lon="-70.129724">
<ele>3827.0</ele>
<time>2026-10-06T10:38:42-05:00</time>
</trkpt>
<trkpt lat="-15.513997" lon="-70.129767">
<ele>3827.8</ele>
<time>2026-10-06T10:38:44-05:00</time>
</trkpt>
<trkpt lat="-15.513893" lon="-70.129799">
<ele>3828.4</ele>
<time>2026-10-06T10:38:46-05:00</time>
</trkpt>
<trkpt lat="-15.513789" lon="-70.129836">
<ele>3827.6</ele>
<time>2026-10-06T10:38:48-05:00</time>
</trkpt>
<trkpt lat="-15.513728" lon="-70.129817">
<ele>3827.7</ele>
<time>2026-10-06T10:38:50-05:00</time>
</trkpt>
<trkpt lat="-15.513617" lon="-70.12976">
<ele>3827.3</ele>
<time>2026-10-06T10:38:52-05:00</time>
</trkpt>
<trkpt lat="-15.5135" lon="-70.129686">
<ele>3827.5</ele>
<time>2026-10-06T10:38:54-05:00</time>
</trkpt>
<trkpt lat="-15.513397" lon="-70.129622">
<ele>3827.3</ele>
<time>2026-10-06T10:38:56-05:00</time>
</trkpt>
<trkpt lat="-15.51329" lon="-70.129568">
<ele>3827.6</ele>
<time>2026-10-06T10:38:58-05:00</time>
</trkpt>
<trkpt lat="-15.513194" lon="-70.129542">
<ele>3827.6</ele>
<time>2026-10-06T10:39:00-05:00</time>
</trkpt>
<trkpt lat="-15.5131" lon="-70.129514">
<ele>3826.7</ele>
<time>2026-10-06T10:39:02-05:00</time>
</trkpt>
<trkpt lat="-15.512989" lon="-70.129484">
<ele>3827.4</ele>
<time>2026-10-06T10:39:04-05:00</time>
</trkpt>
<trkpt lat="-15.512863" lon="-70.129432">
<ele>3827.2</ele>
<time>2026-10-06T10:39:06-05:00</time>
</trkpt>
<trkpt lat="-15.512736" lon="-70.1294">
<ele>3827.1</ele>
<time>2026-10-06T10:39:08-05:00</time>
</trkpt>
<trkpt lat="-15.512625" lon="-70.129345">
<ele>3826.8</ele>
<time>2026-10-06T10:39:10-05:00</time>
</trkpt>
<trkpt lat="-15.512542" lon="-70.129311">
<ele>3827.3</ele>
<time>2026-10-06T10:39:12-05:00</time>
</trkpt>
<trkpt lat="-15.512442" lon="-70.129283">
<ele>3825.9</ele>
<time>2026-10-06T10:39:14-05:00</time>
</trkpt>
<trkpt lat="-15.51235" lon="-70.129263">
<ele>3825.7</ele>
<time>2026-10-06T10:39:16-05:00</time>
</trkpt>
<trkpt lat="-15.512224" lon="-70.129246">
<ele>3826.6</ele>
<time>2026-10-06T10:39:18-05:00</time>
</trkpt>
<trkpt lat="-15.512095" lon="-70.129216">
<ele>3826.5</ele>
<time>2026-10-06T10:39:20-05:00</time>
</trkpt>
<trkpt lat="-15.511979" lon="-70.129214">
<ele>3826.9</ele>
<time>2026-10-06T10:39:22-05:00</time>
</trkpt>
<trkpt lat="-15.511892" lon="-70.129196">
<ele>3826.5</ele>
<time>2026-10-06T10:39:24-05:00</time>
</trkpt>
<trkpt lat="-15.511783" lon="-70.129159">
<ele>3826.5</ele>
<time>2026-10-06T10:39:26-05:00</time>
</trkpt>
<trkpt lat="-15.511674" lon="-70.129133">
<ele>3826.7</ele>
<time>2026-10-06T10:39:28-05:00</time>
</trkpt>
<trkpt lat="-15.511551" lon="-70.129106">
<ele>3826.5</ele>
<time>2026-10-06T10:39:30-05:00</time>
</trkpt>
<trkpt lat="-15.511428" lon="-70.12907">
<ele>3826.9</ele>
<time>2026-10-06T10:39:32-05:00</time>
</trkpt>
<trkpt lat="-15.511322" lon="-70.129037">
<ele>3826.5</ele>
<time>2026-10-06T10:39:34-05:00</time>
</trkpt>
<trkpt lat="-15.511232" lon="-70.129016">
<ele>3826.8</ele>
<time>2026-10-06T10:39:36-05:00</time>
</trkpt>
<trkpt lat="-15.51113" lon="-70.128986">
<ele>3827.1</ele>
<time>2026-10-06T10:39:38-05:00</time>
</trkpt>
<trkpt lat="-15.511006" lon="-70.128958">
<ele>3826.4</ele>
<time>2026-10-06T10:39:40-05:00</time>
</trkpt>
<trkpt lat="-15.510891" lon="-70.128929">
<ele>3826.0</ele>
<time>2026-10-06T10:39:42-05:00</time>
</trkpt>
<trkpt lat="-15.510769" lon="-70.128892">
<ele>3826.4</ele>
<time>2026-10-06T10:39:44-05:00</time>
</trkpt>
<trkpt lat="-15.510668" lon="-70.128885">
<ele>3826.0</ele>
<time>2026-10-06T10:39:46-05:00</time>
</trkpt>
<trkpt lat="-15.510582" lon="-70.128869">
<ele>3825.8</ele>
<time>2026-10-06T10:39:48-05:00</time>
</trkpt>
<trkpt lat="-15.510492" lon="-70.128858">
<ele>3826.2</ele>
<time>2026-10-06T10:39:50-05:00</time>
</trkpt>
<trkpt lat="-15.510409" lon="-70.128822">
<ele>3826.5</ele>
<time>2026-10-06T10:39:52-05:00</time>
</trkpt>
<trkpt lat="-15.510319" lon="-70.128774">
<ele>3825.9</ele>
<time>2026-10-06T10:39:54-05:00</time>
</trkpt>
<trkpt lat="-15.510238" lon="-70.128767">
<ele>3826.3</ele>
<time>2026-10-06T10:39:56-05:00</time>
</trkpt>
<trkpt lat="-15.510147" lon="-70.128742">
<ele>3825.3</ele>
<time>2026-10-06T10:39:58-05:00</time>
</trkpt>
<trkpt lat="-15.510037" lon="-70.128712">
<ele>3826.4</ele>
<time>2026-10-06T10:40:00-05:00</time>
</trkpt>
<trkpt lat="-15.509942" lon="-70.128681">
<ele>3826.9</ele>
<time>2026-10-06T10:40:02-05:00</time>
</trkpt>
<trkpt lat="-15.509874" lon="-70.128688">
<ele>3825.9</ele>
<time>2026-10-06T10:40:04-05:00</time>
</trkpt>
<trkpt lat="-15.509797" lon="-70.128656">
<ele>3825.5</ele>
<time>2026-10-06T10:40:06-05:00</time>
</trkpt>
<trkpt lat="-15.509721" lon="-70.128636">
<ele>3825.4</ele>
<time>2026-10-06T10:40:08-05:00</time>
</trkpt>
<trkpt lat="-15.509611" lon="-70.128613">
<ele>3826.2</ele>
<time>2026-10-06T10:40:10-05:00</time>
</trkpt>
<trkpt lat="-15.509512" lon="-70.128584">
<ele>3826.6</ele>
<time>2026-10-06T10:40:12-05:00</time>
</trkpt>
<trkpt lat="-15.509376" lon="-70.128563">
<ele>3826.4</ele>
<time>2026-10-06T10:40:14-05:00</time>
</trkpt>
<trkpt lat="-15.509252" lon="-70.128541">
<ele>3827.4</ele>
<time>2026-10-06T10:40:16-05:00</time>
</trkpt>
<trkpt lat="-15.50916" lon="-70.128522">
<ele>3826.4</ele>
<time>2026-10-06T10:40:18-05:00</time>
</trkpt>
<trkpt lat="-15.509047" lon="-70.128521">
<ele>3827.0</ele>
<time>2026-10-06T10:40:20-05:00</time>
</trkpt>
<trkpt lat="-15.508931" lon="-70.128519">
<ele>3826.5</ele>
<time>2026-10-06T10:40:22-05:00</time>
</trkpt>
<trkpt lat="-15.508799" lon="-70.128532">
<ele>3826.7</ele>
<time>2026-10-06T10:40:24-05:00</time>
</trkpt>
<trkpt lat="-15.508674" lon="-70.128556">
<ele>3827.2</ele>
<time>2026-10-06T10:40:26-05:00</time>
</trkpt>
<trkpt lat="-15.508581" lon="-70.128541">
<ele>3827.9</ele>
<time>2026-10-06T10:40:28-05:00</time>
</trkpt>
<trkpt lat="-15.508521" lon="-70.128534">
<ele>3827.6</ele>
<time>2026-10-06T10:40:30-05:00</time>
</trkpt>
<trkpt lat="-15.508502" lon="-70.128535">
<ele>3828.7</ele>
<time>2026-10-06T10:40:32-05:00</time>
</trkpt>
<trkpt lat="-15.508513" lon="-70.128513">
<ele>3827.6</ele>
<time>2026-10-06T10:40:34-05:00</time>
</trkpt>
<trkpt lat="-15.508499" lon="-70.12853">
<ele>3827.5</ele>
<time>2026-10-06T10:40:36-05:00</time>
</trkpt>
<trkpt lat="-15.508508" lon="-70.12852">
<ele>3827.5</ele>
<time>2026-10-06T10:40:38-05:00</time>
</trkpt>
<trkpt lat="-15.508508" lon="-70.128529">
<ele>3828.7</ele>
<time>2026-10-06T10:40:40-05:00</time>
</trkpt>
<trkpt lat="-15.508508" lon="-70.128526">
<ele>3827.8</ele>
<time>2026-10-06T10:40:42-05:00</time>
</trkpt>
<trkpt lat="-15.508492" lon="-70.128527">
<ele>3828.8</ele>
<time>2026-10-06T10:40:44-05:00</time>
</trkpt>
<trkpt lat="-15.50849" lon="-70.128548">
<ele>3827.3</ele>
<time>2026-10-06T10:40:46-05:00</time>
</trkpt>
<trkpt lat="-15.5085" lon="-70.12854">
<ele>3828.3</ele>
<time>2026-10-06T10:40:48-05:00</time>
</trkpt>
<trkpt lat="-15.508512" lon="-70.128534">
<ele>3828.1</ele>
<time>2026-10-06T10:40:50-05:00</time>
</trkpt>
<trkpt lat="-15.508513" lon="-70.128533">
<ele>3828.1</ele>
<time>2026-10-06T10:40:52-05:00</time>
</trkpt>
<trkpt lat="-15.508505" lon="-70.128542">
<ele>3827.3</ele>
<time>2026-10-06T10:40:54-05:00</time>
</trkpt>
<trkpt lat="-15.508515" lon="-70.128524">
<ele>3827.6</ele>
<time>2026-10-06T10:40:56-05:00</time>
</trkpt>
<trkpt lat="-15.508513" lon="-70.128522">
<ele>3827.8</ele>
<time>2026-10-06T10:40:58-05:00</time>
</trkpt>
<trkpt lat="-15.508523" lon="-70.128526">
<ele>3827.9</ele>
<time>2026-10-06T10:41:00-05:00</time>
</trkpt>
<trkpt lat="-15.508514" lon="-70.128518">
<ele>3827.5</ele>
<time>2026-10-06T10:41:02-05:00</time>
</trkpt>
<trkpt lat="-15.508518" lon="-70.128517">
<ele>3828.1</ele>
<time>2026-10-06T10:41:04-05:00</time>
</trkpt>
<trkpt lat="-15.508522" lon="-70.128511">
<ele>3827.9</ele>
<time>2026-10-06T10:41:06-05:00</time>
</trkpt>
<trkpt lat="-15.508479" lon="-70.128525">
<ele>3828.3</ele>
<time>2026-10-06T10:41:08-05:00</time>
</trkpt>
<trkpt lat="-15.508389" lon="-70.12852">
<ele>3828.0</ele>
<time>2026-10-06T10:41:10-05:00</time>
</trkpt>
<trkpt lat="-15.508265" lon="-70.128534">
<ele>3827.1</ele>
<time>2026-10-06T10:41:12-05:00</time>
</trkpt>
<trkpt lat="-15.508115" lon="-70.128526">
<ele>3827.5</ele>
<time>2026-10-06T10:41:14-05:00</time>
</trkpt>
<trkpt lat="-15.507972" lon="-70.128528">
<ele>3827.5</ele>
<time>2026-10-06T10:41:16-05:00</time>
</trkpt>
<trkpt lat="-15.507833" lon="-70.12854">
<ele>3827.9</ele>
<time>2026-10-06T10:41:18-05:00</time>
</trkpt>
<trkpt lat="-15.507714" lon="-70.128535">
<ele>3827.0</ele>
<time>2026-10-06T10:41:20-05:00</time>
</trkpt>
<trkpt lat="-15.507619" lon="-70.128535">
<ele>3826.8</ele>
<time>2026-10-06T10:41:22-05:00</time>
</trkpt>
<trkpt lat="-15.507504" lon="-70.128553">
<ele>3826.5</ele>
<time>2026-10-06T10:41:24-05:00</time>
</trkpt>
<trkpt lat="-15.50739" lon="-70.128542">
<ele>3827.3</ele>
<time>2026-10-06T10:41:26-05:00</time>
</trkpt>
<trkpt lat="-15.507292" lon="-70.12854">
<ele>3827.3</ele>
<time>2026-10-06T10:41:28-05:00</time>
</trkpt>
<trkpt lat="-15.507171" lon="-70.128549">
<ele>3826.9</ele>
<time>2026-10-06T10:41:30-05:00</time>
</trkpt>
<trkpt lat="-15.507059" lon="-70.128546">
<ele>3827.2</ele>
<time>2026-10-06T10:41:32-05:00</time>
</trkpt>
<trkpt lat="-15.506928" lon="-70.128545">
<ele>3826.1</ele>
<time>2026-10-06T10:41:34-05:00</time>
</trkpt>
<trkpt lat="-15.50679" lon="-70.128568">
<ele>3827.0</ele>
<time>2026-10-06T10:41:36-05:00</time>
</trkpt>
<trkpt lat="-15.506695" lon="-70.12856">
<ele>3826.9</ele>
<time>2026-10-06T10:41:38-05:00</time>
</trkpt>
<trkpt lat="-15.506599" lon="-70.12854">
<ele>3827.4</ele>
<time>2026-10-06T10:41:40-05:00</time>
</trkpt>
<trkpt lat="-15.5065" lon="-70.128534">
<ele>3826.6</ele>
<time>2026-10-06T10:41:42-05:00</time>
</trkpt>
<trkpt lat="-15.50638" lon="-70.128543">
<ele>3826.7</ele>
<time>2026-10-06T10:41:44-05:00</time>
</trkpt>
<trkpt lat="-15.506261" lon="-70.128531">
<ele>3827.0</ele>
<time>2026-10-06T10:41:46-05:00</time>
</trkpt>
<trkpt lat="-15.506135" lon="-70.128514">
<ele>3826.8</ele>
<time>2026-10-06T10:41:48-05:00</time>
</trkpt>
<trkpt lat="-15.505998" lon="-70.128513">
<ele>3827.4</ele>
<time>2026-10-06T10:41:50-05:00</time>
</trkpt>
<trkpt lat="-15.505863" lon="-70.128523">
<ele>3827.5</ele>
<time>2026-10-06T10:41:52-05:00</time>
</trkpt>
<trkpt lat="-15.505734" lon="-70.128516">
<ele>3826.8</ele>
<time>2026-10-06T10:41:54-05:00</time>
</trkpt>
<trkpt lat="-15.505624" lon="-70.128516">
<ele>3827.4</ele>
<time>2026-10-06T10:41:56-05:00</time>
</trkpt>
<trkpt lat="-15.505529" lon="-70.128501">
<ele>3826.6</ele>
<time>2026-10-06T10:41:58-05:00</time>
</trkpt>
<trkpt lat="-15.505457" lon="-70.128467">
<ele>3826.9</ele>
<time>2026-10-06T10:42:00-05:00</time>
</trkpt>
<trkpt lat="-15.505414" lon="-70.128447">
<ele>3826.9</ele>
<time>2026-10-06T10:42:02-05:00</time>
</trkpt>
<trkpt lat="-15.5054" lon="-70.128457">
<ele>3827.2</ele>
<time>2026-10-06T10:42:04-05:00</time>
</trkpt>
<trkpt lat="-15.505403" lon="-70.128458">
<ele>3827.2</ele>
<time>2026-10-06T10:42:06-05:00</time>
</trkpt>
<trkpt lat="-15.505392" lon="-70.128451">
<ele>3826.7</ele>
<time>2026-10-06T10:42:08-05:00</time>
</trkpt>
<trkpt lat="-15.505402" lon="-70.128469">
<ele>3826.4</ele>
<time>2026-10-06T10:42:10-05:00</time>
</trkpt>
<trkpt lat="-15.50538" lon="-70.128491">
<ele>3827.0</ele>
<time>2026-10-06T10:42:12-05:00</time>
</trkpt>
<trkpt lat="-15.505369" lon="-70.128477">
<ele>3826.7</ele>
<time>2026-10-06T10:42:14-05:00</time>
</trkpt>
<trkpt lat="-15.505381" lon="-70.128474">
<ele>3827.8</ele>
<time>2026-10-06T10:42:16-05:00</time>
</trkpt>
<trkpt lat="-15.505402" lon="-70.128467">
<ele>3826.9</ele>
<time>2026-10-06T10:42:18-05:00</time>
</trkpt>
<trkpt lat="-15.505357" lon="-70.128476">
<ele>3826.4</ele>
<time>2026-10-06T10:42:20-05:00</time>
</trkpt>
<trkpt lat="-15.505317" lon="-70.128534">
<ele>3827.5</ele>
<time>2026-10-06T10:42:22-05:00</time>
</trkpt>
<trkpt lat="-15.505231" lon="-70.128553">
<ele>3827.9</ele>
<time>2026-10-06T10:42:24-05:00</time>
</trkpt>
<trkpt lat="-15.505124" lon="-70.128614">
<ele>3827.2</ele>
<time>2026-10-06T10:42:26-05:00</time>
</trkpt>
<trkpt lat="-15.505007" lon="-70.128667">
<ele>3827.3</ele>
<time>2026-10-06T10:42:28-05:00</time>
</trkpt>
<trkpt lat="-15.50488" lon="-70.128724">
<ele>3827.1</ele>
<time>2026-10-06T10:42:30-05:00</time>
</trkpt>
<trkpt lat="-15.504761" lon="-70.128788">
<ele>3826.8</ele>
<time>2026-10-06T10:42:32-05:00</time>
</trkpt>
<trkpt lat="-15.504656" lon="-70.128842">
<ele>3826.7</ele>
<time>2026-10-06T10:42:34-05:00</time>
</trkpt>
<trkpt lat="-15.504564" lon="-70.128886">
<ele>3826.9</ele>
<time>2026-10-06T10:42:36-05:00</time>
</trkpt>
<trkpt lat="-15.504467" lon="-70.128945">
<ele>3826.8</ele>
<time>2026-10-06T10:42:38-05:00</time>
</trkpt>
<trkpt lat="-15.504383" lon="-70.129007">
<ele>3827.0</ele>
<time>2026-10-06T10:42:40-05:00</time>
</trkpt>
<trkpt lat="-15.504264" lon="-70.129052">
<ele>3827.9</ele>
<time>2026-10-06T10:42:42-05:00</time>
</trkpt>
<trkpt lat="-15.504131" lon="-70.129107">
<ele>3827.4</ele>
<time>2026-10-06T10:42:44-05:00</time>
</trkpt>
<trkpt lat="-15.504007" lon="-70.129156">
<ele>3827.2</ele>
<time>2026-10-06T10:42:46-05:00</time>
</trkpt>
<trkpt lat="-15.503878" lon="-70.129206">
<ele>3827.4</ele>
<time>2026-10-06T10:42:48-05:00</time>
</trkpt>
<trkpt lat="-15.503744" lon="-70.12925">
<ele>3827.0</ele>
<time>2026-10-06T10:42:50-05:00</time>
</trkpt>
<trkpt lat="-15.503661" lon="-70.129283">
<ele>3827.1</ele>
<time>2026-10-06T10:42:52-05:00</time>
</trkpt>
<trkpt lat="-15.503596" lon="-70.129277">
<ele>3827.3</ele>
<time>2026-10-06T10:42:54-05:00</time>
</trkpt>
<trkpt lat="-15.503552" lon="-70.12927">
<ele>3826.9</ele>
<time>2026-10-06T10:42:56-05:00</time>
</trkpt>
<trkpt lat="-15.503558" lon="-70.129273">
<ele>3826.3</ele>
<time>2026-10-06T10:42:58-05:00</time>
</trkpt>
<trkpt lat="-15.503568" lon="-70.129282">
<ele>3826.8</ele>
<time>2026-10-06T10:43:00-05:00</time>
</trkpt>
<trkpt lat="-15.503565" lon="-70.129276">
<ele>3827.0</ele>
<time>2026-10-06T10:43:02-05:00</time>
</trkpt>
<trkpt lat="-15.503561" lon="-70.129278">
<ele>3827.2</ele>
<time>2026-10-06T10:43:04-05:00</time>
</trkpt>
<trkpt lat="-15.503537" lon="-70.129272">
<ele>3827.3</ele>
<time>2026-10-06T10:43:06-05:00</time>
</trkpt>
<trkpt lat="-15.50347" lon="-70.129313">
<ele>3827.2</ele>
<time>2026-10-06T10:43:08-05:00</time>
</trkpt>
<trkpt lat="-15.5034" lon="-70.129369">
<ele>3827.8</ele>
<time>2026-10-06T10:43:10-05:00</time>
</trkpt>
<trkpt lat="-15.503295" lon="-70.129417">
<ele>3827.8</ele>
<time>2026-10-06T10:43:12-05:00</time>
</trkpt>
<trkpt lat="-15.503156" lon="-70.129486">
<ele>3827.4</ele>
<time>2026-10-06T10:43:14-05:00</time>
</trkpt>
<trkpt lat="-15.503024" lon="-70.129527">
<ele>3828.6</ele>
<time>2026-10-06T10:43:16-05:00</time>
</trkpt>
<trkpt lat="-15.502897" lon="-70.129593">
<ele>3830.0</ele>
<time>2026-10-06T10:43:18-05:00</time>
</trkpt>
<trkpt lat="-15.502787" lon="-70.129627">
<ele>3830.1</ele>
<time>2026-10-06T10:43:20-05:00</time>
</trkpt>
<trkpt lat="-15.502676" lon="-70.129654">
<ele>3830.8</ele>
<time>2026-10-06T10:43:22-05:00</time>
</trkpt>
<trkpt lat="-15.502599" lon="-70.129678">
<ele>3831.5</ele>
<time>2026-10-06T10:43:24-05:00</time>
</trkpt>
<trkpt lat="-15.502529" lon="-70.129687">
<ele>3831.9</ele>
<time>2026-10-06T10:43:26-05:00</time>
</trkpt>
<trkpt lat="-15.502479" lon="-70.129705">
<ele>3832.3</ele>
<time>2026-10-06T10:43:28-05:00</time>
</trkpt>
<trkpt lat="-15.502434" lon="-70.12972">
<ele>3831.6</ele>
<time>2026-10-06T10:43:30-05:00</time>
</trkpt>
<trkpt lat="-15.502352" lon="-70.129737">
<ele>3832.0</ele>
<time>2026-10-06T10:43:32-05:00</time>
</trkpt>
<trkpt lat="-15.502286" lon="-70.12976">
<ele>3832.9</ele>
<time>2026-10-06T10:43:34-05:00</time>
</trkpt>
<trkpt lat="-15.502215" lon="-70.129771">
<ele>3833.8</ele>
<time>2026-10-06T10:43:36-05:00</time>
</trkpt>
<trkpt lat="-15.502131" lon="-70.129785">
<ele>3833.1</ele>
<time>2026-10-06T10:43:38-05:00</time>
</trkpt>
<trkpt lat="-15.502043" lon="-70.129788">
<ele>3833.2</ele>
<time>2026-10-06T10:43:40-05:00</time>
</trkpt>
<trkpt lat="-15.501966" lon="-70.129828">
<ele>3832.4</ele>
<time>2026-10-06T10:43:42-05:00</time>
</trkpt>
<trkpt lat="-15.50189" lon="-70.129847">
<ele>3832.7</ele>
<time>2026-10-06T10:43:44-05:00</time>
</trkpt>
<trkpt lat="-15.501824" lon="-70.129873">
<ele>3832.2</ele>
<time>2026-10-06T10:43:46-05:00</time>
</trkpt>
<trkpt lat="-15.501757" lon="-70.129879">
<ele>3833.3</ele>
<time>2026-10-06T10:43:48-05:00</time>
</trkpt>
<trkpt lat="-15.501694" lon="-70.129903">
<ele>3832.1</ele>
<time>2026-10-06T10:43:50-05:00</time>
</trkpt>
<trkpt lat="-15.501627" lon="-70.129924">
<ele>3832.4</ele>
<time>2026-10-06T10:43:52-05:00</time>
</trkpt>
<trkpt lat="-15.501573" lon="-70.129958">
<ele>3831.7</ele>
<time>2026-10-06T10:43:54-05:00</time>
</trkpt>
<trkpt lat="-15.50151" lon="-70.129982">
<ele>3832.3</ele>
<time>2026-10-06T10:43:56-05:00</time>
</trkpt>
<trkpt lat="-15.501455" lon="-70.130007">
<ele>3831.4</ele>
<time>2026-10-06T10:43:58-05:00</time>
</trkpt>
<trkpt lat="-15.501408" lon="-70.130052">
<ele>3830.8</ele>
<time>2026-10-06T10:44:00-05:00</time>
</trkpt>
<trkpt lat="-15.501321" lon="-70.130102">
<ele>3830.6</ele>
<time>2026-10-06T10:44:02-05:00</time>
</trkpt>
<trkpt lat="-15.501259" lon="-70.130136">
<ele>3829.4</ele>
<time>2026-10-06T10:44:04-05:00</time>
</trkpt>
<trkpt lat="-15.5012" lon="-70.130151">
<ele>3829.9</ele>
<time>2026-10-06T10:44:06-05:00</time>
</trkpt>
<trkpt lat="-15.501136" lon="-70.130207">
<ele>3829.9</ele>
<time>2026-10-06T10:44:08-05:00</time>
</trkpt>
<trkpt lat="-15.501074" lon="-70.130253">
<ele>3829.3</ele>
<time>2026-10-06T10:44:10-05:00</time>
</trkpt>
<trkpt lat="-15.501016" lon="-70.130277">
<ele>3829.5</ele>
<time>2026-10-06T10:44:12-05:00</time>
</trkpt>
<trkpt lat="-15.500984" lon="-70.13031">
<ele>3829.4</ele>
<time>2026-10-06T10:44:14-05:00</time>
</trkpt>
<trkpt lat="-15.500929" lon="-70.130327">
<ele>3828.5</ele>
<time>2026-10-06T10:44:16-05:00</time>
</trkpt>
<trkpt lat="-15.500886" lon="-70.130381">
<ele>3827.9</ele>
<time>2026-10-06T10:44:18-05:00</time>
</trkpt>
<trkpt lat="-15.500851" lon="-70.13043">
<ele>3828.1</ele>
<time>2026-10-06T10:44:20-05:00</time>
</trkpt>
<trkpt lat="-15.500788" lon="-70.130469">
<ele>3828.5</ele>
<time>2026-10-06T10:44:22-05:00</time>
</trkpt>
<trkpt lat="-15.50073" lon="-70.130501">
<ele>3827.9</ele>
<time>2026-10-06T10:44:24-05:00</time>
</trkpt>
<trkpt lat="-15.500665" lon="-70.130535">
<ele>3827.8</ele>
<time>2026-10-06T10:44:26-05:00</time>
</trkpt>
<trkpt lat="-15.500592" lon="-70.130584">
<ele>3826.8</ele>
<time>2026-10-06T10:44:28-05:00</time>
</trkpt>
<trkpt lat="-15.500547" lon="-70.130612">
<ele>3826.3</ele>
<time>2026-10-06T10:44:30-05:00</time>
</trkpt>
<trkpt lat="-15.500476" lon="-70.130654">
<ele>3826.2</ele>
<time>2026-10-06T10:44:32-05:00</time>
</trkpt>
<trkpt lat="-15.500425" lon="-70.130684">
<ele>3826.2</ele>
<time>2026-10-06T10:44:34-05:00</time>
</trkpt>
<trkpt lat="-15.500358" lon="-70.130709">
<ele>3825.2</ele>
<time>2026-10-06T10:44:36-05:00</time>
</trkpt>
<trkpt lat="-15.500299" lon="-70.130752">
<ele>3825.3</ele>
<time>2026-10-06T10:44:38-05:00</time>
</trkpt>
<trkpt lat="-15.50024" lon="-70.130799">
<ele>3824.9</ele>
<time>2026-10-06T10:44:40-05:00</time>
</trkpt>
<trkpt lat="-15.500195" lon="-70.130832">
<ele>3824.5</ele>
<time>2026-10-06T10:44:42-05:00</time>
</trkpt>
<trkpt lat="-15.500145" lon="-70.130881">
<ele>3824.4</ele>
<time>2026-10-06T10:44:44-05:00</time>
</trkpt>
<trkpt lat="-15.500091" lon="-70.130902">
<ele>3825.4</ele>
<time>2026-10-06T10:44:46-05:00</time>
</trkpt>
<trkpt lat="-15.500027" lon="-70.13095">
<ele>3825.7</ele>
<time>2026-10-06T10:44:48-05:00</time>
</trkpt>
<trkpt lat="-15.499974" lon="-70.130986">
<ele>3824.9</ele>
<time>2026-10-06T10:44:50-05:00</time>
</trkpt>
<trkpt lat="-15.499915" lon="-70.131008">
<ele>3826.2</ele>
<time>2026-10-06T10:44:52-05:00</time>
</trkpt>
<trkpt lat="-15.499862" lon="-70.131024">
<ele>3826.0</ele>
<time>2026-10-06T10:44:54-05:00</time>
</trkpt>
<trkpt lat="-15.499792" lon="-70.13105">
<ele>3826.8</ele>
<time>2026-10-06T10:44:56-05:00</time>
</trkpt>
<trkpt lat="-15.499725" lon="-70.131099">
<ele>3828.1</ele>
<time>2026-10-06T10:44:58-05:00</time>
</trkpt>
<trkpt lat="-15.499635" lon="-70.131122">
<ele>3827.8</ele>
<time>2026-10-06T10:45:00-05:00</time>
</trkpt>
<trkpt lat="-15.499546" lon="-70.131173">
<ele>3828.2</ele>
<time>2026-10-06T10:45:02-05:00</time>
</trkpt>
<trkpt lat="-15.499467" lon="-70.131202">
<ele>3827.7</ele>
<time>2026-10-06T10:45:04-05:00</time>
</trkpt>
<trkpt lat="-15.499418" lon="-70.131246">
<ele>3829.1</ele>
<time>2026-10-06T10:45:06-05:00</time>
</trkpt>
<trkpt lat="-15.499357" lon="-70.131283">
<ele>3827.6</ele>
<time>2026-10-06T10:45:08-05:00</time>
</trkpt>
<trkpt lat="-15.499264" lon="-70.131313">
<ele>3827.9</ele>
<time>2026-10-06T10:45:10-05:00</time>
</trkpt>
<trkpt lat="-15.49918" lon="-70.131349">
<ele>3827.9</ele>
<time>2026-10-06T10:45:12-05:00</time>
</trkpt>
<trkpt lat="-15.499111" lon="-70.131387">
<ele>3828.2</ele>
<time>2026-10-06T10:45:14-05:00</time>
</trkpt>
<trkpt lat="-15.499046" lon="-70.131423">
<ele>3827.7</ele>
<time>2026-10-06T10:45:16-05:00</time>
</trkpt>
<trkpt lat="-15.49897" lon="-70.13146">
<ele>3827.9</ele>
<time>2026-10-06T10:45:18-05:00</time>
</trkpt>
<trkpt lat="-15.498923" lon="-70.131526">
<ele>3827.6</ele>
<time>2026-10-06T10:45:20-05:00</time>
</trkpt>
<trkpt lat="-15.498854" lon="-70.131575">
<ele>3827.8</ele>
<time>2026-10-06T10:45:22-05:00</time>
</trkpt>
<trkpt lat="-15.498811" lon="-70.131613">
<ele>3827.2</ele>
<time>2026-10-06T10:45:24-05:00</time>
</trkpt>
<trkpt lat="-15.498761" lon="-70.131644">
<ele>3827.6</ele>
<time>2026-10-06T10:45:26-05:00</time>
</trkpt>
<trkpt lat="-15.498716" lon="-70.131667">
<ele>3827.9</ele>
<time>2026-10-06T10:45:28-05:00</time>
</trkpt>
<trkpt lat="-15.498659" lon="-70.131691">
<ele>3827.7</ele>
<time>2026-10-06T10:45:30-05:00</time>
</trkpt>
<trkpt lat="-15.49859" lon="-70.131724">
<ele>3827.4</ele>
<time>2026-10-06T10:45:32-05:00</time>
</trkpt>
<trkpt lat="-15.498525" lon="-70.131747">
<ele>3827.2</ele>
<time>2026-10-06T10:45:34-05:00</time>
</trkpt>
<trkpt lat="-15.498473" lon="-70.131771">
<ele>3828.2</ele>
<time>2026-10-06T10:45:36-05:00</time>
</trkpt>
<trkpt lat="-15.4984" lon="-70.131803">
<ele>3827.7</ele>
<time>2026-10-06T10:45:38-05:00</time>
</trkpt>
<trkpt lat="-15.498346" lon="-70.131843">
<ele>3827.6</ele>
<time>2026-10-06T10:45:40-05:00</time>
</trkpt>
<trkpt lat="-15.49828" lon="-70.131886">
<ele>3827.8</ele>
<time>2026-10-06T10:45:42-05:00</time>
</trkpt>
<trkpt lat="-15.498222" lon="-70.131921">
<ele>3828.5</ele>
<time>2026-10-06T10:45:44-05:00</time>
</trkpt>
<trkpt lat="-15.498155" lon="-70.131952">
<ele>3828.2</ele>
<time>2026-10-06T10:45:46-05:00</time>
</trkpt>
<trkpt lat="-15.4981" lon="-70.131989">
<ele>3827.9</ele>
<time>2026-10-06T10:45:48-05:00</time>
</trkpt>
<trkpt lat="-15.498035" lon="-70.132013">
<ele>3827.8</ele>
<time>2026-10-06T10:45:50-05:00</time>
</trkpt>
<trkpt lat="-15.498" lon="-70.13202">
<ele>3827.6</ele>
<time>2026-10-06T10:45:52-05:00</time>
</trkpt>
<trkpt lat="-15.497968" lon="-70.132029">
<ele>3827.7</ele>
<time>2026-10-06T10:45:54-05:00</time>
</trkpt>
<trkpt lat="-15.497945" lon="-70.132025">
<ele>3827.5</ele>
<time>2026-10-06T10:45:56-05:00</time>
</trkpt>
<trkpt lat="-15.497946" lon="-70.132042">
<ele>3827.8</ele>
<time>2026-10-06T10:45:58-05:00</time>
</trkpt>
<trkpt lat="-15.497956" lon="-70.132063">
<ele>3828.5</ele>
<time>2026-10-06T10:46:00-05:00</time>
</trkpt>
<trkpt lat="-15.49796" lon="-70.132075">
<ele>3828.3</ele>
<time>2026-10-06T10:46:02-05:00</time>
</trkpt>
<trkpt lat="-15.497956" lon="-70.132079">
<ele>3828.3</ele>
<time>2026-10-06T10:46:04-05:00</time>
</trkpt>
<trkpt lat="-15.497921" lon="-70.132091">
<ele>3828.3</ele>
<time>2026-10-06T10:46:06-05:00</time>
</trkpt>
<trkpt lat="-15.497891" lon="-70.132145">
<ele>3828.6</ele>
<time>2026-10-06T10:46:08-05:00</time>
</trkpt>
<trkpt lat="-15.497817" lon="-70.132186">
<ele>3828.8</ele>
<time>2026-10-06T10:46:10-05:00</time>
</trkpt>
<trkpt lat="-15.497725" lon="-70.132232">
<ele>3828.2</ele>
<time>2026-10-06T10:46:12-05:00</time>
</trkpt>
<trkpt lat="-15.497627" lon="-70.132293">
<ele>3828.0</ele>
<time>2026-10-06T10:46:14-05:00</time>
</trkpt>
<trkpt lat="-15.497534" lon="-70.132361">
<ele>3828.3</ele>
<time>2026-10-06T10:46:16-05:00</time>
</trkpt>
<trkpt lat="-15.49746" lon="-70.132427">
<ele>3827.9</ele>
<time>2026-10-06T10:46:18-05:00</time>
</trkpt>
<trkpt lat="-15.497401" lon="-70.132445">
<ele>3827.4</ele>
<time>2026-10-06T10:46:20-05:00</time>
</trkpt>
<trkpt lat="-15.497377" lon="-70.132452">
<ele>3827.8</ele>
<time>2026-10-06T10:46:22-05:00</time>
</trkpt>
<trkpt lat="-15.497371" lon="-70.13247">
<ele>3828.7</ele>
<time>2026-10-06T10:46:24-05:00</time>
</trkpt>
<trkpt lat="-15.497389" lon="-70.13246">
<ele>3828.3</ele>
<time>2026-10-06T10:46:26-05:00</time>
</trkpt>
<trkpt lat="-15.497395" lon="-70.132468">
<ele>3828.5</ele>
<time>2026-10-06T10:46:28-05:00</time>
</trkpt>
<trkpt lat="-15.497399" lon="-70.132488">
<ele>3828.9</ele>
<time>2026-10-06T10:46:30-05:00</time>
</trkpt>
<trkpt lat="-15.497407" lon="-70.132494">
<ele>3827.6</ele>
<time>2026-10-06T10:46:32-05:00</time>
</trkpt>
<trkpt lat="-15.497408" lon="-70.132506">
<ele>3828.4</ele>
<time>2026-10-06T10:46:34-05:00</time>
</trkpt>
<trkpt lat="-15.497398" lon="-70.132509">
<ele>3828.0</ele>
<time>2026-10-06T10:46:36-05:00</time>
</trkpt>
<trkpt lat="-15.497402" lon="-70.132487">
<ele>3828.5</ele>
<time>2026-10-06T10:46:38-05:00</time>
</trkpt>
<trkpt lat="-15.497393" lon="-70.132482">
<ele>3828.3</ele>
<time>2026-10-06T10:46:40-05:00</time>
</trkpt>
<trkpt lat="-15.497392" lon="-70.132483">
<ele>3827.9</ele>
<time>2026-10-06T10:46:42-05:00</time>
</trkpt>
<trkpt lat="-15.497392" lon="-70.132503">
<ele>3828.3</ele>
<time>2026-10-06T10:46:44-05:00</time>
</trkpt>
<trkpt lat="-15.497394" lon="-70.132492">
<ele>3828.2</ele>
<time>2026-10-06T10:46:46-05:00</time>
</trkpt>
<trkpt lat="-15.497391" lon="-70.132481">
<ele>3828.7</ele>
<time>2026-10-06T10:46:48-05:00</time>
</trkpt>
<trkpt lat="-15.497404" lon="-70.132479">
<ele>3828.3</ele>
<time>2026-10-06T10:46:50-05:00</time>
</trkpt>
<trkpt lat="-15.497418" lon="-70.132481">
<ele>3828.1</ele>
<time>2026-10-06T10:46:52-05:00</time>
</trkpt>
<trkpt lat="-15.497417" lon="-70.132479">
<ele>3828.1</ele>
<time>2026-10-06T10:46:54-05:00</time>
</trkpt>
<trkpt lat="-15.497386" lon="-70.132455">
<ele>3828.1</ele>
<time>2026-10-06T10:46:56-05:00</time>
</trkpt>
<trkpt lat="-15.497338" lon="-70.132389">
<ele>3829.0</ele>
<time>2026-10-06T10:46:58-05:00</time>
</trkpt>
<trkpt lat="-15.497285" lon="-70.132324">
<ele>3829.5</ele>
<time>2026-10-06T10:47:00-05:00</time>
</trkpt>
<trkpt lat="-15.497252" lon="-70.132257">
<ele>3829.7</ele>
<time>2026-10-06T10:47:02-05:00</time>
</trkpt>
<trkpt lat="-15.4972" lon="-70.132207">
<ele>3829.2</ele>
<time>2026-10-06T10:47:04-05:00</time>
</trkpt>
<trkpt lat="-15.497148" lon="-70.132131">
<ele>3830.0</ele>
<time>2026-10-06T10:47:06-05:00</time>
</trkpt>
<trkpt lat="-15.497106" lon="-70.132056">
<ele>3829.4</ele>
<time>2026-10-06T10:47:08-05:00</time>
</trkpt>
<trkpt lat="-15.497047" lon="-70.131991">
<ele>3830.3</ele>
<time>2026-10-06T10:47:10-05:00</time>
</trkpt>
<trkpt lat="-15.497002" lon="-70.131916">
<ele>3828.9</ele>
<time>2026-10-06T10:47:12-05:00</time>
</trkpt>
<trkpt lat="-15.49694" lon="-70.131855">
<ele>3830.0</ele>
<time>2026-10-06T10:47:14-05:00</time>
</trkpt>
<trkpt lat="-15.496907" lon="-70.131799">
<ele>3828.8</ele>
<time>2026-10-06T10:47:16-05:00</time>
</trkpt>
<trkpt lat="-15.496877" lon="-70.131731">
<ele>3829.1</ele>
<time>2026-10-06T10:47:18-05:00</time>
</trkpt>
<trkpt lat="-15.496848" lon="-70.131676">
<ele>3828.9</ele>
<time>2026-10-06T10:47:20-05:00</time>
</trkpt>
<trkpt lat="-15.496806" lon="-70.131616">
<ele>3829.6</ele>
<time>2026-10-06T10:47:22-05:00</time>
</trkpt>
<trkpt lat="-15.496768" lon="-70.131543">
<ele>3829.2</ele>
<time>2026-10-06T10:47:24-05:00</time>
</trkpt>
<trkpt lat="-15.49674" lon="-70.131509">
<ele>3828.2</ele>
<time>2026-10-06T10:47:26-05:00</time>
</trkpt>
<trkpt lat="-15.496716" lon="-70.131436">
<ele>3828.5</ele>
<time>2026-10-06T10:47:28-05:00</time>
</trkpt>
<trkpt lat="-15.496659" lon="-70.131367">
<ele>3827.8</ele>
<time>2026-10-06T10:47:30-05:00</time>
</trkpt>
<trkpt lat="-15.496607" lon="-70.131273">
<ele>3827.5</ele>
<time>2026-10-06T10:47:32-05:00</time>
</trkpt>
<trkpt lat="-15.496579" lon="-70.131182">
<ele>3828.1</ele>
<time>2026-10-06T10:47:34-05:00</time>
</trkpt>
<trkpt lat="-15.496558" lon="-70.131126">
<ele>3827.7</ele>
<time>2026-10-06T10:47:36-05:00</time>
</trkpt>
<trkpt lat="-15.496541" lon="-70.131091">
<ele>3827.6</ele>
<time>2026-10-06T10:47:38-05:00</time>
</trkpt>
<trkpt lat="-15.496506" lon="-70.131067">
<ele>3826.7</ele>
<time>2026-10-06T10:47:40-05:00</time>
</trkpt>
<trkpt lat="-15.496471" lon="-70.131084">
<ele>3826.6</ele>
<time>2026-10-06T10:47:42-05:00</time>
</trkpt>
<trkpt lat="-15.496435" lon="-70.1311">
<ele>3827.6</ele>
<time>2026-10-06T10:47:44-05:00</time>
</trkpt>
<trkpt lat="-15.496381" lon="-70.13113">
<ele>3827.1</ele>
<time>2026-10-06T10:47:46-05:00</time>
</trkpt>
<trkpt lat="-15.496317" lon="-70.131162">
<ele>3827.1</ele>
<time>2026-10-06T10:47:48-05:00</time>
</trkpt>
<trkpt lat="-15.496261" lon="-70.1312">
<ele>3827.5</ele>
<time>2026-10-06T10:47:50-05:00</time>
</trkpt>
<trkpt lat="-15.496173" lon="-70.131208">
<ele>3827.8</ele>
<time>2026-10-06T10:47:52-05:00</time>
</trkpt>
<trkpt lat="-15.496095" lon="-70.131241">
<ele>3827.6</ele>
<time>2026-10-06T10:47:54-05:00</time>
</trkpt>
<trkpt lat="-15.49603" lon="-70.131259">
<ele>3828.2</ele>
<time>2026-10-06T10:47:56-05:00</time>
</trkpt>
<trkpt lat="-15.495969" lon="-70.131268">
<ele>3827.6</ele>
<time>2026-10-06T10:47:58-05:00</time>
</trkpt>
<trkpt lat="-15.495916" lon="-70.13129">
<ele>3827.4</ele>
<time>2026-10-06T10:48:00-05:00</time>
</trkpt>
<trkpt lat="-15.49584" lon="-70.131321">
<ele>3828.5</ele>
<time>2026-10-06T10:48:02-05:00</time>
</trkpt>
<trkpt lat="-15.495784" lon="-70.131348">
<ele>3828.9</ele>
<time>2026-10-06T10:48:04-05:00</time>
</trkpt>
<trkpt lat="-15.495702" lon="-70.131374">
<ele>3828.0</ele>
<time>2026-10-06T10:48:06-05:00</time>
</trkpt>
<trkpt lat="-15.495636" lon="-70.131394">
<ele>3828.5</ele>
<time>2026-10-06T10:48:08-05:00</time>
</trkpt>
<trkpt lat="-15.495575" lon="-70.131421">
<ele>3828.7</ele>
<time>2026-10-06T10:48:10-05:00</time>
</trkpt>
<trkpt lat="-15.495497" lon="-70.13146">
<ele>3829.4</ele>
<time>2026-10-06T10:48:12-05:00</time>
</trkpt>
<trkpt lat="-15.495434" lon="-70.131478">
<ele>3828.5</ele>
<time>2026-10-06T10:48:14-05:00</time>
</trkpt>
<trkpt lat="-15.495359" lon="-70.131498">
<ele>3827.9</ele>
<time>2026-10-06T10:48:16-05:00</time>
</trkpt>
<trkpt lat="-15.495289" lon="-70.131521">
<ele>3829.2</ele>
<time>2026-10-06T10:48:18-05:00</time>
</trkpt>
<trkpt lat="-15.495223" lon="-70.131541">
<ele>3828.2</ele>
<time>2026-10-06T10:48:20-05:00</time>
</trkpt>
<trkpt lat="-15.495164" lon="-70.131558">
<ele>3827.9</ele>
<time>2026-10-06T10:48:22-05:00</time>
</trkpt>
<trkpt lat="-15.495121" lon="-70.13157">
<ele>3828.1</ele>
<time>2026-10-06T10:48:24-05:00</time>
</trkpt>
<trkpt lat="-15.495078" lon="-70.131607">
<ele>3827.8</ele>
<time>2026-10-06T10:48:26-05:00</time>
</trkpt>
<trkpt lat="-15.495" lon="-70.131636">
<ele>3828.3</ele>
<time>2026-10-06T10:48:28-05:00</time>
</trkpt>
<trkpt lat="-15.494921" lon="-70.131666">
<ele>3828.5</ele>
<time>2026-10-06T10:48:30-05:00</time>
</trkpt>
<trkpt lat="-15.494854" lon="-70.131701">
<ele>3828.9</ele>
<time>2026-10-06T10:48:32-05:00</time>
</trkpt>
<trkpt lat="-15.494771" lon="-70.131727">
<ele>3829.5</ele>
<time>2026-10-06T10:48:34-05:00</time>
</trkpt>
<trkpt lat="-15.494701" lon="-70.13176">
<ele>3828.3</ele>
<time>2026-10-06T10:48:36-05:00</time>
</trkpt>
<trkpt lat="-15.494634" lon="-70.13181">
<ele>3829.8</ele>
<time>2026-10-06T10:48:38-05:00</time>
</trkpt>
<trkpt lat="-15.494557" lon="-70.131821">
<ele>3829.1</ele>
<time>2026-10-06T10:48:40-05:00</time>
</trkpt>
<trkpt lat="-15.494484" lon="-70.131848">
<ele>3829.0</ele>
<time>2026-10-06T10:48:42-05:00</time>
</trkpt>
<trkpt lat="-15.494421" lon="-70.131854">
<ele>3828.1</ele>
<time>2026-10-06T10:48:44-05:00</time>
</trkpt>
<trkpt lat="-15.49438" lon="-70.131855">
<ele>3827.7</ele>
<time>2026-10-06T10:48:46-05:00</time>
</trkpt>
<trkpt lat="-15.494379" lon="-70.131858">
<ele>3828.1</ele>
<time>2026-10-06T10:48:48-05:00</time>
</trkpt>
<trkpt lat="-15.494382" lon="-70.131823">
<ele>3827.9</ele>
<time>2026-10-06T10:48:50-05:00</time>
</trkpt>
<trkpt lat="-15.494371" lon="-70.131771">
<ele>3828.0</ele>
<time>2026-10-06T10:48:52-05:00</time>
</trkpt>
<trkpt lat="-15.494345" lon="-70.131704">
<ele>3828.5</ele>
<time>2026-10-06T10:48:54-05:00</time>
</trkpt>
<trkpt lat="-15.494321" lon="-70.131615">
<ele>3827.5</ele>
<time>2026-10-06T10:48:56-05:00</time>
</trkpt>
<trkpt lat="-15.49427" lon="-70.131541">
<ele>3827.0</ele>
<time>2026-10-06T10:48:58-05:00</time>
</trkpt>
<trkpt lat="-15.494246" lon="-70.131463">
<ele>3826.7</ele>
<time>2026-10-06T10:49:00-05:00</time>
</trkpt>
<trkpt lat="-15.49421" lon="-70.131363">
<ele>3826.7</ele>
<time>2026-10-06T10:49:02-05:00</time>
</trkpt>
<trkpt lat="-15.494173" lon="-70.131292">
<ele>3827.1</ele>
<time>2026-10-06T10:49:04-05:00</time>
</trkpt>
<trkpt lat="-15.494132" lon="-70.131206">
<ele>3826.8</ele>
<time>2026-10-06T10:49:06-05:00</time>
</trkpt>
<trkpt lat="-15.494106" lon="-70.131109">
<ele>3827.9</ele>
<time>2026-10-06T10:49:08-05:00</time>
</trkpt>
<trkpt lat="-15.494079" lon="-70.131012">
<ele>3828.0</ele>
<time>2026-10-06T10:49:10-05:00</time>
</trkpt>
<trkpt lat="-15.494051" lon="-70.130914">
<ele>3828.1</ele>
<time>2026-10-06T10:49:12-05:00</time>
</trkpt>
<trkpt lat="-15.49402" lon="-70.130843">
<ele>3828.2</ele>
<time>2026-10-06T10:49:14-05:00</time>
</trkpt>
<trkpt lat="-15.49403" lon="-70.130782">
<ele>3828.8</ele>
<time>2026-10-06T10:49:16-05:00</time>
</trkpt>
<trkpt lat="-15.494041" lon="-70.130748">
<ele>3828.1</ele>
<time>2026-10-06T10:49:18-05:00</time>
</trkpt>
<trkpt lat="-15.494037" lon="-70.130751">
<ele>3827.8</ele>
<time>2026-10-06T10:49:20-05:00</time>
</trkpt>
<trkpt lat="-15.494036" lon="-70.130757">
<ele>3829.3</ele>
<time>2026-10-06T10:49:22-05:00</time>
</trkpt>
<trkpt lat="-15.494026" lon="-70.130768">
<ele>3828.3</ele>
<time>2026-10-06T10:49:24-05:00</time>
</trkpt>
<trkpt lat="-15.494017" lon="-70.130771">
<ele>3828.1</ele>
<time>2026-10-06T10:49:26-05:00</time>
</trkpt>
<trkpt lat="-15.494027" lon="-70.130747">
<ele>3829.3</ele>
<time>2026-10-06T10:49:28-05:00</time>
</trkpt>
<trkpt lat="-15.494018" lon="-70.130742">
<ele>3828.4</ele>
<time>2026-10-06T10:49:30-05:00</time>
</trkpt>
<trkpt lat="-15.493997" lon="-70.130707">
<ele>3828.8</ele>
<time>2026-10-06T10:49:32-05:00</time>
</trkpt>
<trkpt lat="-15.493983" lon="-70.130657">
<ele>3828.6</ele>
<time>2026-10-06T10:49:34-05:00</time>
</trkpt>
<trkpt lat="-15.493962" lon="-70.130584">
<ele>3829.3</ele>
<time>2026-10-06T10:49:36-05:00</time>
</trkpt>
<trkpt lat="-15.49394" lon="-70.130509">
<ele>3829.7</ele>
<time>2026-10-06T10:49:38-05:00</time>
</trkpt>
<trkpt lat="-15.493914" lon="-70.130444">
<ele>3829.3</ele>
<time>2026-10-06T10:49:40-05:00</time>
</trkpt>
<trkpt lat="-15.493883" lon="-70.130365">
<ele>3829.2</ele>
<time>2026-10-06T10:49:42-05:00</time>
</trkpt>
<trkpt lat="-15.493854" lon="-70.130328">
<ele>3828.9</ele>
<time>2026-10-06T10:49:44-05:00</time>
</trkpt>
<trkpt lat="-15.493832" lon="-70.130246">
<ele>3828.9</ele>
<time>2026-10-06T10:49:46-05:00</time>
</trkpt>
<trkpt lat="-15.493789" lon="-70.130178">
<ele>3828.3</ele>
<time>2026-10-06T10:49:48-05:00</time>
</trkpt>
<trkpt lat="-15.493751" lon="-70.130105">
<ele>3828.8</ele>
<time>2026-10-06T10:49:50-05:00</time>
</trkpt>
<trkpt lat="-15.493721" lon="-70.130061">
<ele>3829.2</ele>
<time>2026-10-06T10:49:52-05:00</time>
</trkpt>
<trkpt lat="-15.493707" lon="-70.129991">
<ele>3828.6</ele>
<time>2026-10-06T10:49:54-05:00</time>
</trkpt>
<trkpt lat="-15.493673" lon="-70.129951">
<ele>3828.4</ele>
<time>2026-10-06T10:49:56-05:00</time>
</trkpt>
<trkpt lat="-15.493662" lon="-70.129898">
<ele>3828.5</ele>
<time>2026-10-06T10:49:58-05:00</time>
</trkpt>
<trkpt lat="-15.493648" lon="-70.129834">
<ele>3828.4</ele>
<time>2026-10-06T10:50:00-05:00</time>
</trkpt>
<trkpt lat="-15.493629" lon="-70.12977">
<ele>3828.2</ele>
<time>2026-10-06T10:50:02-05:00</time>
</trkpt>
<trkpt lat="-15.493614" lon="-70.129709">
<ele>3827.5</ele>
<time>2026-10-06T10:50:04-05:00</time>
</trkpt>
<trkpt lat="-15.493585" lon="-70.129651">
<ele>3827.8</ele>
<time>2026-10-06T10:50:06-05:00</time>
</trkpt>
<trkpt lat="-15.493567" lon="-70.129591">
<ele>3827.7</ele>
<time>2026-10-06T10:50:08-05:00</time>
</trkpt>
<trkpt lat="-15.493537" lon="-70.129549">
<ele>3828.0</ele>
<time>2026-10-06T10:50:10-05:00</time>
</trkpt>
<trkpt lat="-15.493524" lon="-70.129498">
<ele>3828.0</ele>
<time>2026-10-06T10:50:12-05:00</time>
</trkpt>
<trkpt lat="-15.493489" lon="-70.129438">
<ele>3827.7</ele>
<time>2026-10-06T10:50:14-05:00</time>
</trkpt>
<trkpt lat="-15.49347" lon="-70.129385">
<ele>3827.7</ele>
<time>2026-10-06T10:50:16-05:00</time>
</trkpt>
<trkpt lat="-15.493453" lon="-70.129338">
<ele>3828.0</ele>
<time>2026-10-06T10:50:18-05:00</time>
</trkpt>
<trkpt lat="-15.493414" lon="-70.129283">
<ele>3827.1</ele>
<time>2026-10-06T10:50:20-05:00</time>
</trkpt>
<trkpt lat="-15.493396" lon="-70.129223">
<ele>3826.8</ele>
<time>2026-10-06T10:50:22-05:00</time>
</trkpt>
<trkpt lat="-15.493355" lon="-70.129175">
<ele>3827.6</ele>
<time>2026-10-06T10:50:24-05:00</time>
</trkpt>
<trkpt lat="-15.493317" lon="-70.129127">
<ele>3827.7</ele>
<time>2026-10-06T10:50:26-05:00</time>
</trkpt>
<trkpt lat="-15.493312" lon="-70.129078">
<ele>3827.1</ele>
<time>2026-10-06T10:50:28-05:00</time>
</trkpt>
<trkpt lat="-15.493284" lon="-70.129017">
<ele>3827.5</ele>
<time>2026-10-06T10:50:30-05:00</time>
</trkpt>
<trkpt lat="-15.493273" lon="-70.128955">
<ele>3827.1</ele>
<time>2026-10-06T10:50:32-05:00</time>
</trkpt>
<trkpt lat="-15.493259" lon="-70.128888">
<ele>3826.8</ele>
<time>2026-10-06T10:50:34-05:00</time>
</trkpt>
<trkpt lat="-15.493248" lon="-70.128837">
<ele>3827.1</ele>
<time>2026-10-06T10:50:36-05:00</time>
</trkpt>
<trkpt lat="-15.49321" lon="-70.128787">
<ele>3826.9</ele>
<time>2026-10-06T10:50:38-05:00</time>
</trkpt>
<trkpt lat="-15.493184" lon="-70.128724">
<ele>3827.7</ele>
<time>2026-10-06T10:50:40-05:00</time>
</trkpt>
<trkpt lat="-15.493171" lon="-70.128654">
<ele>3827.6</ele>
<time>2026-10-06T10:50:42-05:00</time>
</trkpt>
<trkpt lat="-15.493138" lon="-70.128578">
<ele>3827.8</ele>
<time>2026-10-06T10:50:44-05:00</time>
</trkpt>
<trkpt lat="-15.493119" lon="-70.128512">
<ele>3828.7</ele>
<time>2026-10-06T10:50:46-05:00</time>
</trkpt>
<trkpt lat="-15.493098" lon="-70.128455">
<ele>3827.8</ele>
<time>2026-10-06T10:50:48-05:00</time>
</trkpt>
<trkpt lat="-15.493076" lon="-70.128403">
<ele>3827.7</ele>
<time>2026-10-06T10:50:50-05:00</time>
</trkpt>
<trkpt lat="-15.493064" lon="-70.128328">
<ele>3828.7</ele>
<time>2026-10-06T10:50:52-05:00</time>
</trkpt>
<trkpt lat="-15.493045" lon="-70.128271">
<ele>3828.4</ele>
<time>2026-10-06T10:50:54-05:00</time>
</trkpt>
<trkpt lat="-15.493019" lon="-70.128207">
<ele>3828.6</ele>
<time>2026-10-06T10:50:56-05:00</time>
</trkpt>
<trkpt lat="-15.493003" lon="-70.128143">
<ele>3829.1</ele>
<time>2026-10-06T10:50:58-05:00</time>
</trkpt>
<trkpt lat="-15.492993" lon="-70.128078">
<ele>3829.2</ele>
<time>2026-10-06T10:51:00-05:00</time>
</trkpt>
<trkpt lat="-15.492968" lon="-70.128023">
<ele>3829.0</ele>
<time>2026-10-06T10:51:02-05:00</time>
</trkpt>
<trkpt lat="-15.492968" lon="-70.128017">
<ele>3828.6</ele>
<time>2026-10-06T10:51:04-05:00</time>
</trkpt>
<trkpt lat="-15.492974" lon="-70.127997">
<ele>3828.7</ele>
<time>2026-10-06T10:51:06-05:00</time>
</trkpt>
<trkpt lat="-15.492975" lon="-70.127989">
<ele>3828.6</ele>
<time>2026-10-06T10:51:08-05:00</time>
</trkpt>
<trkpt lat="-15.492974" lon="-70.127998">
<ele>3828.9</ele>
<time>2026-10-06T10:51:10-05:00</time>
</trkpt>
<trkpt lat="-15.492973" lon="-70.128004">
<ele>3828.8</ele>
<time>2026-10-06T10:51:12-05:00</time>
</trkpt>
<trkpt lat="-15.492963" lon="-70.128008">
<ele>3829.0</ele>
<time>2026-10-06T10:51:14-05:00</time>
</trkpt>
<trkpt lat="-15.492982" lon="-70.128006">
<ele>3829.5</ele>
<time>2026-10-06T10:51:16-05:00</time>
</trkpt>
<trkpt lat="-15.492958" lon="-70.128014">
<ele>3828.6</ele>
<time>2026-10-06T10:51:18-05:00</time>
</trkpt>
<trkpt lat="-15.492955" lon="-70.128021">
<ele>3829.1</ele>
<time>2026-10-06T10:51:20-05:00</time>
</trkpt>
<trkpt lat="-15.492961" lon="-70.128023">
<ele>3829.2</ele>
<time>2026-10-06T10:51:22-05:00</time>
</trkpt>
<trkpt lat="-15.492971" lon="-70.128022">
<ele>3828.7</ele>
<time>2026-10-06T10:51:24-05:00</time>
</trkpt>
<trkpt lat="-15.492982" lon="-70.128031">
<ele>3828.9</ele>
<time>2026-10-06T10:51:26-05:00</time>
</trkpt>
<trkpt lat="-15.492985" lon="-70.12805">
<ele>3828.4</ele>
<time>2026-10-06T10:51:28-05:00</time>
</trkpt>
<trkpt lat="-15.492976" lon="-70.128045">
<ele>3828.8</ele>
<time>2026-10-06T10:51:30-05:00</time>
</trkpt>
<trkpt lat="-15.492966" lon="-70.128059">
<ele>3829.3</ele>
<time>2026-10-06T10:51:32-05:00</time>
</trkpt>
<trkpt lat="-15.49296" lon="-70.128042">
<ele>3828.5</ele>
<time>2026-10-06T10:51:34-05:00</time>
</trkpt>
<trkpt lat="-15.492966" lon="-70.128041">
<ele>3828.5</ele>
<time>2026-10-06T10:51:36-05:00</time>
</trkpt>
<trkpt lat="-15.492979" lon="-70.128046">
<ele>3829.0</ele>
<time>2026-10-06T10:51:38-05:00</time>
</trkpt>
<trkpt lat="-15.492986" lon="-70.128026">
<ele>3828.9</ele>
<time>2026-10-06T10:51:40-05:00</time>
</trkpt>
<trkpt lat="-15.492971" lon="-70.128016">
<ele>3829.3</ele>
<time>2026-10-06T10:51:42-05:00</time>
</trkpt>
<trkpt lat="-15.492947" lon="-70.127975">
<ele>3829.1</ele>
<time>2026-10-06T10:51:44-05:00</time>
</trkpt>
<trkpt lat="-15.492914" lon="-70.127931">
<ele>3828.6</ele>
<time>2026-10-06T10:51:46-05:00</time>
</trkpt>
<trkpt lat="-15.492862" lon="-70.127875">
<ele>3828.5</ele>
<time>2026-10-06T10:51:48-05:00</time>
</trkpt>
<trkpt lat="-15.492836" lon="-70.127806">
<ele>3829.0</ele>
<time>2026-10-06T10:51:50-05:00</time>
</trkpt>
<trkpt lat="-15.492829" lon="-70.127748">
<ele>3828.6</ele>
<time>2026-10-06T10:51:52-05:00</time>
</trkpt>
<trkpt lat="-15.492827" lon="-70.12768">
<ele>3828.3</ele>
<time>2026-10-06T10:51:54-05:00</time>
</trkpt>
<trkpt lat="-15.49282" lon="-70.127635">
<ele>3827.7</ele>
<time>2026-10-06T10:51:56-05:00</time>
</trkpt>
<trkpt lat="-15.492794" lon="-70.127579">
<ele>3828.5</ele>
<time>2026-10-06T10:51:58-05:00</time>
</trkpt>
<trkpt lat="-15.492777" lon="-70.127512">
<ele>3828.8</ele>
<time>2026-10-06T10:52:00-05:00</time>
</trkpt>
<trkpt lat="-15.492755" lon="-70.127452">
<ele>3828.5</ele>
<time>2026-10-06T10:52:02-05:00</time>
</trkpt>
<trkpt lat="-15.49273" lon="-70.127383">
<ele>3828.4</ele>
<time>2026-10-06T10:52:04-05:00</time>
</trkpt>
<trkpt lat="-15.49271" lon="-70.12731">
<ele>3828.7</ele>
<time>2026-10-06T10:52:06-05:00</time>
</trkpt>
<trkpt lat="-15.492679" lon="-70.127243">
<ele>3828.8</ele>
<time>2026-10-06T10:52:08-05:00</time>
</trkpt>
<trkpt lat="-15.49265" lon="-70.12719">
<ele>3828.6</ele>
<time>2026-10-06T10:52:10-05:00</time>
</trkpt>
<trkpt lat="-15.492626" lon="-70.127144">
<ele>3827.9</ele>
<time>2026-10-06T10:52:12-05:00</time>
</trkpt>
<trkpt lat="-15.492596" lon="-70.127071">
<ele>3828.0</ele>
<time>2026-10-06T10:52:14-05:00</time>
</trkpt>
<trkpt lat="-15.492579" lon="-70.127022">
<ele>3828.2</ele>
<time>2026-10-06T10:52:16-05:00</time>
</trkpt>
<trkpt lat="-15.49257" lon="-70.126944">
<ele>3828.2</ele>
<time>2026-10-06T10:52:18-05:00</time>
</trkpt>
<trkpt lat="-15.492548" lon="-70.126885">
<ele>3827.6</ele>
<time>2026-10-06T10:52:20-05:00</time>
</trkpt>
<trkpt lat="-15.492525" lon="-70.126814">
<ele>3828.0</ele>
<time>2026-10-06T10:52:22-05:00</time>
</trkpt>
<trkpt lat="-15.492508" lon="-70.126763">
<ele>3827.4</ele>
<time>2026-10-06T10:52:24-05:00</time>
</trkpt>
<trkpt lat="-15.492444" lon="-70.126694">
<ele>3827.2</ele>
<time>2026-10-06T10:52:26-05:00</time>
</trkpt>
<trkpt lat="-15.492422" lon="-70.126626">
<ele>3827.2</ele>
<time>2026-10-06T10:52:28-05:00</time>
</trkpt>
<trkpt lat="-15.492381" lon="-70.126547">
<ele>3827.1</ele>
<time>2026-10-06T10:52:30-05:00</time>
</trkpt>
<trkpt lat="-15.492362" lon="-70.126468">
<ele>3826.8</ele>
<time>2026-10-06T10:52:32-05:00</time>
</trkpt>
<trkpt lat="-15.492341" lon="-70.126389">
<ele>3826.5</ele>
<time>2026-10-06T10:52:34-05:00</time>
</trkpt>
<trkpt lat="-15.492335" lon="-70.126328">
<ele>3826.9</ele>
<time>2026-10-06T10:52:36-05:00</time>
</trkpt>
<trkpt lat="-15.492296" lon="-70.126259">
<ele>3826.4</ele>
<time>2026-10-06T10:52:38-05:00</time>
</trkpt>
<trkpt lat="-15.492281" lon="-70.126199">
<ele>3826.9</ele>
<time>2026-10-06T10:52:40-05:00</time>
</trkpt>
<trkpt lat="-15.492249" lon="-70.126132">
<ele>3825.7</ele>
<time>2026-10-06T10:52:42-05:00</time>
</trkpt>
<trkpt lat="-15.492236" lon="-70.126079">
<ele>3825.7</ele>
<time>2026-10-06T10:52:44-05:00</time>
</trkpt>
<trkpt lat="-15.492217" lon="-70.126021">
<ele>3826.4</ele>
<time>2026-10-06T10:52:46-05:00</time>
</trkpt>
<trkpt lat="-15.492186" lon="-70.125978">
<ele>3825.7</ele>
<time>2026-10-06T10:52:48-05:00</time>
</trkpt>
<trkpt lat="-15.492165" lon="-70.125907">
<ele>3824.5</ele>
<time>2026-10-06T10:52:50-05:00</time>
</trkpt>
<trkpt lat="-15.492145" lon="-70.125854">
<ele>3825.7</ele>
<time>2026-10-06T10:52:52-05:00</time>
</trkpt>
<trkpt lat="-15.492127" lon="-70.1258">
<ele>3826.0</ele>
<time>2026-10-06T10:52:54-05:00</time>
</trkpt>
<trkpt lat="-15.492111" lon="-70.125746">
<ele>3825.5</ele>
<time>2026-10-06T10:52:56-05:00</time>
</trkpt>
<trkpt lat="-15.49208" lon="-70.125681">
<ele>3826.6</ele>
<time>2026-10-06T10:52:58-05:00</time>
</trkpt>
<trkpt lat="-15.492045" lon="-70.125632">
<ele>3826.2</ele>
<time>2026-10-06T10:53:00-05:00</time>
</trkpt>
<trkpt lat="-15.492035" lon="-70.12555">
<ele>3825.5</ele>
<time>2026-10-06T10:53:02-05:00</time>
</trkpt>
<trkpt lat="-15.492013" lon="-70.12549">
<ele>3826.4</ele>
<time>2026-10-06T10:53:04-05:00</time>
</trkpt>
<trkpt lat="-15.49199" lon="-70.12545">
<ele>3826.5</ele>
<time>2026-10-06T10:53:06-05:00</time>
</trkpt>
<trkpt lat="-15.491969" lon="-70.125383">
<ele>3826.0</ele>
<time>2026-10-06T10:53:08-05:00</time>
</trkpt>
<trkpt lat="-15.491951" lon="-70.125326">
<ele>3827.2</ele>
<time>2026-10-06T10:53:10-05:00</time>
</trkpt>
<trkpt lat="-15.491935" lon="-70.12527">
<ele>3826.3</ele>
<time>2026-10-06T10:53:12-05:00</time>
</trkpt>
<trkpt lat="-15.491922" lon="-70.125218">
<ele>3826.3</ele>
<time>2026-10-06T10:53:14-05:00</time>
</trkpt>
<trkpt lat="-15.491888" lon="-70.125163">
<ele>3826.2</ele>
<time>2026-10-06T10:53:16-05:00</time>
</trkpt>
<trkpt lat="-15.491865" lon="-70.125118">
<ele>3826.0</ele>
<time>2026-10-06T10:53:18-05:00</time>
</trkpt>
<trkpt lat="-15.49185" lon="-70.12505">
<ele>3825.7</ele>
<time>2026-10-06T10:53:20-05:00</time>
</trkpt>
<trkpt lat="-15.491826" lon="-70.125003">
<ele>3826.4</ele>
<time>2026-10-06T10:53:22-05:00</time>
</trkpt>
<trkpt lat="-15.49183" lon="-70.124937">
<ele>3825.8</ele>
<time>2026-10-06T10:53:24-05:00</time>
</trkpt>
<trkpt lat="-15.491798" lon="-70.124896">
<ele>3826.3</ele>
<time>2026-10-06T10:53:26-05:00</time>
</trkpt>
<trkpt lat="-15.491774" lon="-70.12483">
<ele>3825.9</ele>
<time>2026-10-06T10:53:28-05:00</time>
</trkpt>
<trkpt lat="-15.491757" lon="-70.12475">
<ele>3826.9</ele>
<time>2026-10-06T10:53:30-05:00</time>
</trkpt>
<trkpt lat="-15.491743" lon="-70.124692">
<ele>3825.8</ele>
<time>2026-10-06T10:53:32-05:00</time>
</trkpt>
<trkpt lat="-15.491707" lon="-70.124612">
<ele>3826.0</ele>
<time>2026-10-06T10:53:34-05:00</time>
</trkpt>
<trkpt lat="-15.49168" lon="-70.12455">
<ele>3826.6</ele>
<time>2026-10-06T10:53:36-05:00</time>
</trkpt>
<trkpt lat="-15.491659" lon="-70.124495">
<ele>3826.1</ele>
<time>2026-10-06T10:53:38-05:00</time>
</trkpt>
<trkpt lat="-15.491632" lon="-70.124426">
<ele>3826.7</ele>
<time>2026-10-06T10:53:40-05:00</time>
</trkpt>
<trkpt lat="-15.491604" lon="-70.124399">
<ele>3825.3</ele>
<time>2026-10-06T10:53:42-05:00</time>
</trkpt>
<trkpt lat="-15.491598" lon="-70.124361">
<ele>3826.3</ele>
<time>2026-10-06T10:53:44-05:00</time>
</trkpt>
<trkpt lat="-15.491602" lon="-70.124314">
<ele>3825.9</ele>
<time>2026-10-06T10:53:46-05:00</time>
</trkpt>
<trkpt lat="-15.491575" lon="-70.124239">
<ele>3825.7</ele>
<time>2026-10-06T10:53:48-05:00</time>
</trkpt>
<trkpt lat="-15.491537" lon="-70.124183">
<ele>3824.9</ele>
<time>2026-10-06T10:53:50-05:00</time>
</trkpt>
<trkpt lat="-15.491507" lon="-70.124121">
<ele>3826.7</ele>
<time>2026-10-06T10:53:52-05:00</time>
</trkpt>
<trkpt lat="-15.491479" lon="-70.124057">
<ele>3825.1</ele>
<time>2026-10-06T10:53:54-05:00</time>
</trkpt>
<trkpt lat="-15.491443" lon="-70.12399">
<ele>3826.2</ele>
<time>2026-10-06T10:53:56-05:00</time>
</trkpt>
<trkpt lat="-15.491423" lon="-70.123935">
<ele>3826.1</ele>
<time>2026-10-06T10:53:58-05:00</time>
</trkpt>
<trkpt lat="-15.491384" lon="-70.123898">
<ele>3825.0</ele>
<time>2026-10-06T10:54:00-05:00</time>
</trkpt>
<trkpt lat="-15.491374" lon="-70.123822">
<ele>3825.4</ele>
<time>2026-10-06T10:54:02-05:00</time>
</trkpt>
<trkpt lat="-15.491346" lon="-70.123772">
<ele>3825.4</ele>
<time>2026-10-06T10:54:04-05:00</time>
</trkpt>
<trkpt lat="-15.491324" lon="-70.123699">
<ele>3825.9</ele>
<time>2026-10-06T10:54:06-05:00</time>
</trkpt>
<trkpt lat="-15.491298" lon="-70.12364">
<ele>3824.6</ele>
<time>2026-10-06T10:54:08-05:00</time>
</trkpt>
<trkpt lat="-15.491275" lon="-70.123581">
<ele>3825.4</ele>
<time>2026-10-06T10:54:10-05:00</time>
</trkpt>
<trkpt lat="-15.491264" lon="-70.123517">
<ele>3825.8</ele>
<time>2026-10-06T10:54:12-05:00</time>
</trkpt>
<trkpt lat="-15.491238" lon="-70.123457">
<ele>3826.1</ele>
<time>2026-10-06T10:54:14-05:00</time>
</trkpt>
<trkpt lat="-15.491222" lon="-70.123426">
<ele>3825.0</ele>
<time>2026-10-06T10:54:16-05:00</time>
</trkpt>
<trkpt lat="-15.491216" lon="-70.123387">
<ele>3824.8</ele>
<time>2026-10-06T10:54:18-05:00</time>
</trkpt>
<trkpt lat="-15.49119" lon="-70.123334">
<ele>3825.2</ele>
<time>2026-10-06T10:54:20-05:00</time>
</trkpt>
<trkpt lat="-15.491165" lon="-70.123271">
<ele>3825.5</ele>
<time>2026-10-06T10:54:22-05:00</time>
</trkpt>
<trkpt lat="-15.491146" lon="-70.12322">
<ele>3825.1</ele>
<time>2026-10-06T10:54:24-05:00</time>
</trkpt>
<trkpt lat="-15.491131" lon="-70.123166">
<ele>3825.0</ele>
<time>2026-10-06T10:54:26-05:00</time>
</trkpt>
<trkpt lat="-15.491093" lon="-70.123125">
<ele>3825.9</ele>
<time>2026-10-06T10:54:28-05:00</time>
</trkpt>
<trkpt lat="-15.491076" lon="-70.123057">
<ele>3825.4</ele>
<time>2026-10-06T10:54:30-05:00</time>
</trkpt>
<trkpt lat="-15.491041" lon="-70.123013">
<ele>3825.5</ele>
<time>2026-10-06T10:54:32-05:00</time>
</trkpt>
<trkpt lat="-15.491018" lon="-70.122946">
<ele>3826.3</ele>
<time>2026-10-06T10:54:34-05:00</time>
</trkpt>
<trkpt lat="-15.491011" lon="-70.122882">
<ele>3825.4</ele>
<time>2026-10-06T10:54:36-05:00</time>
</trkpt>
<trkpt lat="-15.490968" lon="-70.122843">
<ele>3825.4</ele>
<time>2026-10-06T10:54:38-05:00</time>
</trkpt>
<trkpt lat="-15.490955" lon="-70.122789">
<ele>3825.6</ele>
<time>2026-10-06T10:54:40-05:00</time>
</trkpt>
<trkpt lat="-15.490933" lon="-70.122722">
<ele>3825.2</ele>
<time>2026-10-06T10:54:42-05:00</time>
</trkpt>
<trkpt lat="-15.490904" lon="-70.122673">
<ele>3825.6</ele>
<time>2026-10-06T10:54:44-05:00</time>
</trkpt>
<trkpt lat="-15.49088" lon="-70.122621">
<ele>3825.1</ele>
<time>2026-10-06T10:54:46-05:00</time>
</trkpt>
<trkpt lat="-15.490856" lon="-70.122574">
<ele>3825.3</ele>
<time>2026-10-06T10:54:48-05:00</time>
</trkpt>
<trkpt lat="-15.490829" lon="-70.1225">
<ele>3825.4</ele>
<time>2026-10-06T10:54:50-05:00</time>
</trkpt>
<trkpt lat="-15.490812" lon="-70.122452">
<ele>3824.9</ele>
<time>2026-10-06T10:54:52-05:00</time>
</trkpt>
<trkpt lat="-15.490786" lon="-70.122407">
<ele>3825.3</ele>
<time>2026-10-06T10:54:54-05:00</time>
</trkpt>
<trkpt lat="-15.490775" lon="-70.12237">
<ele>3824.8</ele>
<time>2026-10-06T10:54:56-05:00</time>
</trkpt>
<trkpt lat="-15.490756" lon="-70.12237">
<ele>3825.4</ele>
<time>2026-10-06T10:54:58-05:00</time>
</trkpt>
<trkpt lat="-15.4908" lon="-70.122335">
<ele>3825.3</ele>
<time>2026-10-06T10:55:00-05:00</time>
</trkpt>
<trkpt lat="-15.490869" lon="-70.122301">
<ele>3826.1</ele>
<time>2026-10-06T10:55:02-05:00</time>
</trkpt>
<trkpt lat="-15.49089" lon="-70.122205">
<ele>3825.1</ele>
<time>2026-10-06T10:55:04-05:00</time>
</trkpt>
<trkpt lat="-15.490869" lon="-70.1221">
<ele>3827.6</ele>
<time>2026-10-06T10:55:06-05:00</time>
</trkpt>
<trkpt lat="-15.490844" lon="-70.122044">
<ele>3826.7</ele>
<time>2026-10-06T10:55:08-05:00</time>
</trkpt>
<trkpt lat="-15.490845" lon="-70.122052">
<ele>3827.0</ele>
<time>2026-10-06T10:55:10-05:00</time>
</trkpt>
<trkpt lat="-15.490851" lon="-70.122065">
<ele>3826.5</ele>
<time>2026-10-06T10:55:12-05:00</time>
</trkpt>
<trkpt lat="-15.49086" lon="-70.122082">
<ele>3826.4</ele>
<time>2026-10-06T10:55:14-05:00</time>
</trkpt>
<trkpt lat="-15.490849" lon="-70.122065">
<ele>3826.6</ele>
<time>2026-10-06T10:55:16-05:00</time>
</trkpt>
<trkpt lat="-15.490854" lon="-70.122046">
<ele>3826.8</ele>
<time>2026-10-06T10:55:18-05:00</time>
</trkpt>
<trkpt lat="-15.490858" lon="-70.122038">
<ele>3827.2</ele>
<time>2026-10-06T10:55:20-05:00</time>
</trkpt>
<trkpt lat="-15.490866" lon="-70.122036">
<ele>3827.2</ele>
<time>2026-10-06T10:55:22-05:00</time>
</trkpt>
<trkpt lat="-15.490858" lon="-70.122037">
<ele>3826.9</ele>
<time>2026-10-06T10:55:24-05:00</time>
</trkpt>
<trkpt lat="-15.490849" lon="-70.12206">
<ele>3826.4</ele>
<time>2026-10-06T10:55:26-05:00</time>
</trkpt>
<trkpt lat="-15.490832" lon="-70.12206">
<ele>3826.3</ele>
<time>2026-10-06T10:55:28-05:00</time>
</trkpt>
<trkpt lat="-15.490845" lon="-70.122076">
<ele>3826.6</ele>
<time>2026-10-06T10:55:30-05:00</time>
</trkpt>
<trkpt lat="-15.490847" lon="-70.122074">
<ele>3827.2</ele>
<time>2026-10-06T10:55:32-05:00</time>
</trkpt>
<trkpt lat="-15.490847" lon="-70.12207">
<ele>3827.0</ele>
<time>2026-10-06T10:55:34-05:00</time>
</trkpt>
<trkpt lat="-15.490827" lon="-70.122075">
<ele>3826.6</ele>
<time>2026-10-06T10:55:36-05:00</time>
</trkpt>
<trkpt lat="-15.490745" lon="-70.122088">
<ele>3826.3</ele>
<time>2026-10-06T10:55:38-05:00</time>
</trkpt>
<trkpt lat="-15.49069" lon="-70.122109">
<ele>3826.7</ele>
<time>2026-10-06T10:55:40-05:00</time>
</trkpt>
<trkpt lat="-15.49067" lon="-70.122172">
<ele>3825.9</ele>
<time>2026-10-06T10:55:42-05:00</time>
</trkpt>
<trkpt lat="-15.490612" lon="-70.122177">
<ele>3826.4</ele>
<time>2026-10-06T10:55:44-05:00</time>
</trkpt>
<trkpt lat="-15.490544" lon="-70.122182">
<ele>3826.5</ele>
<time>2026-10-06T10:55:46-05:00</time>
</trkpt>
<trkpt lat="-15.490462" lon="-70.122191">
<ele>3826.5</ele>
<time>2026-10-06T10:55:48-05:00</time>
</trkpt>
<trkpt lat="-15.490404" lon="-70.122221">
<ele>3825.8</ele>
<time>2026-10-06T10:55:50-05:00</time>
</trkpt>
<trkpt lat="-15.490328" lon="-70.122245">
<ele>3826.0</ele>
<time>2026-10-06T10:55:52-05:00</time>
</trkpt>
<trkpt lat="-15.490267" lon="-70.122267">
<ele>3826.0</ele>
<time>2026-10-06T10:55:54-05:00</time>
</trkpt>
<trkpt lat="-15.490193" lon="-70.122296">
<ele>3826.5</ele>
<time>2026-10-06T10:55:56-05:00</time>
</trkpt>
<trkpt lat="-15.49013" lon="-70.122323">
<ele>3826.3</ele>
<time>2026-10-06T10:55:58-05:00</time>
</trkpt>
<trkpt lat="-15.490078" lon="-70.122334">
<ele>3827.2</ele>
<time>2026-10-06T10:56:00-05:00</time>
</trkpt>
<trkpt lat="-15.490038" lon="-70.122351">
<ele>3826.3</ele>
<time>2026-10-06T10:56:02-05:00</time>
</trkpt>
<trkpt lat="-15.489973" lon="-70.122368">
<ele>3826.5</ele>
<time>2026-10-06T10:56:04-05:00</time>
</trkpt>
<trkpt lat="-15.48992" lon="-70.122387">
<ele>3827.4</ele>
<time>2026-10-06T10:56:06-05:00</time>
</trkpt>
<trkpt lat="-15.489861" lon="-70.12241">
<ele>3826.5</ele>
<time>2026-10-06T10:56:08-05:00</time>
</trkpt>
<trkpt lat="-15.489817" lon="-70.122432">
<ele>3826.3</ele>
<time>2026-10-06T10:56:10-05:00</time>
</trkpt>
<trkpt lat="-15.489752" lon="-70.122446">
<ele>3827.5</ele>
<time>2026-10-06T10:56:12-05:00</time>
</trkpt>
<trkpt lat="-15.489684" lon="-70.122468">
<ele>3826.0</ele>
<time>2026-10-06T10:56:14-05:00</time>
</trkpt>
<trkpt lat="-15.48963" lon="-70.122496">
<ele>3827.1</ele>
<time>2026-10-06T10:56:16-05:00</time>
</trkpt>
<trkpt lat="-15.489574" lon="-70.122533">
<ele>3826.9</ele>
<time>2026-10-06T10:56:18-05:00</time>
</trkpt>
<trkpt lat="-15.489502" lon="-70.122573">
<ele>3826.8</ele>
<time>2026-10-06T10:56:20-05:00</time>
</trkpt>
<trkpt lat="-15.48942" lon="-70.122597">
<ele>3827.0</ele>
<time>2026-10-06T10:56:22-05:00</time>
</trkpt>
<trkpt lat="-15.489349" lon="-70.122609">
<ele>3826.4</ele>
<time>2026-10-06T10:56:24-05:00</time>
</trkpt>
<trkpt lat="-15.489271" lon="-70.122648">
<ele>3825.3</ele>
<time>2026-10-06T10:56:26-05:00</time>
</trkpt>
<trkpt lat="-15.48924" lon="-70.122682">
<ele>3826.3</ele>
<time>2026-10-06T10:56:28-05:00</time>
</trkpt>
<trkpt lat="-15.489187" lon="-70.122698">
<ele>3826.4</ele>
<time>2026-10-06T10:56:30-05:00</time>
</trkpt>
<trkpt lat="-15.489103" lon="-70.122745">
<ele>3826.2</ele>
<time>2026-10-06T10:56:32-05:00</time>
</trkpt>
<trkpt lat="-15.489029" lon="-70.122755">
<ele>3825.8</ele>
<time>2026-10-06T10:56:34-05:00</time>
</trkpt>
<trkpt lat="-15.488967" lon="-70.122777">
<ele>3826.0</ele>
<time>2026-10-06T10:56:36-05:00</time>
</trkpt>
<trkpt lat="-15.488887" lon="-70.122805">
<ele>3826.7</ele>
<time>2026-10-06T10:56:38-05:00</time>
</trkpt>
<trkpt lat="-15.488834" lon="-70.122842">
<ele>3825.9</ele>
<time>2026-10-06T10:56:40-05:00</time>
</trkpt>
<trkpt lat="-15.488775" lon="-70.12287">
<ele>3826.0</ele>
<time>2026-10-06T10:56:42-05:00</time>
</trkpt>
<trkpt lat="-15.488713" lon="-70.122893">
<ele>3825.7</ele>
<time>2026-10-06T10:56:44-05:00</time>
</trkpt>
<trkpt lat="-15.488657" lon="-70.122907">
<ele>3825.9</ele>
<time>2026-10-06T10:56:46-05:00</time>
</trkpt>
<trkpt lat="-15.488599" lon="-70.122944">
<ele>3826.9</ele>
<time>2026-10-06T10:56:48-05:00</time>
</trkpt>
<trkpt lat="-15.488536" lon="-70.122965">
<ele>3826.0</ele>
<time>2026-10-06T10:56:50-05:00</time>
</trkpt>
<trkpt lat="-15.488462" lon="-70.122998">
<ele>3826.3</ele>
<time>2026-10-06T10:56:52-05:00</time>
</trkpt>
<trkpt lat="-15.488397" lon="-70.123017">
<ele>3826.2</ele>
<time>2026-10-06T10:56:54-05:00</time>
</trkpt>
<trkpt lat="-15.488337" lon="-70.123046">
<ele>3826.2</ele>
<time>2026-10-06T10:56:56-05:00</time>
</trkpt>
<trkpt lat="-15.488275" lon="-70.123083">
<ele>3826.4</ele>
<time>2026-10-06T10:56:58-05:00</time>
</trkpt>
<trkpt lat="-15.488224" lon="-70.123101">
<ele>3826.2</ele>
<time>2026-10-06T10:57:00-05:00</time>
</trkpt>
<trkpt lat="-15.48816" lon="-70.123118">
<ele>3825.5</ele>
<time>2026-10-06T10:57:02-05:00</time>
</trkpt>
<trkpt lat="-15.488096" lon="-70.123129">
<ele>3826.9</ele>
<time>2026-10-06T10:57:04-05:00</time>
</trkpt>
<trkpt lat="-15.488026" lon="-70.123166">
<ele>3825.6</ele>
<time>2026-10-06T10:57:06-05:00</time>
</trkpt>
<trkpt lat="-15.487983" lon="-70.123178">
<ele>3826.4</ele>
<time>2026-10-06T10:57:08-05:00</time>
</trkpt>
<trkpt lat="-15.487956" lon="-70.123174">
<ele>3826.8</ele>
<time>2026-10-06T10:57:10-05:00</time>
</trkpt>
<trkpt lat="-15.487947" lon="-70.123184">
<ele>3826.0</ele>
<time>2026-10-06T10:57:12-05:00</time>
</trkpt>
<trkpt lat="-15.487957" lon="-70.123172">
<ele>3826.6</ele>
<time>2026-10-06T10:57:14-05:00</time>
</trkpt>
<trkpt lat="-15.487966" lon="-70.12318">
<ele>3826.2</ele>
<time>2026-10-06T10:57:16-05:00</time>
</trkpt>
<trkpt lat="-15.487973" lon="-70.123187">
<ele>3826.1</ele>
<time>2026-10-06T10:57:18-05:00</time>
</trkpt>
<trkpt lat="-15.487966" lon="-70.123182">
<ele>3825.8</ele>
<time>2026-10-06T10:57:20-05:00</time>
</trkpt>
<trkpt lat="-15.487977" lon="-70.123192">
<ele>3825.7</ele>
<time>2026-10-06T10:57:22-05:00</time>
</trkpt>
<trkpt lat="-15.487983" lon="-70.123181">
<ele>3825.9</ele>
<time>2026-10-06T10:57:24-05:00</time>
</trkpt>
<trkpt lat="-15.487986" lon="-70.123168">
<ele>3826.8</ele>
<time>2026-10-06T10:57:26-05:00</time>
</trkpt>
<trkpt lat="-15.487993" lon="-70.123184">
<ele>3826.4</ele>
<time>2026-10-06T10:57:28-05:00</time>
</trkpt>
<trkpt lat="-15.487985" lon="-70.123182">
<ele>3826.1</ele>
<time>2026-10-06T10:57:30-05:00</time>
</trkpt>
<trkpt lat="-15.487965" lon="-70.123181">
<ele>3825.7</ele>
<time>2026-10-06T10:57:32-05:00</time>
</trkpt>
<trkpt lat="-15.487899" lon="-70.123216">
<ele>3826.3</ele>
<time>2026-10-06T10:57:34-05:00</time>
</trkpt>
<trkpt lat="-15.48779" lon="-70.123262">
<ele>3826.1</ele>
<time>2026-10-06T10:57:36-05:00</time>
</trkpt>
<trkpt lat="-15.487627" lon="-70.123342">
<ele>3826.0</ele>
<time>2026-10-06T10:57:38-05:00</time>
</trkpt>
<trkpt lat="-15.487427" lon="-70.123437">
<ele>3825.8</ele>
<time>2026-10-06T10:57:40-05:00</time>
</trkpt>
<trkpt lat="-15.48727" lon="-70.123484">
<ele>3826.2</ele>
<time>2026-10-06T10:57:42-05:00</time>
</trkpt>
<trkpt lat="-15.487173" lon="-70.123506">
<ele>3826.2</ele>
<time>2026-10-06T10:57:44-05:00</time>
</trkpt>
<trkpt lat="-15.487114" lon="-70.123507">
<ele>3825.7</ele>
<time>2026-10-06T10:57:46-05:00</time>
</trkpt>
<trkpt lat="-15.48711" lon="-70.123512">
<ele>3826.8</ele>
<time>2026-10-06T10:57:48-05:00</time>
</trkpt>
<trkpt lat="-15.487109" lon="-70.123518">
<ele>3826.6</ele>
<time>2026-10-06T10:57:50-05:00</time>
</trkpt>
<trkpt lat="-15.487093" lon="-70.123509">
<ele>3826.4</ele>
<time>2026-10-06T10:57:52-05:00</time>
</trkpt>
<trkpt lat="-15.487087" lon="-70.123522">
<ele>3826.0</ele>
<time>2026-10-06T10:57:54-05:00</time>
</trkpt>
<trkpt lat="-15.487087" lon="-70.123521">
<ele>3826.4</ele>
<time>2026-10-06T10:57:56-05:00</time>
</trkpt>
<trkpt lat="-15.487093" lon="-70.123514">
<ele>3826.4</ele>
<time>2026-10-06T10:57:58-05:00</time>
</trkpt>
<trkpt lat="-15.487083" lon="-70.123527">
<ele>3826.8</ele>
<time>2026-10-06T10:58:00-05:00</time>
</trkpt>
<trkpt lat="-15.487093" lon="-70.123528">
<ele>3826.2</ele>
<time>2026-10-06T10:58:02-05:00</time>
</trkpt>
<trkpt lat="-15.487082" lon="-70.123526">
<ele>3826.4</ele>
<time>2026-10-06T10:58:04-05:00</time>
</trkpt>
<trkpt lat="-15.487056" lon="-70.123537">
<ele>3827.0</ele>
<time>2026-10-06T10:58:06-05:00</time>
</trkpt>
<trkpt lat="-15.487054" lon="-70.123536">
<ele>3826.5</ele>
<time>2026-10-06T10:58:08-05:00</time>
</trkpt>
<trkpt lat="-15.487027" lon="-70.123552">
<ele>3826.4</ele>
<time>2026-10-06T10:58:10-05:00</time>
</trkpt>
<trkpt lat="-15.486989" lon="-70.123597">
<ele>3825.9</ele>
<time>2026-10-06T10:58:12-05:00</time>
</trkpt>
<trkpt lat="-15.486916" lon="-70.12364">
<ele>3825.7</ele>
<time>2026-10-06T10:58:14-05:00</time>
</trkpt>
<trkpt lat="-15.486799" lon="-70.123697">
<ele>3826.8</ele>
<time>2026-10-06T10:58:16-05:00</time>
</trkpt>
<trkpt lat="-15.486699" lon="-70.123738">
<ele>3825.7</ele>
<time>2026-10-06T10:58:18-05:00</time>
</trkpt>
<trkpt lat="-15.486595" lon="-70.123797">
<ele>3826.6</ele>
<time>2026-10-06T10:58:20-05:00</time>
</trkpt>
<trkpt lat="-15.486487" lon="-70.12384">
<ele>3826.4</ele>
<time>2026-10-06T10:58:22-05:00</time>
</trkpt>
<trkpt lat="-15.486382" lon="-70.123864">
<ele>3826.3</ele>
<time>2026-10-06T10:58:24-05:00</time>
</trkpt>
<trkpt lat="-15.486261" lon="-70.123894">
<ele>3825.5</ele>
<time>2026-10-06T10:58:26-05:00</time>
</trkpt>
<trkpt lat="-15.486158" lon="-70.123928">
<ele>3825.3</ele>
<time>2026-10-06T10:58:28-05:00</time>
</trkpt>
<trkpt lat="-15.486074" lon="-70.123976">
<ele>3825.9</ele>
<time>2026-10-06T10:58:30-05:00</time>
</trkpt>
<trkpt lat="-15.486023" lon="-70.123998">
<ele>3826.3</ele>
<time>2026-10-06T10:58:32-05:00</time>
</trkpt>
<trkpt lat="-15.485945" lon="-70.12402">
<ele>3825.5</ele>
<time>2026-10-06T10:58:34-05:00</time>
</trkpt>
<trkpt lat="-15.485851" lon="-70.124056">
<ele>3826.1</ele>
<time>2026-10-06T10:58:36-05:00</time>
</trkpt>
<trkpt lat="-15.485749" lon="-70.124088">
<ele>3825.9</ele>
<time>2026-10-06T10:58:38-05:00</time>
</trkpt>
<trkpt lat="-15.485639" lon="-70.124118">
<ele>3825.8</ele>
<time>2026-10-06T10:58:40-05:00</time>
</trkpt>
<trkpt lat="-15.485555" lon="-70.124158">
<ele>3826.3</ele>
<time>2026-10-06T10:58:42-05:00</time>
</trkpt>
<trkpt lat="-15.485449" lon="-70.124199">
<ele>3825.6</ele>
<time>2026-10-06T10:58:44-05:00</time>
</trkpt>
<trkpt lat="-15.485365" lon="-70.124235">
<ele>3826.8</ele>
<time>2026-10-06T10:58:46-05:00</time>
</trkpt>
<trkpt lat="-15.485284" lon="-70.124254">
<ele>3825.8</ele>
<time>2026-10-06T10:58:48-05:00</time>
</trkpt>
<trkpt lat="-15.485217" lon="-70.124287">
<ele>3825.5</ele>
<time>2026-10-06T10:58:50-05:00</time>
</trkpt>
<trkpt lat="-15.485149" lon="-70.124311">
<ele>3826.5</ele>
<time>2026-10-06T10:58:52-05:00</time>
</trkpt>
<trkpt lat="-15.485028" lon="-70.124354">
<ele>3826.1</ele>
<time>2026-10-06T10:58:54-05:00</time>
</trkpt>
<trkpt lat="-15.484889" lon="-70.124392">
<ele>3826.7</ele>
<time>2026-10-06T10:58:56-05:00</time>
</trkpt>
<trkpt lat="-15.484809" lon="-70.124403">
<ele>3825.8</ele>
<time>2026-10-06T10:58:58-05:00</time>
</trkpt>
<trkpt lat="-15.484789" lon="-70.124373">
<ele>3825.6</ele>
<time>2026-10-06T10:59:00-05:00</time>
</trkpt>
<trkpt lat="-15.484737" lon="-70.124337">
<ele>3825.4</ele>
<time>2026-10-06T10:59:02-05:00</time>
</trkpt>
<trkpt lat="-15.48468" lon="-70.124276">
<ele>3826.8</ele>
<time>2026-10-06T10:59:04-05:00</time>
</trkpt>
<trkpt lat="-15.48461" lon="-70.124205">
<ele>3825.9</ele>
<time>2026-10-06T10:59:06-05:00</time>
</trkpt>
<trkpt lat="-15.484545" lon="-70.124135">
<ele>3825.8</ele>
<time>2026-10-06T10:59:08-05:00</time>
</trkpt>
<trkpt lat="-15.484465" lon="-70.124048">
<ele>3826.7</ele>
<time>2026-10-06T10:59:10-05:00</time>
</trkpt>
<trkpt lat="-15.48438" lon="-70.12398">
<ele>3826.6</ele>
<time>2026-10-06T10:59:12-05:00</time>
</trkpt>
<trkpt lat="-15.484302" lon="-70.123906">
<ele>3826.9</ele>
<time>2026-10-06T10:59:14-05:00</time>
</trkpt>
<trkpt lat="-15.484243" lon="-70.123834">
<ele>3826.2</ele>
<time>2026-10-06T10:59:16-05:00</time>
</trkpt>
<trkpt lat="-15.484185" lon="-70.123795">
<ele>3826.4</ele>
<time>2026-10-06T10:59:18-05:00</time>
</trkpt>
<trkpt lat="-15.484119" lon="-70.123758">
<ele>3826.8</ele>
<time>2026-10-06T10:59:20-05:00</time>
</trkpt>
<trkpt lat="-15.484067" lon="-70.123713">
<ele>3826.5</ele>
<time>2026-10-06T10:59:22-05:00</time>
</trkpt>
<trkpt lat="-15.484014" lon="-70.123633">
<ele>3826.9</ele>
<time>2026-10-06T10:59:24-05:00</time>
</trkpt>
<trkpt lat="-15.483951" lon="-70.123565">
<ele>3826.8</ele>
<time>2026-10-06T10:59:26-05:00</time>
</trkpt>
<trkpt lat="-15.483873" lon="-70.123476">
<ele>3827.4</ele>
<time>2026-10-06T10:59:28-05:00</time>
</trkpt>
<trkpt lat="-15.483824" lon="-70.123393">
<ele>3827.7</ele>
<time>2026-10-06T10:59:30-05:00</time>
</trkpt>
<trkpt lat="-15.483739" lon="-70.123329">
<ele>3827.5</ele>
<time>2026-10-06T10:59:32-05:00</time>
</trkpt>
<trkpt lat="-15.483663" lon="-70.123259">
<ele>3827.5</ele>
<time>2026-10-06T10:59:34-05:00</time>
</trkpt>
<trkpt lat="-15.4836" lon="-70.123197">
<ele>3827.6</ele>
<time>2026-10-06T10:59:36-05:00</time>
</trkpt>
<trkpt lat="-15.483541" lon="-70.123141">
<ele>3828.7</ele>
<time>2026-10-06T10:59:38-05:00</time>
</trkpt>
<trkpt lat="-15.483487" lon="-70.123071">
<ele>3828.3</ele>
<time>2026-10-06T10:59:40-05:00</time>
</trkpt>
<trkpt lat="-15.483422" lon="-70.122996">
<ele>3827.5</ele>
<time>2026-10-06T10:59:42-05:00</time>
</trkpt>
<trkpt lat="-15.483331" lon="-70.122906">
<ele>3827.6</ele>
<time>2026-10-06T10:59:44-05:00</time>
</trkpt>
<trkpt lat="-15.483256" lon="-70.122834">
<ele>3827.9</ele>
<time>2026-10-06T10:59:46-05:00</time>
</trkpt>
<trkpt lat="-15.483174" lon="-70.12276">
<ele>3827.4</ele>
<time>2026-10-06T10:59:48-05:00</time>
</trkpt>
<trkpt lat="-15.483089" lon="-70.122688">
<ele>3827.0</ele>
<time>2026-10-06T10:59:50-05:00</time>
</trkpt>
<trkpt lat="-15.48303" lon="-70.122631">
<ele>3826.6</ele>
<time>2026-10-06T10:59:52-05:00</time>
</trkpt>
<trkpt lat="-15.482956" lon="-70.122555">
<ele>3826.4</ele>
<time>2026-10-06T10:59:54-05:00</time>
</trkpt>
<trkpt lat="-15.482891" lon="-70.122498">
<ele>3826.7</ele>
<time>2026-10-06T10:59:56-05:00</time>
</trkpt>
<trkpt lat="-15.482829" lon="-70.122449">
<ele>3826.2</ele>
<time>2026-10-06T10:59:58-05:00</time>
</trkpt>
<trkpt lat="-15.482756" lon="-70.122379">
<ele>3826.3</ele>
<time>2026-10-06T11:00:00-05:00</time>
</trkpt>
<trkpt lat="-15.482679" lon="-70.122301">
<ele>3826.6</ele>
<time>2026-10-06T11:00:02-05:00</time>
</trkpt>
<trkpt lat="-15.482601" lon="-70.122217">
<ele>3826.5</ele>
<time>2026-10-06T11:00:04-05:00</time>
</trkpt>
<trkpt lat="-15.482525" lon="-70.122147">
<ele>3826.9</ele>
<time>2026-10-06T11:00:06-05:00</time>
</trkpt>
<trkpt lat="-15.482432" lon="-70.12206">
<ele>3826.3</ele>
<time>2026-10-06T11:00:08-05:00</time>
</trkpt>
<trkpt lat="-15.482376" lon="-70.12198">
<ele>3826.4</ele>
<time>2026-10-06T11:00:10-05:00</time>
</trkpt>
<trkpt lat="-15.482295" lon="-70.121881">
<ele>3827.0</ele>
<time>2026-10-06T11:00:12-05:00</time>
</trkpt>
<trkpt lat="-15.482218" lon="-70.121789">
<ele>3827.0</ele>
<time>2026-10-06T11:00:14-05:00</time>
</trkpt>
<trkpt lat="-15.482141" lon="-70.1217">
<ele>3826.6</ele>
<time>2026-10-06T11:00:16-05:00</time>
</trkpt>
<trkpt lat="-15.482061" lon="-70.121618">
<ele>3826.4</ele>
<time>2026-10-06T11:00:18-05:00</time>
</trkpt>
<trkpt lat="-15.481992" lon="-70.12154">
<ele>3825.7</ele>
<time>2026-10-06T11:00:20-05:00</time>
</trkpt>
<trkpt lat="-15.481947" lon="-70.121476">
<ele>3826.0</ele>
<time>2026-10-06T11:00:22-05:00</time>
</trkpt>
<trkpt lat="-15.481929" lon="-70.121433">
<ele>3825.9</ele>
<time>2026-10-06T11:00:24-05:00</time>
</trkpt>
<trkpt lat="-15.481905" lon="-70.121418">
<ele>3826.5</ele>
<time>2026-10-06T11:00:26-05:00</time>
</trkpt>
<trkpt lat="-15.4819" lon="-70.121432">
<ele>3825.3</ele>
<time>2026-10-06T11:00:28-05:00</time>
</trkpt>
<trkpt lat="-15.481895" lon="-70.121431">
<ele>3825.9</ele>
<time>2026-10-06T11:00:30-05:00</time>
</trkpt>
<trkpt lat="-15.481904" lon="-70.121429">
<ele>3826.1</ele>
<time>2026-10-06T11:00:32-05:00</time>
</trkpt>
<trkpt lat="-15.481905" lon="-70.121421">
<ele>3825.7</ele>
<time>2026-10-06T11:00:34-05:00</time>
</trkpt>
<trkpt lat="-15.481903" lon="-70.1214">
<ele>3825.4</ele>
<time>2026-10-06T11:00:36-05:00</time>
</trkpt>
<trkpt lat="-15.481918" lon="-70.121399">
<ele>3825.4</ele>
<time>2026-10-06T11:00:38-05:00</time>
</trkpt>
<trkpt lat="-15.481913" lon="-70.121396">
<ele>3825.6</ele>
<time>2026-10-06T11:00:40-05:00</time>
</trkpt>
<trkpt lat="-15.4819" lon="-70.121404">
<ele>3825.5</ele>
<time>2026-10-06T11:00:42-05:00</time>
</trkpt>
<trkpt lat="-15.481889" lon="-70.121429">
<ele>3825.5</ele>
<time>2026-10-06T11:00:44-05:00</time>
</trkpt>
<trkpt lat="-15.481889" lon="-70.121414">
<ele>3825.2</ele>
<time>2026-10-06T11:00:46-05:00</time>
</trkpt>
<trkpt lat="-15.481903" lon="-70.121416">
<ele>3824.9</ele>
<time>2026-10-06T11:00:48-05:00</time>
</trkpt>
<trkpt lat="-15.481884" lon="-70.121415">
<ele>3825.2</ele>
<time>2026-10-06T11:00:50-05:00</time>
</trkpt>
<trkpt lat="-15.481857" lon="-70.121365">
<ele>3825.3</ele>
<time>2026-10-06T11:00:52-05:00</time>
</trkpt>
<trkpt lat="-15.481788" lon="-70.121307">
<ele>3826.2</ele>
<time>2026-10-06T11:00:54-05:00</time>
</trkpt>
<trkpt lat="-15.481684" lon="-70.121195">
<ele>3825.5</ele>
<time>2026-10-06T11:00:56-05:00</time>
</trkpt>
<trkpt lat="-15.481565" lon="-70.121083">
<ele>3824.9</ele>
<time>2026-10-06T11:00:58-05:00</time>
</trkpt>
<trkpt lat="-15.481463" lon="-70.121002">
<ele>3825.4</ele>
<time>2026-10-06T11:01:00-05:00</time>
</trkpt>
<trkpt lat="-15.481352" lon="-70.120896">
<ele>3825.3</ele>
<time>2026-10-06T11:01:02-05:00</time>
</trkpt>
<trkpt lat="-15.481259" lon="-70.120815">
<ele>3825.2</ele>
<time>2026-10-06T11:01:04-05:00</time>
</trkpt>
<trkpt lat="-15.481179" lon="-70.120721">
<ele>3825.7</ele>
<time>2026-10-06T11:01:06-05:00</time>
</trkpt>
<trkpt lat="-15.481108" lon="-70.120645">
<ele>3825.0</ele>
<time>2026-10-06T11:01:08-05:00</time>
</trkpt>
<trkpt lat="-15.481049" lon="-70.120568">
<ele>3825.5</ele>
<time>2026-10-06T11:01:10-05:00</time>
</trkpt>
<trkpt lat="-15.481022" lon="-70.120552">
<ele>3825.3</ele>
<time>2026-10-06T11:01:12-05:00</time>
</trkpt>
<trkpt lat="-15.48103" lon="-70.120545">
<ele>3825.4</ele>
<time>2026-10-06T11:01:14-05:00</time>
</trkpt>
<trkpt lat="-15.481028" lon="-70.120559">
<ele>3825.7</ele>
<time>2026-10-06T11:01:16-05:00</time>
</trkpt>
<trkpt lat="-15.481027" lon="-70.120575">
<ele>3825.3</ele>
<time>2026-10-06T11:01:18-05:00</time>
</trkpt>
<trkpt lat="-15.481031" lon="-70.120582">
<ele>3825.5</ele>
<time>2026-10-06T11:01:20-05:00</time>
</trkpt>
<trkpt lat="-15.481026" lon="-70.120576">
<ele>3825.8</ele>
<time>2026-10-06T11:01:22-05:00</time>
</trkpt>
<trkpt lat="-15.481035" lon="-70.120562">
<ele>3825.2</ele>
<time>2026-10-06T11:01:24-05:00</time>
</trkpt>
<trkpt lat="-15.481021" lon="-70.120573">
<ele>3825.8</ele>
<time>2026-10-06T11:01:26-05:00</time>
</trkpt>
<trkpt lat="-15.481021" lon="-70.120566">
<ele>3825.5</ele>
<time>2026-10-06T11:01:28-05:00</time>
</trkpt>
<trkpt lat="-15.481007" lon="-70.120534">
<ele>3825.7</ele>
<time>2026-10-06T11:01:30-05:00</time>
</trkpt>
<trkpt lat="-15.481007" lon="-70.120539">
<ele>3825.6</ele>
<time>2026-10-06T11:01:32-05:00</time>
</trkpt>
<trkpt lat="-15.481027" lon="-70.120551">
<ele>3825.2</ele>
<time>2026-10-06T11:01:34-05:00</time>
</trkpt>
<trkpt lat="-15.481012" lon="-70.120524">
<ele>3825.0</ele>
<time>2026-10-06T11:01:36-05:00</time>
</trkpt>
<trkpt lat="-15.48096" lon="-70.120488">
<ele>3825.3</ele>
<time>2026-10-06T11:01:38-05:00</time>
</trkpt>
<trkpt lat="-15.480871" lon="-70.120416">
<ele>3825.4</ele>
<time>2026-10-06T11:01:40-05:00</time>
</trkpt>
<trkpt lat="-15.480737" lon="-70.120318">
<ele>3825.5</ele>
<time>2026-10-06T11:01:42-05:00</time>
</trkpt>
<trkpt lat="-15.480614" lon="-70.120195">
<ele>3826.6</ele>
<time>2026-10-06T11:01:44-05:00</time>
</trkpt>
<trkpt lat="-15.480518" lon="-70.120097">
<ele>3825.3</ele>
<time>2026-10-06T11:01:46-05:00</time>
</trkpt>
<trkpt lat="-15.48046" lon="-70.120031">
<ele>3825.8</ele>
<time>2026-10-06T11:01:48-05:00</time>
</trkpt>
<trkpt lat="-15.48042" lon="-70.119984">
<ele>3825.8</ele>
<time>2026-10-06T11:01:50-05:00</time>
</trkpt>
<trkpt lat="-15.480402" lon="-70.119999">
<ele>3826.4</ele>
<time>2026-10-06T11:01:52-05:00</time>
</trkpt>
<trkpt lat="-15.480413" lon="-70.12">
<ele>3825.8</ele>
<time>2026-10-06T11:01:54-05:00</time>
</trkpt>
<trkpt lat="-15.4804" lon="-70.120002">
<ele>3825.9</ele>
<time>2026-10-06T11:01:56-05:00</time>
</trkpt>
<trkpt lat="-15.480408" lon="-70.120002">
<ele>3825.1</ele>
<time>2026-10-06T11:01:58-05:00</time>
</trkpt>
<trkpt lat="-15.480408" lon="-70.119996">
<ele>3825.2</ele>
<time>2026-10-06T11:02:00-05:00</time>
</trkpt>
<trkpt lat="-15.480409" lon="-70.119998">
<ele>3825.4</ele>
<time>2026-10-06T11:02:02-05:00</time>
</trkpt>
<trkpt lat="-15.480432" lon="-70.119998">
<ele>3826.7</ele>
<time>2026-10-06T11:02:04-05:00</time>
</trkpt>
<trkpt lat="-15.480435" lon="-70.11998">
<ele>3825.8</ele>
<time>2026-10-06T11:02:06-05:00</time>
</trkpt>
<trkpt lat="-15.480424" lon="-70.119966">
<ele>3825.9</ele>
<time>2026-10-06T11:02:08-05:00</time>
</trkpt>
<trkpt lat="-15.480367" lon="-70.119924">
<ele>3826.0</ele>
<time>2026-10-06T11:02:10-05:00</time>
</trkpt>
<trkpt lat="-15.480277" lon="-70.119818">
<ele>3825.9</ele>
<time>2026-10-06T11:02:12-05:00</time>
</trkpt>
<trkpt lat="-15.480172" lon="-70.119731">
<ele>3826.9</ele>
<time>2026-10-06T11:02:14-05:00</time>
</trkpt>
<trkpt lat="-15.48007" lon="-70.119641">
<ele>3826.9</ele>
<time>2026-10-06T11:02:16-05:00</time>
</trkpt>
<trkpt lat="-15.480005" lon="-70.119553">
<ele>3827.2</ele>
<time>2026-10-06T11:02:18-05:00</time>
</trkpt>
<trkpt lat="-15.479919" lon="-70.119467">
<ele>3828.4</ele>
<time>2026-10-06T11:02:20-05:00</time>
</trkpt>
<trkpt lat="-15.479846" lon="-70.119396">
<ele>3827.9</ele>
<time>2026-10-06T11:02:22-05:00</time>
</trkpt>
<trkpt lat="-15.479762" lon="-70.119311">
<ele>3827.9</ele>
<time>2026-10-06T11:02:24-05:00</time>
</trkpt>
<trkpt lat="-15.479694" lon="-70.119258">
<ele>3827.7</ele>
<time>2026-10-06T11:02:26-05:00</time>
</trkpt>
<trkpt lat="-15.479621" lon="-70.119181">
<ele>3828.2</ele>
<time>2026-10-06T11:02:28-05:00</time>
</trkpt>
<trkpt lat="-15.479536" lon="-70.119107">
<ele>3827.4</ele>
<time>2026-10-06T11:02:30-05:00</time>
</trkpt>
<trkpt lat="-15.479459" lon="-70.11903">
<ele>3827.0</ele>
<time>2026-10-06T11:02:32-05:00</time>
</trkpt>
<trkpt lat="-15.479414" lon="-70.11894">
<ele>3827.2</ele>
<time>2026-10-06T11:02:34-05:00</time>
</trkpt>
<trkpt lat="-15.479343" lon="-70.118874">
<ele>3826.7</ele>
<time>2026-10-06T11:02:36-05:00</time>
</trkpt>
<trkpt lat="-15.479266" lon="-70.11878">
<ele>3826.8</ele>
<time>2026-10-06T11:02:38-05:00</time>
</trkpt>
<trkpt lat="-15.479189" lon="-70.118689">
<ele>3827.5</ele>
<time>2026-10-06T11:02:40-05:00</time>
</trkpt>
<trkpt lat="-15.479163" lon="-70.118639">
<ele>3827.6</ele>
<time>2026-10-06T11:02:42-05:00</time>
</trkpt>
<trkpt lat="-15.479158" lon="-70.118635">
<ele>3826.9</ele>
<time>2026-10-06T11:02:44-05:00</time>
</trkpt>
<trkpt lat="-15.479142" lon="-70.118641">
<ele>3827.4</ele>
<time>2026-10-06T11:02:46-05:00</time>
</trkpt>
<trkpt lat="-15.479136" lon="-70.118667">
<ele>3827.0</ele>
<time>2026-10-06T11:02:48-05:00</time>
</trkpt>
<trkpt lat="-15.479149" lon="-70.118655">
<ele>3826.7</ele>
<time>2026-10-06T11:02:50-05:00</time>
</trkpt>
<trkpt lat="-15.479152" lon="-70.118663">
<ele>3826.5</ele>
<time>2026-10-06T11:02:52-05:00</time>
</trkpt>
<trkpt lat="-15.479145" lon="-70.11867">
<ele>3826.7</ele>
<time>2026-10-06T11:02:54-05:00</time>
</trkpt>
<trkpt lat="-15.479153" lon="-70.118661">
<ele>3827.1</ele>
<time>2026-10-06T11:02:56-05:00</time>
</trkpt>
<trkpt lat="-15.47911" lon="-70.118621">
<ele>3826.2</ele>
<time>2026-10-06T11:02:58-05:00</time>
</trkpt>
<trkpt lat="-15.479027" lon="-70.118586">
<ele>3826.7</ele>
<time>2026-10-06T11:03:00-05:00</time>
</trkpt>
<trkpt lat="-15.478942" lon="-70.118504">
<ele>3826.4</ele>
<time>2026-10-06T11:03:02-05:00</time>
</trkpt>
<trkpt lat="-15.478861" lon="-70.118419">
<ele>3826.3</ele>
<time>2026-10-06T11:03:04-05:00</time>
</trkpt>
<trkpt lat="-15.478768" lon="-70.11832">
<ele>3826.2</ele>
<time>2026-10-06T11:03:06-05:00</time>
</trkpt>
<trkpt lat="-15.47867" lon="-70.118223">
<ele>3826.6</ele>
<time>2026-10-06T11:03:08-05:00</time>
</trkpt>
<trkpt lat="-15.47859" lon="-70.118138">
<ele>3827.0</ele>
<time>2026-10-06T11:03:10-05:00</time>
</trkpt>
<trkpt lat="-15.478496" lon="-70.118049">
<ele>3826.8</ele>
<time>2026-10-06T11:03:12-05:00</time>
</trkpt>
<trkpt lat="-15.478401" lon="-70.117962">
<ele>3826.2</ele>
<time>2026-10-06T11:03:14-05:00</time>
</trkpt>
<trkpt lat="-15.478318" lon="-70.117872">
<ele>3826.5</ele>
<time>2026-10-06T11:03:16-05:00</time>
</trkpt>
<trkpt lat="-15.478237" lon="-70.117774">
<ele>3826.5</ele>
<time>2026-10-06T11:03:18-05:00</time>
</trkpt>
<trkpt lat="-15.478148" lon="-70.117696">
<ele>3826.0</ele>
<time>2026-10-06T11:03:20-05:00</time>
</trkpt>
<trkpt lat="-15.478064" lon="-70.117607">
<ele>3826.9</ele>
<time>2026-10-06T11:03:22-05:00</time>
</trkpt>
<trkpt lat="-15.47796" lon="-70.117516">
<ele>3826.3</ele>
<time>2026-10-06T11:03:24-05:00</time>
</trkpt>
<trkpt lat="-15.477839" lon="-70.11742">
<ele>3825.7</ele>
<time>2026-10-06T11:03:26-05:00</time>
</trkpt>
<trkpt lat="-15.477716" lon="-70.117309">
<ele>3825.7</ele>
<time>2026-10-06T11:03:28-05:00</time>
</trkpt>
<trkpt lat="-15.477615" lon="-70.117214">
<ele>3825.8</ele>
<time>2026-10-06T11:03:30-05:00</time>
</trkpt>
<trkpt lat="-15.477529" lon="-70.117131">
<ele>3826.0</ele>
<time>2026-10-06T11:03:32-05:00</time>
</trkpt>
<trkpt lat="-15.477465" lon="-70.117042">
<ele>3826.0</ele>
<time>2026-10-06T11:03:34-05:00</time>
</trkpt>
<trkpt lat="-15.477451" lon="-70.116991">
<ele>3826.1</ele>
<time>2026-10-06T11:03:36-05:00</time>
</trkpt>
<trkpt lat="-15.477446" lon="-70.116975">
<ele>3826.6</ele>
<time>2026-10-06T11:03:38-05:00</time>
</trkpt>
<trkpt lat="-15.477451" lon="-70.116976">
<ele>3825.9</ele>
<time>2026-10-06T11:03:40-05:00</time>
</trkpt>
<trkpt lat="-15.477446" lon="-70.116977">
<ele>3826.3</ele>
<time>2026-10-06T11:03:42-05:00</time>
</trkpt>
<trkpt lat="-15.47743" lon="-70.116994">
<ele>3826.5</ele>
<time>2026-10-06T11:03:44-05:00</time>
</trkpt>
<trkpt lat="-15.477437" lon="-70.117001">
<ele>3826.0</ele>
<time>2026-10-06T11:03:46-05:00</time>
</trkpt>
<trkpt lat="-15.477442" lon="-70.116991">
<ele>3825.4</ele>
<time>2026-10-06T11:03:48-05:00</time>
</trkpt>
<trkpt lat="-15.477432" lon="-70.116998">
<ele>3827.0</ele>
<time>2026-10-06T11:03:50-05:00</time>
</trkpt>
<trkpt lat="-15.477446" lon="-70.116983">
<ele>3825.5</ele>
<time>2026-10-06T11:03:52-05:00</time>
</trkpt>
<trkpt lat="-15.477441" lon="-70.116988">
<ele>3826.3</ele>
<time>2026-10-06T11:03:54-05:00</time>
</trkpt>
<trkpt lat="-15.477444" lon="-70.116972">
<ele>3826.7</ele>
<time>2026-10-06T11:03:56-05:00</time>
</trkpt>
<trkpt lat="-15.477405" lon="-70.116951">
<ele>3826.3</ele>
<time>2026-10-06T11:03:58-05:00</time>
</trkpt>
<trkpt lat="-15.477331" lon="-70.116916">
<ele>3826.1</ele>
<time>2026-10-06T11:04:00-05:00</time>
</trkpt>
<trkpt lat="-15.477251" lon="-70.11684">
<ele>3826.1</ele>
<time>2026-10-06T11:04:02-05:00</time>
</trkpt>
<trkpt lat="-15.477178" lon="-70.116725">
<ele>3825.7</ele>
<time>2026-10-06T11:04:04-05:00</time>
</trkpt>
<trkpt lat="-15.477062" lon="-70.116627">
<ele>3826.2</ele>
<time>2026-10-06T11:04:06-05:00</time>
</trkpt>
<trkpt lat="-15.476964" lon="-70.11653">
<ele>3825.4</ele>
<time>2026-10-06T11:04:08-05:00</time>
</trkpt>
<trkpt lat="-15.476854" lon="-70.116424">
<ele>3826.3</ele>
<time>2026-10-06T11:04:10-05:00</time>
</trkpt>
<trkpt lat="-15.47675" lon="-70.116345">
<ele>3826.5</ele>
<time>2026-10-06T11:04:12-05:00</time>
</trkpt>
<trkpt lat="-15.476647" lon="-70.116227">
<ele>3826.1</ele>
<time>2026-10-06T11:04:14-05:00</time>
</trkpt>
<trkpt lat="-15.476545" lon="-70.116112">
<ele>3825.2</ele>
<time>2026-10-06T11:04:16-05:00</time>
</trkpt>
<trkpt lat="-15.476484" lon="-70.116043">
<ele>3826.5</ele>
<time>2026-10-06T11:04:18-05:00</time>
</trkpt>
<trkpt lat="-15.476439" lon="-70.115985">
<ele>3825.5</ele>
<time>2026-10-06T11:04:20-05:00</time>
</trkpt>
<trkpt lat="-15.476399" lon="-70.11595">
<ele>3826.5</ele>
<time>2026-10-06T11:04:22-05:00</time>
</trkpt>
<trkpt lat="-15.476408" lon="-70.115952">
<ele>3825.8</ele>
<time>2026-10-06T11:04:24-05:00</time>
</trkpt>
<trkpt lat="-15.476422" lon="-70.115959">
<ele>3826.4</ele>
<time>2026-10-06T11:04:26-05:00</time>
</trkpt>
<trkpt lat="-15.476413" lon="-70.11597">
<ele>3825.2</ele>
<time>2026-10-06T11:04:28-05:00</time>
</trkpt>
<trkpt lat="-15.476404" lon="-70.115967">
<ele>3825.5</ele>
<time>2026-10-06T11:04:30-05:00</time>
</trkpt>
<trkpt lat="-15.476429" lon="-70.115975">
<ele>3825.8</ele>
<time>2026-10-06T11:04:32-05:00</time>
</trkpt>
<trkpt lat="-15.476438" lon="-70.115982">
<ele>3826.0</ele>
<time>2026-10-06T11:04:34-05:00</time>
</trkpt>
<trkpt lat="-15.476429" lon="-70.115961">
<ele>3826.2</ele>
<time>2026-10-06T11:04:36-05:00</time>
</trkpt>
<trkpt lat="-15.47642" lon="-70.115966">
<ele>3826.0</ele>
<time>2026-10-06T11:04:38-05:00</time>
</trkpt>
<trkpt lat="-15.476405" lon="-70.11596">
<ele>3825.8</ele>
<time>2026-10-06T11:04:40-05:00</time>
</trkpt>
<trkpt lat="-15.476399" lon="-70.115981">
<ele>3825.9</ele>
<time>2026-10-06T11:04:42-05:00</time>
</trkpt>
<trkpt lat="-15.476412" lon="-70.115973">
<ele>3825.4</ele>
<time>2026-10-06T11:04:44-05:00</time>
</trkpt>
<trkpt lat="-15.476356" lon="-70.115949">
<ele>3826.5</ele>
<time>2026-10-06T11:04:46-05:00</time>
</trkpt>
<trkpt lat="-15.476289" lon="-70.115913">
<ele>3826.5</ele>
<time>2026-10-06T11:04:48-05:00</time>
</trkpt>
<trkpt lat="-15.476199" lon="-70.115808">
<ele>3825.7</ele>
<time>2026-10-06T11:04:50-05:00</time>
</trkpt>
<trkpt lat="-15.476102" lon="-70.115696">
<ele>3826.4</ele>
<time>2026-10-06T11:04:52-05:00</time>
</trkpt>
<trkpt lat="-15.476" lon="-70.115594">
<ele>3825.5</ele>
<time>2026-10-06T11:04:54-05:00</time>
</trkpt>
<trkpt lat="-15.475909" lon="-70.115499">
<ele>3825.9</ele>
<time>2026-10-06T11:04:56-05:00</time>
</trkpt>
<trkpt lat="-15.475811" lon="-70.115397">
<ele>3826.3</ele>
<time>2026-10-06T11:04:58-05:00</time>
</trkpt>
<trkpt lat="-15.475701" lon="-70.11531">
<ele>3826.0</ele>
<time>2026-10-06T11:05:00-05:00</time>
</trkpt>
<trkpt lat="-15.475607" lon="-70.115234">
<ele>3825.9</ele>
<time>2026-10-06T11:05:02-05:00</time>
</trkpt>
<trkpt lat="-15.475528" lon="-70.115161">
<ele>3826.0</ele>
<time>2026-10-06T11:05:04-05:00</time>
</trkpt>
<trkpt lat="-15.47545" lon="-70.115088">
<ele>3826.1</ele>
<time>2026-10-06T11:05:06-05:00</time>
</trkpt>
<trkpt lat="-15.475366" lon="-70.115006">
<ele>3826.1</ele>
<time>2026-10-06T11:05:08-05:00</time>
</trkpt>
<trkpt lat="-15.475276" lon="-70.114924">
<ele>3826.2</ele>
<time>2026-10-06T11:05:10-05:00</time>
</trkpt>
<trkpt lat="-15.475178" lon="-70.114831">
<ele>3826.0</ele>
<time>2026-10-06T11:05:12-05:00</time>
</trkpt>
<trkpt lat="-15.475086" lon="-70.114733">
<ele>3825.1</ele>
<time>2026-10-06T11:05:14-05:00</time>
</trkpt>
<trkpt lat="-15.474987" lon="-70.11465">
<ele>3825.9</ele>
<time>2026-10-06T11:05:16-05:00</time>
</trkpt>
<trkpt lat="-15.474892" lon="-70.11456">
<ele>3826.4</ele>
<time>2026-10-06T11:05:18-05:00</time>
</trkpt>
<trkpt lat="-15.474804" lon="-70.114479">
<ele>3826.6</ele>
<time>2026-10-06T11:05:20-05:00</time>
</trkpt>
<trkpt lat="-15.474702" lon="-70.114385">
<ele>3825.9</ele>
<time>2026-10-06T11:05:22-05:00</time>
</trkpt>
<trkpt lat="-15.474592" lon="-70.114271">
<ele>3826.1</ele>
<time>2026-10-06T11:05:24-05:00</time>
</trkpt>
<trkpt lat="-15.474497" lon="-70.114181">
<ele>3825.8</ele>
<time>2026-10-06T11:05:26-05:00</time>
</trkpt>
<trkpt lat="-15.474464" lon="-70.114111">
<ele>3826.6</ele>
<time>2026-10-06T11:05:28-05:00</time>
</trkpt>
<trkpt lat="-15.474463" lon="-70.114119">
<ele>3826.3</ele>
<time>2026-10-06T11:05:30-05:00</time>
</trkpt>
<trkpt lat="-15.474482" lon="-70.114113">
<ele>3826.8</ele>
<time>2026-10-06T11:05:32-05:00</time>
</trkpt>
<trkpt lat="-15.474482" lon="-70.114117">
<ele>3826.8</ele>
<time>2026-10-06T11:05:34-05:00</time>
</trkpt>
<trkpt lat="-15.474496" lon="-70.114112">
<ele>3826.4</ele>
<time>2026-10-06T11:05:36-05:00</time>
</trkpt>
<trkpt lat="-15.474501" lon="-70.114094">
<ele>3826.7</ele>
<time>2026-10-06T11:05:38-05:00</time>
</trkpt>
<trkpt lat="-15.474485" lon="-70.114084">
<ele>3825.9</ele>
<time>2026-10-06T11:05:40-05:00</time>
</trkpt>
<trkpt lat="-15.474498" lon="-70.114094">
<ele>3825.8</ele>
<time>2026-10-06T11:05:42-05:00</time>
</trkpt>
<trkpt lat="-15.474464" lon="-70.114078">
<ele>3826.5</ele>
<time>2026-10-06T11:05:44-05:00</time>
</trkpt>
<trkpt lat="-15.474393" lon="-70.114047">
<ele>3826.6</ele>
<time>2026-10-06T11:05:46-05:00</time>
</trkpt>
<trkpt lat="-15.474307" lon="-70.113983">
<ele>3826.6</ele>
<time>2026-10-06T11:05:48-05:00</time>
</trkpt>
<trkpt lat="-15.474207" lon="-70.113865">
<ele>3826.3</ele>
<time>2026-10-06T11:05:50-05:00</time>
</trkpt>
<trkpt lat="-15.474099" lon="-70.113764">
<ele>3826.5</ele>
<time>2026-10-06T11:05:52-05:00</time>
</trkpt>
<trkpt lat="-15.474013" lon="-70.113663">
<ele>3826.1</ele>
<time>2026-10-06T11:05:54-05:00</time>
</trkpt>
<trkpt lat="-15.473917" lon="-70.113569">
<ele>3826.0</ele>
<time>2026-10-06T11:05:56-05:00</time>
</trkpt>
<trkpt lat="-15.473812" lon="-70.113477">
<ele>3826.7</ele>
<time>2026-10-06T11:05:58-05:00</time>
</trkpt>
<trkpt lat="-15.473744" lon="-70.113396">
<ele>3825.8</ele>
<time>2026-10-06T11:06:00-05:00</time>
</trkpt>
<trkpt lat="-15.473684" lon="-70.113315">
<ele>3825.7</ele>
<time>2026-10-06T11:06:02-05:00</time>
</trkpt>
<trkpt lat="-15.473592" lon="-70.113228">
<ele>3825.2</ele>
<time>2026-10-06T11:06:04-05:00</time>
</trkpt>
<trkpt lat="-15.473516" lon="-70.113146">
<ele>3826.1</ele>
<time>2026-10-06T11:06:06-05:00</time>
</trkpt>
<trkpt lat="-15.473457" lon="-70.113072">
<ele>3825.1</ele>
<time>2026-10-06T11:06:08-05:00</time>
</trkpt>
<trkpt lat="-15.473413" lon="-70.113014">
<ele>3825.2</ele>
<time>2026-10-06T11:06:10-05:00</time>
</trkpt>
<trkpt lat="-15.473328" lon="-70.112944">
<ele>3824.7</ele>
<time>2026-10-06T11:06:12-05:00</time>
</trkpt>
<trkpt lat="-15.47326" lon="-70.112866">
<ele>3824.9</ele>
<time>2026-10-06T11:06:14-05:00</time>
</trkpt>
<trkpt lat="-15.473196" lon="-70.112809">
<ele>3825.4</ele>
<time>2026-10-06T11:06:16-05:00</time>
</trkpt>
<trkpt lat="-15.473129" lon="-70.112747">
<ele>3825.6</ele>
<time>2026-10-06T11:06:18-05:00</time>
</trkpt>
<trkpt lat="-15.473078" lon="-70.112698">
<ele>3825.1</ele>
<time>2026-10-06T11:06:20-05:00</time>
</trkpt>
<trkpt lat="-15.473013" lon="-70.112655">
<ele>3825.8</ele>
<time>2026-10-06T11:06:22-05:00</time>
</trkpt>
<trkpt lat="-15.472952" lon="-70.112584">
<ele>3825.4</ele>
<time>2026-10-06T11:06:24-05:00</time>
</trkpt>
<trkpt lat="-15.472863" lon="-70.112505">
<ele>3826.1</ele>
<time>2026-10-06T11:06:26-05:00</time>
</trkpt>
<trkpt lat="-15.472791" lon="-70.112425">
<ele>3825.0</ele>
<time>2026-10-06T11:06:28-05:00</time>
</trkpt>
<trkpt lat="-15.472724" lon="-70.112361">
<ele>3825.7</ele>
<time>2026-10-06T11:06:30-05:00</time>
</trkpt>
<trkpt lat="-15.472665" lon="-70.112304">
<ele>3825.5</ele>
<time>2026-10-06T11:06:32-05:00</time>
</trkpt>
<trkpt lat="-15.472595" lon="-70.112254">
<ele>3825.7</ele>
<time>2026-10-06T11:06:34-05:00</time>
</trkpt>
<trkpt lat="-15.472505" lon="-70.112166">
<ele>3825.9</ele>
<time>2026-10-06T11:06:36-05:00</time>
</trkpt>
<trkpt lat="-15.472407" lon="-70.112074">
<ele>3826.2</ele>
<time>2026-10-06T11:06:38-05:00</time>
</trkpt>
<trkpt lat="-15.472285" lon="-70.111986">
<ele>3825.8</ele>
<time>2026-10-06T11:06:40-05:00</time>
</trkpt>
<trkpt lat="-15.472182" lon="-70.111904">
<ele>3825.3</ele>
<time>2026-10-06T11:06:42-05:00</time>
</trkpt>
<trkpt lat="-15.472075" lon="-70.111814">
<ele>3826.1</ele>
<time>2026-10-06T11:06:44-05:00</time>
</trkpt>
<trkpt lat="-15.471952" lon="-70.11174">
<ele>3825.8</ele>
<time>2026-10-06T11:06:46-05:00</time>
</trkpt>
<trkpt lat="-15.471858" lon="-70.11164">
<ele>3825.5</ele>
<time>2026-10-06T11:06:48-05:00</time>
</trkpt>
<trkpt lat="-15.471781" lon="-70.111567">
<ele>3825.5</ele>
<time>2026-10-06T11:06:50-05:00</time>
</trkpt>
<trkpt lat="-15.471711" lon="-70.111525">
<ele>3825.1</ele>
<time>2026-10-06T11:06:52-05:00</time>
</trkpt>
<trkpt lat="-15.471663" lon="-70.111494">
<ele>3825.3</ele>
<time>2026-10-06T11:06:54-05:00</time>
</trkpt>
<trkpt lat="-15.471651" lon="-70.111497">
<ele>3825.2</ele>
<time>2026-10-06T11:06:56-05:00</time>
</trkpt>
<trkpt lat="-15.471638" lon="-70.111502">
<ele>3824.9</ele>
<time>2026-10-06T11:06:58-05:00</time>
</trkpt>
<trkpt lat="-15.471645" lon="-70.111489">
<ele>3824.7</ele>
<time>2026-10-06T11:07:00-05:00</time>
</trkpt>
<trkpt lat="-15.471642" lon="-70.111487">
<ele>3825.4</ele>
<time>2026-10-06T11:07:02-05:00</time>
</trkpt>
<trkpt lat="-15.471661" lon="-70.11147">
<ele>3825.5</ele>
<time>2026-10-06T11:07:04-05:00</time>
</trkpt>
<trkpt lat="-15.471666" lon="-70.111479">
<ele>3825.0</ele>
<time>2026-10-06T11:07:06-05:00</time>
</trkpt>
<trkpt lat="-15.471656" lon="-70.111489">
<ele>3825.6</ele>
<time>2026-10-06T11:07:08-05:00</time>
</trkpt>
<trkpt lat="-15.471648" lon="-70.111494">
<ele>3825.4</ele>
<time>2026-10-06T11:07:10-05:00</time>
</trkpt>
<trkpt lat="-15.471663" lon="-70.111486">
<ele>3826.3</ele>
<time>2026-10-06T11:07:12-05:00</time>
</trkpt>
<trkpt lat="-15.471668" lon="-70.111487">
<ele>3825.1</ele>
<time>2026-10-06T11:07:14-05:00</time>
</trkpt>
<trkpt lat="-15.471663" lon="-70.111481">
<ele>3824.8</ele>
<time>2026-10-06T11:07:16-05:00</time>
</trkpt>
<trkpt lat="-15.471645" lon="-70.111469">
<ele>3824.6</ele>
<time>2026-10-06T11:07:18-05:00</time>
</trkpt>
<trkpt lat="-15.471641" lon="-70.111481">
<ele>3826.2</ele>
<time>2026-10-06T11:07:20-05:00</time>
</trkpt>
<trkpt lat="-15.471602" lon="-70.111467">
<ele>3825.2</ele>
<time>2026-10-06T11:07:22-05:00</time>
</trkpt>
<trkpt lat="-15.471472" lon="-70.11142">
<ele>3824.9</ele>
<time>2026-10-06T11:07:24-05:00</time>
</trkpt>
<trkpt lat="-15.47136" lon="-70.111349">
<ele>3824.8</ele>
<time>2026-10-06T11:07:26-05:00</time>
</trkpt>
<trkpt lat="-15.471258" lon="-70.111298">
<ele>3824.6</ele>
<time>2026-10-06T11:07:28-05:00</time>
</trkpt>
<trkpt lat="-15.47116" lon="-70.111204">
<ele>3825.1</ele>
<time>2026-10-06T11:07:30-05:00</time>
</trkpt>
<trkpt lat="-15.471142" lon="-70.111191">
<ele>3824.6</ele>
<time>2026-10-06T11:07:32-05:00</time>
</trkpt>
<trkpt lat="-15.471144" lon="-70.111183">
<ele>3824.6</ele>
<time>2026-10-06T11:07:34-05:00</time>
</trkpt>
<trkpt lat="-15.471159" lon="-70.111184">
<ele>3825.0</ele>
<time>2026-10-06T11:07:36-05:00</time>
</trkpt>
<trkpt lat="-15.47115" lon="-70.111192">
<ele>3825.1</ele>
<time>2026-10-06T11:07:38-05:00</time>
</trkpt>
<trkpt lat="-15.471142" lon="-70.111175">
<ele>3824.9</ele>
<time>2026-10-06T11:07:40-05:00</time>
</trkpt>
<trkpt lat="-15.471128" lon="-70.111173">
<ele>3825.3</ele>
<time>2026-10-06T11:07:42-05:00</time>
</trkpt>
<trkpt lat="-15.471136" lon="-70.11118">
<ele>3824.9</ele>
<time>2026-10-06T11:07:44-05:00</time>
</trkpt>
<trkpt lat="-15.471137" lon="-70.111177">
<ele>3825.1</ele>
<time>2026-10-06T11:07:46-05:00</time>
</trkpt>
<trkpt lat="-15.471144" lon="-70.111191">
<ele>3825.7</ele>
<time>2026-10-06T11:07:48-05:00</time>
</trkpt>
<trkpt lat="-15.471146" lon="-70.111205">
<ele>3824.9</ele>
<time>2026-10-06T11:07:50-05:00</time>
</trkpt>
<trkpt lat="-15.471087" lon="-70.111178">
<ele>3825.1</ele>
<time>2026-10-06T11:07:52-05:00</time>
</trkpt>
<trkpt lat="-15.470964" lon="-70.111127">
<ele>3825.1</ele>
<time>2026-10-06T11:07:54-05:00</time>
</trkpt>
<trkpt lat="-15.470846" lon="-70.111062">
<ele>3825.4</ele>
<time>2026-10-06T11:07:56-05:00</time>
</trkpt>
<trkpt lat="-15.470748" lon="-70.111015">
<ele>3825.8</ele>
<time>2026-10-06T11:07:58-05:00</time>
</trkpt>
<trkpt lat="-15.470624" lon="-70.110986">
<ele>3825.9</ele>
<time>2026-10-06T11:08:00-05:00</time>
</trkpt>
<trkpt lat="-15.470515" lon="-70.110918">
<ele>3824.8</ele>
<time>2026-10-06T11:08:02-05:00</time>
</trkpt>
<trkpt lat="-15.470413" lon="-70.110857">
<ele>3826.0</ele>
<time>2026-10-06T11:08:04-05:00</time>
</trkpt>
<trkpt lat="-15.470308" lon="-70.110787">
<ele>3826.4</ele>
<time>2026-10-06T11:08:06-05:00</time>
</trkpt>
<trkpt lat="-15.470248" lon="-70.110745">
<ele>3826.2</ele>
<time>2026-10-06T11:08:08-05:00</time>
</trkpt>
<trkpt lat="-15.470171" lon="-70.110704">
<ele>3825.2</ele>
<time>2026-10-06T11:08:10-05:00</time>
</trkpt>
<trkpt lat="-15.470057" lon="-70.110635">
<ele>3825.9</ele>
<time>2026-10-06T11:08:12-05:00</time>
</trkpt>
<trkpt lat="-15.469989" lon="-70.110575">
<ele>3826.5</ele>
<time>2026-10-06T11:08:14-05:00</time>
</trkpt>
<trkpt lat="-15.469905" lon="-70.110509">
<ele>3825.1</ele>
<time>2026-10-06T11:08:16-05:00</time>
</trkpt>
<trkpt lat="-15.469806" lon="-70.11043">
<ele>3825.1</ele>
<time>2026-10-06T11:08:18-05:00</time>
</trkpt>
<trkpt lat="-15.469763" lon="-70.110368">
<ele>3824.8</ele>
<time>2026-10-06T11:08:20-05:00</time>
</trkpt>
<trkpt lat="-15.469757" lon="-70.110364">
<ele>3824.5</ele>
<time>2026-10-06T11:08:22-05:00</time>
</trkpt>
<trkpt lat="-15.469762" lon="-70.110372">
<ele>3824.7</ele>
<time>2026-10-06T11:08:24-05:00</time>
</trkpt>
<trkpt lat="-15.469753" lon="-70.110368">
<ele>3824.9</ele>
<time>2026-10-06T11:08:26-05:00</time>
</trkpt>
<trkpt lat="-15.469781" lon="-70.110362">
<ele>3826.2</ele>
<time>2026-10-06T11:08:28-05:00</time>
</trkpt>
<trkpt lat="-15.46978" lon="-70.11037">
<ele>3825.1</ele>
<time>2026-10-06T11:08:30-05:00</time>
</trkpt>
<trkpt lat="-15.469715" lon="-70.110365">
<ele>3824.5</ele>
<time>2026-10-06T11:08:32-05:00</time>
</trkpt>
<trkpt lat="-15.469587" lon="-70.110313">
<ele>3825.0</ele>
<time>2026-10-06T11:08:34-05:00</time>
</trkpt>
<trkpt lat="-15.46946" lon="-70.110237">
<ele>3825.0</ele>
<time>2026-10-06T11:08:36-05:00</time>
</trkpt>
<trkpt lat="-15.46938" lon="-70.110197">
<ele>3825.2</ele>
<time>2026-10-06T11:08:38-05:00</time>
</trkpt>
<trkpt lat="-15.469287" lon="-70.110131">
<ele>3824.8</ele>
<time>2026-10-06T11:08:40-05:00</time>
</trkpt>
<trkpt lat="-15.469202" lon="-70.110107">
<ele>3825.3</ele>
<time>2026-10-06T11:08:42-05:00</time>
</trkpt>
<trkpt lat="-15.469121" lon="-70.110033">
<ele>3825.0</ele>
<time>2026-10-06T11:08:44-05:00</time>
</trkpt>
<trkpt lat="-15.469038" lon="-70.109975">
<ele>3824.0</ele>
<time>2026-10-06T11:08:46-05:00</time>
</trkpt>
<trkpt lat="-15.468967" lon="-70.109936">
<ele>3824.9</ele>
<time>2026-10-06T11:08:48-05:00</time>
</trkpt>
<trkpt lat="-15.468865" lon="-70.109888">
<ele>3825.0</ele>
<time>2026-10-06T11:08:50-05:00</time>
</trkpt>
<trkpt lat="-15.468774" lon="-70.109828">
<ele>3824.6</ele>
<time>2026-10-06T11:08:52-05:00</time>
</trkpt>
<trkpt lat="-15.468651" lon="-70.109762">
<ele>3824.3</ele>
<time>2026-10-06T11:08:54-05:00</time>
</trkpt>
<trkpt lat="-15.468539" lon="-70.109683">
<ele>3824.7</ele>
<time>2026-10-06T11:08:56-05:00</time>
</trkpt>
<trkpt lat="-15.468448" lon="-70.109633">
<ele>3824.2</ele>
<time>2026-10-06T11:08:58-05:00</time>
</trkpt>
<trkpt lat="-15.468384" lon="-70.109572">
<ele>3824.4</ele>
<time>2026-10-06T11:09:00-05:00</time>
</trkpt>
<trkpt lat="-15.46836" lon="-70.109548">
<ele>3823.9</ele>
<time>2026-10-06T11:09:02-05:00</time>
</trkpt>
<trkpt lat="-15.468343" lon="-70.109546">
<ele>3823.7</ele>
<time>2026-10-06T11:09:04-05:00</time>
</trkpt>
<trkpt lat="-15.468336" lon="-70.109519">
<ele>3823.4</ele>
<time>2026-10-06T11:09:06-05:00</time>
</trkpt>
<trkpt lat="-15.468344" lon="-70.109518">
<ele>3823.6</ele>
<time>2026-10-06T11:09:08-05:00</time>
</trkpt>
<trkpt lat="-15.468249" lon="-70.109498">
<ele>3823.5</ele>
<time>2026-10-06T11:09:10-05:00</time>
</trkpt>
<trkpt lat="-15.468128" lon="-70.10944">
<ele>3824.1</ele>
<time>2026-10-06T11:09:12-05:00</time>
</trkpt>
<trkpt lat="-15.46804" lon="-70.109396">
<ele>3823.5</ele>
<time>2026-10-06T11:09:14-05:00</time>
</trkpt>
<trkpt lat="-15.467943" lon="-70.109353">
<ele>3824.0</ele>
<time>2026-10-06T11:09:16-05:00</time>
</trkpt>
<trkpt lat="-15.467843" lon="-70.10929">
<ele>3823.8</ele>
<time>2026-10-06T11:09:18-05:00</time>
</trkpt>
<trkpt lat="-15.467744" lon="-70.109249">
<ele>3822.6</ele>
<time>2026-10-06T11:09:20-05:00</time>
</trkpt>
<trkpt lat="-15.46765" lon="-70.109202">
<ele>3823.3</ele>
<time>2026-10-06T11:09:22-05:00</time>
</trkpt>
<trkpt lat="-15.467567" lon="-70.109137">
<ele>3822.8</ele>
<time>2026-10-06T11:09:24-05:00</time>
</trkpt>
<trkpt lat="-15.46747" lon="-70.109081">
<ele>3823.6</ele>
<time>2026-10-06T11:09:26-05:00</time>
</trkpt>
<trkpt lat="-15.467391" lon="-70.109067">
<ele>3823.5</ele>
<time>2026-10-06T11:09:28-05:00</time>
</trkpt>
<trkpt lat="-15.467312" lon="-70.109027">
<ele>3823.7</ele>
<time>2026-10-06T11:09:30-05:00</time>
</trkpt>
<trkpt lat="-15.467218" lon="-70.109006">
<ele>3823.0</ele>
<time>2026-10-06T11:09:32-05:00</time>
</trkpt>
<trkpt lat="-15.467124" lon="-70.108945">
<ele>3823.6</ele>
<time>2026-10-06T11:09:34-05:00</time>
</trkpt>
<trkpt lat="-15.467017" lon="-70.1089">
<ele>3822.7</ele>
<time>2026-10-06T11:09:36-05:00</time>
</trkpt>
<trkpt lat="-15.466927" lon="-70.108845">
<ele>3822.6</ele>
<time>2026-10-06T11:09:38-05:00</time>
</trkpt>
<trkpt lat="-15.466827" lon="-70.108794">
<ele>3822.8</ele>
<time>2026-10-06T11:09:40-05:00</time>
</trkpt>
<trkpt lat="-15.466723" lon="-70.108753">
<ele>3823.0</ele>
<time>2026-10-06T11:09:42-05:00</time>
</trkpt>
<trkpt lat="-15.466633" lon="-70.108708">
<ele>3822.7</ele>
<time>2026-10-06T11:09:44-05:00</time>
</trkpt>
<trkpt lat="-15.466532" lon="-70.108655">
<ele>3822.0</ele>
<time>2026-10-06T11:09:46-05:00</time>
</trkpt>
<trkpt lat="-15.466421" lon="-70.108606">
<ele>3822.2</ele>
<time>2026-10-06T11:09:48-05:00</time>
</trkpt>
<trkpt lat="-15.466328" lon="-70.108563">
<ele>3822.3</ele>
<time>2026-10-06T11:09:50-05:00</time>
</trkpt>
<trkpt lat="-15.466242" lon="-70.108517">
<ele>3822.3</ele>
<time>2026-10-06T11:09:52-05:00</time>
</trkpt>
<trkpt lat="-15.466155" lon="-70.108454">
<ele>3822.1</ele>
<time>2026-10-06T11:09:54-05:00</time>
</trkpt>
<trkpt lat="-15.466062" lon="-70.108402">
<ele>3822.8</ele>
<time>2026-10-06T11:09:56-05:00</time>
</trkpt>
<trkpt lat="-15.465965" lon="-70.10835">
<ele>3822.0</ele>
<time>2026-10-06T11:09:58-05:00</time>
</trkpt>
<trkpt lat="-15.465848" lon="-70.108295">
<ele>3822.1</ele>
<time>2026-10-06T11:10:00-05:00</time>
</trkpt>
<trkpt lat="-15.465747" lon="-70.108242">
<ele>3821.0</ele>
<time>2026-10-06T11:10:02-05:00</time>
</trkpt>
<trkpt lat="-15.465646" lon="-70.108179">
<ele>3821.9</ele>
<time>2026-10-06T11:10:04-05:00</time>
</trkpt>
<trkpt lat="-15.46555" lon="-70.10812">
<ele>3821.7</ele>
<time>2026-10-06T11:10:06-05:00</time>
</trkpt>
<trkpt lat="-15.465436" lon="-70.108059">
<ele>3822.4</ele>
<time>2026-10-06T11:10:08-05:00</time>
</trkpt>
<trkpt lat="-15.465332" lon="-70.108004">
<ele>3822.3</ele>
<time>2026-10-06T11:10:10-05:00</time>
</trkpt>
<trkpt lat="-15.465244" lon="-70.107948">
<ele>3822.2</ele>
<time>2026-10-06T11:10:12-05:00</time>
</trkpt>
<trkpt lat="-15.465186" lon="-70.107894">
<ele>3822.6</ele>
<time>2026-10-06T11:10:14-05:00</time>
</trkpt>
<trkpt lat="-15.465162" lon="-70.107876">
<ele>3821.9</ele>
<time>2026-10-06T11:10:16-05:00</time>
</trkpt>
<trkpt lat="-15.46515" lon="-70.107862">
<ele>3822.4</ele>
<time>2026-10-06T11:10:18-05:00</time>
</trkpt>
<trkpt lat="-15.465149" lon="-70.10786">
<ele>3822.3</ele>
<time>2026-10-06T11:10:20-05:00</time>
</trkpt>
<trkpt lat="-15.465156" lon="-70.107876">
<ele>3822.5</ele>
<time>2026-10-06T11:10:22-05:00</time>
</trkpt>
<trkpt lat="-15.465161" lon="-70.107864">
<ele>3822.0</ele>
<time>2026-10-06T11:10:24-05:00</time>
</trkpt>
<trkpt lat="-15.465171" lon="-70.107858">
<ele>3822.5</ele>
<time>2026-10-06T11:10:26-05:00</time>
</trkpt>
<trkpt lat="-15.465185" lon="-70.107845">
<ele>3821.4</ele>
<time>2026-10-06T11:10:28-05:00</time>
</trkpt>
<trkpt lat="-15.465193" lon="-70.107848">
<ele>3822.2</ele>
<time>2026-10-06T11:10:30-05:00</time>
</trkpt>
<trkpt lat="-15.4652" lon="-70.107851">
<ele>3822.1</ele>
<time>2026-10-06T11:10:32-05:00</time>
</trkpt>
<trkpt lat="-15.465191" lon="-70.107858">
<ele>3821.2</ele>
<time>2026-10-06T11:10:34-05:00</time>
</trkpt>
<trkpt lat="-15.465196" lon="-70.107873">
<ele>3821.9</ele>
<time>2026-10-06T11:10:36-05:00</time>
</trkpt>
<trkpt lat="-15.465173" lon="-70.107852">
<ele>3822.2</ele>
<time>2026-10-06T11:10:38-05:00</time>
</trkpt>
<trkpt lat="-15.465167" lon="-70.107844">
<ele>3822.8</ele>
<time>2026-10-06T11:10:40-05:00</time>
</trkpt>
<trkpt lat="-15.465148" lon="-70.107822">
<ele>3821.9</ele>
<time>2026-10-06T11:10:42-05:00</time>
</trkpt>
<trkpt lat="-15.4651" lon="-70.10781">
<ele>3822.7</ele>
<time>2026-10-06T11:10:44-05:00</time>
</trkpt>
<trkpt lat="-15.465003" lon="-70.107768">
<ele>3822.7</ele>
<time>2026-10-06T11:10:46-05:00</time>
</trkpt>
<trkpt lat="-15.464883" lon="-70.107716">
<ele>3821.9</ele>
<time>2026-10-06T11:10:48-05:00</time>
</trkpt>
<trkpt lat="-15.464776" lon="-70.10767">
<ele>3822.8</ele>
<time>2026-10-06T11:10:50-05:00</time>
</trkpt>
<trkpt lat="-15.464656" lon="-70.107609">
<ele>3822.4</ele>
<time>2026-10-06T11:10:52-05:00</time>
</trkpt>
<trkpt lat="-15.464528" lon="-70.107536">
<ele>3822.0</ele>
<time>2026-10-06T11:10:54-05:00</time>
</trkpt>
<trkpt lat="-15.464413" lon="-70.107484">
<ele>3822.0</ele>
<time>2026-10-06T11:10:56-05:00</time>
</trkpt>
<trkpt lat="-15.464311" lon="-70.107428">
<ele>3822.1</ele>
<time>2026-10-06T11:10:58-05:00</time>
</trkpt>
<trkpt lat="-15.464198" lon="-70.10737">
<ele>3822.8</ele>
<time>2026-10-06T11:11:00-05:00</time>
</trkpt>
<trkpt lat="-15.464142" lon="-70.107302">
<ele>3821.4</ele>
<time>2026-10-06T11:11:02-05:00</time>
</trkpt>
<trkpt lat="-15.464062" lon="-70.107248">
<ele>3821.9</ele>
<time>2026-10-06T11:11:04-05:00</time>
</trkpt>
<trkpt lat="-15.463994" lon="-70.1072">
<ele>3822.6</ele>
<time>2026-10-06T11:11:06-05:00</time>
</trkpt>
<trkpt lat="-15.46397" lon="-70.107096">
<ele>3821.6</ele>
<time>2026-10-06T11:11:08-05:00</time>
</trkpt>
<trkpt lat="-15.46396" lon="-70.107002">
<ele>3822.2</ele>
<time>2026-10-06T11:11:10-05:00</time>
</trkpt>
<trkpt lat="-15.463972" lon="-70.106903">
<ele>3822.4</ele>
<time>2026-10-06T11:11:12-05:00</time>
</trkpt>
<trkpt lat="-15.463995" lon="-70.106807">
<ele>3821.5</ele>
<time>2026-10-06T11:11:14-05:00</time>
</trkpt>
<trkpt lat="-15.464023" lon="-70.106724">
<ele>3821.4</ele>
<time>2026-10-06T11:11:16-05:00</time>
</trkpt>
<trkpt lat="-15.464046" lon="-70.106618">
<ele>3821.8</ele>
<time>2026-10-06T11:11:18-05:00</time>
</trkpt>
<trkpt lat="-15.464104" lon="-70.106523">
<ele>3821.4</ele>
<time>2026-10-06T11:11:20-05:00</time>
</trkpt>
<trkpt lat="-15.46417" lon="-70.106431">
<ele>3822.0</ele>
<time>2026-10-06T11:11:22-05:00</time>
</trkpt>
<trkpt lat="-15.464245" lon="-70.106326">
<ele>3821.9</ele>
<time>2026-10-06T11:11:24-05:00</time>
</trkpt>
<trkpt lat="-15.464317" lon="-70.106225">
<ele>3821.8</ele>
<time>2026-10-06T11:11:26-05:00</time>
</trkpt>
<trkpt lat="-15.46438" lon="-70.106133">
<ele>3821.6</ele>
<time>2026-10-06T11:11:28-05:00</time>
</trkpt>
<trkpt lat="-15.46444" lon="-70.106029">
<ele>3821.9</ele>
<time>2026-10-06T11:11:30-05:00</time>
</trkpt>
<trkpt lat="-15.464518" lon="-70.105915">
<ele>3821.9</ele>
<time>2026-10-06T11:11:32-05:00</time>
</trkpt>
<trkpt lat="-15.464595" lon="-70.105799">
<ele>3821.2</ele>
<time>2026-10-06T11:11:34-05:00</time>
</trkpt>
<trkpt lat="-15.464648" lon="-70.105689">
<ele>3821.4</ele>
<time>2026-10-06T11:11:36-05:00</time>
</trkpt>
<trkpt lat="-15.464705" lon="-70.105608">
<ele>3822.5</ele>
<time>2026-10-06T11:11:38-05:00</time>
</trkpt>
<trkpt lat="-15.46474" lon="-70.10554">
<ele>3822.2</ele>
<time>2026-10-06T11:11:40-05:00</time>
</trkpt>
<trkpt lat="-15.464783" lon="-70.105484">
<ele>3821.6</ele>
<time>2026-10-06T11:11:42-05:00</time>
</trkpt>
<trkpt lat="-15.464803" lon="-70.10546">
<ele>3821.6</ele>
<time>2026-10-06T11:11:44-05:00</time>
</trkpt>
<trkpt lat="-15.464805" lon="-70.105472">
<ele>3821.6</ele>
<time>2026-10-06T11:11:46-05:00</time>
</trkpt>
<trkpt lat="-15.464804" lon="-70.105451">
<ele>3821.7</ele>
<time>2026-10-06T11:11:48-05:00</time>
</trkpt>
<trkpt lat="-15.464809" lon="-70.105449">
<ele>3822.0</ele>
<time>2026-10-06T11:11:50-05:00</time>
</trkpt>
<trkpt lat="-15.464804" lon="-70.105451">
<ele>3821.1</ele>
<time>2026-10-06T11:11:52-05:00</time>
</trkpt>
<trkpt lat="-15.464812" lon="-70.105455">
<ele>3821.8</ele>
<time>2026-10-06T11:11:54-05:00</time>
</trkpt>
<trkpt lat="-15.46479" lon="-70.105458">
<ele>3821.2</ele>
<time>2026-10-06T11:11:56-05:00</time>
</trkpt>
<trkpt lat="-15.464776" lon="-70.105449">
<ele>3822.3</ele>
<time>2026-10-06T11:11:58-05:00</time>
</trkpt>
<trkpt lat="-15.464782" lon="-70.105444">
<ele>3821.9</ele>
<time>2026-10-06T11:12:00-05:00</time>
</trkpt>
<trkpt lat="-15.464771" lon="-70.105453">
<ele>3822.1</ele>
<time>2026-10-06T11:12:02-05:00</time>
</trkpt>
<trkpt lat="-15.464765" lon="-70.105461">
<ele>3822.0</ele>
<time>2026-10-06T11:12:04-05:00</time>
</trkpt>
<trkpt lat="-15.464771" lon="-70.10546">
<ele>3821.9</ele>
<time>2026-10-06T11:12:06-05:00</time>
</trkpt>
<trkpt lat="-15.46477" lon="-70.105434">
<ele>3822.0</ele>
<time>2026-10-06T11:12:08-05:00</time>
</trkpt>
<trkpt lat="-15.464785" lon="-70.105404">
<ele>3822.0</ele>
<time>2026-10-06T11:12:10-05:00</time>
</trkpt>
<trkpt lat="-15.464785" lon="-70.105377">
<ele>3822.1</ele>
<time>2026-10-06T11:12:12-05:00</time>
</trkpt>
<trkpt lat="-15.464798" lon="-70.105328">
<ele>3821.2</ele>
<time>2026-10-06T11:12:14-05:00</time>
</trkpt>
<trkpt lat="-15.464822" lon="-70.10525">
<ele>3821.9</ele>
<time>2026-10-06T11:12:16-05:00</time>
</trkpt>
<trkpt lat="-15.464859" lon="-70.105156">
<ele>3822.0</ele>
<time>2026-10-06T11:12:18-05:00</time>
</trkpt>
<trkpt lat="-15.464939" lon="-70.105038">
<ele>3822.3</ele>
<time>2026-10-06T11:12:20-05:00</time>
</trkpt>
<trkpt lat="-15.464983" lon="-70.104938">
<ele>3821.5</ele>
<time>2026-10-06T11:12:22-05:00</time>
</trkpt>
<trkpt lat="-15.465002" lon="-70.104803">
<ele>3821.8</ele>
<time>2026-10-06T11:12:24-05:00</time>
</trkpt>
<trkpt lat="-15.465003" lon="-70.104697">
<ele>3822.1</ele>
<time>2026-10-06T11:12:26-05:00</time>
</trkpt>
<trkpt lat="-15.46498" lon="-70.104594">
<ele>3821.4</ele>
<time>2026-10-06T11:12:28-05:00</time>
</trkpt>
<trkpt lat="-15.464946" lon="-70.10449">
<ele>3820.8</ele>
<time>2026-10-06T11:12:30-05:00</time>
</trkpt>
<trkpt lat="-15.464902" lon="-70.104417">
<ele>3820.8</ele>
<time>2026-10-06T11:12:32-05:00</time>
</trkpt>
<trkpt lat="-15.464873" lon="-70.104342">
<ele>3821.9</ele>
<time>2026-10-06T11:12:34-05:00</time>
</trkpt>
<trkpt lat="-15.464832" lon="-70.104262">
<ele>3822.3</ele>
<time>2026-10-06T11:12:36-05:00</time>
</trkpt>
<trkpt lat="-15.464765" lon="-70.10416">
<ele>3823.2</ele>
<time>2026-10-06T11:12:38-05:00</time>
</trkpt>
<trkpt lat="-15.464717" lon="-70.104069">
<ele>3823.2</ele>
<time>2026-10-06T11:12:40-05:00</time>
</trkpt>
<trkpt lat="-15.464667" lon="-70.103971">
<ele>3823.1</ele>
<time>2026-10-06T11:12:42-05:00</time>
</trkpt>
<trkpt lat="-15.464587" lon="-70.103877">
<ele>3823.1</ele>
<time>2026-10-06T11:12:44-05:00</time>
</trkpt>
<trkpt lat="-15.464555" lon="-70.103791">
<ele>3823.7</ele>
<time>2026-10-06T11:12:46-05:00</time>
</trkpt>
<trkpt lat="-15.464493" lon="-70.103706">
<ele>3823.2</ele>
<time>2026-10-06T11:12:48-05:00</time>
</trkpt>
<trkpt lat="-15.464434" lon="-70.103625">
<ele>3824.0</ele>
<time>2026-10-06T11:12:50-05:00</time>
</trkpt>
<trkpt lat="-15.464399" lon="-70.103538">
<ele>3823.9</ele>
<time>2026-10-06T11:12:52-05:00</time>
</trkpt>
<trkpt lat="-15.464342" lon="-70.103464">
<ele>3824.1</ele>
<time>2026-10-06T11:12:54-05:00</time>
</trkpt>
<trkpt lat="-15.464284" lon="-70.103383">
<ele>3823.7</ele>
<time>2026-10-06T11:12:56-05:00</time>
</trkpt>
<trkpt lat="-15.464209" lon="-70.103283">
<ele>3824.3</ele>
<time>2026-10-06T11:12:58-05:00</time>
</trkpt>
<trkpt lat="-15.464127" lon="-70.103201">
<ele>3823.6</ele>
<time>2026-10-06T11:13:00-05:00</time>
</trkpt>
<trkpt lat="-15.464041" lon="-70.103098">
<ele>3823.3</ele>
<time>2026-10-06T11:13:02-05:00</time>
</trkpt>
<trkpt lat="-15.463959" lon="-70.103014">
<ele>3823.6</ele>
<time>2026-10-06T11:13:04-05:00</time>
</trkpt>
<trkpt lat="-15.463888" lon="-70.102938">
<ele>3822.7</ele>
<time>2026-10-06T11:13:06-05:00</time>
</trkpt>
<trkpt lat="-15.463865" lon="-70.102867">
<ele>3823.2</ele>
<time>2026-10-06T11:13:08-05:00</time>
</trkpt>
<trkpt lat="-15.463853" lon="-70.102822">
<ele>3822.9</ele>
<time>2026-10-06T11:13:10-05:00</time>
</trkpt>
<trkpt lat="-15.463856" lon="-70.102815">
<ele>3823.1</ele>
<time>2026-10-06T11:13:12-05:00</time>
</trkpt>
<trkpt lat="-15.463867" lon="-70.102848">
<ele>3823.0</ele>
<time>2026-10-06T11:13:14-05:00</time>
</trkpt>
<trkpt lat="-15.463862" lon="-70.102859">
<ele>3823.2</ele>
<time>2026-10-06T11:13:16-05:00</time>
</trkpt>
<trkpt lat="-15.46387" lon="-70.102858">
<ele>3823.2</ele>
<time>2026-10-06T11:13:18-05:00</time>
</trkpt>
<trkpt lat="-15.463864" lon="-70.102855">
<ele>3823.5</ele>
<time>2026-10-06T11:13:20-05:00</time>
</trkpt>
<trkpt lat="-15.46385" lon="-70.10283">
<ele>3823.5</ele>
<time>2026-10-06T11:13:22-05:00</time>
</trkpt>
<trkpt lat="-15.463735" lon="-70.10276">
<ele>3823.2</ele>
<time>2026-10-06T11:13:24-05:00</time>
</trkpt>
<trkpt lat="-15.463635" lon="-70.102638">
<ele>3823.0</ele>
<time>2026-10-06T11:13:26-05:00</time>
</trkpt>
<trkpt lat="-15.463547" lon="-70.102541">
<ele>3823.0</ele>
<time>2026-10-06T11:13:28-05:00</time>
</trkpt>
<trkpt lat="-15.463481" lon="-70.102459">
<ele>3823.1</ele>
<time>2026-10-06T11:13:30-05:00</time>
</trkpt>
<trkpt lat="-15.463404" lon="-70.102354">
<ele>3822.7</ele>
<time>2026-10-06T11:13:32-05:00</time>
</trkpt>
<trkpt lat="-15.463313" lon="-70.102257">
<ele>3822.6</ele>
<time>2026-10-06T11:13:34-05:00</time>
</trkpt>
<trkpt lat="-15.463247" lon="-70.102154">
<ele>3822.1</ele>
<time>2026-10-06T11:13:36-05:00</time>
</trkpt>
<trkpt lat="-15.463206" lon="-70.102083">
<ele>3823.3</ele>
<time>2026-10-06T11:13:38-05:00</time>
</trkpt>
<trkpt lat="-15.463189" lon="-70.102051">
<ele>3823.5</ele>
<time>2026-10-06T11:13:40-05:00</time>
</trkpt>
<trkpt lat="-15.463189" lon="-70.102048">
<ele>3823.2</ele>
<time>2026-10-06T11:13:42-05:00</time>
</trkpt>
<trkpt lat="-15.463197" lon="-70.102064">
<ele>3823.2</ele>
<time>2026-10-06T11:13:44-05:00</time>
</trkpt>
<trkpt lat="-15.463192" lon="-70.102064">
<ele>3822.2</ele>
<time>2026-10-06T11:13:46-05:00</time>
</trkpt>
<trkpt lat="-15.463183" lon="-70.102073">
<ele>3823.0</ele>
<time>2026-10-06T11:13:48-05:00</time>
</trkpt>
<trkpt lat="-15.463205" lon="-70.102073">
<ele>3823.1</ele>
<time>2026-10-06T11:13:50-05:00</time>
</trkpt>
<trkpt lat="-15.463207" lon="-70.10207">
<ele>3822.9</ele>
<time>2026-10-06T11:13:52-05:00</time>
</trkpt>
<trkpt lat="-15.463213" lon="-70.102054">
<ele>3822.5</ele>
<time>2026-10-06T11:13:54-05:00</time>
</trkpt>
<trkpt lat="-15.463211" lon="-70.102082">
<ele>3823.1</ele>
<time>2026-10-06T11:13:56-05:00</time>
</trkpt>
<trkpt lat="-15.463213" lon="-70.102083">
<ele>3822.2</ele>
<time>2026-10-06T11:13:58-05:00</time>
</trkpt>
<trkpt lat="-15.463211" lon="-70.102081">
<ele>3823.0</ele>
<time>2026-10-06T11:14:00-05:00</time>
</trkpt>
<trkpt lat="-15.463217" lon="-70.102089">
<ele>3823.4</ele>
<time>2026-10-06T11:14:02-05:00</time>
</trkpt>
<trkpt lat="-15.463213" lon="-70.102081">
<ele>3822.7</ele>
<time>2026-10-06T11:14:04-05:00</time>
</trkpt>
<trkpt lat="-15.463177" lon="-70.102044">
<ele>3822.4</ele>
<time>2026-10-06T11:14:06-05:00</time>
</trkpt>
<trkpt lat="-15.463093" lon="-70.101978">
<ele>3822.8</ele>
<time>2026-10-06T11:14:08-05:00</time>
</trkpt>
<trkpt lat="-15.462988" lon="-70.101882">
<ele>3822.8</ele>
<time>2026-10-06T11:14:10-05:00</time>
</trkpt>
<trkpt lat="-15.462908" lon="-70.101783">
<ele>3822.5</ele>
<time>2026-10-06T11:14:12-05:00</time>
</trkpt>
<trkpt lat="-15.462841" lon="-70.101719">
<ele>3823.5</ele>
<time>2026-10-06T11:14:14-05:00</time>
</trkpt>
<trkpt lat="-15.46279" lon="-70.101636">
<ele>3822.0</ele>
<time>2026-10-06T11:14:16-05:00</time>
</trkpt>
<trkpt lat="-15.462715" lon="-70.101559">
<ele>3823.5</ele>
<time>2026-10-06T11:14:18-05:00</time>
</trkpt>
<trkpt lat="-15.46265" lon="-70.101489">
<ele>3822.5</ele>
<time>2026-10-06T11:14:20-05:00</time>
</trkpt>
<trkpt lat="-15.462605" lon="-70.101411">
<ele>3822.4</ele>
<time>2026-10-06T11:14:22-05:00</time>
</trkpt>
<trkpt lat="-15.462536" lon="-70.101313">
<ele>3823.4</ele>
<time>2026-10-06T11:14:24-05:00</time>
</trkpt>
<trkpt lat="-15.462481" lon="-70.101238">
<ele>3822.2</ele>
<time>2026-10-06T11:14:26-05:00</time>
</trkpt>
<trkpt lat="-15.462428" lon="-70.101146">
<ele>3822.3</ele>
<time>2026-10-06T11:14:28-05:00</time>
</trkpt>
<trkpt lat="-15.462354" lon="-70.101081">
<ele>3822.1</ele>
<time>2026-10-06T11:14:30-05:00</time>
</trkpt>
<trkpt lat="-15.462287" lon="-70.101016">
<ele>3822.2</ele>
<time>2026-10-06T11:14:32-05:00</time>
</trkpt>
<trkpt lat="-15.462219" lon="-70.100964">
<ele>3821.4</ele>
<time>2026-10-06T11:14:34-05:00</time>
</trkpt>
<trkpt lat="-15.462136" lon="-70.100917">
<ele>3822.0</ele>
<time>2026-10-06T11:14:36-05:00</time>
</trkpt>
<trkpt lat="-15.462037" lon="-70.100859">
<ele>3822.7</ele>
<time>2026-10-06T11:14:38-05:00</time>
</trkpt>
<trkpt lat="-15.461941" lon="-70.100838">
<ele>3822.4</ele>
<time>2026-10-06T11:14:40-05:00</time>
</trkpt>
<trkpt lat="-15.461853" lon="-70.100806">
<ele>3822.0</ele>
<time>2026-10-06T11:14:42-05:00</time>
</trkpt>
<trkpt lat="-15.461748" lon="-70.100788">
<ele>3822.5</ele>
<time>2026-10-06T11:14:44-05:00</time>
</trkpt>
<trkpt lat="-15.461614" lon="-70.100766">
<ele>3822.3</ele>
<time>2026-10-06T11:14:46-05:00</time>
</trkpt>
<trkpt lat="-15.461466" lon="-70.10075">
<ele>3822.3</ele>
<time>2026-10-06T11:14:48-05:00</time>
</trkpt>
<trkpt lat="-15.46133" lon="-70.100744">
<ele>3821.9</ele>
<time>2026-10-06T11:14:50-05:00</time>
</trkpt>
<trkpt lat="-15.461267" lon="-70.100732">
<ele>3821.3</ele>
<time>2026-10-06T11:14:52-05:00</time>
</trkpt>
<trkpt lat="-15.461266" lon="-70.100727">
<ele>3822.6</ele>
<time>2026-10-06T11:14:54-05:00</time>
</trkpt>
<trkpt lat="-15.461259" lon="-70.100721">
<ele>3822.3</ele>
<time>2026-10-06T11:14:56-05:00</time>
</trkpt>
<trkpt lat="-15.461265" lon="-70.100735">
<ele>3822.4</ele>
<time>2026-10-06T11:14:58-05:00</time>
</trkpt>
<trkpt lat="-15.461256" lon="-70.100732">
<ele>3821.5</ele>
<time>2026-10-06T11:15:00-05:00</time>
</trkpt>
<trkpt lat="-15.461265" lon="-70.100748">
<ele>3822.4</ele>
<time>2026-10-06T11:15:02-05:00</time>
</trkpt>
<trkpt lat="-15.461271" lon="-70.100732">
<ele>3821.7</ele>
<time>2026-10-06T11:15:04-05:00</time>
</trkpt>
<trkpt lat="-15.461245" lon="-70.100731">
<ele>3822.1</ele>
<time>2026-10-06T11:15:06-05:00</time>
</trkpt>
<trkpt lat="-15.461227" lon="-70.100724">
<ele>3822.1</ele>
<time>2026-10-06T11:15:08-05:00</time>
</trkpt>
<trkpt lat="-15.461231" lon="-70.100723">
<ele>3821.2</ele>
<time>2026-10-06T11:15:10-05:00</time>
</trkpt>
<trkpt lat="-15.461227" lon="-70.100716">
<ele>3822.0</ele>
<time>2026-10-06T11:15:12-05:00</time>
</trkpt>
<trkpt lat="-15.461235" lon="-70.100729">
<ele>3822.4</ele>
<time>2026-10-06T11:15:14-05:00</time>
</trkpt>
<trkpt lat="-15.46118" lon="-70.100738">
<ele>3821.9</ele>
<time>2026-10-06T11:15:16-05:00</time>
</trkpt>
<trkpt lat="-15.461101" lon="-70.10074">
<ele>3821.8</ele>
<time>2026-10-06T11:15:18-05:00</time>
</trkpt>
<trkpt lat="-15.460991" lon="-70.100744">
<ele>3822.4</ele>
<time>2026-10-06T11:15:20-05:00</time>
</trkpt>
<trkpt lat="-15.460876" lon="-70.100766">
<ele>3821.2</ele>
<time>2026-10-06T11:15:22-05:00</time>
</trkpt>
<trkpt lat="-15.460764" lon="-70.100781">
<ele>3822.0</ele>
<time>2026-10-06T11:15:24-05:00</time>
</trkpt>
<trkpt lat="-15.460652" lon="-70.100773">
<ele>3820.8</ele>
<time>2026-10-06T11:15:26-05:00</time>
</trkpt>
<trkpt lat="-15.460544" lon="-70.100772">
<ele>3821.2</ele>
<time>2026-10-06T11:15:28-05:00</time>
</trkpt>
<trkpt lat="-15.460422" lon="-70.100785">
<ele>3821.3</ele>
<time>2026-10-06T11:15:30-05:00</time>
</trkpt>
<trkpt lat="-15.460307" lon="-70.100792">
<ele>3822.0</ele>
<time>2026-10-06T11:15:32-05:00</time>
</trkpt>
<trkpt lat="-15.460192" lon="-70.100783">
<ele>3820.7</ele>
<time>2026-10-06T11:15:34-05:00</time>
</trkpt>
<trkpt lat="-15.460085" lon="-70.100808">
<ele>3821.1</ele>
<time>2026-10-06T11:15:36-05:00</time>
</trkpt>
<trkpt lat="-15.459956" lon="-70.100806">
<ele>3820.7</ele>
<time>2026-10-06T11:15:38-05:00</time>
</trkpt>
<trkpt lat="-15.459843" lon="-70.100812">
<ele>3821.6</ele>
<time>2026-10-06T11:15:40-05:00</time>
</trkpt>
<trkpt lat="-15.459748" lon="-70.100811">
<ele>3821.8</ele>
<time>2026-10-06T11:15:42-05:00</time>
</trkpt>
<trkpt lat="-15.459655" lon="-70.100812">
<ele>3821.0</ele>
<time>2026-10-06T11:15:44-05:00</time>
</trkpt>
<trkpt lat="-15.459539" lon="-70.1008">
<ele>3821.2</ele>
<time>2026-10-06T11:15:46-05:00</time>
</trkpt>
<trkpt lat="-15.459435" lon="-70.100814">
<ele>3821.9</ele>
<time>2026-10-06T11:15:48-05:00</time>
</trkpt>
<trkpt lat="-15.459309" lon="-70.100832">
<ele>3821.9</ele>
<time>2026-10-06T11:15:50-05:00</time>
</trkpt>
<trkpt lat="-15.459204" lon="-70.100833">
<ele>3822.0</ele>
<time>2026-10-06T11:15:52-05:00</time>
</trkpt>
<trkpt lat="-15.459087" lon="-70.100853">
<ele>3821.4</ele>
<time>2026-10-06T11:15:54-05:00</time>
</trkpt>
<trkpt lat="-15.458989" lon="-70.100864">
<ele>3822.0</ele>
<time>2026-10-06T11:15:56-05:00</time>
</trkpt>
<trkpt lat="-15.458865" lon="-70.100879">
<ele>3822.4</ele>
<time>2026-10-06T11:15:58-05:00</time>
</trkpt>
<trkpt lat="-15.458769" lon="-70.100892">
<ele>3822.8</ele>
<time>2026-10-06T11:16:00-05:00</time>
</trkpt>
<trkpt lat="-15.458664" lon="-70.100913">
<ele>3822.6</ele>
<time>2026-10-06T11:16:02-05:00</time>
</trkpt>
<trkpt lat="-15.458546" lon="-70.100973">
<ele>3821.8</ele>
<time>2026-10-06T11:16:04-05:00</time>
</trkpt>
<trkpt lat="-15.458428" lon="-70.101026">
<ele>3821.5</ele>
<time>2026-10-06T11:16:06-05:00</time>
</trkpt>
<trkpt lat="-15.458334" lon="-70.101079">
<ele>3821.8</ele>
<time>2026-10-06T11:16:08-05:00</time>
</trkpt>
<trkpt lat="-15.458221" lon="-70.101137">
<ele>3821.9</ele>
<time>2026-10-06T11:16:10-05:00</time>
</trkpt>
<trkpt lat="-15.45814" lon="-70.10121">
<ele>3822.4</ele>
<time>2026-10-06T11:16:12-05:00</time>
</trkpt>
<trkpt lat="-15.458019" lon="-70.101265">
<ele>3822.2</ele>
<time>2026-10-06T11:16:14-05:00</time>
</trkpt>
<trkpt lat="-15.457926" lon="-70.101338">
<ele>3821.6</ele>
<time>2026-10-06T11:16:16-05:00</time>
</trkpt>
<trkpt lat="-15.45784" lon="-70.101389">
<ele>3821.5</ele>
<time>2026-10-06T11:16:18-05:00</time>
</trkpt>
<trkpt lat="-15.457734" lon="-70.101441">
<ele>3821.7</ele>
<time>2026-10-06T11:16:20-05:00</time>
</trkpt>
<trkpt lat="-15.457624" lon="-70.101492">
<ele>3821.5</ele>
<time>2026-10-06T11:16:22-05:00</time>
</trkpt>
<trkpt lat="-15.45753" lon="-70.101522">
<ele>3821.6</ele>
<time>2026-10-06T11:16:24-05:00</time>
</trkpt>
<trkpt lat="-15.457422" lon="-70.101584">
<ele>3822.0</ele>
<time>2026-10-06T11:16:26-05:00</time>
</trkpt>
<trkpt lat="-15.457313" lon="-70.101631">
<ele>3821.0</ele>
<time>2026-10-06T11:16:28-05:00</time>
</trkpt>
<trkpt lat="-15.457231" lon="-70.10167">
<ele>3821.7</ele>
<time>2026-10-06T11:16:30-05:00</time>
</trkpt>
<trkpt lat="-15.457159" lon="-70.101714">
<ele>3821.7</ele>
<time>2026-10-06T11:16:32-05:00</time>
</trkpt>
<trkpt lat="-15.457067" lon="-70.101741">
<ele>3822.2</ele>
<time>2026-10-06T11:16:34-05:00</time>
</trkpt>
<trkpt lat="-15.456972" lon="-70.101716">
<ele>3823.2</ele>
<time>2026-10-06T11:16:36-05:00</time>
</trkpt>
<trkpt lat="-15.456878" lon="-70.101694">
<ele>3822.7</ele>
<time>2026-10-06T11:16:38-05:00</time>
</trkpt>
<trkpt lat="-15.456783" lon="-70.101632">
<ele>3823.9</ele>
<time>2026-10-06T11:16:40-05:00</time>
</trkpt>
<trkpt lat="-15.456699" lon="-70.101541">
<ele>3824.2</ele>
<time>2026-10-06T11:16:42-05:00</time>
</trkpt>
<trkpt lat="-15.45662" lon="-70.10147">
<ele>3823.0</ele>
<time>2026-10-06T11:16:44-05:00</time>
</trkpt>
<trkpt lat="-15.456555" lon="-70.101413">
<ele>3823.4</ele>
<time>2026-10-06T11:16:46-05:00</time>
</trkpt>
<trkpt lat="-15.456472" lon="-70.101339">
<ele>3823.0</ele>
<time>2026-10-06T11:16:48-05:00</time>
</trkpt>
<trkpt lat="-15.456406" lon="-70.101279">
<ele>3824.5</ele>
<time>2026-10-06T11:16:50-05:00</time>
</trkpt>
<trkpt lat="-15.456332" lon="-70.101208">
<ele>3823.0</ele>
<time>2026-10-06T11:16:52-05:00</time>
</trkpt>
<trkpt lat="-15.456248" lon="-70.101127">
<ele>3823.9</ele>
<time>2026-10-06T11:16:54-05:00</time>
</trkpt>
<trkpt lat="-15.456187" lon="-70.101077">
<ele>3824.0</ele>
<time>2026-10-06T11:16:56-05:00</time>
</trkpt>
<trkpt lat="-15.456099" lon="-70.100983">
<ele>3824.1</ele>
<time>2026-10-06T11:16:58-05:00</time>
</trkpt>
<trkpt lat="-15.455983" lon="-70.100901">
<ele>3824.5</ele>
<time>2026-10-06T11:17:00-05:00</time>
</trkpt>
<trkpt lat="-15.455874" lon="-70.100811">
<ele>3824.3</ele>
<time>2026-10-06T11:17:02-05:00</time>
</trkpt>
<trkpt lat="-15.455766" lon="-70.100756">
<ele>3825.1</ele>
<time>2026-10-06T11:17:04-05:00</time>
</trkpt>
<trkpt lat="-15.455688" lon="-70.100719">
<ele>3824.3</ele>
<time>2026-10-06T11:17:06-05:00</time>
</trkpt>
<trkpt lat="-15.4556" lon="-70.100717">
<ele>3825.1</ele>
<time>2026-10-06T11:17:08-05:00</time>
</trkpt>
<trkpt lat="-15.455502" lon="-70.100715">
<ele>3824.4</ele>
<time>2026-10-06T11:17:10-05:00</time>
</trkpt>
<trkpt lat="-15.455411" lon="-70.100676">
<ele>3824.0</ele>
<time>2026-10-06T11:17:12-05:00</time>
</trkpt>
<trkpt lat="-15.455301" lon="-70.100641">
<ele>3823.9</ele>
<time>2026-10-06T11:17:14-05:00</time>
</trkpt>
<trkpt lat="-15.455187" lon="-70.100616">
<ele>3824.3</ele>
<time>2026-10-06T11:17:16-05:00</time>
</trkpt>
<trkpt lat="-15.455082" lon="-70.100586">
<ele>3824.4</ele>
<time>2026-10-06T11:17:18-05:00</time>
</trkpt>
<trkpt lat="-15.454957" lon="-70.100558">
<ele>3824.5</ele>
<time>2026-10-06T11:17:20-05:00</time>
</trkpt>
<trkpt lat="-15.454816" lon="-70.100528">
<ele>3824.1</ele>
<time>2026-10-06T11:17:22-05:00</time>
</trkpt>
<trkpt lat="-15.45471" lon="-70.100512">
<ele>3824.8</ele>
<time>2026-10-06T11:17:24-05:00</time>
</trkpt>
<trkpt lat="-15.454615" lon="-70.100482">
<ele>3824.9</ele>
<time>2026-10-06T11:17:26-05:00</time>
</trkpt>
<trkpt lat="-15.454526" lon="-70.100472">
<ele>3825.1</ele>
<time>2026-10-06T11:17:28-05:00</time>
</trkpt>
<trkpt lat="-15.454383" lon="-70.10046">
<ele>3824.2</ele>
<time>2026-10-06T11:17:30-05:00</time>
</trkpt>
<trkpt lat="-15.45424" lon="-70.100448">
<ele>3824.7</ele>
<time>2026-10-06T11:17:32-05:00</time>
</trkpt>
<trkpt lat="-15.454157" lon="-70.1004">
<ele>3824.7</ele>
<time>2026-10-06T11:17:34-05:00</time>
</trkpt>
<trkpt lat="-15.454169" lon="-70.100393">
<ele>3824.2</ele>
<time>2026-10-06T11:17:36-05:00</time>
</trkpt>
<trkpt lat="-15.454177" lon="-70.100381">
<ele>3824.3</ele>
<time>2026-10-06T11:17:38-05:00</time>
</trkpt>
<trkpt lat="-15.454169" lon="-70.100386">
<ele>3824.8</ele>
<time>2026-10-06T11:17:40-05:00</time>
</trkpt>
<trkpt lat="-15.454174" lon="-70.100393">
<ele>3825.0</ele>
<time>2026-10-06T11:17:42-05:00</time>
</trkpt>
<trkpt lat="-15.454174" lon="-70.100406">
<ele>3824.5</ele>
<time>2026-10-06T11:17:44-05:00</time>
</trkpt>
<trkpt lat="-15.454141" lon="-70.100413">
<ele>3824.4</ele>
<time>2026-10-06T11:17:46-05:00</time>
</trkpt>
<trkpt lat="-15.454143" lon="-70.100413">
<ele>3824.7</ele>
<time>2026-10-06T11:17:48-05:00</time>
</trkpt>
<trkpt lat="-15.454143" lon="-70.100411">
<ele>3825.1</ele>
<time>2026-10-06T11:17:50-05:00</time>
</trkpt>
<trkpt lat="-15.454147" lon="-70.100425">
<ele>3823.9</ele>
<time>2026-10-06T11:17:52-05:00</time>
</trkpt>
<trkpt lat="-15.454155" lon="-70.100415">
<ele>3825.2</ele>
<time>2026-10-06T11:17:54-05:00</time>
</trkpt>
<trkpt lat="-15.454154" lon="-70.100412">
<ele>3824.4</ele>
<time>2026-10-06T11:17:56-05:00</time>
</trkpt>
<trkpt lat="-15.454153" lon="-70.100411">
<ele>3825.7</ele>
<time>2026-10-06T11:17:58-05:00</time>
</trkpt>
<trkpt lat="-15.454148" lon="-70.100404">
<ele>3824.6</ele>
<time>2026-10-06T11:18:00-05:00</time>
</trkpt>
<trkpt lat="-15.45411" lon="-70.100423">
<ele>3824.7</ele>
<time>2026-10-06T11:18:02-05:00</time>
</trkpt>
<trkpt lat="-15.453978" lon="-70.100416">
<ele>3824.2</ele>
<time>2026-10-06T11:18:04-05:00</time>
</trkpt>
<trkpt lat="-15.45385" lon="-70.100414">
<ele>3823.8</ele>
<time>2026-10-06T11:18:06-05:00</time>
</trkpt>
<trkpt lat="-15.453764" lon="-70.100402">
<ele>3823.6</ele>
<time>2026-10-06T11:18:08-05:00</time>
</trkpt>
<trkpt lat="-15.453667" lon="-70.1004">
<ele>3824.2</ele>
<time>2026-10-06T11:18:10-05:00</time>
</trkpt>
<trkpt lat="-15.453586" lon="-70.100375">
<ele>3823.5</ele>
<time>2026-10-06T11:18:12-05:00</time>
</trkpt>
<trkpt lat="-15.453492" lon="-70.100372">
<ele>3823.8</ele>
<time>2026-10-06T11:18:14-05:00</time>
</trkpt>
<trkpt lat="-15.453387" lon="-70.100371">
<ele>3824.1</ele>
<time>2026-10-06T11:18:16-05:00</time>
</trkpt>
<trkpt lat="-15.453298" lon="-70.100365">
<ele>3823.4</ele>
<time>2026-10-06T11:18:18-05:00</time>
</trkpt>
<trkpt lat="-15.453199" lon="-70.100361">
<ele>3823.4</ele>
<time>2026-10-06T11:18:20-05:00</time>
</trkpt>
<trkpt lat="-15.45309" lon="-70.100364">
<ele>3823.4</ele>
<time>2026-10-06T11:18:22-05:00</time>
</trkpt>
<trkpt lat="-15.452987" lon="-70.10034">
<ele>3823.4</ele>
<time>2026-10-06T11:18:24-05:00</time>
</trkpt>
<trkpt lat="-15.452892" lon="-70.100328">
<ele>3822.8</ele>
<time>2026-10-06T11:18:26-05:00</time>
</trkpt>
<trkpt lat="-15.452812" lon="-70.10032">
<ele>3823.3</ele>
<time>2026-10-06T11:18:28-05:00</time>
</trkpt>
<trkpt lat="-15.45273" lon="-70.100323">
<ele>3822.3</ele>
<time>2026-10-06T11:18:30-05:00</time>
</trkpt>
<trkpt lat="-15.452644" lon="-70.100334">
<ele>3823.4</ele>
<time>2026-10-06T11:18:32-05:00</time>
</trkpt>
<trkpt lat="-15.452513" lon="-70.100322">
<ele>3822.9</ele>
<time>2026-10-06T11:18:34-05:00</time>
</trkpt>
<trkpt lat="-15.45238" lon="-70.100313">
<ele>3823.2</ele>
<time>2026-10-06T11:18:36-05:00</time>
</trkpt>
<trkpt lat="-15.452276" lon="-70.100308">
<ele>3822.9</ele>
<time>2026-10-06T11:18:38-05:00</time>
</trkpt>
<trkpt lat="-15.452173" lon="-70.100299">
<ele>3823.1</ele>
<time>2026-10-06T11:18:40-05:00</time>
</trkpt>
<trkpt lat="-15.452074" lon="-70.1003">
<ele>3822.6</ele>
<time>2026-10-06T11:18:42-05:00</time>
</trkpt>
<trkpt lat="-15.451981" lon="-70.100268">
<ele>3822.7</ele>
<time>2026-10-06T11:18:44-05:00</time>
</trkpt>
<trkpt lat="-15.451855" lon="-70.100268">
<ele>3823.7</ele>
<time>2026-10-06T11:18:46-05:00</time>
</trkpt>
<trkpt lat="-15.45175" lon="-70.100264">
<ele>3823.3</ele>
<time>2026-10-06T11:18:48-05:00</time>
</trkpt>
<trkpt lat="-15.451656" lon="-70.100249">
<ele>3823.4</ele>
<time>2026-10-06T11:18:50-05:00</time>
</trkpt>
<trkpt lat="-15.451579" lon="-70.100241">
<ele>3822.8</ele>
<time>2026-10-06T11:18:52-05:00</time>
</trkpt>
<trkpt lat="-15.451489" lon="-70.100224">
<ele>3823.7</ele>
<time>2026-10-06T11:18:54-05:00</time>
</trkpt>
<trkpt lat="-15.451382" lon="-70.100217">
<ele>3822.9</ele>
<time>2026-10-06T11:18:56-05:00</time>
</trkpt>
<trkpt lat="-15.451294" lon="-70.100215">
<ele>3822.5</ele>
<time>2026-10-06T11:18:58-05:00</time>
</trkpt>
<trkpt lat="-15.451201" lon="-70.1002">
<ele>3823.5</ele>
<time>2026-10-06T11:19:00-05:00</time>
</trkpt>
<trkpt lat="-15.451095" lon="-70.100203">
<ele>3822.8</ele>
<time>2026-10-06T11:19:02-05:00</time>
</trkpt>
<trkpt lat="-15.451004" lon="-70.100192">
<ele>3823.0</ele>
<time>2026-10-06T11:19:04-05:00</time>
</trkpt>
<trkpt lat="-15.450897" lon="-70.100171">
<ele>3822.9</ele>
<time>2026-10-06T11:19:06-05:00</time>
</trkpt>
<trkpt lat="-15.450765" lon="-70.100173">
<ele>3823.0</ele>
<time>2026-10-06T11:19:08-05:00</time>
</trkpt>
<trkpt lat="-15.450636" lon="-70.10015">
<ele>3823.3</ele>
<time>2026-10-06T11:19:10-05:00</time>
</trkpt>
<trkpt lat="-15.450505" lon="-70.100126">
<ele>3822.6</ele>
<time>2026-10-06T11:19:12-05:00</time>
</trkpt>
<trkpt lat="-15.450368" lon="-70.100113">
<ele>3823.8</ele>
<time>2026-10-06T11:19:14-05:00</time>
</trkpt>
<trkpt lat="-15.450258" lon="-70.100103">
<ele>3822.7</ele>
<time>2026-10-06T11:19:16-05:00</time>
</trkpt>
<trkpt lat="-15.450164" lon="-70.100088">
<ele>3822.7</ele>
<time>2026-10-06T11:19:18-05:00</time>
</trkpt>
<trkpt lat="-15.450071" lon="-70.100059">
<ele>3823.4</ele>
<time>2026-10-06T11:19:20-05:00</time>
</trkpt>
<trkpt lat="-15.449954" lon="-70.100043">
<ele>3823.1</ele>
<time>2026-10-06T11:19:22-05:00</time>
</trkpt>
<trkpt lat="-15.449841" lon="-70.100034">
<ele>3823.5</ele>
<time>2026-10-06T11:19:24-05:00</time>
</trkpt>
<trkpt lat="-15.449721" lon="-70.100013">
<ele>3823.1</ele>
<time>2026-10-06T11:19:26-05:00</time>
</trkpt>
<trkpt lat="-15.449614" lon="-70.100006">
<ele>3823.1</ele>
<time>2026-10-06T11:19:28-05:00</time>
</trkpt>
<trkpt lat="-15.449494" lon="-70.100001">
<ele>3823.4</ele>
<time>2026-10-06T11:19:30-05:00</time>
</trkpt>
<trkpt lat="-15.449375" lon="-70.099994">
<ele>3822.8</ele>
<time>2026-10-06T11:19:32-05:00</time>
</trkpt>
<trkpt lat="-15.449254" lon="-70.099988">
<ele>3822.6</ele>
<time>2026-10-06T11:19:34-05:00</time>
</trkpt>
<trkpt lat="-15.449146" lon="-70.099967">
<ele>3823.0</ele>
<time>2026-10-06T11:19:36-05:00</time>
</trkpt>
<trkpt lat="-15.449009" lon="-70.099957">
<ele>3823.0</ele>
<time>2026-10-06T11:19:38-05:00</time>
</trkpt>
<trkpt lat="-15.448909" lon="-70.09994">
<ele>3822.3</ele>
<time>2026-10-06T11:19:40-05:00</time>
</trkpt>
<trkpt lat="-15.448901" lon="-70.099922">
<ele>3822.8</ele>
<time>2026-10-06T11:19:42-05:00</time>
</trkpt>
<trkpt lat="-15.448912" lon="-70.099933">
<ele>3822.8</ele>
<time>2026-10-06T11:19:44-05:00</time>
</trkpt>
<trkpt lat="-15.448919" lon="-70.099938">
<ele>3822.4</ele>
<time>2026-10-06T11:19:46-05:00</time>
</trkpt>
<trkpt lat="-15.448919" lon="-70.099935">
<ele>3823.0</ele>
<time>2026-10-06T11:19:48-05:00</time>
</trkpt>
<trkpt lat="-15.448923" lon="-70.099917">
<ele>3823.4</ele>
<time>2026-10-06T11:19:50-05:00</time>
</trkpt>
<trkpt lat="-15.44892" lon="-70.09994">
<ele>3822.6</ele>
<time>2026-10-06T11:19:52-05:00</time>
</trkpt>
<trkpt lat="-15.448908" lon="-70.099936">
<ele>3823.0</ele>
<time>2026-10-06T11:19:54-05:00</time>
</trkpt>
<trkpt lat="-15.448876" lon="-70.099946">
<ele>3822.8</ele>
<time>2026-10-06T11:19:56-05:00</time>
</trkpt>
<trkpt lat="-15.448813" lon="-70.099956">
<ele>3823.5</ele>
<time>2026-10-06T11:19:58-05:00</time>
</trkpt>
<trkpt lat="-15.44871" lon="-70.099949">
<ele>3823.0</ele>
<time>2026-10-06T11:20:00-05:00</time>
</trkpt>
<trkpt lat="-15.448588" lon="-70.099945">
<ele>3822.7</ele>
<time>2026-10-06T11:20:02-05:00</time>
</trkpt>
<trkpt lat="-15.448476" lon="-70.099939">
<ele>3822.7</ele>
<time>2026-10-06T11:20:04-05:00</time>
</trkpt>
<trkpt lat="-15.448341" lon="-70.099922">
<ele>3823.6</ele>
<time>2026-10-06T11:20:06-05:00</time>
</trkpt>
<trkpt lat="-15.448232" lon="-70.099906">
<ele>3823.3</ele>
<time>2026-10-06T11:20:08-05:00</time>
</trkpt>
<trkpt lat="-15.448116" lon="-70.099898">
<ele>3822.5</ele>
<time>2026-10-06T11:20:10-05:00</time>
</trkpt>
<trkpt lat="-15.448037" lon="-70.099884">
<ele>3822.5</ele>
<time>2026-10-06T11:20:12-05:00</time>
</trkpt>
<trkpt lat="-15.447931" lon="-70.099858">
<ele>3822.7</ele>
<time>2026-10-06T11:20:14-05:00</time>
</trkpt>
<trkpt lat="-15.447841" lon="-70.099861">
<ele>3822.7</ele>
<time>2026-10-06T11:20:16-05:00</time>
</trkpt>
<trkpt lat="-15.447749" lon="-70.099868">
<ele>3822.7</ele>
<time>2026-10-06T11:20:18-05:00</time>
</trkpt>
<trkpt lat="-15.447667" lon="-70.099852">
<ele>3823.0</ele>
<time>2026-10-06T11:20:20-05:00</time>
</trkpt>
<trkpt lat="-15.447547" lon="-70.099851">
<ele>3823.3</ele>
<time>2026-10-06T11:20:22-05:00</time>
</trkpt>
<trkpt lat="-15.447456" lon="-70.099818">
<ele>3823.3</ele>
<time>2026-10-06T11:20:24-05:00</time>
</trkpt>
<trkpt lat="-15.447362" lon="-70.099813">
<ele>3823.2</ele>
<time>2026-10-06T11:20:26-05:00</time>
</trkpt>
<trkpt lat="-15.447264" lon="-70.099808">
<ele>3823.1</ele>
<time>2026-10-06T11:20:28-05:00</time>
</trkpt>
<trkpt lat="-15.44717" lon="-70.099829">
<ele>3822.2</ele>
<time>2026-10-06T11:20:30-05:00</time>
</trkpt>
<trkpt lat="-15.447031" lon="-70.09982">
<ele>3823.1</ele>
<time>2026-10-06T11:20:32-05:00</time>
</trkpt>
<trkpt lat="-15.446928" lon="-70.099787">
<ele>3822.3</ele>
<time>2026-10-06T11:20:34-05:00</time>
</trkpt>
<trkpt lat="-15.446915" lon="-70.099778">
<ele>3822.9</ele>
<time>2026-10-06T11:20:36-05:00</time>
</trkpt>
<trkpt lat="-15.44692" lon="-70.099789">
<ele>3822.9</ele>
<time>2026-10-06T11:20:38-05:00</time>
</trkpt>
<trkpt lat="-15.446924" lon="-70.099779">
<ele>3823.0</ele>
<time>2026-10-06T11:20:40-05:00</time>
</trkpt>
<trkpt lat="-15.446902" lon="-70.099781">
<ele>3822.7</ele>
<time>2026-10-06T11:20:42-05:00</time>
</trkpt>
<trkpt lat="-15.446897" lon="-70.099782">
<ele>3823.3</ele>
<time>2026-10-06T11:20:44-05:00</time>
</trkpt>
<trkpt lat="-15.44691" lon="-70.099779">
<ele>3823.3</ele>
<time>2026-10-06T11:20:46-05:00</time>
</trkpt>
<trkpt lat="-15.446908" lon="-70.099781">
<ele>3823.7</ele>
<time>2026-10-06T11:20:48-05:00</time>
</trkpt>
<trkpt lat="-15.446927" lon="-70.099784">
<ele>3822.8</ele>
<time>2026-10-06T11:20:50-05:00</time>
</trkpt>
<trkpt lat="-15.446923" lon="-70.099793">
<ele>3823.1</ele>
<time>2026-10-06T11:20:52-05:00</time>
</trkpt>
<trkpt lat="-15.446902" lon="-70.099783">
<ele>3822.4</ele>
<time>2026-10-06T11:20:54-05:00</time>
</trkpt>
<trkpt lat="-15.446907" lon="-70.099803">
<ele>3823.2</ele>
<time>2026-10-06T11:20:56-05:00</time>
</trkpt>
<trkpt lat="-15.4469" lon="-70.099794">
<ele>3822.5</ele>
<time>2026-10-06T11:20:58-05:00</time>
</trkpt>
<trkpt lat="-15.446892" lon="-70.099794">
<ele>3823.5</ele>
<time>2026-10-06T11:21:00-05:00</time>
</trkpt>
<trkpt lat="-15.446895" lon="-70.099785">
<ele>3823.3</ele>
<time>2026-10-06T11:21:02-05:00</time>
</trkpt>
<trkpt lat="-15.446887" lon="-70.099787">
<ele>3822.9</ele>
<time>2026-10-06T11:21:04-05:00</time>
</trkpt>
<trkpt lat="-15.446895" lon="-70.099767">
<ele>3822.5</ele>
<time>2026-10-06T11:21:06-05:00</time>
</trkpt>
<trkpt lat="-15.446888" lon="-70.099768">
<ele>3823.6</ele>
<time>2026-10-06T11:21:08-05:00</time>
</trkpt>
<trkpt lat="-15.446817" lon="-70.099756">
<ele>3823.5</ele>
<time>2026-10-06T11:21:10-05:00</time>
</trkpt>
<trkpt lat="-15.446706" lon="-70.099736">
<ele>3823.1</ele>
<time>2026-10-06T11:21:12-05:00</time>
</trkpt>
<trkpt lat="-15.44655" lon="-70.0997">
<ele>3823.0</ele>
<time>2026-10-06T11:21:14-05:00</time>
</trkpt>
<trkpt lat="-15.446372" lon="-70.099695">
<ele>3822.9</ele>
<time>2026-10-06T11:21:16-05:00</time>
</trkpt>
<trkpt lat="-15.446199" lon="-70.099682">
<ele>3823.2</ele>
<time>2026-10-06T11:21:18-05:00</time>
</trkpt>
<trkpt lat="-15.446015" lon="-70.099669">
<ele>3824.3</ele>
<time>2026-10-06T11:21:20-05:00</time>
</trkpt>
<trkpt lat="-15.445844" lon="-70.099671">
<ele>3823.4</ele>
<time>2026-10-06T11:21:22-05:00</time>
</trkpt>
<trkpt lat="-15.445715" lon="-70.099673">
<ele>3823.5</ele>
<time>2026-10-06T11:21:24-05:00</time>
</trkpt>
<trkpt lat="-15.445618" lon="-70.099629">
<ele>3823.6</ele>
<time>2026-10-06T11:21:26-05:00</time>
</trkpt>
<trkpt lat="-15.445582" lon="-70.099629">
<ele>3822.8</ele>
<time>2026-10-06T11:21:28-05:00</time>
</trkpt>
<trkpt lat="-15.44557" lon="-70.099653">
<ele>3822.5</ele>
<time>2026-10-06T11:21:30-05:00</time>
</trkpt>
<trkpt lat="-15.445567" lon="-70.099649">
<ele>3822.9</ele>
<time>2026-10-06T11:21:32-05:00</time>
</trkpt>
<trkpt lat="-15.44557" lon="-70.099651">
<ele>3822.8</ele>
<time>2026-10-06T11:21:34-05:00</time>
</trkpt>
<trkpt lat="-15.445564" lon="-70.099665">
<ele>3823.0</ele>
<time>2026-10-06T11:21:36-05:00</time>
</trkpt>
<trkpt lat="-15.445576" lon="-70.099675">
<ele>3822.9</ele>
<time>2026-10-06T11:21:38-05:00</time>
</trkpt>
<trkpt lat="-15.445594" lon="-70.099686">
<ele>3822.8</ele>
<time>2026-10-06T11:21:40-05:00</time>
</trkpt>
<trkpt lat="-15.445598" lon="-70.099679">
<ele>3822.2</ele>
<time>2026-10-06T11:21:42-05:00</time>
</trkpt>
<trkpt lat="-15.445581" lon="-70.099687">
<ele>3822.2</ele>
<time>2026-10-06T11:21:44-05:00</time>
</trkpt>
<trkpt lat="-15.445575" lon="-70.099681">
<ele>3823.0</ele>
<time>2026-10-06T11:21:46-05:00</time>
</trkpt>
<trkpt lat="-15.445581" lon="-70.099706">
<ele>3823.1</ele>
<time>2026-10-06T11:21:48-05:00</time>
</trkpt>
<trkpt lat="-15.445554" lon="-70.099696">
<ele>3822.8</ele>
<time>2026-10-06T11:21:50-05:00</time>
</trkpt>
<trkpt lat="-15.445491" lon="-70.09971">
<ele>3823.2</ele>
<time>2026-10-06T11:21:52-05:00</time>
</trkpt>
<trkpt lat="-15.445404" lon="-70.099704">
<ele>3823.8</ele>
<time>2026-10-06T11:21:54-05:00</time>
</trkpt>
<trkpt lat="-15.44529" lon="-70.099699">
<ele>3823.3</ele>
<time>2026-10-06T11:21:56-05:00</time>
</trkpt>
<trkpt lat="-15.445173" lon="-70.099684">
<ele>3822.9</ele>
<time>2026-10-06T11:21:58-05:00</time>
</trkpt>
<trkpt lat="-15.445026" lon="-70.099658">
<ele>3823.3</ele>
<time>2026-10-06T11:22:00-05:00</time>
</trkpt>
<trkpt lat="-15.444888" lon="-70.099649">
<ele>3823.2</ele>
<time>2026-10-06T11:22:02-05:00</time>
</trkpt>
<trkpt lat="-15.444762" lon="-70.099658">
<ele>3823.1</ele>
<time>2026-10-06T11:22:04-05:00</time>
</trkpt>
<trkpt lat="-15.444634" lon="-70.099652">
<ele>3822.9</ele>
<time>2026-10-06T11:22:06-05:00</time>
</trkpt>
<trkpt lat="-15.444527" lon="-70.099648">
<ele>3823.0</ele>
<time>2026-10-06T11:22:08-05:00</time>
</trkpt>
<trkpt lat="-15.444429" lon="-70.099634">
<ele>3822.5</ele>
<time>2026-10-06T11:22:10-05:00</time>
</trkpt>
<trkpt lat="-15.444327" lon="-70.099617">
<ele>3822.7</ele>
<time>2026-10-06T11:22:12-05:00</time>
</trkpt>
<trkpt lat="-15.444229" lon="-70.099601">
<ele>3823.0</ele>
<time>2026-10-06T11:22:14-05:00</time>
</trkpt>
<trkpt lat="-15.444116" lon="-70.099571">
<ele>3823.4</ele>
<time>2026-10-06T11:22:16-05:00</time>
</trkpt>
<trkpt lat="-15.444016" lon="-70.099557">
<ele>3823.7</ele>
<time>2026-10-06T11:22:18-05:00</time>
</trkpt>
<trkpt lat="-15.44391" lon="-70.099553">
<ele>3822.5</ele>
<time>2026-10-06T11:22:20-05:00</time>
</trkpt>
<trkpt lat="-15.443822" lon="-70.099521">
<ele>3823.4</ele>
<time>2026-10-06T11:22:22-05:00</time>
</trkpt>
<trkpt lat="-15.443745" lon="-70.099515">
<ele>3823.2</ele>
<time>2026-10-06T11:22:24-05:00</time>
</trkpt>
<trkpt lat="-15.44365" lon="-70.099505">
<ele>3823.3</ele>
<time>2026-10-06T11:22:26-05:00</time>
</trkpt>
<trkpt lat="-15.443561" lon="-70.099498">
<ele>3823.9</ele>
<time>2026-10-06T11:22:28-05:00</time>
</trkpt>
<trkpt lat="-15.443462" lon="-70.099468">
<ele>3822.8</ele>
<time>2026-10-06T11:22:30-05:00</time>
</trkpt>
<trkpt lat="-15.443378" lon="-70.099463">
<ele>3823.6</ele>
<time>2026-10-06T11:22:32-05:00</time>
</trkpt>
<trkpt lat="-15.443271" lon="-70.099459">
<ele>3823.9</ele>
<time>2026-10-06T11:22:34-05:00</time>
</trkpt>
<trkpt lat="-15.443203" lon="-70.09945">
<ele>3823.9</ele>
<time>2026-10-06T11:22:36-05:00</time>
</trkpt>
<trkpt lat="-15.443109" lon="-70.099447">
<ele>3823.3</ele>
<time>2026-10-06T11:22:38-05:00</time>
</trkpt>
<trkpt lat="-15.443006" lon="-70.099434">
<ele>3822.4</ele>
<time>2026-10-06T11:22:40-05:00</time>
</trkpt>
<trkpt lat="-15.442903" lon="-70.099431">
<ele>3823.5</ele>
<time>2026-10-06T11:22:42-05:00</time>
</trkpt>
<trkpt lat="-15.44277" lon="-70.099416">
<ele>3824.3</ele>
<time>2026-10-06T11:22:44-05:00</time>
</trkpt>
<trkpt lat="-15.44266" lon="-70.099406">
<ele>3824.1</ele>
<time>2026-10-06T11:22:46-05:00</time>
</trkpt>
<trkpt lat="-15.442559" lon="-70.099406">
<ele>3824.0</ele>
<time>2026-10-06T11:22:48-05:00</time>
</trkpt>
<trkpt lat="-15.442453" lon="-70.099382">
<ele>3824.3</ele>
<time>2026-10-06T11:22:50-05:00</time>
</trkpt>
<trkpt lat="-15.442359" lon="-70.099366">
<ele>3823.5</ele>
<time>2026-10-06T11:22:52-05:00</time>
</trkpt>
<trkpt lat="-15.442229" lon="-70.099362">
<ele>3823.4</ele>
<time>2026-10-06T11:22:54-05:00</time>
</trkpt>
<trkpt lat="-15.44213" lon="-70.099371">
<ele>3823.2</ele>
<time>2026-10-06T11:22:56-05:00</time>
</trkpt>
<trkpt lat="-15.442054" lon="-70.099349">
<ele>3824.3</ele>
<time>2026-10-06T11:22:58-05:00</time>
</trkpt>
<trkpt lat="-15.442018" lon="-70.09933">
<ele>3823.4</ele>
<time>2026-10-06T11:23:00-05:00</time>
</trkpt>
<trkpt lat="-15.442011" lon="-70.099333">
<ele>3823.0</ele>
<time>2026-10-06T11:23:02-05:00</time>
</trkpt>
<trkpt lat="-15.441989" lon="-70.099337">
<ele>3823.1</ele>
<time>2026-10-06T11:23:04-05:00</time>
</trkpt>
<trkpt lat="-15.441972" lon="-70.099349">
<ele>3823.5</ele>
<time>2026-10-06T11:23:06-05:00</time>
</trkpt>
<trkpt lat="-15.441985" lon="-70.099338">
<ele>3823.4</ele>
<time>2026-10-06T11:23:08-05:00</time>
</trkpt>
<trkpt lat="-15.441994" lon="-70.099325">
<ele>3823.1</ele>
<time>2026-10-06T11:23:10-05:00</time>
</trkpt>
<trkpt lat="-15.442004" lon="-70.099321">
<ele>3823.4</ele>
<time>2026-10-06T11:23:12-05:00</time>
</trkpt>
<trkpt lat="-15.441998" lon="-70.099317">
<ele>3822.6</ele>
<time>2026-10-06T11:23:14-05:00</time>
</trkpt>
<trkpt lat="-15.442005" lon="-70.099334">
<ele>3823.2</ele>
<time>2026-10-06T11:23:16-05:00</time>
</trkpt>
<trkpt lat="-15.442003" lon="-70.099327">
<ele>3823.0</ele>
<time>2026-10-06T11:23:18-05:00</time>
</trkpt>
<trkpt lat="-15.442001" lon="-70.099321">
<ele>3823.8</ele>
<time>2026-10-06T11:23:20-05:00</time>
</trkpt>
<trkpt lat="-15.442009" lon="-70.099326">
<ele>3823.0</ele>
<time>2026-10-06T11:23:22-05:00</time>
</trkpt>
<trkpt lat="-15.442012" lon="-70.099316">
<ele>3823.0</ele>
<time>2026-10-06T11:23:24-05:00</time>
</trkpt>
<trkpt lat="-15.441999" lon="-70.099307">
<ele>3823.2</ele>
<time>2026-10-06T11:23:26-05:00</time>
</trkpt>
<trkpt lat="-15.441942" lon="-70.099287">
<ele>3822.9</ele>
<time>2026-10-06T11:23:28-05:00</time>
</trkpt>
<trkpt lat="-15.441815" lon="-70.09928">
<ele>3822.7</ele>
<time>2026-10-06T11:23:30-05:00</time>
</trkpt>
<trkpt lat="-15.441667" lon="-70.099275">
<ele>3823.0</ele>
<time>2026-10-06T11:23:32-05:00</time>
</trkpt>
<trkpt lat="-15.441551" lon="-70.099263">
<ele>3823.1</ele>
<time>2026-10-06T11:23:34-05:00</time>
</trkpt>
<trkpt lat="-15.441468" lon="-70.09925">
<ele>3823.1</ele>
<time>2026-10-06T11:23:36-05:00</time>
</trkpt>
<trkpt lat="-15.441378" lon="-70.099255">
<ele>3823.4</ele>
<time>2026-10-06T11:23:38-05:00</time>
</trkpt>
<trkpt lat="-15.441274" lon="-70.099264">
<ele>3822.9</ele>
<time>2026-10-06T11:23:40-05:00</time>
</trkpt>
<trkpt lat="-15.441165" lon="-70.099249">
<ele>3823.9</ele>
<time>2026-10-06T11:23:42-05:00</time>
</trkpt>
<trkpt lat="-15.44106" lon="-70.099227">
<ele>3823.7</ele>
<time>2026-10-06T11:23:44-05:00</time>
</trkpt>
<trkpt lat="-15.440966" lon="-70.099228">
<ele>3823.9</ele>
<time>2026-10-06T11:23:46-05:00</time>
</trkpt>
<trkpt lat="-15.44085" lon="-70.099207">
<ele>3823.6</ele>
<time>2026-10-06T11:23:48-05:00</time>
</trkpt>
<trkpt lat="-15.440735" lon="-70.099206">
<ele>3823.5</ele>
<time>2026-10-06T11:23:50-05:00</time>
</trkpt>
<trkpt lat="-15.440626" lon="-70.099208">
<ele>3823.3</ele>
<time>2026-10-06T11:23:52-05:00</time>
</trkpt>
<trkpt lat="-15.440522" lon="-70.099166">
<ele>3822.3</ele>
<time>2026-10-06T11:23:54-05:00</time>
</trkpt>
<trkpt lat="-15.440436" lon="-70.099163">
<ele>3824.3</ele>
<time>2026-10-06T11:23:56-05:00</time>
</trkpt>
<trkpt lat="-15.440347" lon="-70.099159">
<ele>3823.8</ele>
<time>2026-10-06T11:23:58-05:00</time>
</trkpt>
<trkpt lat="-15.440253" lon="-70.099144">
<ele>3824.2</ele>
<time>2026-10-06T11:24:00-05:00</time>
</trkpt>
<trkpt lat="-15.440159" lon="-70.099141">
<ele>3823.2</ele>
<time>2026-10-06T11:24:02-05:00</time>
</trkpt>
<trkpt lat="-15.440052" lon="-70.099128">
<ele>3825.0</ele>
<time>2026-10-06T11:24:04-05:00</time>
</trkpt>
<trkpt lat="-15.439946" lon="-70.099132">
<ele>3823.8</ele>
<time>2026-10-06T11:24:06-05:00</time>
</trkpt>
<trkpt lat="-15.439853" lon="-70.099122">
<ele>3823.4</ele>
<time>2026-10-06T11:24:08-05:00</time>
</trkpt>
<trkpt lat="-15.439777" lon="-70.099108">
<ele>3824.5</ele>
<time>2026-10-06T11:24:10-05:00</time>
</trkpt>
<trkpt lat="-15.439683" lon="-70.099087">
<ele>3823.9</ele>
<time>2026-10-06T11:24:12-05:00</time>
</trkpt>
<trkpt lat="-15.439593" lon="-70.09911">
<ele>3824.1</ele>
<time>2026-10-06T11:24:14-05:00</time>
</trkpt>
<trkpt lat="-15.439496" lon="-70.099091">
<ele>3823.5</ele>
<time>2026-10-06T11:24:16-05:00</time>
</trkpt>
<trkpt lat="-15.439401" lon="-70.099096">
<ele>3824.2</ele>
<time>2026-10-06T11:24:18-05:00</time>
</trkpt>
<trkpt lat="-15.439274" lon="-70.099079">
<ele>3824.0</ele>
<time>2026-10-06T11:24:20-05:00</time>
</trkpt>
<trkpt lat="-15.43918" lon="-70.099074">
<ele>3822.9</ele>
<time>2026-10-06T11:24:22-05:00</time>
</trkpt>
<trkpt lat="-15.439092" lon="-70.099094">
<ele>3823.9</ele>
<time>2026-10-06T11:24:24-05:00</time>
</trkpt>
<trkpt lat="-15.439001" lon="-70.099086">
<ele>3823.9</ele>
<time>2026-10-06T11:24:26-05:00</time>
</trkpt>
<trkpt lat="-15.438916" lon="-70.09906">
<ele>3823.8</ele>
<time>2026-10-06T11:24:28-05:00</time>
</trkpt>
<trkpt lat="-15.438819" lon="-70.099057">
<ele>3823.9</ele>
<time>2026-10-06T11:24:30-05:00</time>
</trkpt>
<trkpt lat="-15.438722" lon="-70.09906">
<ele>3823.5</ele>
<time>2026-10-06T11:24:32-05:00</time>
</trkpt>
<trkpt lat="-15.438621" lon="-70.099055">
<ele>3823.8</ele>
<time>2026-10-06T11:24:34-05:00</time>
</trkpt>
<trkpt lat="-15.438536" lon="-70.099051">
<ele>3824.6</ele>
<time>2026-10-06T11:24:36-05:00</time>
</trkpt>
<trkpt lat="-15.43842" lon="-70.09904">
<ele>3823.5</ele>
<time>2026-10-06T11:24:38-05:00</time>
</trkpt>
<trkpt lat="-15.438327" lon="-70.099038">
<ele>3824.1</ele>
<time>2026-10-06T11:24:40-05:00</time>
</trkpt>
<trkpt lat="-15.438219" lon="-70.099031">
<ele>3824.5</ele>
<time>2026-10-06T11:24:42-05:00</time>
</trkpt>
<trkpt lat="-15.438141" lon="-70.099031">
<ele>3823.7</ele>
<time>2026-10-06T11:24:44-05:00</time>
</trkpt>
<trkpt lat="-15.438056" lon="-70.099025">
<ele>3823.8</ele>
<time>2026-10-06T11:24:46-05:00</time>
</trkpt>
<trkpt lat="-15.437964" lon="-70.099014">
<ele>3823.3</ele>
<time>2026-10-06T11:24:48-05:00</time>
</trkpt>
<trkpt lat="-15.437886" lon="-70.098998">
<ele>3824.7</ele>
<time>2026-10-06T11:24:50-05:00</time>
</trkpt>
<trkpt lat="-15.437799" lon="-70.098991">
<ele>3824.5</ele>
<time>2026-10-06T11:24:52-05:00</time>
</trkpt>
<trkpt lat="-15.437708" lon="-70.098995">
<ele>3823.3</ele>
<time>2026-10-06T11:24:54-05:00</time>
</trkpt>
<trkpt lat="-15.437603" lon="-70.098987">
<ele>3823.9</ele>
<time>2026-10-06T11:24:56-05:00</time>
</trkpt>
<trkpt lat="-15.437506" lon="-70.098987">
<ele>3823.5</ele>
<time>2026-10-06T11:24:58-05:00</time>
</trkpt>
<trkpt lat="-15.437409" lon="-70.098967">
<ele>3824.1</ele>
<time>2026-10-06T11:25:00-05:00</time>
</trkpt>
<trkpt lat="-15.437318" lon="-70.098961">
<ele>3824.2</ele>
<time>2026-10-06T11:25:02-05:00</time>
</trkpt>
<trkpt lat="-15.437232" lon="-70.098936">
<ele>3823.9</ele>
<time>2026-10-06T11:25:04-05:00</time>
</trkpt>
<trkpt lat="-15.437137" lon="-70.098924">
<ele>3824.5</ele>
<time>2026-10-06T11:25:06-05:00</time>
</trkpt>
<trkpt lat="-15.437056" lon="-70.098921">
<ele>3823.4</ele>
<time>2026-10-06T11:25:08-05:00</time>
</trkpt>
<trkpt lat="-15.43697" lon="-70.098912">
<ele>3823.4</ele>
<time>2026-10-06T11:25:10-05:00</time>
</trkpt>
<trkpt lat="-15.436873" lon="-70.098904">
<ele>3823.5</ele>
<time>2026-10-06T11:25:12-05:00</time>
</trkpt>
<trkpt lat="-15.436766" lon="-70.098881">
<ele>3824.6</ele>
<time>2026-10-06T11:25:14-05:00</time>
</trkpt>
<trkpt lat="-15.436644" lon="-70.098857">
<ele>3824.0</ele>
<time>2026-10-06T11:25:16-05:00</time>
</trkpt>
<trkpt lat="-15.436524" lon="-70.098845">
<ele>3824.4</ele>
<time>2026-10-06T11:25:18-05:00</time>
</trkpt>
<trkpt lat="-15.436415" lon="-70.098807">
<ele>3824.1</ele>
<time>2026-10-06T11:25:20-05:00</time>
</trkpt>
<trkpt lat="-15.436323" lon="-70.098795">
<ele>3824.2</ele>
<time>2026-10-06T11:25:22-05:00</time>
</trkpt>
<trkpt lat="-15.436191" lon="-70.098781">
<ele>3823.4</ele>
<time>2026-10-06T11:25:24-05:00</time>
</trkpt>
<trkpt lat="-15.436106" lon="-70.098765">
<ele>3823.5</ele>
<time>2026-10-06T11:25:26-05:00</time>
</trkpt>
<trkpt lat="-15.436013" lon="-70.09875">
<ele>3824.3</ele>
<time>2026-10-06T11:25:28-05:00</time>
</trkpt>
<trkpt lat="-15.435917" lon="-70.098785">
<ele>3824.0</ele>
<time>2026-10-06T11:25:30-05:00</time>
</trkpt>
<trkpt lat="-15.435833" lon="-70.09877">
<ele>3824.0</ele>
<time>2026-10-06T11:25:32-05:00</time>
</trkpt>
<trkpt lat="-15.435719" lon="-70.098757">
<ele>3824.1</ele>
<time>2026-10-06T11:25:34-05:00</time>
</trkpt>
<trkpt lat="-15.435621" lon="-70.098737">
<ele>3824.2</ele>
<time>2026-10-06T11:25:36-05:00</time>
</trkpt>
<trkpt lat="-15.435538" lon="-70.098721">
<ele>3823.3</ele>
<time>2026-10-06T11:25:38-05:00</time>
</trkpt>
<trkpt lat="-15.435442" lon="-70.098704">
<ele>3823.3</ele>
<time>2026-10-06T11:25:40-05:00</time>
</trkpt>
<trkpt lat="-15.435335" lon="-70.098705">
<ele>3824.1</ele>
<time>2026-10-06T11:25:42-05:00</time>
</trkpt>
<trkpt lat="-15.435247" lon="-70.098679">
<ele>3823.8</ele>
<time>2026-10-06T11:25:44-05:00</time>
</trkpt>
<trkpt lat="-15.435161" lon="-70.09868">
<ele>3823.2</ele>
<time>2026-10-06T11:25:46-05:00</time>
</trkpt>
<trkpt lat="-15.435068" lon="-70.098659">
<ele>3823.8</ele>
<time>2026-10-06T11:25:48-05:00</time>
</trkpt>
<trkpt lat="-15.434993" lon="-70.098645">
<ele>3823.5</ele>
<time>2026-10-06T11:25:50-05:00</time>
</trkpt>
<trkpt lat="-15.434891" lon="-70.09863">
<ele>3824.0</ele>
<time>2026-10-06T11:25:52-05:00</time>
</trkpt>
<trkpt lat="-15.434778" lon="-70.098633">
<ele>3824.1</ele>
<time>2026-10-06T11:25:54-05:00</time>
</trkpt>
<trkpt lat="-15.434658" lon="-70.098626">
<ele>3824.3</ele>
<time>2026-10-06T11:25:56-05:00</time>
</trkpt>
<trkpt lat="-15.434544" lon="-70.098621">
<ele>3824.2</ele>
<time>2026-10-06T11:25:58-05:00</time>
</trkpt>
<trkpt lat="-15.434435" lon="-70.098614">
<ele>3823.8</ele>
<time>2026-10-06T11:26:00-05:00</time>
</trkpt>
<trkpt lat="-15.434304" lon="-70.098606">
<ele>3824.2</ele>
<time>2026-10-06T11:26:02-05:00</time>
</trkpt>
<trkpt lat="-15.43419" lon="-70.098604">
<ele>3824.3</ele>
<time>2026-10-06T11:26:04-05:00</time>
</trkpt>
<trkpt lat="-15.434089" lon="-70.098594">
<ele>3824.7</ele>
<time>2026-10-06T11:26:06-05:00</time>
</trkpt>
<trkpt lat="-15.433977" lon="-70.098604">
<ele>3824.0</ele>
<time>2026-10-06T11:26:08-05:00</time>
</trkpt>
<trkpt lat="-15.43389" lon="-70.09861">
<ele>3823.8</ele>
<time>2026-10-06T11:26:10-05:00</time>
</trkpt>
<trkpt lat="-15.4338" lon="-70.098606">
<ele>3823.5</ele>
<time>2026-10-06T11:26:12-05:00</time>
</trkpt>
<trkpt lat="-15.433716" lon="-70.098577">
<ele>3824.1</ele>
<time>2026-10-06T11:26:14-05:00</time>
</trkpt>
<trkpt lat="-15.433616" lon="-70.098566">
<ele>3824.0</ele>
<time>2026-10-06T11:26:16-05:00</time>
</trkpt>
<trkpt lat="-15.433509" lon="-70.098567">
<ele>3824.1</ele>
<time>2026-10-06T11:26:18-05:00</time>
</trkpt>
<trkpt lat="-15.43342" lon="-70.098571">
<ele>3824.0</ele>
<time>2026-10-06T11:26:20-05:00</time>
</trkpt>
<trkpt lat="-15.433319" lon="-70.098554">
<ele>3824.7</ele>
<time>2026-10-06T11:26:22-05:00</time>
</trkpt>
<trkpt lat="-15.433209" lon="-70.098533">
<ele>3823.3</ele>
<time>2026-10-06T11:26:24-05:00</time>
</trkpt>
<trkpt lat="-15.433123" lon="-70.098524">
<ele>3823.8</ele>
<time>2026-10-06T11:26:26-05:00</time>
</trkpt>
<trkpt lat="-15.433012" lon="-70.09853">
<ele>3824.0</ele>
<time>2026-10-06T11:26:28-05:00</time>
</trkpt>
<trkpt lat="-15.432914" lon="-70.098513">
<ele>3824.4</ele>
<time>2026-10-06T11:26:30-05:00</time>
</trkpt>
<trkpt lat="-15.432809" lon="-70.098499">
<ele>3823.8</ele>
<time>2026-10-06T11:26:32-05:00</time>
</trkpt>
<trkpt lat="-15.432725" lon="-70.098489">
<ele>3824.1</ele>
<time>2026-10-06T11:26:34-05:00</time>
</trkpt>
<trkpt lat="-15.432611" lon="-70.098486">
<ele>3823.9</ele>
<time>2026-10-06T11:26:36-05:00</time>
</trkpt>
<trkpt lat="-15.432519" lon="-70.09848">
<ele>3823.4</ele>
<time>2026-10-06T11:26:38-05:00</time>
</trkpt>
<trkpt lat="-15.432431" lon="-70.09847">
<ele>3823.9</ele>
<time>2026-10-06T11:26:40-05:00</time>
</trkpt>
<trkpt lat="-15.432339" lon="-70.098463">
<ele>3824.5</ele>
<time>2026-10-06T11:26:42-05:00</time>
</trkpt>
<trkpt lat="-15.432233" lon="-70.09846">
<ele>3824.1</ele>
<time>2026-10-06T11:26:44-05:00</time>
</trkpt>
<trkpt lat="-15.432135" lon="-70.098453">
<ele>3824.1</ele>
<time>2026-10-06T11:26:46-05:00</time>
</trkpt>
<trkpt lat="-15.432047" lon="-70.098442">
<ele>3824.2</ele>
<time>2026-10-06T11:26:48-05:00</time>
</trkpt>
<trkpt lat="-15.431947" lon="-70.098428">
<ele>3823.6</ele>
<time>2026-10-06T11:26:50-05:00</time>
</trkpt>
<trkpt lat="-15.43186" lon="-70.09842">
<ele>3823.8</ele>
<time>2026-10-06T11:26:52-05:00</time>
</trkpt>
<trkpt lat="-15.431756" lon="-70.098407">
<ele>3823.8</ele>
<time>2026-10-06T11:26:54-05:00</time>
</trkpt>
<trkpt lat="-15.431651" lon="-70.098382">
<ele>3824.1</ele>
<time>2026-10-06T11:26:56-05:00</time>
</trkpt>
<trkpt lat="-15.431569" lon="-70.098387">
<ele>3824.3</ele>
<time>2026-10-06T11:26:58-05:00</time>
</trkpt>
<trkpt lat="-15.431465" lon="-70.098388">
<ele>3824.3</ele>
<time>2026-10-06T11:27:00-05:00</time>
</trkpt>
<trkpt lat="-15.431342" lon="-70.098366">
<ele>3823.7</ele>
<time>2026-10-06T11:27:02-05:00</time>
</trkpt>
<trkpt lat="-15.431235" lon="-70.098351">
<ele>3824.3</ele>
<time>2026-10-06T11:27:04-05:00</time>
</trkpt>
<trkpt lat="-15.431134" lon="-70.098344">
<ele>3823.8</ele>
<time>2026-10-06T11:27:06-05:00</time>
</trkpt>
<trkpt lat="-15.431041" lon="-70.09834">
<ele>3824.8</ele>
<time>2026-10-06T11:27:08-05:00</time>
</trkpt>
<trkpt lat="-15.430947" lon="-70.098325">
<ele>3823.9</ele>
<time>2026-10-06T11:27:10-05:00</time>
</trkpt>
<trkpt lat="-15.430822" lon="-70.098311">
<ele>3824.4</ele>
<time>2026-10-06T11:27:12-05:00</time>
</trkpt>
<trkpt lat="-15.430718" lon="-70.098311">
<ele>3824.1</ele>
<time>2026-10-06T11:27:14-05:00</time>
</trkpt>
<trkpt lat="-15.430611" lon="-70.098286">
<ele>3823.8</ele>
<time>2026-10-06T11:27:16-05:00</time>
</trkpt>
<trkpt lat="-15.430512" lon="-70.098269">
<ele>3824.6</ele>
<time>2026-10-06T11:27:18-05:00</time>
</trkpt>
<trkpt lat="-15.430423" lon="-70.098262">
<ele>3823.7</ele>
<time>2026-10-06T11:27:20-05:00</time>
</trkpt>
<trkpt lat="-15.430316" lon="-70.098265">
<ele>3824.8</ele>
<time>2026-10-06T11:27:22-05:00</time>
</trkpt>
<trkpt lat="-15.430218" lon="-70.098251">
<ele>3824.2</ele>
<time>2026-10-06T11:27:24-05:00</time>
</trkpt>
<trkpt lat="-15.430117" lon="-70.098232">
<ele>3824.5</ele>
<time>2026-10-06T11:27:26-05:00</time>
</trkpt>
<trkpt lat="-15.430012" lon="-70.098237">
<ele>3824.6</ele>
<time>2026-10-06T11:27:28-05:00</time>
</trkpt>
<trkpt lat="-15.429926" lon="-70.098233">
<ele>3824.8</ele>
<time>2026-10-06T11:27:30-05:00</time>
</trkpt>
<trkpt lat="-15.429828" lon="-70.098225">
<ele>3824.7</ele>
<time>2026-10-06T11:27:32-05:00</time>
</trkpt>
<trkpt lat="-15.429732" lon="-70.098201">
<ele>3825.4</ele>
<time>2026-10-06T11:27:34-05:00</time>
</trkpt>
<trkpt lat="-15.429665" lon="-70.098193">
<ele>3824.9</ele>
<time>2026-10-06T11:27:36-05:00</time>
</trkpt>
<trkpt lat="-15.42959" lon="-70.098183">
<ele>3825.4</ele>
<time>2026-10-06T11:27:38-05:00</time>
</trkpt>
<trkpt lat="-15.429517" lon="-70.098193">
<ele>3824.6</ele>
<time>2026-10-06T11:27:40-05:00</time>
</trkpt>
<trkpt lat="-15.429388" lon="-70.098168">
<ele>3824.7</ele>
<time>2026-10-06T11:27:42-05:00</time>
</trkpt>
<trkpt lat="-15.429251" lon="-70.098169">
<ele>3825.0</ele>
<time>2026-10-06T11:27:44-05:00</time>
</trkpt>
<trkpt lat="-15.429121" lon="-70.098138">
<ele>3825.4</ele>
<time>2026-10-06T11:27:46-05:00</time>
</trkpt>
<trkpt lat="-15.428981" lon="-70.098128">
<ele>3824.5</ele>
<time>2026-10-06T11:27:48-05:00</time>
</trkpt>
<trkpt lat="-15.428833" lon="-70.09813">
<ele>3825.2</ele>
<time>2026-10-06T11:27:50-05:00</time>
</trkpt>
<trkpt lat="-15.428697" lon="-70.098106">
<ele>3825.2</ele>
<time>2026-10-06T11:27:52-05:00</time>
</trkpt>
<trkpt lat="-15.428554" lon="-70.0981">
<ele>3824.9</ele>
<time>2026-10-06T11:27:54-05:00</time>
</trkpt>
<trkpt lat="-15.428477" lon="-70.098074">
<ele>3825.0</ele>
<time>2026-10-06T11:27:56-05:00</time>
</trkpt>
<trkpt lat="-15.428426" lon="-70.098059">
<ele>3825.8</ele>
<time>2026-10-06T11:27:58-05:00</time>
</trkpt>
<trkpt lat="-15.428426" lon="-70.098062">
<ele>3825.0</ele>
<time>2026-10-06T11:28:00-05:00</time>
</trkpt>
<trkpt lat="-15.428436" lon="-70.098061">
<ele>3825.3</ele>
<time>2026-10-06T11:28:02-05:00</time>
</trkpt>
<trkpt lat="-15.428451" lon="-70.098057">
<ele>3825.6</ele>
<time>2026-10-06T11:28:04-05:00</time>
</trkpt>
<trkpt lat="-15.428443" lon="-70.098062">
<ele>3825.4</ele>
<time>2026-10-06T11:28:06-05:00</time>
</trkpt>
<trkpt lat="-15.428451" lon="-70.098054">
<ele>3825.0</ele>
<time>2026-10-06T11:28:08-05:00</time>
</trkpt>
<trkpt lat="-15.428426" lon="-70.098057">
<ele>3825.2</ele>
<time>2026-10-06T11:28:10-05:00</time>
</trkpt>
<trkpt lat="-15.428396" lon="-70.098064">
<ele>3825.2</ele>
<time>2026-10-06T11:28:12-05:00</time>
</trkpt>
<trkpt lat="-15.428309" lon="-70.098071">
<ele>3825.1</ele>
<time>2026-10-06T11:28:14-05:00</time>
</trkpt>
<trkpt lat="-15.428218" lon="-70.098073">
<ele>3824.8</ele>
<time>2026-10-06T11:28:16-05:00</time>
</trkpt>
<trkpt lat="-15.42809" lon="-70.098056">
<ele>3825.4</ele>
<time>2026-10-06T11:28:18-05:00</time>
</trkpt>
<trkpt lat="-15.427961" lon="-70.098033">
<ele>3824.6</ele>
<time>2026-10-06T11:28:20-05:00</time>
</trkpt>
<trkpt lat="-15.427836" lon="-70.098019">
<ele>3824.8</ele>
<time>2026-10-06T11:28:22-05:00</time>
</trkpt>
<trkpt lat="-15.427724" lon="-70.098019">
<ele>3824.9</ele>
<time>2026-10-06T11:28:24-05:00</time>
</trkpt>
<trkpt lat="-15.427607" lon="-70.098006">
<ele>3824.9</ele>
<time>2026-10-06T11:28:26-05:00</time>
</trkpt>
<trkpt lat="-15.427494" lon="-70.098011">
<ele>3825.0</ele>
<time>2026-10-06T11:28:28-05:00</time>
</trkpt>
<trkpt lat="-15.427363" lon="-70.098008">
<ele>3824.5</ele>
<time>2026-10-06T11:28:30-05:00</time>
</trkpt>
<trkpt lat="-15.427241" lon="-70.097994">
<ele>3824.6</ele>
<time>2026-10-06T11:28:32-05:00</time>
</trkpt>
<trkpt lat="-15.427119" lon="-70.09798">
<ele>3825.5</ele>
<time>2026-10-06T11:28:34-05:00</time>
</trkpt>
<trkpt lat="-15.42699" lon="-70.097949">
<ele>3825.3</ele>
<time>2026-10-06T11:28:36-05:00</time>
</trkpt>
<trkpt lat="-15.426868" lon="-70.097936">
<ele>3825.4</ele>
<time>2026-10-06T11:28:38-05:00</time>
</trkpt>
<trkpt lat="-15.42673" lon="-70.097928">
<ele>3825.3</ele>
<time>2026-10-06T11:28:40-05:00</time>
</trkpt>
<trkpt lat="-15.426617" lon="-70.097923">
<ele>3825.4</ele>
<time>2026-10-06T11:28:42-05:00</time>
</trkpt>
<trkpt lat="-15.426499" lon="-70.0979">
<ele>3825.4</ele>
<time>2026-10-06T11:28:44-05:00</time>
</trkpt>
<trkpt lat="-15.426411" lon="-70.09789">
<ele>3825.6</ele>
<time>2026-10-06T11:28:46-05:00</time>
</trkpt>
<trkpt lat="-15.426326" lon="-70.097869">
<ele>3824.8</ele>
<time>2026-10-06T11:28:48-05:00</time>
</trkpt>
<trkpt lat="-15.426241" lon="-70.097863">
<ele>3825.3</ele>
<time>2026-10-06T11:28:50-05:00</time>
</trkpt>
<trkpt lat="-15.42614" lon="-70.097861">
<ele>3825.3</ele>
<time>2026-10-06T11:28:52-05:00</time>
</trkpt>
<trkpt lat="-15.426051" lon="-70.097859">
<ele>3825.9</ele>
<time>2026-10-06T11:28:54-05:00</time>
</trkpt>
<trkpt lat="-15.425961" lon="-70.097851">
<ele>3825.0</ele>
<time>2026-10-06T11:28:56-05:00</time>
</trkpt>
<trkpt lat="-15.425887" lon="-70.097845">
<ele>3825.2</ele>
<time>2026-10-06T11:28:58-05:00</time>
</trkpt>
<trkpt lat="-15.425794" lon="-70.097847">
<ele>3825.2</ele>
<time>2026-10-06T11:29:00-05:00</time>
</trkpt>
<trkpt lat="-15.425711" lon="-70.09784">
<ele>3825.0</ele>
<time>2026-10-06T11:29:02-05:00</time>
</trkpt>
<trkpt lat="-15.425624" lon="-70.097825">
<ele>3824.9</ele>
<time>2026-10-06T11:29:04-05:00</time>
</trkpt>
<trkpt lat="-15.425532" lon="-70.097839">
<ele>3825.9</ele>
<time>2026-10-06T11:29:06-05:00</time>
</trkpt>
<trkpt lat="-15.425445" lon="-70.097836">
<ele>3826.5</ele>
<time>2026-10-06T11:29:08-05:00</time>
</trkpt>
<trkpt lat="-15.425344" lon="-70.097829">
<ele>3826.4</ele>
<time>2026-10-06T11:29:10-05:00</time>
</trkpt>
<trkpt lat="-15.425257" lon="-70.097812">
<ele>3825.5</ele>
<time>2026-10-06T11:29:12-05:00</time>
</trkpt>
<trkpt lat="-15.425172" lon="-70.097814">
<ele>3825.3</ele>
<time>2026-10-06T11:29:14-05:00</time>
</trkpt>
<trkpt lat="-15.425064" lon="-70.097797">
<ele>3825.7</ele>
<time>2026-10-06T11:29:16-05:00</time>
</trkpt>
<trkpt lat="-15.424975" lon="-70.097782">
<ele>3825.6</ele>
<time>2026-10-06T11:29:18-05:00</time>
</trkpt>
<trkpt lat="-15.424873" lon="-70.097792">
<ele>3826.5</ele>
<time>2026-10-06T11:29:20-05:00</time>
</trkpt>
<trkpt lat="-15.424793" lon="-70.097778">
<ele>3826.4</ele>
<time>2026-10-06T11:29:22-05:00</time>
</trkpt>
<trkpt lat="-15.424691" lon="-70.097771">
<ele>3826.2</ele>
<time>2026-10-06T11:29:24-05:00</time>
</trkpt>
<trkpt lat="-15.424629" lon="-70.097756">
<ele>3826.4</ele>
<time>2026-10-06T11:29:26-05:00</time>
</trkpt>
<trkpt lat="-15.424516" lon="-70.097762">
<ele>3825.8</ele>
<time>2026-10-06T11:29:28-05:00</time>
</trkpt>
<trkpt lat="-15.424423" lon="-70.097751">
<ele>3825.5</ele>
<time>2026-10-06T11:29:30-05:00</time>
</trkpt>
<trkpt lat="-15.424342" lon="-70.097742">
<ele>3826.3</ele>
<time>2026-10-06T11:29:32-05:00</time>
</trkpt>
<trkpt lat="-15.424248" lon="-70.097741">
<ele>3825.5</ele>
<time>2026-10-06T11:29:34-05:00</time>
</trkpt>
<trkpt lat="-15.424144" lon="-70.097752">
<ele>3826.5</ele>
<time>2026-10-06T11:29:36-05:00</time>
</trkpt>
<trkpt lat="-15.424042" lon="-70.097733">
<ele>3826.1</ele>
<time>2026-10-06T11:29:38-05:00</time>
</trkpt>
<trkpt lat="-15.423944" lon="-70.097732">
<ele>3825.9</ele>
<time>2026-10-06T11:29:40-05:00</time>
</trkpt>
<trkpt lat="-15.42384" lon="-70.097717">
<ele>3825.8</ele>
<time>2026-10-06T11:29:42-05:00</time>
</trkpt>
<trkpt lat="-15.423744" lon="-70.097715">
<ele>3826.2</ele>
<time>2026-10-06T11:29:44-05:00</time>
</trkpt>
<trkpt lat="-15.423662" lon="-70.097686">
<ele>3826.1</ele>
<time>2026-10-06T11:29:46-05:00</time>
</trkpt>
<trkpt lat="-15.423561" lon="-70.097689">
<ele>3825.3</ele>
<time>2026-10-06T11:29:48-05:00</time>
</trkpt>
<trkpt lat="-15.423443" lon="-70.097671">
<ele>3825.7</ele>
<time>2026-10-06T11:29:50-05:00</time>
</trkpt>
<trkpt lat="-15.423315" lon="-70.097637">
<ele>3826.5</ele>
<time>2026-10-06T11:29:52-05:00</time>
</trkpt>
<trkpt lat="-15.423189" lon="-70.097601">
<ele>3826.0</ele>
<time>2026-10-06T11:29:54-05:00</time>
</trkpt>
<trkpt lat="-15.423041" lon="-70.097618">
<ele>3826.2</ele>
<time>2026-10-06T11:29:56-05:00</time>
</trkpt>
<trkpt lat="-15.422899" lon="-70.097614">
<ele>3826.7</ele>
<time>2026-10-06T11:29:58-05:00</time>
</trkpt>
<trkpt lat="-15.422771" lon="-70.097602">
<ele>3827.1</ele>
<time>2026-10-06T11:30:00-05:00</time>
</trkpt>
<trkpt lat="-15.422668" lon="-70.097587">
<ele>3826.2</ele>
<time>2026-10-06T11:30:02-05:00</time>
</trkpt>
<trkpt lat="-15.422606" lon="-70.097576">
<ele>3827.0</ele>
<time>2026-10-06T11:30:04-05:00</time>
</trkpt>
<trkpt lat="-15.422588" lon="-70.097558">
<ele>3826.4</ele>
<time>2026-10-06T11:30:06-05:00</time>
</trkpt>
<trkpt lat="-15.422593" lon="-70.09756">
<ele>3827.1</ele>
<time>2026-10-06T11:30:08-05:00</time>
</trkpt>
<trkpt lat="-15.422597" lon="-70.097558">
<ele>3827.0</ele>
<time>2026-10-06T11:30:10-05:00</time>
</trkpt>
<trkpt lat="-15.422585" lon="-70.097581">
<ele>3827.2</ele>
<time>2026-10-06T11:30:12-05:00</time>
</trkpt>
<trkpt lat="-15.422587" lon="-70.097582">
<ele>3826.9</ele>
<time>2026-10-06T11:30:14-05:00</time>
</trkpt>
<trkpt lat="-15.422561" lon="-70.097592">
<ele>3827.9</ele>
<time>2026-10-06T11:30:16-05:00</time>
</trkpt>
<trkpt lat="-15.422481" lon="-70.097603">
<ele>3827.0</ele>
<time>2026-10-06T11:30:18-05:00</time>
</trkpt>
<trkpt lat="-15.422364" lon="-70.097608">
<ele>3826.7</ele>
<time>2026-10-06T11:30:20-05:00</time>
</trkpt>
<trkpt lat="-15.422241" lon="-70.097587">
<ele>3827.4</ele>
<time>2026-10-06T11:30:22-05:00</time>
</trkpt>
<trkpt lat="-15.422098" lon="-70.097543">
<ele>3827.2</ele>
<time>2026-10-06T11:30:24-05:00</time>
</trkpt>
<trkpt lat="-15.421958" lon="-70.097537">
<ele>3828.0</ele>
<time>2026-10-06T11:30:26-05:00</time>
</trkpt>
<trkpt lat="-15.421848" lon="-70.097535">
<ele>3827.6</ele>
<time>2026-10-06T11:30:28-05:00</time>
</trkpt>
<trkpt lat="-15.421724" lon="-70.097509">
<ele>3828.1</ele>
<time>2026-10-06T11:30:30-05:00</time>
</trkpt>
<trkpt lat="-15.421597" lon="-70.097502">
<ele>3827.9</ele>
<time>2026-10-06T11:30:32-05:00</time>
</trkpt>
<trkpt lat="-15.421481" lon="-70.097493">
<ele>3827.8</ele>
<time>2026-10-06T11:30:34-05:00</time>
</trkpt>
<trkpt lat="-15.421377" lon="-70.097484">
<ele>3828.3</ele>
<time>2026-10-06T11:30:36-05:00</time>
</trkpt>
<trkpt lat="-15.421271" lon="-70.097465">
<ele>3827.7</ele>
<time>2026-10-06T11:30:38-05:00</time>
</trkpt>
<trkpt lat="-15.421164" lon="-70.097445">
<ele>3828.0</ele>
<time>2026-10-06T11:30:40-05:00</time>
</trkpt>
<trkpt lat="-15.421066" lon="-70.097425">
<ele>3828.3</ele>
<time>2026-10-06T11:30:42-05:00</time>
</trkpt>
<trkpt lat="-15.420938" lon="-70.097445">
<ele>3827.9</ele>
<time>2026-10-06T11:30:44-05:00</time>
</trkpt>
<trkpt lat="-15.420832" lon="-70.097457">
<ele>3829.1</ele>
<time>2026-10-06T11:30:46-05:00</time>
</trkpt>
<trkpt lat="-15.420733" lon="-70.097456">
<ele>3828.3</ele>
<time>2026-10-06T11:30:48-05:00</time>
</trkpt>
<trkpt lat="-15.42063" lon="-70.097441">
<ele>3828.0</ele>
<time>2026-10-06T11:30:50-05:00</time>
</trkpt>
<trkpt lat="-15.420571" lon="-70.097409">
<ele>3828.8</ele>
<time>2026-10-06T11:30:52-05:00</time>
</trkpt>
<trkpt lat="-15.420527" lon="-70.097408">
<ele>3828.5</ele>
<time>2026-10-06T11:30:54-05:00</time>
</trkpt>
<trkpt lat="-15.420508" lon="-70.097402">
<ele>3828.3</ele>
<time>2026-10-06T11:30:56-05:00</time>
</trkpt>
<trkpt lat="-15.420517" lon="-70.097396">
<ele>3829.2</ele>
<time>2026-10-06T11:30:58-05:00</time>
</trkpt>
<trkpt lat="-15.420531" lon="-70.09741">
<ele>3829.0</ele>
<time>2026-10-06T11:31:00-05:00</time>
</trkpt>
<trkpt lat="-15.420537" lon="-70.097402">
<ele>3828.8</ele>
<time>2026-10-06T11:31:02-05:00</time>
</trkpt>
<trkpt lat="-15.420521" lon="-70.097391">
<ele>3828.8</ele>
<time>2026-10-06T11:31:04-05:00</time>
</trkpt>
<trkpt lat="-15.420485" lon="-70.097401">
<ele>3829.0</ele>
<time>2026-10-06T11:31:06-05:00</time>
</trkpt>
<trkpt lat="-15.420404" lon="-70.097391">
<ele>3828.8</ele>
<time>2026-10-06T11:31:08-05:00</time>
</trkpt>
<trkpt lat="-15.42027" lon="-70.09737">
<ele>3828.8</ele>
<time>2026-10-06T11:31:10-05:00</time>
</trkpt>
<trkpt lat="-15.420148" lon="-70.09736">
<ele>3829.1</ele>
<time>2026-10-06T11:31:12-05:00</time>
</trkpt>
<trkpt lat="-15.420024" lon="-70.097342">
<ele>3828.5</ele>
<time>2026-10-06T11:31:14-05:00</time>
</trkpt>
<trkpt lat="-15.419899" lon="-70.097325">
<ele>3828.1</ele>
<time>2026-10-06T11:31:16-05:00</time>
</trkpt>
<trkpt lat="-15.419807" lon="-70.097301">
<ele>3828.2</ele>
<time>2026-10-06T11:31:18-05:00</time>
</trkpt>
<trkpt lat="-15.419682" lon="-70.0973">
<ele>3828.7</ele>
<time>2026-10-06T11:31:20-05:00</time>
</trkpt>
<trkpt lat="-15.419572" lon="-70.097292">
<ele>3827.8</ele>
<time>2026-10-06T11:31:22-05:00</time>
</trkpt>
<trkpt lat="-15.419465" lon="-70.097278">
<ele>3828.2</ele>
<time>2026-10-06T11:31:24-05:00</time>
</trkpt>
<trkpt lat="-15.41933" lon="-70.097255">
<ele>3827.6</ele>
<time>2026-10-06T11:31:26-05:00</time>
</trkpt>
<trkpt lat="-15.419204" lon="-70.097228">
<ele>3826.9</ele>
<time>2026-10-06T11:31:28-05:00</time>
</trkpt>
<trkpt lat="-15.4191" lon="-70.097214">
<ele>3827.3</ele>
<time>2026-10-06T11:31:30-05:00</time>
</trkpt>
<trkpt lat="-15.418976" lon="-70.097216">
<ele>3826.4</ele>
<time>2026-10-06T11:31:32-05:00</time>
</trkpt>
<trkpt lat="-15.41883" lon="-70.097211">
<ele>3827.4</ele>
<time>2026-10-06T11:31:34-05:00</time>
</trkpt>
<trkpt lat="-15.418691" lon="-70.097203">
<ele>3826.4</ele>
<time>2026-10-06T11:31:36-05:00</time>
</trkpt>
<trkpt lat="-15.418551" lon="-70.097201">
<ele>3826.6</ele>
<time>2026-10-06T11:31:38-05:00</time>
</trkpt>
<trkpt lat="-15.418434" lon="-70.097161">
<ele>3826.6</ele>
<time>2026-10-06T11:31:40-05:00</time>
</trkpt>
<trkpt lat="-15.418336" lon="-70.097146">
<ele>3827.1</ele>
<time>2026-10-06T11:31:42-05:00</time>
</trkpt>
<trkpt lat="-15.418278" lon="-70.097137">
<ele>3825.8</ele>
<time>2026-10-06T11:31:44-05:00</time>
</trkpt>
<trkpt lat="-15.41826" lon="-70.097139">
<ele>3826.2</ele>
<time>2026-10-06T11:31:46-05:00</time>
</trkpt>
<trkpt lat="-15.418269" lon="-70.097156">
<ele>3825.8</ele>
<time>2026-10-06T11:31:48-05:00</time>
</trkpt>
<trkpt lat="-15.418252" lon="-70.097149">
<ele>3826.1</ele>
<time>2026-10-06T11:31:50-05:00</time>
</trkpt>
<trkpt lat="-15.418265" lon="-70.09715">
<ele>3826.1</ele>
<time>2026-10-06T11:31:52-05:00</time>
</trkpt>
<trkpt lat="-15.418254" lon="-70.097146">
<ele>3825.5</ele>
<time>2026-10-06T11:31:54-05:00</time>
</trkpt>
<trkpt lat="-15.418236" lon="-70.097146">
<ele>3825.8</ele>
<time>2026-10-06T11:31:56-05:00</time>
</trkpt>
<trkpt lat="-15.418243" lon="-70.09715">
<ele>3827.0</ele>
<time>2026-10-06T11:31:58-05:00</time>
</trkpt>
<trkpt lat="-15.418234" lon="-70.09718">
<ele>3826.5</ele>
<time>2026-10-06T11:32:00-05:00</time>
</trkpt>
<trkpt lat="-15.418229" lon="-70.097177">
<ele>3825.7</ele>
<time>2026-10-06T11:32:02-05:00</time>
</trkpt>
<trkpt lat="-15.418231" lon="-70.097185">
<ele>3826.4</ele>
<time>2026-10-06T11:32:04-05:00</time>
</trkpt>
<trkpt lat="-15.41823" lon="-70.097201">
<ele>3825.9</ele>
<time>2026-10-06T11:32:06-05:00</time>
</trkpt>
<trkpt lat="-15.418229" lon="-70.097209">
<ele>3826.3</ele>
<time>2026-10-06T11:32:08-05:00</time>
</trkpt>
<trkpt lat="-15.418256" lon="-70.0972">
<ele>3826.5</ele>
<time>2026-10-06T11:32:10-05:00</time>
</trkpt>
<trkpt lat="-15.418265" lon="-70.097199">
<ele>3826.4</ele>
<time>2026-10-06T11:32:12-05:00</time>
</trkpt>
<trkpt lat="-15.418269" lon="-70.097183">
<ele>3825.6</ele>
<time>2026-10-06T11:32:14-05:00</time>
</trkpt>
<trkpt lat="-15.41827" lon="-70.097176">
<ele>3825.8</ele>
<time>2026-10-06T11:32:16-05:00</time>
</trkpt>
<trkpt lat="-15.418238" lon="-70.097169">
<ele>3825.8</ele>
<time>2026-10-06T11:32:18-05:00</time>
</trkpt>
<trkpt lat="-15.418163" lon="-70.097173">
<ele>3826.4</ele>
<time>2026-10-06T11:32:20-05:00</time>
</trkpt>
<trkpt lat="-15.418052" lon="-70.097185">
<ele>3825.3</ele>
<time>2026-10-06T11:32:22-05:00</time>
</trkpt>
<trkpt lat="-15.417896" lon="-70.097149">
<ele>3825.3</ele>
<time>2026-10-06T11:32:24-05:00</time>
</trkpt>
<trkpt lat="-15.417735" lon="-70.097138">
<ele>3826.4</ele>
<time>2026-10-06T11:32:26-05:00</time>
</trkpt>
<trkpt lat="-15.417581" lon="-70.097127">
<ele>3826.5</ele>
<time>2026-10-06T11:32:28-05:00</time>
</trkpt>
<trkpt lat="-15.417436" lon="-70.097095">
<ele>3825.9</ele>
<time>2026-10-06T11:32:30-05:00</time>
</trkpt>
<trkpt lat="-15.417303" lon="-70.097074">
<ele>3825.9</ele>
<time>2026-10-06T11:32:32-05:00</time>
</trkpt>
<trkpt lat="-15.417175" lon="-70.097075">
<ele>3825.9</ele>
<time>2026-10-06T11:32:34-05:00</time>
</trkpt>
<trkpt lat="-15.417095" lon="-70.097063">
<ele>3825.0</ele>
<time>2026-10-06T11:32:36-05:00</time>
</trkpt>
<trkpt lat="-15.416994" lon="-70.09706">
<ele>3825.4</ele>
<time>2026-10-06T11:32:38-05:00</time>
</trkpt>
<trkpt lat="-15.416885" lon="-70.097052">
<ele>3825.5</ele>
<time>2026-10-06T11:32:40-05:00</time>
</trkpt>
<trkpt lat="-15.416768" lon="-70.097047">
<ele>3826.2</ele>
<time>2026-10-06T11:32:42-05:00</time>
</trkpt>
<trkpt lat="-15.416656" lon="-70.097026">
<ele>3825.8</ele>
<time>2026-10-06T11:32:44-05:00</time>
</trkpt>
<trkpt lat="-15.416556" lon="-70.097009">
<ele>3825.3</ele>
<time>2026-10-06T11:32:46-05:00</time>
</trkpt>
<trkpt lat="-15.416451" lon="-70.096987">
<ele>3825.6</ele>
<time>2026-10-06T11:32:48-05:00</time>
</trkpt>
<trkpt lat="-15.41634" lon="-70.096979">
<ele>3825.6</ele>
<time>2026-10-06T11:32:50-05:00</time>
</trkpt>
<trkpt lat="-15.416263" lon="-70.09697">
<ele>3825.2</ele>
<time>2026-10-06T11:32:52-05:00</time>
</trkpt>
<trkpt lat="-15.416157" lon="-70.096948">
<ele>3824.9</ele>
<time>2026-10-06T11:32:54-05:00</time>
</trkpt>
<trkpt lat="-15.416054" lon="-70.096933">
<ele>3824.5</ele>
<time>2026-10-06T11:32:56-05:00</time>
</trkpt>
<trkpt lat="-15.415969" lon="-70.096951">
<ele>3825.3</ele>
<time>2026-10-06T11:32:58-05:00</time>
</trkpt>
<trkpt lat="-15.415875" lon="-70.096943">
<ele>3824.8</ele>
<time>2026-10-06T11:33:00-05:00</time>
</trkpt>
<trkpt lat="-15.415784" lon="-70.096928">
<ele>3825.0</ele>
<time>2026-10-06T11:33:02-05:00</time>
</trkpt>
<trkpt lat="-15.415685" lon="-70.096923">
<ele>3825.5</ele>
<time>2026-10-06T11:33:04-05:00</time>
</trkpt>
<trkpt lat="-15.415577" lon="-70.09692">
<ele>3825.2</ele>
<time>2026-10-06T11:33:06-05:00</time>
</trkpt>
<trkpt lat="-15.415487" lon="-70.096901">
<ele>3824.9</ele>
<time>2026-10-06T11:33:08-05:00</time>
</trkpt>
<trkpt lat="-15.415386" lon="-70.096876">
<ele>3825.7</ele>
<time>2026-10-06T11:33:10-05:00</time>
</trkpt>
<trkpt lat="-15.415292" lon="-70.096877">
<ele>3824.8</ele>
<time>2026-10-06T11:33:12-05:00</time>
</trkpt>
<trkpt lat="-15.415199" lon="-70.096865">
<ele>3824.7</ele>
<time>2026-10-06T11:33:14-05:00</time>
</trkpt>
<trkpt lat="-15.415114" lon="-70.096852">
<ele>3825.4</ele>
<time>2026-10-06T11:33:16-05:00</time>
</trkpt>
<trkpt lat="-15.415019" lon="-70.096848">
<ele>3825.3</ele>
<time>2026-10-06T11:33:18-05:00</time>
</trkpt>
<trkpt lat="-15.414929" lon="-70.096851">
<ele>3824.4</ele>
<time>2026-10-06T11:33:20-05:00</time>
</trkpt>
<trkpt lat="-15.414845" lon="-70.096829">
<ele>3825.6</ele>
<time>2026-10-06T11:33:22-05:00</time>
</trkpt>
<trkpt lat="-15.41476" lon="-70.096812">
<ele>3825.3</ele>
<time>2026-10-06T11:33:24-05:00</time>
</trkpt>
<trkpt lat="-15.414659" lon="-70.096813">
<ele>3825.2</ele>
<time>2026-10-06T11:33:26-05:00</time>
</trkpt>
<trkpt lat="-15.414565" lon="-70.096804">
<ele>3825.2</ele>
<time>2026-10-06T11:33:28-05:00</time>
</trkpt>
<trkpt lat="-15.414475" lon="-70.096795">
<ele>3825.3</ele>
<time>2026-10-06T11:33:30-05:00</time>
</trkpt>
<trkpt lat="-15.414386" lon="-70.096779">
<ele>3825.8</ele>
<time>2026-10-06T11:33:32-05:00</time>
</trkpt>
<trkpt lat="-15.414299" lon="-70.09678">
<ele>3825.7</ele>
<time>2026-10-06T11:33:34-05:00</time>
</trkpt>
<trkpt lat="-15.414204" lon="-70.09678">
<ele>3824.8</ele>
<time>2026-10-06T11:33:36-05:00</time>
</trkpt>
<trkpt lat="-15.414094" lon="-70.096802">
<ele>3825.7</ele>
<time>2026-10-06T11:33:38-05:00</time>
</trkpt>
<trkpt lat="-15.41401" lon="-70.096788">
<ele>3825.8</ele>
<time>2026-10-06T11:33:40-05:00</time>
</trkpt>
<trkpt lat="-15.413907" lon="-70.096778">
<ele>3825.4</ele>
<time>2026-10-06T11:33:42-05:00</time>
</trkpt>
<trkpt lat="-15.413817" lon="-70.096778">
<ele>3825.7</ele>
<time>2026-10-06T11:33:44-05:00</time>
</trkpt>
<trkpt lat="-15.413701" lon="-70.096767">
<ele>3826.0</ele>
<time>2026-10-06T11:33:46-05:00</time>
</trkpt>
<trkpt lat="-15.413602" lon="-70.096764">
<ele>3825.1</ele>
<time>2026-10-06T11:33:48-05:00</time>
</trkpt>
<trkpt lat="-15.413509" lon="-70.096771">
<ele>3826.1</ele>
<time>2026-10-06T11:33:50-05:00</time>
</trkpt>
<trkpt lat="-15.413406" lon="-70.096773">
<ele>3826.3</ele>
<time>2026-10-06T11:33:52-05:00</time>
</trkpt>
<trkpt lat="-15.413299" lon="-70.09679">
<ele>3826.0</ele>
<time>2026-10-06T11:33:54-05:00</time>
</trkpt>
<trkpt lat="-15.413194" lon="-70.096783">
<ele>3825.4</ele>
<time>2026-10-06T11:33:56-05:00</time>
</trkpt>
<trkpt lat="-15.413086" lon="-70.09677">
<ele>3825.9</ele>
<time>2026-10-06T11:33:58-05:00</time>
</trkpt>
<trkpt lat="-15.413004" lon="-70.096758">
<ele>3826.3</ele>
<time>2026-10-06T11:34:00-05:00</time>
</trkpt>
<trkpt lat="-15.412909" lon="-70.096728">
<ele>3825.8</ele>
<time>2026-10-06T11:34:02-05:00</time>
</trkpt>
<trkpt lat="-15.412806" lon="-70.096711">
<ele>3826.2</ele>
<time>2026-10-06T11:34:04-05:00</time>
</trkpt>
<trkpt lat="-15.412705" lon="-70.09669">
<ele>3826.2</ele>
<time>2026-10-06T11:34:06-05:00</time>
</trkpt>
<trkpt lat="-15.412594" lon="-70.096664">
<ele>3826.0</ele>
<time>2026-10-06T11:34:08-05:00</time>
</trkpt>
<trkpt lat="-15.412511" lon="-70.096664">
<ele>3825.6</ele>
<time>2026-10-06T11:34:10-05:00</time>
</trkpt>
<trkpt lat="-15.412409" lon="-70.096659">
<ele>3825.5</ele>
<time>2026-10-06T11:34:12-05:00</time>
</trkpt>
<trkpt lat="-15.412313" lon="-70.096637">
<ele>3825.5</ele>
<time>2026-10-06T11:34:14-05:00</time>
</trkpt>
<trkpt lat="-15.412218" lon="-70.096642">
<ele>3826.3</ele>
<time>2026-10-06T11:34:16-05:00</time>
</trkpt>
<trkpt lat="-15.412117" lon="-70.096642">
<ele>3826.1</ele>
<time>2026-10-06T11:34:18-05:00</time>
</trkpt>
<trkpt lat="-15.412028" lon="-70.096622">
<ele>3826.5</ele>
<time>2026-10-06T11:34:20-05:00</time>
</trkpt>
<trkpt lat="-15.411934" lon="-70.096625">
<ele>3825.7</ele>
<time>2026-10-06T11:34:22-05:00</time>
</trkpt>
<trkpt lat="-15.411841" lon="-70.096628">
<ele>3826.0</ele>
<time>2026-10-06T11:34:24-05:00</time>
</trkpt>
<trkpt lat="-15.411756" lon="-70.096617">
<ele>3825.7</ele>
<time>2026-10-06T11:34:26-05:00</time>
</trkpt>
<trkpt lat="-15.411671" lon="-70.096606">
<ele>3825.8</ele>
<time>2026-10-06T11:34:28-05:00</time>
</trkpt>
<trkpt lat="-15.411573" lon="-70.096604">
<ele>3825.7</ele>
<time>2026-10-06T11:34:30-05:00</time>
</trkpt>
<trkpt lat="-15.411459" lon="-70.096592">
<ele>3825.8</ele>
<time>2026-10-06T11:34:32-05:00</time>
</trkpt>
<trkpt lat="-15.41132" lon="-70.096584">
<ele>3825.6</ele>
<time>2026-10-06T11:34:34-05:00</time>
</trkpt>
<trkpt lat="-15.411214" lon="-70.096594">
<ele>3825.8</ele>
<time>2026-10-06T11:34:36-05:00</time>
</trkpt>
<trkpt lat="-15.411098" lon="-70.096584">
<ele>3825.9</ele>
<time>2026-10-06T11:34:38-05:00</time>
</trkpt>
<trkpt lat="-15.410983" lon="-70.096568">
<ele>3825.4</ele>
<time>2026-10-06T11:34:40-05:00</time>
</trkpt>
<trkpt lat="-15.410869" lon="-70.096549">
<ele>3825.5</ele>
<time>2026-10-06T11:34:42-05:00</time>
</trkpt>
<trkpt lat="-15.410764" lon="-70.096541">
<ele>3826.0</ele>
<time>2026-10-06T11:34:44-05:00</time>
</trkpt>
<trkpt lat="-15.410688" lon="-70.096528">
<ele>3826.7</ele>
<time>2026-10-06T11:34:46-05:00</time>
</trkpt>
<trkpt lat="-15.410642" lon="-70.096535">
<ele>3825.6</ele>
<time>2026-10-06T11:34:48-05:00</time>
</trkpt>
<trkpt lat="-15.410628" lon="-70.096528">
<ele>3825.5</ele>
<time>2026-10-06T11:34:50-05:00</time>
</trkpt>
<trkpt lat="-15.410665" lon="-70.096482">
<ele>3826.1</ele>
<time>2026-10-06T11:34:52-05:00</time>
</trkpt>
<trkpt lat="-15.410686" lon="-70.096407">
<ele>3826.8</ele>
<time>2026-10-06T11:34:54-05:00</time>
</trkpt>
<trkpt lat="-15.410737" lon="-70.096331">
<ele>3825.6</ele>
<time>2026-10-06T11:34:56-05:00</time>
</trkpt>
<trkpt lat="-15.41081" lon="-70.096212">
<ele>3826.3</ele>
<time>2026-10-06T11:34:58-05:00</time>
</trkpt>
<trkpt lat="-15.410869" lon="-70.096102">
<ele>3826.0</ele>
<time>2026-10-06T11:35:00-05:00</time>
</trkpt>
<trkpt lat="-15.410929" lon="-70.096015">
<ele>3826.3</ele>
<time>2026-10-06T11:35:02-05:00</time>
</trkpt>
<trkpt lat="-15.410995" lon="-70.095916">
<ele>3826.9</ele>
<time>2026-10-06T11:35:04-05:00</time>
</trkpt>
<trkpt lat="-15.411053" lon="-70.095829">
<ele>3825.4</ele>
<time>2026-10-06T11:35:06-05:00</time>
</trkpt>
<trkpt lat="-15.411117" lon="-70.095742">
<ele>3826.2</ele>
<time>2026-10-06T11:35:08-05:00</time>
</trkpt>
<trkpt lat="-15.41121" lon="-70.09566">
<ele>3826.7</ele>
<time>2026-10-06T11:35:10-05:00</time>
</trkpt>
<trkpt lat="-15.411287" lon="-70.095562">
<ele>3826.8</ele>
<time>2026-10-06T11:35:12-05:00</time>
</trkpt>
<trkpt lat="-15.411344" lon="-70.095466">
<ele>3826.1</ele>
<time>2026-10-06T11:35:14-05:00</time>
</trkpt>
<trkpt lat="-15.411427" lon="-70.095364">
<ele>3825.4</ele>
<time>2026-10-06T11:35:16-05:00</time>
</trkpt>
<trkpt lat="-15.411504" lon="-70.095256">
<ele>3825.7</ele>
<time>2026-10-06T11:35:18-05:00</time>
</trkpt>
<trkpt lat="-15.411558" lon="-70.095183">
<ele>3826.2</ele>
<time>2026-10-06T11:35:20-05:00</time>
</trkpt>
<trkpt lat="-15.411632" lon="-70.095098">
<ele>3825.4</ele>
<time>2026-10-06T11:35:22-05:00</time>
</trkpt>
<trkpt lat="-15.411688" lon="-70.094984">
<ele>3826.2</ele>
<time>2026-10-06T11:35:24-05:00</time>
</trkpt>
<trkpt lat="-15.411741" lon="-70.094855">
<ele>3826.6</ele>
<time>2026-10-06T11:35:26-05:00</time>
</trkpt>
<trkpt lat="-15.411789" lon="-70.094748">
<ele>3826.0</ele>
<time>2026-10-06T11:35:28-05:00</time>
</trkpt>
<trkpt lat="-15.41183" lon="-70.094658">
<ele>3825.9</ele>
<time>2026-10-06T11:35:30-05:00</time>
</trkpt>
<trkpt lat="-15.41188" lon="-70.094549">
<ele>3825.4</ele>
<time>2026-10-06T11:35:32-05:00</time>
</trkpt>
<trkpt lat="-15.41191" lon="-70.094427">
<ele>3826.4</ele>
<time>2026-10-06T11:35:34-05:00</time>
</trkpt>
<trkpt lat="-15.411928" lon="-70.094303">
<ele>3825.8</ele>
<time>2026-10-06T11:35:36-05:00</time>
</trkpt>
<trkpt lat="-15.411945" lon="-70.094193">
<ele>3825.3</ele>
<time>2026-10-06T11:35:38-05:00</time>
</trkpt>
<trkpt lat="-15.411936" lon="-70.094079">
<ele>3826.6</ele>
<time>2026-10-06T11:35:40-05:00</time>
</trkpt>
<trkpt lat="-15.411944" lon="-70.093971">
<ele>3825.5</ele>
<time>2026-10-06T11:35:42-05:00</time>
</trkpt>
<trkpt lat="-15.411968" lon="-70.093856">
<ele>3825.5</ele>
<time>2026-10-06T11:35:44-05:00</time>
</trkpt>
<trkpt lat="-15.411955" lon="-70.093725">
<ele>3825.8</ele>
<time>2026-10-06T11:35:46-05:00</time>
</trkpt>
<trkpt lat="-15.411949" lon="-70.093597">
<ele>3825.5</ele>
<time>2026-10-06T11:35:48-05:00</time>
</trkpt>
<trkpt lat="-15.411939" lon="-70.093475">
<ele>3825.8</ele>
<time>2026-10-06T11:35:50-05:00</time>
</trkpt>
<trkpt lat="-15.411911" lon="-70.093358">
<ele>3825.9</ele>
<time>2026-10-06T11:35:52-05:00</time>
</trkpt>
<trkpt lat="-15.41189" lon="-70.093257">
<ele>3826.2</ele>
<time>2026-10-06T11:35:54-05:00</time>
</trkpt>
<trkpt lat="-15.411865" lon="-70.093131">
<ele>3826.3</ele>
<time>2026-10-06T11:35:56-05:00</time>
</trkpt>
<trkpt lat="-15.411838" lon="-70.092998">
<ele>3825.3</ele>
<time>2026-10-06T11:35:58-05:00</time>
</trkpt>
<trkpt lat="-15.411807" lon="-70.092889">
<ele>3825.3</ele>
<time>2026-10-06T11:36:00-05:00</time>
</trkpt>
<trkpt lat="-15.411774" lon="-70.092789">
<ele>3826.1</ele>
<time>2026-10-06T11:36:02-05:00</time>
</trkpt>
<trkpt lat="-15.411739" lon="-70.092692">
<ele>3825.9</ele>
<time>2026-10-06T11:36:04-05:00</time>
</trkpt>
<trkpt lat="-15.41169" lon="-70.092574">
<ele>3825.4</ele>
<time>2026-10-06T11:36:06-05:00</time>
</trkpt>
<trkpt lat="-15.411641" lon="-70.092475">
<ele>3825.6</ele>
<time>2026-10-06T11:36:08-05:00</time>
</trkpt>
<trkpt lat="-15.411583" lon="-70.092356">
<ele>3826.0</ele>
<time>2026-10-06T11:36:10-05:00</time>
</trkpt>
<trkpt lat="-15.411512" lon="-70.092242">
<ele>3826.3</ele>
<time>2026-10-06T11:36:12-05:00</time>
</trkpt>
<trkpt lat="-15.411439" lon="-70.092138">
<ele>3825.4</ele>
<time>2026-10-06T11:36:14-05:00</time>
</trkpt>
<trkpt lat="-15.411364" lon="-70.09205">
<ele>3825.7</ele>
<time>2026-10-06T11:36:16-05:00</time>
</trkpt>
<trkpt lat="-15.411282" lon="-70.091965">
<ele>3825.9</ele>
<time>2026-10-06T11:36:18-05:00</time>
</trkpt>
<trkpt lat="-15.411199" lon="-70.09188">
<ele>3825.6</ele>
<time>2026-10-06T11:36:20-05:00</time>
</trkpt>
<trkpt lat="-15.411103" lon="-70.09181">
<ele>3825.8</ele>
<time>2026-10-06T11:36:22-05:00</time>
</trkpt>
<trkpt lat="-15.411004" lon="-70.091751">
<ele>3826.8</ele>
<time>2026-10-06T11:36:24-05:00</time>
</trkpt>
<trkpt lat="-15.410911" lon="-70.091672">
<ele>3825.7</ele>
<time>2026-10-06T11:36:26-05:00</time>
</trkpt>
<trkpt lat="-15.410821" lon="-70.091601">
<ele>3826.3</ele>
<time>2026-10-06T11:36:28-05:00</time>
</trkpt>
<trkpt lat="-15.41072" lon="-70.091554">
<ele>3826.3</ele>
<time>2026-10-06T11:36:30-05:00</time>
</trkpt>
<trkpt lat="-15.410615" lon="-70.091504">
<ele>3825.5</ele>
<time>2026-10-06T11:36:32-05:00</time>
</trkpt>
<trkpt lat="-15.410518" lon="-70.091454">
<ele>3826.0</ele>
<time>2026-10-06T11:36:34-05:00</time>
</trkpt>
<trkpt lat="-15.410398" lon="-70.091406">
<ele>3825.3</ele>
<time>2026-10-06T11:36:36-05:00</time>
</trkpt>
<trkpt lat="-15.410295" lon="-70.091351">
<ele>3825.8</ele>
<time>2026-10-06T11:36:38-05:00</time>
</trkpt>
<trkpt lat="-15.410183" lon="-70.091315">
<ele>3826.1</ele>
<time>2026-10-06T11:36:40-05:00</time>
</trkpt>
<trkpt lat="-15.410084" lon="-70.091285">
<ele>3825.8</ele>
<time>2026-10-06T11:36:42-05:00</time>
</trkpt>
<trkpt lat="-15.409991" lon="-70.091274">
<ele>3825.7</ele>
<time>2026-10-06T11:36:44-05:00</time>
</trkpt>
<trkpt lat="-15.40987" lon="-70.09126">
<ele>3826.0</ele>
<time>2026-10-06T11:36:46-05:00</time>
</trkpt>
<trkpt lat="-15.409746" lon="-70.091239">
<ele>3825.9</ele>
<time>2026-10-06T11:36:48-05:00</time>
</trkpt>
<trkpt lat="-15.409649" lon="-70.091218">
<ele>3826.5</ele>
<time>2026-10-06T11:36:50-05:00</time>
</trkpt>
<trkpt lat="-15.409533" lon="-70.091217">
<ele>3826.1</ele>
<time>2026-10-06T11:36:52-05:00</time>
</trkpt>
<trkpt lat="-15.409403" lon="-70.091224">
<ele>3825.9</ele>
<time>2026-10-06T11:36:54-05:00</time>
</trkpt>
<trkpt lat="-15.409278" lon="-70.091226">
<ele>3826.2</ele>
<time>2026-10-06T11:36:56-05:00</time>
</trkpt>
<trkpt lat="-15.409146" lon="-70.09124">
<ele>3826.0</ele>
<time>2026-10-06T11:36:58-05:00</time>
</trkpt>
<trkpt lat="-15.409033" lon="-70.091251">
<ele>3825.6</ele>
<time>2026-10-06T11:37:00-05:00</time>
</trkpt>
<trkpt lat="-15.408935" lon="-70.091281">
<ele>3825.9</ele>
<time>2026-10-06T11:37:02-05:00</time>
</trkpt>
<trkpt lat="-15.408817" lon="-70.091307">
<ele>3826.0</ele>
<time>2026-10-06T11:37:04-05:00</time>
</trkpt>
<trkpt lat="-15.408713" lon="-70.091342">
<ele>3826.2</ele>
<time>2026-10-06T11:37:06-05:00</time>
</trkpt>
<trkpt lat="-15.408604" lon="-70.09138">
<ele>3826.0</ele>
<time>2026-10-06T11:37:08-05:00</time>
</trkpt>
<trkpt lat="-15.408501" lon="-70.091403">
<ele>3826.0</ele>
<time>2026-10-06T11:37:10-05:00</time>
</trkpt>
<trkpt lat="-15.408416" lon="-70.091442">
<ele>3826.6</ele>
<time>2026-10-06T11:37:12-05:00</time>
</trkpt>
<trkpt lat="-15.40832" lon="-70.09149">
<ele>3826.2</ele>
<time>2026-10-06T11:37:14-05:00</time>
</trkpt>
<trkpt lat="-15.408215" lon="-70.091566">
<ele>3826.0</ele>
<time>2026-10-06T11:37:16-05:00</time>
</trkpt>
<trkpt lat="-15.408117" lon="-70.091625">
<ele>3825.9</ele>
<time>2026-10-06T11:37:18-05:00</time>
</trkpt>
<trkpt lat="-15.408031" lon="-70.091685">
<ele>3825.8</ele>
<time>2026-10-06T11:37:20-05:00</time>
</trkpt>
<trkpt lat="-15.407947" lon="-70.091768">
<ele>3825.8</ele>
<time>2026-10-06T11:37:22-05:00</time>
</trkpt>
<trkpt lat="-15.407863" lon="-70.091851">
<ele>3826.3</ele>
<time>2026-10-06T11:37:24-05:00</time>
</trkpt>
<trkpt lat="-15.407789" lon="-70.091921">
<ele>3825.8</ele>
<time>2026-10-06T11:37:26-05:00</time>
</trkpt>
<trkpt lat="-15.407693" lon="-70.092009">
<ele>3825.7</ele>
<time>2026-10-06T11:37:28-05:00</time>
</trkpt>
<trkpt lat="-15.407613" lon="-70.092076">
<ele>3826.0</ele>
<time>2026-10-06T11:37:30-05:00</time>
</trkpt>
<trkpt lat="-15.407527" lon="-70.092171">
<ele>3826.3</ele>
<time>2026-10-06T11:37:32-05:00</time>
</trkpt>
<trkpt lat="-15.407448" lon="-70.092249">
<ele>3826.1</ele>
<time>2026-10-06T11:37:34-05:00</time>
</trkpt>
<trkpt lat="-15.407381" lon="-70.092344">
<ele>3826.2</ele>
<time>2026-10-06T11:37:36-05:00</time>
</trkpt>
<trkpt lat="-15.407306" lon="-70.092453">
<ele>3826.0</ele>
<time>2026-10-06T11:37:38-05:00</time>
</trkpt>
<trkpt lat="-15.40727" lon="-70.092568">
<ele>3825.6</ele>
<time>2026-10-06T11:37:40-05:00</time>
</trkpt>
<trkpt lat="-15.407209" lon="-70.092683">
<ele>3825.7</ele>
<time>2026-10-06T11:37:42-05:00</time>
</trkpt>
<trkpt lat="-15.407172" lon="-70.092804">
<ele>3825.9</ele>
<time>2026-10-06T11:37:44-05:00</time>
</trkpt>
<trkpt lat="-15.407147" lon="-70.092906">
<ele>3825.8</ele>
<time>2026-10-06T11:37:46-05:00</time>
</trkpt>
<trkpt lat="-15.407117" lon="-70.09302">
<ele>3825.8</ele>
<time>2026-10-06T11:37:48-05:00</time>
</trkpt>
<trkpt lat="-15.407086" lon="-70.09314">
<ele>3826.3</ele>
<time>2026-10-06T11:37:50-05:00</time>
</trkpt>
<trkpt lat="-15.407071" lon="-70.093246">
<ele>3826.3</ele>
<time>2026-10-06T11:37:52-05:00</time>
</trkpt>
<trkpt lat="-15.407031" lon="-70.093342">
<ele>3825.7</ele>
<time>2026-10-06T11:37:54-05:00</time>
</trkpt>
<trkpt lat="-15.406997" lon="-70.093462">
<ele>3825.5</ele>
<time>2026-10-06T11:37:56-05:00</time>
</trkpt>
<trkpt lat="-15.406996" lon="-70.09358">
<ele>3825.9</ele>
<time>2026-10-06T11:37:58-05:00</time>
</trkpt>
<trkpt lat="-15.406977" lon="-70.093692">
<ele>3826.6</ele>
<time>2026-10-06T11:38:00-05:00</time>
</trkpt>
<trkpt lat="-15.406985" lon="-70.0938">
<ele>3825.8</ele>
<time>2026-10-06T11:38:02-05:00</time>
</trkpt>
<trkpt lat="-15.406994" lon="-70.093939">
<ele>3825.6</ele>
<time>2026-10-06T11:38:04-05:00</time>
</trkpt>
<trkpt lat="-15.407002" lon="-70.094071">
<ele>3825.3</ele>
<time>2026-10-06T11:38:06-05:00</time>
</trkpt>
<trkpt lat="-15.40702" lon="-70.094188">
<ele>3826.4</ele>
<time>2026-10-06T11:38:08-05:00</time>
</trkpt>
<trkpt lat="-15.407028" lon="-70.094306">
<ele>3826.3</ele>
<time>2026-10-06T11:38:10-05:00</time>
</trkpt>
<trkpt lat="-15.407056" lon="-70.094425">
<ele>3825.8</ele>
<time>2026-10-06T11:38:12-05:00</time>
</trkpt>
<trkpt lat="-15.407072" lon="-70.094529">
<ele>3826.4</ele>
<time>2026-10-06T11:38:14-05:00</time>
</trkpt>
<trkpt lat="-15.407117" lon="-70.094641">
<ele>3825.3</ele>
<time>2026-10-06T11:38:16-05:00</time>
</trkpt>
<trkpt lat="-15.407166" lon="-70.094749">
<ele>3825.7</ele>
<time>2026-10-06T11:38:18-05:00</time>
</trkpt>
<trkpt lat="-15.407215" lon="-70.094855">
<ele>3825.6</ele>
<time>2026-10-06T11:38:20-05:00</time>
</trkpt>
<trkpt lat="-15.407288" lon="-70.09494">
<ele>3826.0</ele>
<time>2026-10-06T11:38:22-05:00</time>
</trkpt>
<trkpt lat="-15.407368" lon="-70.095048">
<ele>3826.6</ele>
<time>2026-10-06T11:38:24-05:00</time>
</trkpt>
<trkpt lat="-15.407428" lon="-70.095149">
<ele>3825.8</ele>
<time>2026-10-06T11:38:26-05:00</time>
</trkpt>
<trkpt lat="-15.407474" lon="-70.095247">
<ele>3825.4</ele>
<time>2026-10-06T11:38:28-05:00</time>
</trkpt>
<trkpt lat="-15.407519" lon="-70.095354">
<ele>3825.8</ele>
<time>2026-10-06T11:38:30-05:00</time>
</trkpt>
<trkpt lat="-15.407544" lon="-70.095461">
<ele>3825.7</ele>
<time>2026-10-06T11:38:32-05:00</time>
</trkpt>
<trkpt lat="-15.407557" lon="-70.095559">
<ele>3825.3</ele>
<time>2026-10-06T11:38:34-05:00</time>
</trkpt>
<trkpt lat="-15.407566" lon="-70.095651">
<ele>3825.9</ele>
<time>2026-10-06T11:38:36-05:00</time>
</trkpt>
<trkpt lat="-15.407566" lon="-70.095715">
<ele>3826.2</ele>
<time>2026-10-06T11:38:38-05:00</time>
</trkpt>
<trkpt lat="-15.407578" lon="-70.095747">
<ele>3825.3</ele>
<time>2026-10-06T11:38:40-05:00</time>
</trkpt>
<trkpt lat="-15.407539" lon="-70.095755">
<ele>3826.2</ele>
<time>2026-10-06T11:38:42-05:00</time>
</trkpt>
<trkpt lat="-15.407446" lon="-70.09572">
<ele>3825.8</ele>
<time>2026-10-06T11:38:44-05:00</time>
</trkpt>
<trkpt lat="-15.407335" lon="-70.095688">
<ele>3826.0</ele>
<time>2026-10-06T11:38:46-05:00</time>
</trkpt>
<trkpt lat="-15.407196" lon="-70.095633">
<ele>3826.4</ele>
<time>2026-10-06T11:38:48-05:00</time>
</trkpt>
<trkpt lat="-15.40705" lon="-70.095586">
<ele>3826.3</ele>
<time>2026-10-06T11:38:50-05:00</time>
</trkpt>
<trkpt lat="-15.406904" lon="-70.095546">
<ele>3825.8</ele>
<time>2026-10-06T11:38:52-05:00</time>
</trkpt>
<trkpt lat="-15.406761" lon="-70.095495">
<ele>3826.0</ele>
<time>2026-10-06T11:38:54-05:00</time>
</trkpt>
<trkpt lat="-15.40666" lon="-70.095467">
<ele>3826.0</ele>
<time>2026-10-06T11:38:56-05:00</time>
</trkpt>
<trkpt lat="-15.406609" lon="-70.095457">
<ele>3826.3</ele>
<time>2026-10-06T11:38:58-05:00</time>
</trkpt>
<trkpt lat="-15.40658" lon="-70.095436">
<ele>3827.2</ele>
<time>2026-10-06T11:39:00-05:00</time>
</trkpt>
</trkseg>
</trk>
</gpx>