<?xml version="1.0" encoding="UTF-8"?>
<gpx xmlns="http://www.topografix.com/GPX/1/1" xmlns:xsi="http://www.w3.org/2001/XMLSchema-instance" xsi:schemaLocation="http://www.topografix.com/GPX/1/1 http://www.topografix.com/GPX/1/1/gpx.xsd" version="1.1" creator="JuliacaBus-DS">
<metadata>
<name>ESCURI-MOLINA-L23</name>
<time>2026-10-06T15:05:00-05:00</time>
<keywords>linea L23, vuelta</keywords>
</metadata>
<trk>
<name>ESCURI-MOLINA-L23</name>
<trkseg>
<trkpt lat="-15.457081" lon="-70.1092">
<ele>3823.7</ele>
<time>2026-10-06T15:05:00-05:00</time>
</trkpt>
<trkpt lat="-15.457094" lon="-70.1092">
<ele>3824.4</ele>
<time>2026-10-06T15:05:02-05:00</time>
</trkpt>
<trkpt lat="-15.457107" lon="-70.10921">
<ele>3824.0</ele>
<time>2026-10-06T15:05:04-05:00</time>
</trkpt>
<trkpt lat="-15.457122" lon="-70.109208">
<ele>3824.0</ele>
<time>2026-10-06T15:05:06-05:00</time>
</trkpt>
<trkpt lat="-15.457134" lon="-70.109222">
<ele>3824.8</ele>
<time>2026-10-06T15:05:08-05:00</time>
</trkpt>
<trkpt lat="-15.457113" lon="-70.109273">
<ele>3824.1</ele>
<time>2026-10-06T15:05:10-05:00</time>
</trkpt>
<trkpt lat="-15.45718" lon="-70.109322">
<ele>3824.4</ele>
<time>2026-10-06T15:05:12-05:00</time>
</trkpt>
<trkpt lat="-15.457262" lon="-70.109396">
<ele>3824.0</ele>
<time>2026-10-06T15:05:14-05:00</time>
</trkpt>
<trkpt lat="-15.457347" lon="-70.109456">
<ele>3824.5</ele>
<time>2026-10-06T15:05:16-05:00</time>
</trkpt>
<trkpt lat="-15.457453" lon="-70.109519">
<ele>3824.6</ele>
<time>2026-10-06T15:05:18-05:00</time>
</trkpt>
<trkpt lat="-15.457559" lon="-70.109584">
<ele>3824.7</ele>
<time>2026-10-06T15:05:20-05:00</time>
</trkpt>
<trkpt lat="-15.457653" lon="-70.109651">
<ele>3825.1</ele>
<time>2026-10-06T15:05:22-05:00</time>
</trkpt>
<trkpt lat="-15.457769" lon="-70.109731">
<ele>3823.9</ele>
<time>2026-10-06T15:05:24-05:00</time>
</trkpt>
<trkpt lat="-15.457869" lon="-70.1098">
<ele>3824.5</ele>
<time>2026-10-06T15:05:26-05:00</time>
</trkpt>
<trkpt lat="-15.457953" lon="-70.10985">
<ele>3824.9</ele>
<time>2026-10-06T15:05:28-05:00</time>
</trkpt>
<trkpt lat="-15.458045" lon="-70.109919">
<ele>3824.3</ele>
<time>2026-10-06T15:05:30-05:00</time>
</trkpt>
<trkpt lat="-15.45814" lon="-70.109975">
<ele>3825.8</ele>
<time>2026-10-06T15:05:32-05:00</time>
</trkpt>
<trkpt lat="-15.458201" lon="-70.110027">
<ele>3825.2</ele>
<time>2026-10-06T15:05:34-05:00</time>
</trkpt>
<trkpt lat="-15.458279" lon="-70.110071">
<ele>3824.6</ele>
<time>2026-10-06T15:05:36-05:00</time>
</trkpt>
<trkpt lat="-15.458353" lon="-70.110141">
<ele>3824.5</ele>
<time>2026-10-06T15:05:38-05:00</time>
</trkpt>
<trkpt lat="-15.458448" lon="-70.11021">
<ele>3824.2</ele>
<time>2026-10-06T15:05:40-05:00</time>
</trkpt>
<trkpt lat="-15.458551" lon="-70.11026">
<ele>3824.4</ele>
<time>2026-10-06T15:05:42-05:00</time>
</trkpt>
<trkpt lat="-15.45864" lon="-70.110324">
<ele>3824.4</ele>
<time>2026-10-06T15:05:44-05:00</time>
</trkpt>
<trkpt lat="-15.458732" lon="-70.110376">
<ele>3823.3</ele>
<time>2026-10-06T15:05:46-05:00</time>
</trkpt>
<trkpt lat="-15.458838" lon="-70.110447">
<ele>3824.3</ele>
<time>2026-10-06T15:05:48-05:00</time>
</trkpt>
<trkpt lat="-15.458936" lon="-70.110481">
<ele>3824.3</ele>
<time>2026-10-06T15:05:50-05:00</time>
</trkpt>
<trkpt lat="-15.459004" lon="-70.110525">
<ele>3825.2</ele>
<time>2026-10-06T15:05:52-05:00</time>
</trkpt>
<trkpt lat="-15.459088" lon="-70.110559">
<ele>3824.1</ele>
<time>2026-10-06T15:05:54-05:00</time>
</trkpt>
<trkpt lat="-15.459157" lon="-70.110623">
<ele>3824.4</ele>
<time>2026-10-06T15:05:56-05:00</time>
</trkpt>
<trkpt lat="-15.459247" lon="-70.110665">
<ele>3825.1</ele>
<time>2026-10-06T15:05:58-05:00</time>
</trkpt>
<trkpt lat="-15.459312" lon="-70.110727">
<ele>3824.3</ele>
<time>2026-10-06T15:06:00-05:00</time>
</trkpt>
<trkpt lat="-15.459391" lon="-70.110772">
<ele>3824.8</ele>
<time>2026-10-06T15:06:02-05:00</time>
</trkpt>
<trkpt lat="-15.459472" lon="-70.110842">
<ele>3824.6</ele>
<time>2026-10-06T15:06:04-05:00</time>
</trkpt>
<trkpt lat="-15.459546" lon="-70.110905">
<ele>3824.8</ele>
<time>2026-10-06T15:06:06-05:00</time>
</trkpt>
<trkpt lat="-15.459662" lon="-70.11097">
<ele>3825.2</ele>
<time>2026-10-06T15:06:08-05:00</time>
</trkpt>
<trkpt lat="-15.459746" lon="-70.111027">
<ele>3824.6</ele>
<time>2026-10-06T15:06:10-05:00</time>
</trkpt>
<trkpt lat="-15.459837" lon="-70.111089">
<ele>3824.4</ele>
<time>2026-10-06T15:06:12-05:00</time>
</trkpt>
<trkpt lat="-15.459935" lon="-70.111142">
<ele>3824.1</ele>
<time>2026-10-06T15:06:14-05:00</time>
</trkpt>
<trkpt lat="-15.460007" lon="-70.111191">
<ele>3824.2</ele>
<time>2026-10-06T15:06:16-05:00</time>
</trkpt>
<trkpt lat="-15.460065" lon="-70.111232">
<ele>3824.2</ele>
<time>2026-10-06T15:06:18-05:00</time>
</trkpt>
<trkpt lat="-15.46014" lon="-70.111285">
<ele>3824.1</ele>
<time>2026-10-06T15:06:20-05:00</time>
</trkpt>
<trkpt lat="-15.460203" lon="-70.111349">
<ele>3823.7</ele>
<time>2026-10-06T15:06:22-05:00</time>
</trkpt>
<trkpt lat="-15.460272" lon="-70.111413">
<ele>3823.5</ele>
<time>2026-10-06T15:06:24-05:00</time>
</trkpt>
<trkpt lat="-15.460354" lon="-70.111452">
<ele>3824.5</ele>
<time>2026-10-06T15:06:26-05:00</time>
</trkpt>
<trkpt lat="-15.460414" lon="-70.111513">
<ele>3824.4</ele>
<time>2026-10-06T15:06:28-05:00</time>
</trkpt>
<trkpt lat="-15.460479" lon="-70.111572">
<ele>3824.1</ele>
<time>2026-10-06T15:06:30-05:00</time>
</trkpt>
<trkpt lat="-15.460563" lon="-70.111634">
<ele>3824.3</ele>
<time>2026-10-06T15:06:32-05:00</time>
</trkpt>
<trkpt lat="-15.460654" lon="-70.11169">
<ele>3823.5</ele>
<time>2026-10-06T15:06:34-05:00</time>
</trkpt>
<trkpt lat="-15.46074" lon="-70.111749">
<ele>3823.5</ele>
<time>2026-10-06T15:06:36-05:00</time>
</trkpt>
<trkpt lat="-15.460825" lon="-70.111816">
<ele>3824.3</ele>
<time>2026-10-06T15:06:38-05:00</time>
</trkpt>
<trkpt lat="-15.460911" lon="-70.111885">
<ele>3823.7</ele>
<time>2026-10-06T15:06:40-05:00</time>
</trkpt>
<trkpt lat="-15.461009" lon="-70.111965">
<ele>3824.4</ele>
<time>2026-10-06T15:06:42-05:00</time>
</trkpt>
<trkpt lat="-15.461085" lon="-70.112015">
<ele>3824.0</ele>
<time>2026-10-06T15:06:44-05:00</time>
</trkpt>
<trkpt lat="-15.461185" lon="-70.112071">
<ele>3824.1</ele>
<time>2026-10-06T15:06:46-05:00</time>
</trkpt>
<trkpt lat="-15.461264" lon="-70.112147">
<ele>3824.2</ele>
<time>2026-10-06T15:06:48-05:00</time>
</trkpt>
<trkpt lat="-15.461319" lon="-70.112178">
<ele>3824.4</ele>
<time>2026-10-06T15:06:50-05:00</time>
</trkpt>
<trkpt lat="-15.461321" lon="-70.112203">
<ele>3824.3</ele>
<time>2026-10-06T15:06:52-05:00</time>
</trkpt>
<trkpt lat="-15.461327" lon="-70.112189">
<ele>3824.0</ele>
<time>2026-10-06T15:06:54-05:00</time>
</trkpt>
<trkpt lat="-15.461324" lon="-70.112205">
<ele>3823.7</ele>
<time>2026-10-06T15:06:56-05:00</time>
</trkpt>
<trkpt lat="-15.46132" lon="-70.112191">
<ele>3824.5</ele>
<time>2026-10-06T15:06:58-05:00</time>
</trkpt>
<trkpt lat="-15.461333" lon="-70.112174">
<ele>3824.4</ele>
<time>2026-10-06T15:07:00-05:00</time>
</trkpt>
<trkpt lat="-15.461325" lon="-70.112181">
<ele>3824.5</ele>
<time>2026-10-06T15:07:02-05:00</time>
</trkpt>
<trkpt lat="-15.461341" lon="-70.112193">
<ele>3823.8</ele>
<time>2026-10-06T15:07:04-05:00</time>
</trkpt>
<trkpt lat="-15.461383" lon="-70.112206">
<ele>3824.6</ele>
<time>2026-10-06T15:07:06-05:00</time>
</trkpt>
<trkpt lat="-15.461462" lon="-70.112239">
<ele>3824.0</ele>
<time>2026-10-06T15:07:08-05:00</time>
</trkpt>
<trkpt lat="-15.46156" lon="-70.11233">
<ele>3824.2</ele>
<time>2026-10-06T15:07:10-05:00</time>
</trkpt>
<trkpt lat="-15.461667" lon="-70.112424">
<ele>3824.6</ele>
<time>2026-10-06T15:07:12-05:00</time>
</trkpt>
<trkpt lat="-15.461762" lon="-70.112506">
<ele>3824.5</ele>
<time>2026-10-06T15:07:14-05:00</time>
</trkpt>
<trkpt lat="-15.46186" lon="-70.112579">
<ele>3824.8</ele>
<time>2026-10-06T15:07:16-05:00</time>
</trkpt>
<trkpt lat="-15.461914" lon="-70.112653">
<ele>3824.2</ele>
<time>2026-10-06T15:07:18-05:00</time>
</trkpt>
<trkpt lat="-15.461942" lon="-70.112728">
<ele>3824.2</ele>
<time>2026-10-06T15:07:20-05:00</time>
</trkpt>
<trkpt lat="-15.461982" lon="-70.112845">
<ele>3823.7</ele>
<time>2026-10-06T15:07:22-05:00</time>
</trkpt>
<trkpt lat="-15.461991" lon="-70.112888">
<ele>3824.1</ele>
<time>2026-10-06T15:07:24-05:00</time>
</trkpt>
<trkpt lat="-15.461972" lon="-70.112912">
<ele>3823.9</ele>
<time>2026-10-06T15:07:26-05:00</time>
</trkpt>
<trkpt lat="-15.461928" lon="-70.112961">
<ele>3824.0</ele>
<time>2026-10-06T15:07:28-05:00</time>
</trkpt>
<trkpt lat="-15.461876" lon="-70.113019">
<ele>3824.1</ele>
<time>2026-10-06T15:07:30-05:00</time>
</trkpt>
<trkpt lat="-15.461792" lon="-70.113083">
<ele>3824.2</ele>
<time>2026-10-06T15:07:32-05:00</time>
</trkpt>
<trkpt lat="-15.461721" lon="-70.113158">
<ele>3823.5</ele>
<time>2026-10-06T15:07:34-05:00</time>
</trkpt>
<trkpt lat="-15.461626" lon="-70.113226">
<ele>3823.4</ele>
<time>2026-10-06T15:07:36-05:00</time>
</trkpt>
<trkpt lat="-15.461599" lon="-70.113339">
<ele>3824.5</ele>
<time>2026-10-06T15:07:38-05:00</time>
</trkpt>
<trkpt lat="-15.461588" lon="-70.11344">
<ele>3824.7</ele>
<time>2026-10-06T15:07:40-05:00</time>
</trkpt>
<trkpt lat="-15.461567" lon="-70.113549">
<ele>3824.5</ele>
<time>2026-10-06T15:07:42-05:00</time>
</trkpt>
<trkpt lat="-15.461543" lon="-70.113655">
<ele>3824.7</ele>
<time>2026-10-06T15:07:44-05:00</time>
</trkpt>
<trkpt lat="-15.461529" lon="-70.113737">
<ele>3825.1</ele>
<time>2026-10-06T15:07:46-05:00</time>
</trkpt>
<trkpt lat="-15.461523" lon="-70.113812">
<ele>3824.3</ele>
<time>2026-10-06T15:07:48-05:00</time>
</trkpt>
<trkpt lat="-15.461505" lon="-70.113895">
<ele>3824.9</ele>
<time>2026-10-06T15:07:50-05:00</time>
</trkpt>
<trkpt lat="-15.461496" lon="-70.113985">
<ele>3825.1</ele>
<time>2026-10-06T15:07:52-05:00</time>
</trkpt>
<trkpt lat="-15.461469" lon="-70.114082">
<ele>3824.7</ele>
<time>2026-10-06T15:07:54-05:00</time>
</trkpt>
<trkpt lat="-15.461459" lon="-70.114167">
<ele>3825.4</ele>
<time>2026-10-06T15:07:56-05:00</time>
</trkpt>
<trkpt lat="-15.461437" lon="-70.114292">
<ele>3825.0</ele>
<time>2026-10-06T15:07:58-05:00</time>
</trkpt>
<trkpt lat="-15.461422" lon="-70.11438">
<ele>3824.0</ele>
<time>2026-10-06T15:08:00-05:00</time>
</trkpt>
<trkpt lat="-15.461409" lon="-70.114456">
<ele>3824.4</ele>
<time>2026-10-06T15:08:02-05:00</time>
</trkpt>
<trkpt lat="-15.461422" lon="-70.114495">
<ele>3824.7</ele>
<time>2026-10-06T15:08:04-05:00</time>
</trkpt>
<trkpt lat="-15.461417" lon="-70.114548">
<ele>3824.8</ele>
<time>2026-10-06T15:08:06-05:00</time>
</trkpt>
<trkpt lat="-15.461478" lon="-70.11455">
<ele>3824.7</ele>
<time>2026-10-06T15:08:08-05:00</time>
</trkpt>
<trkpt lat="-15.461569" lon="-70.114541">
<ele>3824.3</ele>
<time>2026-10-06T15:08:10-05:00</time>
</trkpt>
<trkpt lat="-15.461665" lon="-70.114525">
<ele>3824.5</ele>
<time>2026-10-06T15:08:12-05:00</time>
</trkpt>
<trkpt lat="-15.461781" lon="-70.114524">
<ele>3824.7</ele>
<time>2026-10-06T15:08:14-05:00</time>
</trkpt>
<trkpt lat="-15.461916" lon="-70.114523">
<ele>3824.7</ele>
<time>2026-10-06T15:08:16-05:00</time>
</trkpt>
<trkpt lat="-15.462037" lon="-70.114523">
<ele>3824.5</ele>
<time>2026-10-06T15:08:18-05:00</time>
</trkpt>
<trkpt lat="-15.462132" lon="-70.114506">
<ele>3824.6</ele>
<time>2026-10-06T15:08:20-05:00</time>
</trkpt>
<trkpt lat="-15.462197" lon="-70.114524">
<ele>3825.1</ele>
<time>2026-10-06T15:08:22-05:00</time>
</trkpt>
<trkpt lat="-15.462207" lon="-70.114541">
<ele>3824.3</ele>
<time>2026-10-06T15:08:24-05:00</time>
</trkpt>
<trkpt lat="-15.462203" lon="-70.114536">
<ele>3825.1</ele>
<time>2026-10-06T15:08:26-05:00</time>
</trkpt>
<trkpt lat="-15.462218" lon="-70.11454">
<ele>3825.5</ele>
<time>2026-10-06T15:08:28-05:00</time>
</trkpt>
<trkpt lat="-15.462221" lon="-70.114551">
<ele>3824.2</ele>
<time>2026-10-06T15:08:30-05:00</time>
</trkpt>
<trkpt lat="-15.46223" lon="-70.114548">
<ele>3825.8</ele>
<time>2026-10-06T15:08:32-05:00</time>
</trkpt>
<trkpt lat="-15.462224" lon="-70.114522">
<ele>3825.4</ele>
<time>2026-10-06T15:08:34-05:00</time>
</trkpt>
<trkpt lat="-15.462228" lon="-70.114506">
<ele>3824.9</ele>
<time>2026-10-06T15:08:36-05:00</time>
</trkpt>
<trkpt lat="-15.46222" lon="-70.114512">
<ele>3825.5</ele>
<time>2026-10-06T15:08:38-05:00</time>
</trkpt>
<trkpt lat="-15.46222" lon="-70.114541">
<ele>3825.7</ele>
<time>2026-10-06T15:08:40-05:00</time>
</trkpt>
<trkpt lat="-15.462221" lon="-70.114534">
<ele>3825.0</ele>
<time>2026-10-06T15:08:42-05:00</time>
</trkpt>
<trkpt lat="-15.462211" lon="-70.114551">
<ele>3824.5</ele>
<time>2026-10-06T15:08:44-05:00</time>
</trkpt>
<trkpt lat="-15.462222" lon="-70.114542">
<ele>3825.2</ele>
<time>2026-10-06T15:08:46-05:00</time>
</trkpt>
<trkpt lat="-15.462229" lon="-70.114533">
<ele>3825.2</ele>
<time>2026-10-06T15:08:48-05:00</time>
</trkpt>
<trkpt lat="-15.462236" lon="-70.11454">
<ele>3825.3</ele>
<time>2026-10-06T15:08:50-05:00</time>
</trkpt>
<trkpt lat="-15.462268" lon="-70.114536">
<ele>3824.9</ele>
<time>2026-10-06T15:08:52-05:00</time>
</trkpt>
<trkpt lat="-15.46232" lon="-70.11451">
<ele>3824.6</ele>
<time>2026-10-06T15:08:54-05:00</time>
</trkpt>
<trkpt lat="-15.462393" lon="-70.114507">
<ele>3825.2</ele>
<time>2026-10-06T15:08:56-05:00</time>
</trkpt>
<trkpt lat="-15.462505" lon="-70.114484">
<ele>3824.2</ele>
<time>2026-10-06T15:08:58-05:00</time>
</trkpt>
<trkpt lat="-15.462625" lon="-70.114455">
<ele>3824.8</ele>
<time>2026-10-06T15:09:00-05:00</time>
</trkpt>
<trkpt lat="-15.462736" lon="-70.11444">
<ele>3824.5</ele>
<time>2026-10-06T15:09:02-05:00</time>
</trkpt>
<trkpt lat="-15.462839" lon="-70.114428">
<ele>3825.1</ele>
<time>2026-10-06T15:09:04-05:00</time>
</trkpt>
<trkpt lat="-15.462953" lon="-70.11443">
<ele>3824.7</ele>
<time>2026-10-06T15:09:06-05:00</time>
</trkpt>
<trkpt lat="-15.463059" lon="-70.114398">
<ele>3825.4</ele>
<time>2026-10-06T15:09:08-05:00</time>
</trkpt>
<trkpt lat="-15.463148" lon="-70.114383">
<ele>3825.5</ele>
<time>2026-10-06T15:09:10-05:00</time>
</trkpt>
<trkpt lat="-15.463213" lon="-70.11438">
<ele>3825.0</ele>
<time>2026-10-06T15:09:12-05:00</time>
</trkpt>
<trkpt lat="-15.46325" lon="-70.114373">
<ele>3825.1</ele>
<time>2026-10-06T15:09:14-05:00</time>
</trkpt>
<trkpt lat="-15.46326" lon="-70.114405">
<ele>3825.0</ele>
<time>2026-10-06T15:09:16-05:00</time>
</trkpt>
<trkpt lat="-15.46326" lon="-70.114483">
<ele>3824.8</ele>
<time>2026-10-06T15:09:18-05:00</time>
</trkpt>
<trkpt lat="-15.463257" lon="-70.114583">
<ele>3824.6</ele>
<time>2026-10-06T15:09:20-05:00</time>
</trkpt>
<trkpt lat="-15.463273" lon="-70.11471">
<ele>3825.4</ele>
<time>2026-10-06T15:09:22-05:00</time>
</trkpt>
<trkpt lat="-15.463291" lon="-70.114829">
<ele>3824.6</ele>
<time>2026-10-06T15:09:24-05:00</time>
</trkpt>
<trkpt lat="-15.463315" lon="-70.114909">
<ele>3823.5</ele>
<time>2026-10-06T15:09:26-05:00</time>
</trkpt>
<trkpt lat="-15.463318" lon="-70.114966">
<ele>3823.6</ele>
<time>2026-10-06T15:09:28-05:00</time>
</trkpt>
<trkpt lat="-15.463352" lon="-70.115">
<ele>3823.8</ele>
<time>2026-10-06T15:09:30-05:00</time>
</trkpt>
<trkpt lat="-15.463421" lon="-70.114995">
<ele>3824.6</ele>
<time>2026-10-06T15:09:32-05:00</time>
</trkpt>
<trkpt lat="-15.463492" lon="-70.114991">
<ele>3823.9</ele>
<time>2026-10-06T15:09:34-05:00</time>
</trkpt>
<trkpt lat="-15.463598" lon="-70.114978">
<ele>3823.7</ele>
<time>2026-10-06T15:09:36-05:00</time>
</trkpt>
<trkpt lat="-15.463729" lon="-70.114974">
<ele>3824.2</ele>
<time>2026-10-06T15:09:38-05:00</time>
</trkpt>
<trkpt lat="-15.463835" lon="-70.114979">
<ele>3823.6</ele>
<time>2026-10-06T15:09:40-05:00</time>
</trkpt>
<trkpt lat="-15.463909" lon="-70.114975">
<ele>3824.1</ele>
<time>2026-10-06T15:09:42-05:00</time>
</trkpt>
<trkpt lat="-15.463956" lon="-70.114984">
<ele>3824.2</ele>
<time>2026-10-06T15:09:44-05:00</time>
</trkpt>
<trkpt lat="-15.46396" lon="-70.115021">
<ele>3824.1</ele>
<time>2026-10-06T15:09:46-05:00</time>
</trkpt>
<trkpt lat="-15.463976" lon="-70.115088">
<ele>3823.2</ele>
<time>2026-10-06T15:09:48-05:00</time>
</trkpt>
<trkpt lat="-15.463968" lon="-70.115212">
<ele>3823.8</ele>
<time>2026-10-06T15:09:50-05:00</time>
</trkpt>
<trkpt lat="-15.463989" lon="-70.115351">
<ele>3824.5</ele>
<time>2026-10-06T15:09:52-05:00</time>
</trkpt>
<trkpt lat="-15.464008" lon="-70.115486">
<ele>3823.9</ele>
<time>2026-10-06T15:09:54-05:00</time>
</trkpt>
<trkpt lat="-15.464014" lon="-70.115579">
<ele>3824.1</ele>
<time>2026-10-06T15:09:56-05:00</time>
</trkpt>
<trkpt lat="-15.464024" lon="-70.115671">
<ele>3824.2</ele>
<time>2026-10-06T15:09:58-05:00</time>
</trkpt>
<trkpt lat="-15.464046" lon="-70.11568">
<ele>3824.8</ele>
<time>2026-10-06T15:10:00-05:00</time>
</trkpt>
<trkpt lat="-15.464085" lon="-70.115678">
<ele>3823.9</ele>
<time>2026-10-06T15:10:02-05:00</time>
</trkpt>
<trkpt lat="-15.464155" lon="-70.115671">
<ele>3823.4</ele>
<time>2026-10-06T15:10:04-05:00</time>
</trkpt>
<trkpt lat="-15.464231" lon="-70.115673">
<ele>3823.3</ele>
<time>2026-10-06T15:10:06-05:00</time>
</trkpt>
<trkpt lat="-15.46433" lon="-70.115665">
<ele>3824.4</ele>
<time>2026-10-06T15:10:08-05:00</time>
</trkpt>
<trkpt lat="-15.464426" lon="-70.115655">
<ele>3823.6</ele>
<time>2026-10-06T15:10:10-05:00</time>
</trkpt>
<trkpt lat="-15.464525" lon="-70.115646">
<ele>3824.1</ele>
<time>2026-10-06T15:10:12-05:00</time>
</trkpt>
<trkpt lat="-15.464619" lon="-70.115637">
<ele>3823.9</ele>
<time>2026-10-06T15:10:14-05:00</time>
</trkpt>
<trkpt lat="-15.464704" lon="-70.115615">
<ele>3824.1</ele>
<time>2026-10-06T15:10:16-05:00</time>
</trkpt>
<trkpt lat="-15.464794" lon="-70.115617">
<ele>3824.0</ele>
<time>2026-10-06T15:10:18-05:00</time>
</trkpt>
<trkpt lat="-15.464897" lon="-70.115603">
<ele>3824.3</ele>
<time>2026-10-06T15:10:20-05:00</time>
</trkpt>
<trkpt lat="-15.46499" lon="-70.115584">
<ele>3824.8</ele>
<time>2026-10-06T15:10:22-05:00</time>
</trkpt>
<trkpt lat="-15.465081" lon="-70.115574">
<ele>3824.2</ele>
<time>2026-10-06T15:10:24-05:00</time>
</trkpt>
<trkpt lat="-15.465145" lon="-70.115576">
<ele>3824.4</ele>
<time>2026-10-06T15:10:26-05:00</time>
</trkpt>
<trkpt lat="-15.46521" lon="-70.115577">
<ele>3824.4</ele>
<time>2026-10-06T15:10:28-05:00</time>
</trkpt>
<trkpt lat="-15.465289" lon="-70.11555">
<ele>3824.1</ele>
<time>2026-10-06T15:10:30-05:00</time>
</trkpt>
<trkpt lat="-15.465372" lon="-70.115533">
<ele>3823.9</ele>
<time>2026-10-06T15:10:32-05:00</time>
</trkpt>
<trkpt lat="-15.465449" lon="-70.11554">
<ele>3824.2</ele>
<time>2026-10-06T15:10:34-05:00</time>
</trkpt>
<trkpt lat="-15.465532" lon="-70.115513">
<ele>3824.1</ele>
<time>2026-10-06T15:10:36-05:00</time>
</trkpt>
<trkpt lat="-15.465628" lon="-70.115521">
<ele>3823.7</ele>
<time>2026-10-06T15:10:38-05:00</time>
</trkpt>
<trkpt lat="-15.465695" lon="-70.115513">
<ele>3824.4</ele>
<time>2026-10-06T15:10:40-05:00</time>
</trkpt>
<trkpt lat="-15.465787" lon="-70.115515">
<ele>3823.3</ele>
<time>2026-10-06T15:10:42-05:00</time>
</trkpt>
<trkpt lat="-15.465862" lon="-70.115499">
<ele>3824.2</ele>
<time>2026-10-06T15:10:44-05:00</time>
</trkpt>
<trkpt lat="-15.465959" lon="-70.115491">
<ele>3823.8</ele>
<time>2026-10-06T15:10:46-05:00</time>
</trkpt>
<trkpt lat="-15.466019" lon="-70.115418">
<ele>3824.6</ele>
<time>2026-10-06T15:10:48-05:00</time>
</trkpt>
<trkpt lat="-15.466062" lon="-70.115358">
<ele>3824.0</ele>
<time>2026-10-06T15:10:50-05:00</time>
</trkpt>
<trkpt lat="-15.466119" lon="-70.115286">
<ele>3823.9</ele>
<time>2026-10-06T15:10:52-05:00</time>
</trkpt>
<trkpt lat="-15.46617" lon="-70.115208">
<ele>3824.1</ele>
<time>2026-10-06T15:10:54-05:00</time>
</trkpt>
<trkpt lat="-15.466241" lon="-70.115133">
<ele>3823.6</ele>
<time>2026-10-06T15:10:56-05:00</time>
</trkpt>
<trkpt lat="-15.466316" lon="-70.115078">
<ele>3824.1</ele>
<time>2026-10-06T15:10:58-05:00</time>
</trkpt>
<trkpt lat="-15.466373" lon="-70.11501">
<ele>3824.3</ele>
<time>2026-10-06T15:11:00-05:00</time>
</trkpt>
<trkpt lat="-15.466443" lon="-70.114942">
<ele>3824.2</ele>
<time>2026-10-06T15:11:02-05:00</time>
</trkpt>
<trkpt lat="-15.466531" lon="-70.114896">
<ele>3824.6</ele>
<time>2026-10-06T15:11:04-05:00</time>
</trkpt>
<trkpt lat="-15.466618" lon="-70.114798">
<ele>3824.8</ele>
<time>2026-10-06T15:11:06-05:00</time>
</trkpt>
<trkpt lat="-15.466715" lon="-70.114706">
<ele>3823.9</ele>
<time>2026-10-06T15:11:08-05:00</time>
</trkpt>
<trkpt lat="-15.466756" lon="-70.114687">
<ele>3824.2</ele>
<time>2026-10-06T15:11:10-05:00</time>
</trkpt>
<trkpt lat="-15.466761" lon="-70.114685">
<ele>3825.1</ele>
<time>2026-10-06T15:11:12-05:00</time>
</trkpt>
<trkpt lat="-15.466765" lon="-70.114684">
<ele>3824.2</ele>
<time>2026-10-06T15:11:14-05:00</time>
</trkpt>
<trkpt lat="-15.466771" lon="-70.114689">
<ele>3823.7</ele>
<time>2026-10-06T15:11:16-05:00</time>
</trkpt>
<trkpt lat="-15.466763" lon="-70.114692">
<ele>3824.3</ele>
<time>2026-10-06T15:11:18-05:00</time>
</trkpt>
<trkpt lat="-15.466761" lon="-70.114678">
<ele>3824.7</ele>
<time>2026-10-06T15:11:20-05:00</time>
</trkpt>
<trkpt lat="-15.466766" lon="-70.114685">
<ele>3823.9</ele>
<time>2026-10-06T15:11:22-05:00</time>
</trkpt>
<trkpt lat="-15.466752" lon="-70.114675">
<ele>3824.4</ele>
<time>2026-10-06T15:11:24-05:00</time>
</trkpt>
<trkpt lat="-15.466756" lon="-70.114699">
<ele>3824.1</ele>
<time>2026-10-06T15:11:26-05:00</time>
</trkpt>
<trkpt lat="-15.466753" lon="-70.114697">
<ele>3824.1</ele>
<time>2026-10-06T15:11:28-05:00</time>
</trkpt>
<trkpt lat="-15.466758" lon="-70.114697">
<ele>3824.3</ele>
<time>2026-10-06T15:11:30-05:00</time>
</trkpt>
<trkpt lat="-15.466773" lon="-70.114706">
<ele>3824.4</ele>
<time>2026-10-06T15:11:32-05:00</time>
</trkpt>
<trkpt lat="-15.466777" lon="-70.114701">
<ele>3824.2</ele>
<time>2026-10-06T15:11:34-05:00</time>
</trkpt>
<trkpt lat="-15.466775" lon="-70.114694">
<ele>3825.1</ele>
<time>2026-10-06T15:11:36-05:00</time>
</trkpt>
<trkpt lat="-15.466763" lon="-70.114692">
<ele>3824.8</ele>
<time>2026-10-06T15:11:38-05:00</time>
</trkpt>
<trkpt lat="-15.466769" lon="-70.114686">
<ele>3824.1</ele>
<time>2026-10-06T15:11:40-05:00</time>
</trkpt>
<trkpt lat="-15.466781" lon="-70.114674">
<ele>3824.9</ele>
<time>2026-10-06T15:11:42-05:00</time>
</trkpt>
<trkpt lat="-15.466811" lon="-70.114604">
<ele>3825.4</ele>
<time>2026-10-06T15:11:44-05:00</time>
</trkpt>
<trkpt lat="-15.466889" lon="-70.114511">
<ele>3824.8</ele>
<time>2026-10-06T15:11:46-05:00</time>
</trkpt>
<trkpt lat="-15.46694" lon="-70.114449">
<ele>3824.4</ele>
<time>2026-10-06T15:11:48-05:00</time>
</trkpt>
<trkpt lat="-15.466969" lon="-70.1144">
<ele>3824.7</ele>
<time>2026-10-06T15:11:50-05:00</time>
</trkpt>
<trkpt lat="-15.467023" lon="-70.114327">
<ele>3824.7</ele>
<time>2026-10-06T15:11:52-05:00</time>
</trkpt>
<trkpt lat="-15.467103" lon="-70.114264">
<ele>3824.9</ele>
<time>2026-10-06T15:11:54-05:00</time>
</trkpt>
<trkpt lat="-15.467164" lon="-70.114197">
<ele>3824.6</ele>
<time>2026-10-06T15:11:56-05:00</time>
</trkpt>
<trkpt lat="-15.467231" lon="-70.11413">
<ele>3825.6</ele>
<time>2026-10-06T15:11:58-05:00</time>
</trkpt>
<trkpt lat="-15.467278" lon="-70.114091">
<ele>3825.8</ele>
<time>2026-10-06T15:12:00-05:00</time>
</trkpt>
<trkpt lat="-15.467327" lon="-70.114025">
<ele>3825.4</ele>
<time>2026-10-06T15:12:02-05:00</time>
</trkpt>
<trkpt lat="-15.467403" lon="-70.11395">
<ele>3824.5</ele>
<time>2026-10-06T15:12:04-05:00</time>
</trkpt>
<trkpt lat="-15.467448" lon="-70.113868">
<ele>3825.8</ele>
<time>2026-10-06T15:12:06-05:00</time>
</trkpt>
<trkpt lat="-15.467509" lon="-70.113819">
<ele>3824.9</ele>
<time>2026-10-06T15:12:08-05:00</time>
</trkpt>
<trkpt lat="-15.467549" lon="-70.113752">
<ele>3824.5</ele>
<time>2026-10-06T15:12:10-05:00</time>
</trkpt>
<trkpt lat="-15.467602" lon="-70.113683">
<ele>3825.8</ele>
<time>2026-10-06T15:12:12-05:00</time>
</trkpt>
<trkpt lat="-15.467658" lon="-70.113612">
<ele>3825.3</ele>
<time>2026-10-06T15:12:14-05:00</time>
</trkpt>
<trkpt lat="-15.467727" lon="-70.113553">
<ele>3826.0</ele>
<time>2026-10-06T15:12:16-05:00</time>
</trkpt>
<trkpt lat="-15.467796" lon="-70.113496">
<ele>3824.9</ele>
<time>2026-10-06T15:12:18-05:00</time>
</trkpt>
<trkpt lat="-15.467868" lon="-70.11341">
<ele>3825.3</ele>
<time>2026-10-06T15:12:20-05:00</time>
</trkpt>
<trkpt lat="-15.467931" lon="-70.113367">
<ele>3825.0</ele>
<time>2026-10-06T15:12:22-05:00</time>
</trkpt>
<trkpt lat="-15.468004" lon="-70.1133">
<ele>3825.0</ele>
<time>2026-10-06T15:12:24-05:00</time>
</trkpt>
<trkpt lat="-15.468059" lon="-70.113234">
<ele>3824.7</ele>
<time>2026-10-06T15:12:26-05:00</time>
</trkpt>
<trkpt lat="-15.468144" lon="-70.113161">
<ele>3825.7</ele>
<time>2026-10-06T15:12:28-05:00</time>
</trkpt>
<trkpt lat="-15.468214" lon="-70.11307">
<ele>3825.5</ele>
<time>2026-10-06T15:12:30-05:00</time>
</trkpt>
<trkpt lat="-15.468291" lon="-70.112988">
<ele>3826.2</ele>
<time>2026-10-06T15:12:32-05:00</time>
</trkpt>
<trkpt lat="-15.468339" lon="-70.112909">
<ele>3825.9</ele>
<time>2026-10-06T15:12:34-05:00</time>
</trkpt>
<trkpt lat="-15.468398" lon="-70.112847">
<ele>3826.1</ele>
<time>2026-10-06T15:12:36-05:00</time>
</trkpt>
<trkpt lat="-15.468446" lon="-70.112789">
<ele>3826.1</ele>
<time>2026-10-06T15:12:38-05:00</time>
</trkpt>
<trkpt lat="-15.468485" lon="-70.112716">
<ele>3825.7</ele>
<time>2026-10-06T15:12:40-05:00</time>
</trkpt>
<trkpt lat="-15.468548" lon="-70.112644">
<ele>3826.4</ele>
<time>2026-10-06T15:12:42-05:00</time>
</trkpt>
<trkpt lat="-15.468609" lon="-70.112577">
<ele>3826.2</ele>
<time>2026-10-06T15:12:44-05:00</time>
</trkpt>
<trkpt lat="-15.468655" lon="-70.112489">
<ele>3826.2</ele>
<time>2026-10-06T15:12:46-05:00</time>
</trkpt>
<trkpt lat="-15.468713" lon="-70.112404">
<ele>3826.1</ele>
<time>2026-10-06T15:12:48-05:00</time>
</trkpt>
<trkpt lat="-15.468777" lon="-70.112366">
<ele>3826.0</ele>
<time>2026-10-06T15:12:50-05:00</time>
</trkpt>
<trkpt lat="-15.46881" lon="-70.112321">
<ele>3826.6</ele>
<time>2026-10-06T15:12:52-05:00</time>
</trkpt>
<trkpt lat="-15.468876" lon="-70.112267">
<ele>3825.5</ele>
<time>2026-10-06T15:12:54-05:00</time>
</trkpt>
<trkpt lat="-15.468928" lon="-70.112172">
<ele>3825.7</ele>
<time>2026-10-06T15:12:56-05:00</time>
</trkpt>
<trkpt lat="-15.469006" lon="-70.112073">
<ele>3825.8</ele>
<time>2026-10-06T15:12:58-05:00</time>
</trkpt>
<trkpt lat="-15.469101" lon="-70.111989">
<ele>3825.2</ele>
<time>2026-10-06T15:13:00-05:00</time>
</trkpt>
<trkpt lat="-15.46915" lon="-70.111955">
<ele>3825.2</ele>
<time>2026-10-06T15:13:02-05:00</time>
</trkpt>
<trkpt lat="-15.46916" lon="-70.111938">
<ele>3824.8</ele>
<time>2026-10-06T15:13:04-05:00</time>
</trkpt>
<trkpt lat="-15.469165" lon="-70.11195">
<ele>3825.2</ele>
<time>2026-10-06T15:13:06-05:00</time>
</trkpt>
<trkpt lat="-15.469172" lon="-70.111949">
<ele>3825.3</ele>
<time>2026-10-06T15:13:08-05:00</time>
</trkpt>
<trkpt lat="-15.469187" lon="-70.11195">
<ele>3824.7</ele>
<time>2026-10-06T15:13:10-05:00</time>
</trkpt>
<trkpt lat="-15.469184" lon="-70.111959">
<ele>3825.1</ele>
<time>2026-10-06T15:13:12-05:00</time>
</trkpt>
<trkpt lat="-15.46919" lon="-70.111955">
<ele>3825.0</ele>
<time>2026-10-06T15:13:14-05:00</time>
</trkpt>
<trkpt lat="-15.469194" lon="-70.111972">
<ele>3824.7</ele>
<time>2026-10-06T15:13:16-05:00</time>
</trkpt>
<trkpt lat="-15.469187" lon="-70.111969">
<ele>3825.0</ele>
<time>2026-10-06T15:13:18-05:00</time>
</trkpt>
<trkpt lat="-15.46919" lon="-70.111955">
<ele>3825.7</ele>
<time>2026-10-06T15:13:20-05:00</time>
</trkpt>
<trkpt lat="-15.469194" lon="-70.111957">
<ele>3825.0</ele>
<time>2026-10-06T15:13:22-05:00</time>
</trkpt>
<trkpt lat="-15.469205" lon="-70.11195">
<ele>3825.2</ele>
<time>2026-10-06T15:13:24-05:00</time>
</trkpt>
<trkpt lat="-15.469204" lon="-70.111939">
<ele>3825.1</ele>
<time>2026-10-06T15:13:26-05:00</time>
</trkpt>
<trkpt lat="-15.469228" lon="-70.111936">
<ele>3824.6</ele>
<time>2026-10-06T15:13:28-05:00</time>
</trkpt>
<trkpt lat="-15.469223" lon="-70.111934">
<ele>3824.4</ele>
<time>2026-10-06T15:13:30-05:00</time>
</trkpt>
<trkpt lat="-15.469229" lon="-70.111921">
<ele>3825.5</ele>
<time>2026-10-06T15:13:32-05:00</time>
</trkpt>
<trkpt lat="-15.469273" lon="-70.111865">
<ele>3824.9</ele>
<time>2026-10-06T15:13:34-05:00</time>
</trkpt>
<trkpt lat="-15.469342" lon="-70.111795">
<ele>3824.6</ele>
<time>2026-10-06T15:13:36-05:00</time>
</trkpt>
<trkpt lat="-15.4694" lon="-70.111696">
<ele>3825.5</ele>
<time>2026-10-06T15:13:38-05:00</time>
</trkpt>
<trkpt lat="-15.46946" lon="-70.111603">
<ele>3825.1</ele>
<time>2026-10-06T15:13:40-05:00</time>
</trkpt>
<trkpt lat="-15.469518" lon="-70.111526">
<ele>3825.2</ele>
<time>2026-10-06T15:13:42-05:00</time>
</trkpt>
<trkpt lat="-15.469608" lon="-70.11145">
<ele>3824.7</ele>
<time>2026-10-06T15:13:44-05:00</time>
</trkpt>
<trkpt lat="-15.469695" lon="-70.11138">
<ele>3825.3</ele>
<time>2026-10-06T15:13:46-05:00</time>
</trkpt>
<trkpt lat="-15.469795" lon="-70.111313">
<ele>3825.4</ele>
<time>2026-10-06T15:13:48-05:00</time>
</trkpt>
<trkpt lat="-15.469832" lon="-70.111295">
<ele>3825.4</ele>
<time>2026-10-06T15:13:50-05:00</time>
</trkpt>
<trkpt lat="-15.469831" lon="-70.111295">
<ele>3824.6</ele>
<time>2026-10-06T15:13:52-05:00</time>
</trkpt>
<trkpt lat="-15.46984" lon="-70.111296">
<ele>3824.7</ele>
<time>2026-10-06T15:13:54-05:00</time>
</trkpt>
<trkpt lat="-15.469837" lon="-70.111306">
<ele>3824.4</ele>
<time>2026-10-06T15:13:56-05:00</time>
</trkpt>
<trkpt lat="-15.469837" lon="-70.111331">
<ele>3824.7</ele>
<time>2026-10-06T15:13:58-05:00</time>
</trkpt>
<trkpt lat="-15.469846" lon="-70.111331">
<ele>3825.4</ele>
<time>2026-10-06T15:14:00-05:00</time>
</trkpt>
<trkpt lat="-15.469853" lon="-70.111323">
<ele>3824.1</ele>
<time>2026-10-06T15:14:02-05:00</time>
</trkpt>
<trkpt lat="-15.469864" lon="-70.111327">
<ele>3825.5</ele>
<time>2026-10-06T15:14:04-05:00</time>
</trkpt>
<trkpt lat="-15.469871" lon="-70.111326">
<ele>3825.1</ele>
<time>2026-10-06T15:14:06-05:00</time>
</trkpt>
<trkpt lat="-15.469865" lon="-70.111331">
<ele>3825.2</ele>
<time>2026-10-06T15:14:08-05:00</time>
</trkpt>
<trkpt lat="-15.469862" lon="-70.111326">
<ele>3825.5</ele>
<time>2026-10-06T15:14:10-05:00</time>
</trkpt>
<trkpt lat="-15.469868" lon="-70.111321">
<ele>3825.7</ele>
<time>2026-10-06T15:14:12-05:00</time>
</trkpt>
<trkpt lat="-15.469876" lon="-70.111313">
<ele>3825.6</ele>
<time>2026-10-06T15:14:14-05:00</time>
</trkpt>
<trkpt lat="-15.469876" lon="-70.111302">
<ele>3824.7</ele>
<time>2026-10-06T15:14:16-05:00</time>
</trkpt>
<trkpt lat="-15.469889" lon="-70.111294">
<ele>3824.9</ele>
<time>2026-10-06T15:14:18-05:00</time>
</trkpt>
<trkpt lat="-15.469885" lon="-70.111295">
<ele>3825.5</ele>
<time>2026-10-06T15:14:20-05:00</time>
</trkpt>
<trkpt lat="-15.469889" lon="-70.111272">
<ele>3824.4</ele>
<time>2026-10-06T15:14:22-05:00</time>
</trkpt>
<trkpt lat="-15.469928" lon="-70.111197">
<ele>3825.1</ele>
<time>2026-10-06T15:14:24-05:00</time>
</trkpt>
<trkpt lat="-15.470001" lon="-70.111094">
<ele>3825.4</ele>
<time>2026-10-06T15:14:26-05:00</time>
</trkpt>
<trkpt lat="-15.470063" lon="-70.111006">
<ele>3825.2</ele>
<time>2026-10-06T15:14:28-05:00</time>
</trkpt>
<trkpt lat="-15.470099" lon="-70.110923">
<ele>3825.6</ele>
<time>2026-10-06T15:14:30-05:00</time>
</trkpt>
<trkpt lat="-15.470153" lon="-70.110841">
<ele>3825.4</ele>
<time>2026-10-06T15:14:32-05:00</time>
</trkpt>
<trkpt lat="-15.470175" lon="-70.110862">
<ele>3825.2</ele>
<time>2026-10-06T15:14:34-05:00</time>
</trkpt>
<trkpt lat="-15.470247" lon="-70.110912">
<ele>3825.5</ele>
<time>2026-10-06T15:14:36-05:00</time>
</trkpt>
<trkpt lat="-15.470344" lon="-70.110957">
<ele>3825.9</ele>
<time>2026-10-06T15:14:38-05:00</time>
</trkpt>
<trkpt lat="-15.470483" lon="-70.111051">
<ele>3826.0</ele>
<time>2026-10-06T15:14:40-05:00</time>
</trkpt>
<trkpt lat="-15.470602" lon="-70.111131">
<ele>3825.9</ele>
<time>2026-10-06T15:14:42-05:00</time>
</trkpt>
<trkpt lat="-15.470674" lon="-70.111178">
<ele>3825.3</ele>
<time>2026-10-06T15:14:44-05:00</time>
</trkpt>
<trkpt lat="-15.470714" lon="-70.111207">
<ele>3825.1</ele>
<time>2026-10-06T15:14:46-05:00</time>
</trkpt>
<trkpt lat="-15.470735" lon="-70.111215">
<ele>3825.7</ele>
<time>2026-10-06T15:14:48-05:00</time>
</trkpt>
<trkpt lat="-15.470739" lon="-70.111218">
<ele>3825.9</ele>
<time>2026-10-06T15:14:50-05:00</time>
</trkpt>
<trkpt lat="-15.470749" lon="-70.111224">
<ele>3824.9</ele>
<time>2026-10-06T15:14:52-05:00</time>
</trkpt>
<trkpt lat="-15.47074" lon="-70.11123">
<ele>3825.9</ele>
<time>2026-10-06T15:14:54-05:00</time>
</trkpt>
<trkpt lat="-15.470735" lon="-70.111224">
<ele>3826.0</ele>
<time>2026-10-06T15:14:56-05:00</time>
</trkpt>
<trkpt lat="-15.470743" lon="-70.111233">
<ele>3825.4</ele>
<time>2026-10-06T15:14:58-05:00</time>
</trkpt>
<trkpt lat="-15.470735" lon="-70.111239">
<ele>3825.8</ele>
<time>2026-10-06T15:15:00-05:00</time>
</trkpt>
<trkpt lat="-15.470733" lon="-70.111244">
<ele>3826.0</ele>
<time>2026-10-06T15:15:02-05:00</time>
</trkpt>
<trkpt lat="-15.47072" lon="-70.111258">
<ele>3825.2</ele>
<time>2026-10-06T15:15:04-05:00</time>
</trkpt>
<trkpt lat="-15.470736" lon="-70.11124">
<ele>3825.8</ele>
<time>2026-10-06T15:15:06-05:00</time>
</trkpt>
<trkpt lat="-15.470736" lon="-70.111227">
<ele>3825.8</ele>
<time>2026-10-06T15:15:08-05:00</time>
</trkpt>
<trkpt lat="-15.470749" lon="-70.111241">
<ele>3825.6</ele>
<time>2026-10-06T15:15:10-05:00</time>
</trkpt>
<trkpt lat="-15.470852" lon="-70.111265">
<ele>3825.5</ele>
<time>2026-10-06T15:15:12-05:00</time>
</trkpt>
<trkpt lat="-15.470972" lon="-70.111329">
<ele>3824.8</ele>
<time>2026-10-06T15:15:14-05:00</time>
</trkpt>
<trkpt lat="-15.471029" lon="-70.111394">
<ele>3824.7</ele>
<time>2026-10-06T15:15:16-05:00</time>
</trkpt>
<trkpt lat="-15.471035" lon="-70.111403">
<ele>3824.8</ele>
<time>2026-10-06T15:15:18-05:00</time>
</trkpt>
<trkpt lat="-15.47104" lon="-70.111406">
<ele>3824.5</ele>
<time>2026-10-06T15:15:20-05:00</time>
</trkpt>
<trkpt lat="-15.471065" lon="-70.11138">
<ele>3824.6</ele>
<time>2026-10-06T15:15:22-05:00</time>
</trkpt>
<trkpt lat="-15.471066" lon="-70.111377">
<ele>3826.1</ele>
<time>2026-10-06T15:15:24-05:00</time>
</trkpt>
<trkpt lat="-15.471083" lon="-70.111373">
<ele>3825.2</ele>
<time>2026-10-06T15:15:26-05:00</time>
</trkpt>
<trkpt lat="-15.471095" lon="-70.111369">
<ele>3824.7</ele>
<time>2026-10-06T15:15:28-05:00</time>
</trkpt>
<trkpt lat="-15.47109" lon="-70.111351">
<ele>3825.6</ele>
<time>2026-10-06T15:15:30-05:00</time>
</trkpt>
<trkpt lat="-15.471091" lon="-70.111348">
<ele>3826.0</ele>
<time>2026-10-06T15:15:32-05:00</time>
</trkpt>
<trkpt lat="-15.471094" lon="-70.111342">
<ele>3825.3</ele>
<time>2026-10-06T15:15:34-05:00</time>
</trkpt>
<trkpt lat="-15.471093" lon="-70.111349">
<ele>3824.4</ele>
<time>2026-10-06T15:15:36-05:00</time>
</trkpt>
<trkpt lat="-15.471091" lon="-70.111346">
<ele>3825.1</ele>
<time>2026-10-06T15:15:38-05:00</time>
</trkpt>
<trkpt lat="-15.471086" lon="-70.111356">
<ele>3825.2</ele>
<time>2026-10-06T15:15:40-05:00</time>
</trkpt>
<trkpt lat="-15.471082" lon="-70.111351">
<ele>3824.7</ele>
<time>2026-10-06T15:15:42-05:00</time>
</trkpt>
<trkpt lat="-15.471082" lon="-70.111347">
<ele>3824.9</ele>
<time>2026-10-06T15:15:44-05:00</time>
</trkpt>
<trkpt lat="-15.471069" lon="-70.111371">
<ele>3824.4</ele>
<time>2026-10-06T15:15:46-05:00</time>
</trkpt>
<trkpt lat="-15.471085" lon="-70.111361">
<ele>3825.2</ele>
<time>2026-10-06T15:15:48-05:00</time>
</trkpt>
<trkpt lat="-15.471127" lon="-70.111381">
<ele>3825.0</ele>
<time>2026-10-06T15:15:50-05:00</time>
</trkpt>
<trkpt lat="-15.471234" lon="-70.111443">
<ele>3825.8</ele>
<time>2026-10-06T15:15:52-05:00</time>
</trkpt>
<trkpt lat="-15.471327" lon="-70.111497">
<ele>3825.1</ele>
<time>2026-10-06T15:15:54-05:00</time>
</trkpt>
<trkpt lat="-15.471418" lon="-70.111551">
<ele>3824.9</ele>
<time>2026-10-06T15:15:56-05:00</time>
</trkpt>
<trkpt lat="-15.471531" lon="-70.111586">
<ele>3825.8</ele>
<time>2026-10-06T15:15:58-05:00</time>
</trkpt>
<trkpt lat="-15.471629" lon="-70.111645">
<ele>3825.4</ele>
<time>2026-10-06T15:16:00-05:00</time>
</trkpt>
<trkpt lat="-15.471726" lon="-70.111709">
<ele>3825.8</ele>
<time>2026-10-06T15:16:02-05:00</time>
</trkpt>
<trkpt lat="-15.471796" lon="-70.111753">
<ele>3827.0</ele>
<time>2026-10-06T15:16:04-05:00</time>
</trkpt>
<trkpt lat="-15.471882" lon="-70.111819">
<ele>3825.9</ele>
<time>2026-10-06T15:16:06-05:00</time>
</trkpt>
<trkpt lat="-15.471972" lon="-70.111906">
<ele>3826.2</ele>
<time>2026-10-06T15:16:08-05:00</time>
</trkpt>
<trkpt lat="-15.472055" lon="-70.111979">
<ele>3825.3</ele>
<time>2026-10-06T15:16:10-05:00</time>
</trkpt>
<trkpt lat="-15.472158" lon="-70.112061">
<ele>3824.9</ele>
<time>2026-10-06T15:16:12-05:00</time>
</trkpt>
<trkpt lat="-15.472243" lon="-70.112119">
<ele>3825.5</ele>
<time>2026-10-06T15:16:14-05:00</time>
</trkpt>
<trkpt lat="-15.472287" lon="-70.112187">
<ele>3826.5</ele>
<time>2026-10-06T15:16:16-05:00</time>
</trkpt>
<trkpt lat="-15.472311" lon="-70.11222">
<ele>3825.5</ele>
<time>2026-10-06T15:16:18-05:00</time>
</trkpt>
<trkpt lat="-15.472314" lon="-70.112232">
<ele>3826.4</ele>
<time>2026-10-06T15:16:20-05:00</time>
</trkpt>
<trkpt lat="-15.472307" lon="-70.112229">
<ele>3825.8</ele>
<time>2026-10-06T15:16:22-05:00</time>
</trkpt>
<trkpt lat="-15.472296" lon="-70.112232">
<ele>3825.2</ele>
<time>2026-10-06T15:16:24-05:00</time>
</trkpt>
<trkpt lat="-15.472306" lon="-70.112226">
<ele>3825.8</ele>
<time>2026-10-06T15:16:26-05:00</time>
</trkpt>
<trkpt lat="-15.472287" lon="-70.112227">
<ele>3826.0</ele>
<time>2026-10-06T15:16:28-05:00</time>
</trkpt>
<trkpt lat="-15.472286" lon="-70.112231">
<ele>3825.9</ele>
<time>2026-10-06T15:16:30-05:00</time>
</trkpt>
<trkpt lat="-15.472278" lon="-70.112215">
<ele>3827.0</ele>
<time>2026-10-06T15:16:32-05:00</time>
</trkpt>
<trkpt lat="-15.472279" lon="-70.112227">
<ele>3825.5</ele>
<time>2026-10-06T15:16:34-05:00</time>
</trkpt>
<trkpt lat="-15.47228" lon="-70.112228">
<ele>3825.6</ele>
<time>2026-10-06T15:16:36-05:00</time>
</trkpt>
<trkpt lat="-15.472275" lon="-70.112221">
<ele>3825.2</ele>
<time>2026-10-06T15:16:38-05:00</time>
</trkpt>
<trkpt lat="-15.472275" lon="-70.112231">
<ele>3826.1</ele>
<time>2026-10-06T15:16:40-05:00</time>
</trkpt>
<trkpt lat="-15.472317" lon="-70.112267">
<ele>3825.9</ele>
<time>2026-10-06T15:16:42-05:00</time>
</trkpt>
<trkpt lat="-15.472373" lon="-70.112274">
<ele>3825.8</ele>
<time>2026-10-06T15:16:44-05:00</time>
</trkpt>
<trkpt lat="-15.47244" lon="-70.112327">
<ele>3825.9</ele>
<time>2026-10-06T15:16:46-05:00</time>
</trkpt>
<trkpt lat="-15.472507" lon="-70.112399">
<ele>3826.0</ele>
<time>2026-10-06T15:16:48-05:00</time>
</trkpt>
<trkpt lat="-15.472572" lon="-70.112471">
<ele>3826.7</ele>
<time>2026-10-06T15:16:50-05:00</time>
</trkpt>
<trkpt lat="-15.472648" lon="-70.112543">
<ele>3825.8</ele>
<time>2026-10-06T15:16:52-05:00</time>
</trkpt>
<trkpt lat="-15.472706" lon="-70.112594">
<ele>3825.5</ele>
<time>2026-10-06T15:16:54-05:00</time>
</trkpt>
<trkpt lat="-15.472768" lon="-70.112675">
<ele>3826.5</ele>
<time>2026-10-06T15:16:56-05:00</time>
</trkpt>
<trkpt lat="-15.472846" lon="-70.112737">
<ele>3826.0</ele>
<time>2026-10-06T15:16:58-05:00</time>
</trkpt>
<trkpt lat="-15.472903" lon="-70.112781">
<ele>3825.5</ele>
<time>2026-10-06T15:17:00-05:00</time>
</trkpt>
<trkpt lat="-15.472974" lon="-70.112841">
<ele>3825.5</ele>
<time>2026-10-06T15:17:02-05:00</time>
</trkpt>
<trkpt lat="-15.473026" lon="-70.112916">
<ele>3825.9</ele>
<time>2026-10-06T15:17:04-05:00</time>
</trkpt>
<trkpt lat="-15.473091" lon="-70.112981">
<ele>3826.0</ele>
<time>2026-10-06T15:17:06-05:00</time>
</trkpt>
<trkpt lat="-15.473152" lon="-70.11303">
<ele>3825.4</ele>
<time>2026-10-06T15:17:08-05:00</time>
</trkpt>
<trkpt lat="-15.473225" lon="-70.113091">
<ele>3825.9</ele>
<time>2026-10-06T15:17:10-05:00</time>
</trkpt>
<trkpt lat="-15.473302" lon="-70.113162">
<ele>3826.0</ele>
<time>2026-10-06T15:17:12-05:00</time>
</trkpt>
<trkpt lat="-15.473373" lon="-70.11321">
<ele>3824.9</ele>
<time>2026-10-06T15:17:14-05:00</time>
</trkpt>
<trkpt lat="-15.473423" lon="-70.113277">
<ele>3826.1</ele>
<time>2026-10-06T15:17:16-05:00</time>
</trkpt>
<trkpt lat="-15.473468" lon="-70.113335">
<ele>3825.5</ele>
<time>2026-10-06T15:17:18-05:00</time>
</trkpt>
<trkpt lat="-15.47353" lon="-70.113404">
<ele>3826.0</ele>
<time>2026-10-06T15:17:20-05:00</time>
</trkpt>
<trkpt lat="-15.473598" lon="-70.113468">
<ele>3824.8</ele>
<time>2026-10-06T15:17:22-05:00</time>
</trkpt>
<trkpt lat="-15.473655" lon="-70.113524">
<ele>3825.8</ele>
<time>2026-10-06T15:17:24-05:00</time>
</trkpt>
<trkpt lat="-15.473721" lon="-70.113589">
<ele>3825.6</ele>
<time>2026-10-06T15:17:26-05:00</time>
</trkpt>
<trkpt lat="-15.473785" lon="-70.113658">
<ele>3825.7</ele>
<time>2026-10-06T15:17:28-05:00</time>
</trkpt>
<trkpt lat="-15.473853" lon="-70.113727">
<ele>3825.6</ele>
<time>2026-10-06T15:17:30-05:00</time>
</trkpt>
<trkpt lat="-15.473938" lon="-70.113806">
<ele>3825.4</ele>
<time>2026-10-06T15:17:32-05:00</time>
</trkpt>
<trkpt lat="-15.474033" lon="-70.113878">
<ele>3825.7</ele>
<time>2026-10-06T15:17:34-05:00</time>
</trkpt>
<trkpt lat="-15.474114" lon="-70.113957">
<ele>3825.6</ele>
<time>2026-10-06T15:17:36-05:00</time>
</trkpt>
<trkpt lat="-15.474196" lon="-70.11401">
<ele>3825.8</ele>
<time>2026-10-06T15:17:38-05:00</time>
</trkpt>
<trkpt lat="-15.474272" lon="-70.114066">
<ele>3825.2</ele>
<time>2026-10-06T15:17:40-05:00</time>
</trkpt>
<trkpt lat="-15.474341" lon="-70.114137">
<ele>3825.5</ele>
<time>2026-10-06T15:17:42-05:00</time>
</trkpt>
<trkpt lat="-15.474403" lon="-70.114208">
<ele>3825.7</ele>
<time>2026-10-06T15:17:44-05:00</time>
</trkpt>
<trkpt lat="-15.474459" lon="-70.114264">
<ele>3825.7</ele>
<time>2026-10-06T15:17:46-05:00</time>
</trkpt>
<trkpt lat="-15.474526" lon="-70.114317">
<ele>3825.4</ele>
<time>2026-10-06T15:17:48-05:00</time>
</trkpt>
<trkpt lat="-15.474586" lon="-70.114385">
<ele>3825.7</ele>
<time>2026-10-06T15:17:50-05:00</time>
</trkpt>
<trkpt lat="-15.474662" lon="-70.114459">
<ele>3824.7</ele>
<time>2026-10-06T15:17:52-05:00</time>
</trkpt>
<trkpt lat="-15.474732" lon="-70.114551">
<ele>3825.3</ele>
<time>2026-10-06T15:17:54-05:00</time>
</trkpt>
<trkpt lat="-15.474779" lon="-70.114619">
<ele>3824.6</ele>
<time>2026-10-06T15:17:56-05:00</time>
</trkpt>
<trkpt lat="-15.474831" lon="-70.114678">
<ele>3825.4</ele>
<time>2026-10-06T15:17:58-05:00</time>
</trkpt>
<trkpt lat="-15.474886" lon="-70.114739">
<ele>3826.1</ele>
<time>2026-10-06T15:18:00-05:00</time>
</trkpt>
<trkpt lat="-15.474929" lon="-70.114791">
<ele>3825.3</ele>
<time>2026-10-06T15:18:02-05:00</time>
</trkpt>
<trkpt lat="-15.475003" lon="-70.114847">
<ele>3825.8</ele>
<time>2026-10-06T15:18:04-05:00</time>
</trkpt>
<trkpt lat="-15.475056" lon="-70.114902">
<ele>3825.9</ele>
<time>2026-10-06T15:18:06-05:00</time>
</trkpt>
<trkpt lat="-15.475148" lon="-70.11499">
<ele>3825.5</ele>
<time>2026-10-06T15:18:08-05:00</time>
</trkpt>
<trkpt lat="-15.475205" lon="-70.115062">
<ele>3825.2</ele>
<time>2026-10-06T15:18:10-05:00</time>
</trkpt>
<trkpt lat="-15.475271" lon="-70.115139">
<ele>3825.6</ele>
<time>2026-10-06T15:18:12-05:00</time>
</trkpt>
<trkpt lat="-15.475338" lon="-70.115199">
<ele>3825.5</ele>
<time>2026-10-06T15:18:14-05:00</time>
</trkpt>
<trkpt lat="-15.475401" lon="-70.115247">
<ele>3825.7</ele>
<time>2026-10-06T15:18:16-05:00</time>
</trkpt>
<trkpt lat="-15.47546" lon="-70.115317">
<ele>3826.0</ele>
<time>2026-10-06T15:18:18-05:00</time>
</trkpt>
<trkpt lat="-15.475523" lon="-70.115379">
<ele>3825.4</ele>
<time>2026-10-06T15:18:20-05:00</time>
</trkpt>
<trkpt lat="-15.475571" lon="-70.115421">
<ele>3826.0</ele>
<time>2026-10-06T15:18:22-05:00</time>
</trkpt>
<trkpt lat="-15.475617" lon="-70.115469">
<ele>3825.3</ele>
<time>2026-10-06T15:18:24-05:00</time>
</trkpt>
<trkpt lat="-15.475684" lon="-70.115534">
<ele>3825.8</ele>
<time>2026-10-06T15:18:26-05:00</time>
</trkpt>
<trkpt lat="-15.475758" lon="-70.115623">
<ele>3825.4</ele>
<time>2026-10-06T15:18:28-05:00</time>
</trkpt>
<trkpt lat="-15.475825" lon="-70.115695">
<ele>3825.4</ele>
<time>2026-10-06T15:18:30-05:00</time>
</trkpt>
<trkpt lat="-15.475892" lon="-70.115774">
<ele>3826.1</ele>
<time>2026-10-06T15:18:32-05:00</time>
</trkpt>
<trkpt lat="-15.475981" lon="-70.115862">
<ele>3826.1</ele>
<time>2026-10-06T15:18:34-05:00</time>
</trkpt>
<trkpt lat="-15.476075" lon="-70.115928">
<ele>3826.5</ele>
<time>2026-10-06T15:18:36-05:00</time>
</trkpt>
<trkpt lat="-15.476162" lon="-70.116021">
<ele>3826.3</ele>
<time>2026-10-06T15:18:38-05:00</time>
</trkpt>
<trkpt lat="-15.476219" lon="-70.116103">
<ele>3826.5</ele>
<time>2026-10-06T15:18:40-05:00</time>
</trkpt>
<trkpt lat="-15.476259" lon="-70.116147">
<ele>3826.4</ele>
<time>2026-10-06T15:18:42-05:00</time>
</trkpt>
<trkpt lat="-15.476276" lon="-70.116191">
<ele>3825.4</ele>
<time>2026-10-06T15:18:44-05:00</time>
</trkpt>
<trkpt lat="-15.476282" lon="-70.116191">
<ele>3825.7</ele>
<time>2026-10-06T15:18:46-05:00</time>
</trkpt>
<trkpt lat="-15.476307" lon="-70.116201">
<ele>3826.7</ele>
<time>2026-10-06T15:18:48-05:00</time>
</trkpt>
<trkpt lat="-15.47631" lon="-70.116216">
<ele>3825.7</ele>
<time>2026-10-06T15:18:50-05:00</time>
</trkpt>
<trkpt lat="-15.476309" lon="-70.11621">
<ele>3825.8</ele>
<time>2026-10-06T15:18:52-05:00</time>
</trkpt>
<trkpt lat="-15.476319" lon="-70.116199">
<ele>3826.3</ele>
<time>2026-10-06T15:18:54-05:00</time>
</trkpt>
<trkpt lat="-15.476307" lon="-70.116193">
<ele>3825.5</ele>
<time>2026-10-06T15:18:56-05:00</time>
</trkpt>
<trkpt lat="-15.47632" lon="-70.116191">
<ele>3826.8</ele>
<time>2026-10-06T15:18:58-05:00</time>
</trkpt>
<trkpt lat="-15.4763" lon="-70.116173">
<ele>3826.0</ele>
<time>2026-10-06T15:19:00-05:00</time>
</trkpt>
<trkpt lat="-15.4763" lon="-70.116173">
<ele>3826.2</ele>
<time>2026-10-06T15:19:02-05:00</time>
</trkpt>
<trkpt lat="-15.476295" lon="-70.116189">
<ele>3826.1</ele>
<time>2026-10-06T15:19:04-05:00</time>
</trkpt>
<trkpt lat="-15.476301" lon="-70.116189">
<ele>3825.9</ele>
<time>2026-10-06T15:19:06-05:00</time>
</trkpt>
<trkpt lat="-15.476321" lon="-70.116167">
<ele>3825.9</ele>
<time>2026-10-06T15:19:08-05:00</time>
</trkpt>
<trkpt lat="-15.476318" lon="-70.116176">
<ele>3826.2</ele>
<time>2026-10-06T15:19:10-05:00</time>
</trkpt>
<trkpt lat="-15.476314" lon="-70.11617">
<ele>3826.6</ele>
<time>2026-10-06T15:19:12-05:00</time>
</trkpt>
<trkpt lat="-15.476314" lon="-70.116175">
<ele>3825.8</ele>
<time>2026-10-06T15:19:14-05:00</time>
</trkpt>
<trkpt lat="-15.476308" lon="-70.11618">
<ele>3826.1</ele>
<time>2026-10-06T15:19:16-05:00</time>
</trkpt>
<trkpt lat="-15.476341" lon="-70.116204">
<ele>3825.7</ele>
<time>2026-10-06T15:19:18-05:00</time>
</trkpt>
<trkpt lat="-15.476379" lon="-70.116222">
<ele>3826.3</ele>
<time>2026-10-06T15:19:20-05:00</time>
</trkpt>
<trkpt lat="-15.476458" lon="-70.116285">
<ele>3825.6</ele>
<time>2026-10-06T15:19:22-05:00</time>
</trkpt>
<trkpt lat="-15.476542" lon="-70.11638">
<ele>3825.5</ele>
<time>2026-10-06T15:19:24-05:00</time>
</trkpt>
<trkpt lat="-15.476632" lon="-70.116451">
<ele>3826.0</ele>
<time>2026-10-06T15:19:26-05:00</time>
</trkpt>
<trkpt lat="-15.476702" lon="-70.116532">
<ele>3826.6</ele>
<time>2026-10-06T15:19:28-05:00</time>
</trkpt>
<trkpt lat="-15.476781" lon="-70.116611">
<ele>3825.7</ele>
<time>2026-10-06T15:19:30-05:00</time>
</trkpt>
<trkpt lat="-15.476873" lon="-70.116693">
<ele>3826.5</ele>
<time>2026-10-06T15:19:32-05:00</time>
</trkpt>
<trkpt lat="-15.476956" lon="-70.116772">
<ele>3825.5</ele>
<time>2026-10-06T15:19:34-05:00</time>
</trkpt>
<trkpt lat="-15.477014" lon="-70.116856">
<ele>3826.2</ele>
<time>2026-10-06T15:19:36-05:00</time>
</trkpt>
<trkpt lat="-15.477088" lon="-70.116938">
<ele>3825.3</ele>
<time>2026-10-06T15:19:38-05:00</time>
</trkpt>
<trkpt lat="-15.477161" lon="-70.117014">
<ele>3826.1</ele>
<time>2026-10-06T15:19:40-05:00</time>
</trkpt>
<trkpt lat="-15.477244" lon="-70.117078">
<ele>3825.1</ele>
<time>2026-10-06T15:19:42-05:00</time>
</trkpt>
<trkpt lat="-15.477305" lon="-70.11715">
<ele>3825.7</ele>
<time>2026-10-06T15:19:44-05:00</time>
</trkpt>
<trkpt lat="-15.477374" lon="-70.117199">
<ele>3826.0</ele>
<time>2026-10-06T15:19:46-05:00</time>
</trkpt>
<trkpt lat="-15.477448" lon="-70.117257">
<ele>3826.4</ele>
<time>2026-10-06T15:19:48-05:00</time>
</trkpt>
<trkpt lat="-15.477512" lon="-70.117333">
<ele>3826.1</ele>
<time>2026-10-06T15:19:50-05:00</time>
</trkpt>
<trkpt lat="-15.477596" lon="-70.117421">
<ele>3825.8</ele>
<time>2026-10-06T15:19:52-05:00</time>
</trkpt>
<trkpt lat="-15.477664" lon="-70.117495">
<ele>3826.0</ele>
<time>2026-10-06T15:19:54-05:00</time>
</trkpt>
<trkpt lat="-15.477727" lon="-70.117569">
<ele>3825.9</ele>
<time>2026-10-06T15:19:56-05:00</time>
</trkpt>
<trkpt lat="-15.477787" lon="-70.117613">
<ele>3825.7</ele>
<time>2026-10-06T15:19:58-05:00</time>
</trkpt>
<trkpt lat="-15.477834" lon="-70.117679">
<ele>3825.4</ele>
<time>2026-10-06T15:20:00-05:00</time>
</trkpt>
<trkpt lat="-15.477877" lon="-70.117731">
<ele>3825.7</ele>
<time>2026-10-06T15:20:02-05:00</time>
</trkpt>
<trkpt lat="-15.477943" lon="-70.117779">
<ele>3826.4</ele>
<time>2026-10-06T15:20:04-05:00</time>
</trkpt>
<trkpt lat="-15.47801" lon="-70.117833">
<ele>3826.0</ele>
<time>2026-10-06T15:20:06-05:00</time>
</trkpt>
<trkpt lat="-15.47806" lon="-70.117893">
<ele>3825.7</ele>
<time>2026-10-06T15:20:08-05:00</time>
</trkpt>
<trkpt lat="-15.478143" lon="-70.117966">
<ele>3826.1</ele>
<time>2026-10-06T15:20:10-05:00</time>
</trkpt>
<trkpt lat="-15.478207" lon="-70.11804">
<ele>3826.2</ele>
<time>2026-10-06T15:20:12-05:00</time>
</trkpt>
<trkpt lat="-15.478284" lon="-70.118106">
<ele>3825.9</ele>
<time>2026-10-06T15:20:14-05:00</time>
</trkpt>
<trkpt lat="-15.478348" lon="-70.118151">
<ele>3826.7</ele>
<time>2026-10-06T15:20:16-05:00</time>
</trkpt>
<trkpt lat="-15.478394" lon="-70.118191">
<ele>3826.6</ele>
<time>2026-10-06T15:20:18-05:00</time>
</trkpt>
<trkpt lat="-15.478454" lon="-70.118259">
<ele>3827.3</ele>
<time>2026-10-06T15:20:20-05:00</time>
</trkpt>
<trkpt lat="-15.478546" lon="-70.118315">
<ele>3827.0</ele>
<time>2026-10-06T15:20:22-05:00</time>
</trkpt>
<trkpt lat="-15.47864" lon="-70.11838">
<ele>3826.8</ele>
<time>2026-10-06T15:20:24-05:00</time>
</trkpt>
<trkpt lat="-15.478716" lon="-70.118463">
<ele>3827.0</ele>
<time>2026-10-06T15:20:26-05:00</time>
</trkpt>
<trkpt lat="-15.47877" lon="-70.11853">
<ele>3827.2</ele>
<time>2026-10-06T15:20:28-05:00</time>
</trkpt>
<trkpt lat="-15.478825" lon="-70.118624">
<ele>3826.5</ele>
<time>2026-10-06T15:20:30-05:00</time>
</trkpt>
<trkpt lat="-15.478897" lon="-70.1187">
<ele>3827.3</ele>
<time>2026-10-06T15:20:32-05:00</time>
</trkpt>
<trkpt lat="-15.47893" lon="-70.118745">
<ele>3827.8</ele>
<time>2026-10-06T15:20:34-05:00</time>
</trkpt>
<trkpt lat="-15.478937" lon="-70.118742">
<ele>3827.3</ele>
<time>2026-10-06T15:20:36-05:00</time>
</trkpt>
<trkpt lat="-15.478936" lon="-70.118765">
<ele>3827.4</ele>
<time>2026-10-06T15:20:38-05:00</time>
</trkpt>
<trkpt lat="-15.478938" lon="-70.118753">
<ele>3826.7</ele>
<time>2026-10-06T15:20:40-05:00</time>
</trkpt>
<trkpt lat="-15.478952" lon="-70.11876">
<ele>3827.5</ele>
<time>2026-10-06T15:20:42-05:00</time>
</trkpt>
<trkpt lat="-15.478986" lon="-70.118791">
<ele>3826.8</ele>
<time>2026-10-06T15:20:44-05:00</time>
</trkpt>
<trkpt lat="-15.479083" lon="-70.118866">
<ele>3827.9</ele>
<time>2026-10-06T15:20:46-05:00</time>
</trkpt>
<trkpt lat="-15.479199" lon="-70.118995">
<ele>3827.4</ele>
<time>2026-10-06T15:20:48-05:00</time>
</trkpt>
<trkpt lat="-15.479295" lon="-70.119095">
<ele>3828.4</ele>
<time>2026-10-06T15:20:50-05:00</time>
</trkpt>
<trkpt lat="-15.479306" lon="-70.119159">
<ele>3828.3</ele>
<time>2026-10-06T15:20:52-05:00</time>
</trkpt>
<trkpt lat="-15.479309" lon="-70.119161">
<ele>3827.7</ele>
<time>2026-10-06T15:20:54-05:00</time>
</trkpt>
<trkpt lat="-15.479303" lon="-70.119159">
<ele>3828.1</ele>
<time>2026-10-06T15:20:56-05:00</time>
</trkpt>
<trkpt lat="-15.479285" lon="-70.119147">
<ele>3828.0</ele>
<time>2026-10-06T15:20:58-05:00</time>
</trkpt>
<trkpt lat="-15.479298" lon="-70.119156">
<ele>3827.6</ele>
<time>2026-10-06T15:21:00-05:00</time>
</trkpt>
<trkpt lat="-15.479306" lon="-70.119173">
<ele>3827.5</ele>
<time>2026-10-06T15:21:02-05:00</time>
</trkpt>
<trkpt lat="-15.479298" lon="-70.119164">
<ele>3827.3</ele>
<time>2026-10-06T15:21:04-05:00</time>
</trkpt>
<trkpt lat="-15.479291" lon="-70.119153">
<ele>3827.5</ele>
<time>2026-10-06T15:21:06-05:00</time>
</trkpt>
<trkpt lat="-15.479291" lon="-70.11915">
<ele>3827.7</ele>
<time>2026-10-06T15:21:08-05:00</time>
</trkpt>
<trkpt lat="-15.479292" lon="-70.119158">
<ele>3827.8</ele>
<time>2026-10-06T15:21:10-05:00</time>
</trkpt>
<trkpt lat="-15.479289" lon="-70.119157">
<ele>3828.7</ele>
<time>2026-10-06T15:21:12-05:00</time>
</trkpt>
<trkpt lat="-15.479286" lon="-70.119155">
<ele>3827.7</ele>
<time>2026-10-06T15:21:14-05:00</time>
</trkpt>
<trkpt lat="-15.479286" lon="-70.119153">
<ele>3827.6</ele>
<time>2026-10-06T15:21:16-05:00</time>
</trkpt>
<trkpt lat="-15.479321" lon="-70.119173">
<ele>3827.5</ele>
<time>2026-10-06T15:21:18-05:00</time>
</trkpt>
<trkpt lat="-15.479421" lon="-70.119233">
<ele>3828.1</ele>
<time>2026-10-06T15:21:20-05:00</time>
</trkpt>
<trkpt lat="-15.479541" lon="-70.119359">
<ele>3827.9</ele>
<time>2026-10-06T15:21:22-05:00</time>
</trkpt>
<trkpt lat="-15.4796" lon="-70.119457">
<ele>3828.4</ele>
<time>2026-10-06T15:21:24-05:00</time>
</trkpt>
<trkpt lat="-15.479605" lon="-70.119494">
<ele>3828.0</ele>
<time>2026-10-06T15:21:26-05:00</time>
</trkpt>
<trkpt lat="-15.47961" lon="-70.119484">
<ele>3828.3</ele>
<time>2026-10-06T15:21:28-05:00</time>
</trkpt>
<trkpt lat="-15.47961" lon="-70.119499">
<ele>3828.1</ele>
<time>2026-10-06T15:21:30-05:00</time>
</trkpt>
<trkpt lat="-15.479608" lon="-70.119503">
<ele>3828.7</ele>
<time>2026-10-06T15:21:32-05:00</time>
</trkpt>
<trkpt lat="-15.479616" lon="-70.119527">
<ele>3828.2</ele>
<time>2026-10-06T15:21:34-05:00</time>
</trkpt>
<trkpt lat="-15.479614" lon="-70.119517">
<ele>3829.1</ele>
<time>2026-10-06T15:21:36-05:00</time>
</trkpt>
<trkpt lat="-15.479617" lon="-70.119513">
<ele>3828.8</ele>
<time>2026-10-06T15:21:38-05:00</time>
</trkpt>
<trkpt lat="-15.479624" lon="-70.119513">
<ele>3828.9</ele>
<time>2026-10-06T15:21:40-05:00</time>
</trkpt>
<trkpt lat="-15.479616" lon="-70.119502">
<ele>3828.1</ele>
<time>2026-10-06T15:21:42-05:00</time>
</trkpt>
<trkpt lat="-15.479612" lon="-70.119502">
<ele>3829.0</ele>
<time>2026-10-06T15:21:44-05:00</time>
</trkpt>
<trkpt lat="-15.479631" lon="-70.119521">
<ele>3828.3</ele>
<time>2026-10-06T15:21:46-05:00</time>
</trkpt>
<trkpt lat="-15.479713" lon="-70.119555">
<ele>3829.1</ele>
<time>2026-10-06T15:21:48-05:00</time>
</trkpt>
<trkpt lat="-15.479797" lon="-70.119645">
<ele>3827.8</ele>
<time>2026-10-06T15:21:50-05:00</time>
</trkpt>
<trkpt lat="-15.479905" lon="-70.119734">
<ele>3827.3</ele>
<time>2026-10-06T15:21:52-05:00</time>
</trkpt>
<trkpt lat="-15.479989" lon="-70.119818">
<ele>3827.3</ele>
<time>2026-10-06T15:21:54-05:00</time>
</trkpt>
<trkpt lat="-15.480069" lon="-70.119904">
<ele>3827.3</ele>
<time>2026-10-06T15:21:56-05:00</time>
</trkpt>
<trkpt lat="-15.480117" lon="-70.119964">
<ele>3826.2</ele>
<time>2026-10-06T15:21:58-05:00</time>
</trkpt>
<trkpt lat="-15.480183" lon="-70.12003">
<ele>3826.4</ele>
<time>2026-10-06T15:22:00-05:00</time>
</trkpt>
<trkpt lat="-15.480256" lon="-70.120085">
<ele>3827.0</ele>
<time>2026-10-06T15:22:02-05:00</time>
</trkpt>
<trkpt lat="-15.480321" lon="-70.120151">
<ele>3827.0</ele>
<time>2026-10-06T15:22:04-05:00</time>
</trkpt>
<trkpt lat="-15.480386" lon="-70.120216">
<ele>3826.2</ele>
<time>2026-10-06T15:22:06-05:00</time>
</trkpt>
<trkpt lat="-15.480418" lon="-70.120289">
<ele>3826.4</ele>
<time>2026-10-06T15:22:08-05:00</time>
</trkpt>
<trkpt lat="-15.480485" lon="-70.120341">
<ele>3826.5</ele>
<time>2026-10-06T15:22:10-05:00</time>
</trkpt>
<trkpt lat="-15.480522" lon="-70.1204">
<ele>3825.8</ele>
<time>2026-10-06T15:22:12-05:00</time>
</trkpt>
<trkpt lat="-15.480576" lon="-70.12046">
<ele>3825.7</ele>
<time>2026-10-06T15:22:14-05:00</time>
</trkpt>
<trkpt lat="-15.480619" lon="-70.120523">
<ele>3825.9</ele>
<time>2026-10-06T15:22:16-05:00</time>
</trkpt>
<trkpt lat="-15.480686" lon="-70.120578">
<ele>3826.1</ele>
<time>2026-10-06T15:22:18-05:00</time>
</trkpt>
<trkpt lat="-15.480759" lon="-70.120644">
<ele>3825.5</ele>
<time>2026-10-06T15:22:20-05:00</time>
</trkpt>
<trkpt lat="-15.480819" lon="-70.120683">
<ele>3826.0</ele>
<time>2026-10-06T15:22:22-05:00</time>
</trkpt>
<trkpt lat="-15.480876" lon="-70.120729">
<ele>3826.0</ele>
<time>2026-10-06T15:22:24-05:00</time>
</trkpt>
<trkpt lat="-15.480919" lon="-70.120785">
<ele>3826.2</ele>
<time>2026-10-06T15:22:26-05:00</time>
</trkpt>
<trkpt lat="-15.480987" lon="-70.120849">
<ele>3825.7</ele>
<time>2026-10-06T15:22:28-05:00</time>
</trkpt>
<trkpt lat="-15.481067" lon="-70.120891">
<ele>3825.4</ele>
<time>2026-10-06T15:22:30-05:00</time>
</trkpt>
<trkpt lat="-15.48114" lon="-70.120928">
<ele>3826.0</ele>
<time>2026-10-06T15:22:32-05:00</time>
</trkpt>
<trkpt lat="-15.481192" lon="-70.120969">
<ele>3826.1</ele>
<time>2026-10-06T15:22:34-05:00</time>
</trkpt>
<trkpt lat="-15.481242" lon="-70.121025">
<ele>3825.3</ele>
<time>2026-10-06T15:22:36-05:00</time>
</trkpt>
<trkpt lat="-15.481307" lon="-70.121073">
<ele>3825.9</ele>
<time>2026-10-06T15:22:38-05:00</time>
</trkpt>
<trkpt lat="-15.481356" lon="-70.121145">
<ele>3826.0</ele>
<time>2026-10-06T15:22:40-05:00</time>
</trkpt>
<trkpt lat="-15.481439" lon="-70.121186">
<ele>3826.3</ele>
<time>2026-10-06T15:22:42-05:00</time>
</trkpt>
<trkpt lat="-15.481491" lon="-70.121252">
<ele>3826.1</ele>
<time>2026-10-06T15:22:44-05:00</time>
</trkpt>
<trkpt lat="-15.481534" lon="-70.121305">
<ele>3825.4</ele>
<time>2026-10-06T15:22:46-05:00</time>
</trkpt>
<trkpt lat="-15.481588" lon="-70.121367">
<ele>3826.6</ele>
<time>2026-10-06T15:22:48-05:00</time>
</trkpt>
<trkpt lat="-15.481655" lon="-70.121424">
<ele>3826.2</ele>
<time>2026-10-06T15:22:50-05:00</time>
</trkpt>
<trkpt lat="-15.481728" lon="-70.121508">
<ele>3825.8</ele>
<time>2026-10-06T15:22:52-05:00</time>
</trkpt>
<trkpt lat="-15.481789" lon="-70.121564">
<ele>3826.3</ele>
<time>2026-10-06T15:22:54-05:00</time>
</trkpt>
<trkpt lat="-15.481884" lon="-70.121634">
<ele>3825.7</ele>
<time>2026-10-06T15:22:56-05:00</time>
</trkpt>
<trkpt lat="-15.481945" lon="-70.121689">
<ele>3825.4</ele>
<time>2026-10-06T15:22:58-05:00</time>
</trkpt>
<trkpt lat="-15.482028" lon="-70.121782">
<ele>3825.8</ele>
<time>2026-10-06T15:23:00-05:00</time>
</trkpt>
<trkpt lat="-15.482109" lon="-70.12188">
<ele>3826.2</ele>
<time>2026-10-06T15:23:02-05:00</time>
</trkpt>
<trkpt lat="-15.482182" lon="-70.12195">
<ele>3826.0</ele>
<time>2026-10-06T15:23:04-05:00</time>
</trkpt>
<trkpt lat="-15.482265" lon="-70.122042">
<ele>3826.2</ele>
<time>2026-10-06T15:23:06-05:00</time>
</trkpt>
<trkpt lat="-15.482344" lon="-70.122141">
<ele>3826.0</ele>
<time>2026-10-06T15:23:08-05:00</time>
</trkpt>
<trkpt lat="-15.48242" lon="-70.122214">
<ele>3825.2</ele>
<time>2026-10-06T15:23:10-05:00</time>
</trkpt>
<trkpt lat="-15.482506" lon="-70.122299">
<ele>3825.6</ele>
<time>2026-10-06T15:23:12-05:00</time>
</trkpt>
<trkpt lat="-15.48256" lon="-70.122362">
<ele>3825.8</ele>
<time>2026-10-06T15:23:14-05:00</time>
</trkpt>
<trkpt lat="-15.482597" lon="-70.122422">
<ele>3825.5</ele>
<time>2026-10-06T15:23:16-05:00</time>
</trkpt>
<trkpt lat="-15.482615" lon="-70.122446">
<ele>3826.6</ele>
<time>2026-10-06T15:23:18-05:00</time>
</trkpt>
<trkpt lat="-15.482589" lon="-70.122452">
<ele>3825.8</ele>
<time>2026-10-06T15:23:20-05:00</time>
</trkpt>
<trkpt lat="-15.482588" lon="-70.122457">
<ele>3826.3</ele>
<time>2026-10-06T15:23:22-05:00</time>
</trkpt>
<trkpt lat="-15.482591" lon="-70.122461">
<ele>3825.4</ele>
<time>2026-10-06T15:23:24-05:00</time>
</trkpt>
<trkpt lat="-15.482599" lon="-70.122476">
<ele>3826.5</ele>
<time>2026-10-06T15:23:26-05:00</time>
</trkpt>
<trkpt lat="-15.482581" lon="-70.12247">
<ele>3826.4</ele>
<time>2026-10-06T15:23:28-05:00</time>
</trkpt>
<trkpt lat="-15.482587" lon="-70.122477">
<ele>3826.3</ele>
<time>2026-10-06T15:23:30-05:00</time>
</trkpt>
<trkpt lat="-15.482593" lon="-70.122471">
<ele>3825.5</ele>
<time>2026-10-06T15:23:32-05:00</time>
</trkpt>
<trkpt lat="-15.482594" lon="-70.122483">
<ele>3825.6</ele>
<time>2026-10-06T15:23:34-05:00</time>
</trkpt>
<trkpt lat="-15.482621" lon="-70.122509">
<ele>3825.3</ele>
<time>2026-10-06T15:23:36-05:00</time>
</trkpt>
<trkpt lat="-15.482666" lon="-70.122516">
<ele>3826.1</ele>
<time>2026-10-06T15:23:38-05:00</time>
</trkpt>
<trkpt lat="-15.482726" lon="-70.12257">
<ele>3826.4</ele>
<time>2026-10-06T15:23:40-05:00</time>
</trkpt>
<trkpt lat="-15.482818" lon="-70.122643">
<ele>3826.2</ele>
<time>2026-10-06T15:23:42-05:00</time>
</trkpt>
<trkpt lat="-15.482896" lon="-70.122751">
<ele>3826.6</ele>
<time>2026-10-06T15:23:44-05:00</time>
</trkpt>
<trkpt lat="-15.48297" lon="-70.122832">
<ele>3827.0</ele>
<time>2026-10-06T15:23:46-05:00</time>
</trkpt>
<trkpt lat="-15.483056" lon="-70.12292">
<ele>3827.3</ele>
<time>2026-10-06T15:23:48-05:00</time>
</trkpt>
<trkpt lat="-15.483142" lon="-70.123005">
<ele>3827.3</ele>
<time>2026-10-06T15:23:50-05:00</time>
</trkpt>
<trkpt lat="-15.483236" lon="-70.123085">
<ele>3827.6</ele>
<time>2026-10-06T15:23:52-05:00</time>
</trkpt>
<trkpt lat="-15.483324" lon="-70.123167">
<ele>3826.8</ele>
<time>2026-10-06T15:23:54-05:00</time>
</trkpt>
<trkpt lat="-15.483389" lon="-70.123244">
<ele>3827.4</ele>
<time>2026-10-06T15:23:56-05:00</time>
</trkpt>
<trkpt lat="-15.483458" lon="-70.123288">
<ele>3827.5</ele>
<time>2026-10-06T15:23:58-05:00</time>
</trkpt>
<trkpt lat="-15.483515" lon="-70.123349">
<ele>3827.0</ele>
<time>2026-10-06T15:24:00-05:00</time>
</trkpt>
<trkpt lat="-15.483589" lon="-70.123426">
<ele>3826.3</ele>
<time>2026-10-06T15:24:02-05:00</time>
</trkpt>
<trkpt lat="-15.483641" lon="-70.123465">
<ele>3827.0</ele>
<time>2026-10-06T15:24:04-05:00</time>
</trkpt>
<trkpt lat="-15.483724" lon="-70.123507">
<ele>3827.1</ele>
<time>2026-10-06T15:24:06-05:00</time>
</trkpt>
<trkpt lat="-15.483791" lon="-70.123583">
<ele>3826.8</ele>
<time>2026-10-06T15:24:08-05:00</time>
</trkpt>
<trkpt lat="-15.483858" lon="-70.123656">
<ele>3826.7</ele>
<time>2026-10-06T15:24:10-05:00</time>
</trkpt>
<trkpt lat="-15.483947" lon="-70.123723">
<ele>3826.3</ele>
<time>2026-10-06T15:24:12-05:00</time>
</trkpt>
<trkpt lat="-15.484029" lon="-70.123785">
<ele>3826.5</ele>
<time>2026-10-06T15:24:14-05:00</time>
</trkpt>
<trkpt lat="-15.484109" lon="-70.123855">
<ele>3826.2</ele>
<time>2026-10-06T15:24:16-05:00</time>
</trkpt>
<trkpt lat="-15.484181" lon="-70.123932">
<ele>3825.9</ele>
<time>2026-10-06T15:24:18-05:00</time>
</trkpt>
<trkpt lat="-15.484231" lon="-70.124061">
<ele>3826.5</ele>
<time>2026-10-06T15:24:20-05:00</time>
</trkpt>
<trkpt lat="-15.484278" lon="-70.124202">
<ele>3826.0</ele>
<time>2026-10-06T15:24:22-05:00</time>
</trkpt>
<trkpt lat="-15.484307" lon="-70.124355">
<ele>3825.8</ele>
<time>2026-10-06T15:24:24-05:00</time>
</trkpt>
<trkpt lat="-15.48433" lon="-70.124473">
<ele>3826.5</ele>
<time>2026-10-06T15:24:26-05:00</time>
</trkpt>
<trkpt lat="-15.484337" lon="-70.124556">
<ele>3825.8</ele>
<time>2026-10-06T15:24:28-05:00</time>
</trkpt>
<trkpt lat="-15.484331" lon="-70.124617">
<ele>3826.1</ele>
<time>2026-10-06T15:24:30-05:00</time>
</trkpt>
<trkpt lat="-15.484308" lon="-70.124648">
<ele>3825.7</ele>
<time>2026-10-06T15:24:32-05:00</time>
</trkpt>
<trkpt lat="-15.48431" lon="-70.124646">
<ele>3826.0</ele>
<time>2026-10-06T15:24:34-05:00</time>
</trkpt>
<trkpt lat="-15.484318" lon="-70.124659">
<ele>3825.7</ele>
<time>2026-10-06T15:24:36-05:00</time>
</trkpt>
<trkpt lat="-15.484321" lon="-70.124648">
<ele>3825.7</ele>
<time>2026-10-06T15:24:38-05:00</time>
</trkpt>
<trkpt lat="-15.484326" lon="-70.12463">
<ele>3826.1</ele>
<time>2026-10-06T15:24:40-05:00</time>
</trkpt>
<trkpt lat="-15.484335" lon="-70.124624">
<ele>3825.0</ele>
<time>2026-10-06T15:24:42-05:00</time>
</trkpt>
<trkpt lat="-15.484328" lon="-70.124624">
<ele>3825.9</ele>
<time>2026-10-06T15:24:44-05:00</time>
</trkpt>
<trkpt lat="-15.484334" lon="-70.124622">
<ele>3826.3</ele>
<time>2026-10-06T15:24:46-05:00</time>
</trkpt>
<trkpt lat="-15.484325" lon="-70.124626">
<ele>3826.0</ele>
<time>2026-10-06T15:24:48-05:00</time>
</trkpt>
<trkpt lat="-15.484346" lon="-70.124645">
<ele>3825.5</ele>
<time>2026-10-06T15:24:50-05:00</time>
</trkpt>
<trkpt lat="-15.484383" lon="-70.124721">
<ele>3825.6</ele>
<time>2026-10-06T15:24:52-05:00</time>
</trkpt>
<trkpt lat="-15.484422" lon="-70.124797">
<ele>3825.1</ele>
<time>2026-10-06T15:24:54-05:00</time>
</trkpt>
<trkpt lat="-15.484517" lon="-70.124811">
<ele>3826.0</ele>
<time>2026-10-06T15:24:56-05:00</time>
</trkpt>
<trkpt lat="-15.484612" lon="-70.124766">
<ele>3825.7</ele>
<time>2026-10-06T15:24:58-05:00</time>
</trkpt>
<trkpt lat="-15.484712" lon="-70.124717">
<ele>3826.3</ele>
<time>2026-10-06T15:25:00-05:00</time>
</trkpt>
<trkpt lat="-15.484812" lon="-70.124681">
<ele>3825.8</ele>
<time>2026-10-06T15:25:02-05:00</time>
</trkpt>
<trkpt lat="-15.484919" lon="-70.12463">
<ele>3826.1</ele>
<time>2026-10-06T15:25:04-05:00</time>
</trkpt>
<trkpt lat="-15.485008" lon="-70.124602">
<ele>3825.7</ele>
<time>2026-10-06T15:25:06-05:00</time>
</trkpt>
<trkpt lat="-15.485127" lon="-70.124554">
<ele>3826.3</ele>
<time>2026-10-06T15:25:08-05:00</time>
</trkpt>
<trkpt lat="-15.485222" lon="-70.124511">
<ele>3826.2</ele>
<time>2026-10-06T15:25:10-05:00</time>
</trkpt>
<trkpt lat="-15.485292" lon="-70.124497">
<ele>3826.4</ele>
<time>2026-10-06T15:25:12-05:00</time>
</trkpt>
<trkpt lat="-15.485366" lon="-70.124462">
<ele>3826.5</ele>
<time>2026-10-06T15:25:14-05:00</time>
</trkpt>
<trkpt lat="-15.485458" lon="-70.124434">
<ele>3826.1</ele>
<time>2026-10-06T15:25:16-05:00</time>
</trkpt>
<trkpt lat="-15.485526" lon="-70.124411">
<ele>3827.4</ele>
<time>2026-10-06T15:25:18-05:00</time>
</trkpt>
<trkpt lat="-15.485599" lon="-70.124381">
<ele>3826.6</ele>
<time>2026-10-06T15:25:20-05:00</time>
</trkpt>
<trkpt lat="-15.485686" lon="-70.124347">
<ele>3826.6</ele>
<time>2026-10-06T15:25:22-05:00</time>
</trkpt>
<trkpt lat="-15.485792" lon="-70.124315">
<ele>3827.1</ele>
<time>2026-10-06T15:25:24-05:00</time>
</trkpt>
<trkpt lat="-15.485883" lon="-70.124284">
<ele>3825.8</ele>
<time>2026-10-06T15:25:26-05:00</time>
</trkpt>
<trkpt lat="-15.485978" lon="-70.124229">
<ele>3826.2</ele>
<time>2026-10-06T15:25:28-05:00</time>
</trkpt>
<trkpt lat="-15.48605" lon="-70.124206">
<ele>3826.8</ele>
<time>2026-10-06T15:25:30-05:00</time>
</trkpt>
<trkpt lat="-15.486118" lon="-70.124195">
<ele>3825.7</ele>
<time>2026-10-06T15:25:32-05:00</time>
</trkpt>
<trkpt lat="-15.486147" lon="-70.124185">
<ele>3826.1</ele>
<time>2026-10-06T15:25:34-05:00</time>
</trkpt>
<trkpt lat="-15.486137" lon="-70.124182">
<ele>3825.9</ele>
<time>2026-10-06T15:25:36-05:00</time>
</trkpt>
<trkpt lat="-15.486142" lon="-70.124177">
<ele>3825.9</ele>
<time>2026-10-06T15:25:38-05:00</time>
</trkpt>
<trkpt lat="-15.486124" lon="-70.12417">
<ele>3825.8</ele>
<time>2026-10-06T15:25:40-05:00</time>
</trkpt>
<trkpt lat="-15.486123" lon="-70.124189">
<ele>3826.2</ele>
<time>2026-10-06T15:25:42-05:00</time>
</trkpt>
<trkpt lat="-15.486128" lon="-70.124211">
<ele>3825.1</ele>
<time>2026-10-06T15:25:44-05:00</time>
</trkpt>
<trkpt lat="-15.486134" lon="-70.124205">
<ele>3825.7</ele>
<time>2026-10-06T15:25:46-05:00</time>
</trkpt>
<trkpt lat="-15.48614" lon="-70.124198">
<ele>3826.2</ele>
<time>2026-10-06T15:25:48-05:00</time>
</trkpt>
<trkpt lat="-15.486163" lon="-70.124169">
<ele>3825.8</ele>
<time>2026-10-06T15:25:50-05:00</time>
</trkpt>
<trkpt lat="-15.486223" lon="-70.124123">
<ele>3826.2</ele>
<time>2026-10-06T15:25:52-05:00</time>
</trkpt>
<trkpt lat="-15.486295" lon="-70.124104">
<ele>3825.9</ele>
<time>2026-10-06T15:25:54-05:00</time>
</trkpt>
<trkpt lat="-15.486421" lon="-70.124067">
<ele>3825.4</ele>
<time>2026-10-06T15:25:56-05:00</time>
</trkpt>
<trkpt lat="-15.486545" lon="-70.12403">
<ele>3826.4</ele>
<time>2026-10-06T15:25:58-05:00</time>
</trkpt>
<trkpt lat="-15.486658" lon="-70.123981">
<ele>3826.4</ele>
<time>2026-10-06T15:26:00-05:00</time>
</trkpt>
<trkpt lat="-15.486768" lon="-70.123932">
<ele>3825.3</ele>
<time>2026-10-06T15:26:02-05:00</time>
</trkpt>
<trkpt lat="-15.486887" lon="-70.123883">
<ele>3825.6</ele>
<time>2026-10-06T15:26:04-05:00</time>
</trkpt>
<trkpt lat="-15.486989" lon="-70.123855">
<ele>3825.8</ele>
<time>2026-10-06T15:26:06-05:00</time>
</trkpt>
<trkpt lat="-15.487064" lon="-70.12382">
<ele>3826.5</ele>
<time>2026-10-06T15:26:08-05:00</time>
</trkpt>
<trkpt lat="-15.487124" lon="-70.123807">
<ele>3825.6</ele>
<time>2026-10-06T15:26:10-05:00</time>
</trkpt>
<trkpt lat="-15.487175" lon="-70.1238">
<ele>3825.8</ele>
<time>2026-10-06T15:26:12-05:00</time>
</trkpt>
<trkpt lat="-15.487186" lon="-70.123796">
<ele>3825.1</ele>
<time>2026-10-06T15:26:14-05:00</time>
</trkpt>
<trkpt lat="-15.487186" lon="-70.123809">
<ele>3826.2</ele>
<time>2026-10-06T15:26:16-05:00</time>
</trkpt>
<trkpt lat="-15.487176" lon="-70.123798">
<ele>3825.5</ele>
<time>2026-10-06T15:26:18-05:00</time>
</trkpt>
<trkpt lat="-15.48718" lon="-70.123802">
<ele>3826.1</ele>
<time>2026-10-06T15:26:20-05:00</time>
</trkpt>
<trkpt lat="-15.487188" lon="-70.123796">
<ele>3825.9</ele>
<time>2026-10-06T15:26:22-05:00</time>
</trkpt>
<trkpt lat="-15.487196" lon="-70.123802">
<ele>3825.1</ele>
<time>2026-10-06T15:26:24-05:00</time>
</trkpt>
<trkpt lat="-15.487173" lon="-70.123807">
<ele>3826.0</ele>
<time>2026-10-06T15:26:26-05:00</time>
</trkpt>
<trkpt lat="-15.487183" lon="-70.123796">
<ele>3826.5</ele>
<time>2026-10-06T15:26:28-05:00</time>
</trkpt>
<trkpt lat="-15.487177" lon="-70.123815">
<ele>3826.1</ele>
<time>2026-10-06T15:26:30-05:00</time>
</trkpt>
<trkpt lat="-15.487175" lon="-70.123816">
<ele>3826.1</ele>
<time>2026-10-06T15:26:32-05:00</time>
</trkpt>
<trkpt lat="-15.487172" lon="-70.123818">
<ele>3826.3</ele>
<time>2026-10-06T15:26:34-05:00</time>
</trkpt>
<trkpt lat="-15.487187" lon="-70.123811">
<ele>3827.0</ele>
<time>2026-10-06T15:26:36-05:00</time>
</trkpt>
<trkpt lat="-15.487237" lon="-70.123769">
<ele>3826.0</ele>
<time>2026-10-06T15:26:38-05:00</time>
</trkpt>
<trkpt lat="-15.487322" lon="-70.123733">
<ele>3826.2</ele>
<time>2026-10-06T15:26:40-05:00</time>
</trkpt>
<trkpt lat="-15.487415" lon="-70.123694">
<ele>3825.6</ele>
<time>2026-10-06T15:26:42-05:00</time>
</trkpt>
<trkpt lat="-15.487524" lon="-70.123648">
<ele>3826.0</ele>
<time>2026-10-06T15:26:44-05:00</time>
</trkpt>
<trkpt lat="-15.487619" lon="-70.123622">
<ele>3826.7</ele>
<time>2026-10-06T15:26:46-05:00</time>
</trkpt>
<trkpt lat="-15.487737" lon="-70.12358">
<ele>3826.0</ele>
<time>2026-10-06T15:26:48-05:00</time>
</trkpt>
<trkpt lat="-15.487827" lon="-70.123527">
<ele>3825.9</ele>
<time>2026-10-06T15:26:50-05:00</time>
</trkpt>
<trkpt lat="-15.487895" lon="-70.123506">
<ele>3825.8</ele>
<time>2026-10-06T15:26:52-05:00</time>
</trkpt>
<trkpt lat="-15.487946" lon="-70.123479">
<ele>3825.9</ele>
<time>2026-10-06T15:26:54-05:00</time>
</trkpt>
<trkpt lat="-15.487986" lon="-70.123476">
<ele>3826.3</ele>
<time>2026-10-06T15:26:56-05:00</time>
</trkpt>
<trkpt lat="-15.487994" lon="-70.123495">
<ele>3824.9</ele>
<time>2026-10-06T15:26:58-05:00</time>
</trkpt>
<trkpt lat="-15.488023" lon="-70.123541">
<ele>3826.6</ele>
<time>2026-10-06T15:27:00-05:00</time>
</trkpt>
<trkpt lat="-15.488015" lon="-70.123571">
<ele>3826.7</ele>
<time>2026-10-06T15:27:02-05:00</time>
</trkpt>
<trkpt lat="-15.48804" lon="-70.123612">
<ele>3826.3</ele>
<time>2026-10-06T15:27:04-05:00</time>
</trkpt>
<trkpt lat="-15.488056" lon="-70.123671">
<ele>3826.7</ele>
<time>2026-10-06T15:27:06-05:00</time>
</trkpt>
<trkpt lat="-15.488101" lon="-70.12371">
<ele>3826.2</ele>
<time>2026-10-06T15:27:08-05:00</time>
</trkpt>
<trkpt lat="-15.488131" lon="-70.123761">
<ele>3827.1</ele>
<time>2026-10-06T15:27:10-05:00</time>
</trkpt>
<trkpt lat="-15.488169" lon="-70.123802">
<ele>3827.3</ele>
<time>2026-10-06T15:27:12-05:00</time>
</trkpt>
<trkpt lat="-15.488181" lon="-70.123862">
<ele>3826.8</ele>
<time>2026-10-06T15:27:14-05:00</time>
</trkpt>
<trkpt lat="-15.488191" lon="-70.123924">
<ele>3827.0</ele>
<time>2026-10-06T15:27:16-05:00</time>
</trkpt>
<trkpt lat="-15.488203" lon="-70.123975">
<ele>3827.1</ele>
<time>2026-10-06T15:27:18-05:00</time>
</trkpt>
<trkpt lat="-15.488222" lon="-70.124037">
<ele>3827.3</ele>
<time>2026-10-06T15:27:20-05:00</time>
</trkpt>
<trkpt lat="-15.488239" lon="-70.12408">
<ele>3826.6</ele>
<time>2026-10-06T15:27:22-05:00</time>
</trkpt>
<trkpt lat="-15.488273" lon="-70.124129">
<ele>3827.7</ele>
<time>2026-10-06T15:27:24-05:00</time>
</trkpt>
<trkpt lat="-15.4883" lon="-70.124174">
<ele>3827.2</ele>
<time>2026-10-06T15:27:26-05:00</time>
</trkpt>
<trkpt lat="-15.488327" lon="-70.124253">
<ele>3827.6</ele>
<time>2026-10-06T15:27:28-05:00</time>
</trkpt>
<trkpt lat="-15.488342" lon="-70.124315">
<ele>3827.9</ele>
<time>2026-10-06T15:27:30-05:00</time>
</trkpt>
<trkpt lat="-15.488375" lon="-70.124377">
<ele>3828.1</ele>
<time>2026-10-06T15:27:32-05:00</time>
</trkpt>
<trkpt lat="-15.488374" lon="-70.124408">
<ele>3827.9</ele>
<time>2026-10-06T15:27:34-05:00</time>
</trkpt>
<trkpt lat="-15.488375" lon="-70.124442">
<ele>3827.5</ele>
<time>2026-10-06T15:27:36-05:00</time>
</trkpt>
<trkpt lat="-15.488374" lon="-70.124448">
<ele>3827.0</ele>
<time>2026-10-06T15:27:38-05:00</time>
</trkpt>
<trkpt lat="-15.488359" lon="-70.124447">
<ele>3828.2</ele>
<time>2026-10-06T15:27:40-05:00</time>
</trkpt>
<trkpt lat="-15.488373" lon="-70.124461">
<ele>3827.8</ele>
<time>2026-10-06T15:27:42-05:00</time>
</trkpt>
<trkpt lat="-15.488366" lon="-70.124465">
<ele>3827.6</ele>
<time>2026-10-06T15:27:44-05:00</time>
</trkpt>
<trkpt lat="-15.488372" lon="-70.124484">
<ele>3827.9</ele>
<time>2026-10-06T15:27:46-05:00</time>
</trkpt>
<trkpt lat="-15.488377" lon="-70.124473">
<ele>3828.1</ele>
<time>2026-10-06T15:27:48-05:00</time>
</trkpt>
<trkpt lat="-15.488355" lon="-70.124467">
<ele>3828.0</ele>
<time>2026-10-06T15:27:50-05:00</time>
</trkpt>
<trkpt lat="-15.488347" lon="-70.124474">
<ele>3827.7</ele>
<time>2026-10-06T15:27:52-05:00</time>
</trkpt>
<trkpt lat="-15.488356" lon="-70.124474">
<ele>3827.9</ele>
<time>2026-10-06T15:27:54-05:00</time>
</trkpt>
<trkpt lat="-15.488367" lon="-70.12449">
<ele>3828.2</ele>
<time>2026-10-06T15:27:56-05:00</time>
</trkpt>
<trkpt lat="-15.488374" lon="-70.124496">
<ele>3828.0</ele>
<time>2026-10-06T15:27:58-05:00</time>
</trkpt>
<trkpt lat="-15.488385" lon="-70.12448">
<ele>3828.3</ele>
<time>2026-10-06T15:28:00-05:00</time>
</trkpt>
<trkpt lat="-15.488395" lon="-70.124471">
<ele>3827.1</ele>
<time>2026-10-06T15:28:02-05:00</time>
</trkpt>
<trkpt lat="-15.488399" lon="-70.124478">
<ele>3828.4</ele>
<time>2026-10-06T15:28:04-05:00</time>
</trkpt>
<trkpt lat="-15.488395" lon="-70.124477">
<ele>3827.8</ele>
<time>2026-10-06T15:28:06-05:00</time>
</trkpt>
<trkpt lat="-15.488399" lon="-70.124469">
<ele>3827.6</ele>
<time>2026-10-06T15:28:08-05:00</time>
</trkpt>
<trkpt lat="-15.488403" lon="-70.124472">
<ele>3828.7</ele>
<time>2026-10-06T15:28:10-05:00</time>
</trkpt>
<trkpt lat="-15.488403" lon="-70.124466">
<ele>3828.1</ele>
<time>2026-10-06T15:28:12-05:00</time>
</trkpt>
<trkpt lat="-15.488389" lon="-70.124485">
<ele>3827.9</ele>
<time>2026-10-06T15:28:14-05:00</time>
</trkpt>
<trkpt lat="-15.488409" lon="-70.124512">
<ele>3827.9</ele>
<time>2026-10-06T15:28:16-05:00</time>
</trkpt>
<trkpt lat="-15.488437" lon="-70.124563">
<ele>3827.9</ele>
<time>2026-10-06T15:28:18-05:00</time>
</trkpt>
<trkpt lat="-15.488462" lon="-70.124642">
<ele>3828.0</ele>
<time>2026-10-06T15:28:20-05:00</time>
</trkpt>
<trkpt lat="-15.48849" lon="-70.124708">
<ele>3827.6</ele>
<time>2026-10-06T15:28:22-05:00</time>
</trkpt>
<trkpt lat="-15.488509" lon="-70.124776">
<ele>3828.0</ele>
<time>2026-10-06T15:28:24-05:00</time>
</trkpt>
<trkpt lat="-15.488523" lon="-70.124829">
<ele>3828.7</ele>
<time>2026-10-06T15:28:26-05:00</time>
</trkpt>
<trkpt lat="-15.488549" lon="-70.124868">
<ele>3827.5</ele>
<time>2026-10-06T15:28:28-05:00</time>
</trkpt>
<trkpt lat="-15.48857" lon="-70.124928">
<ele>3828.4</ele>
<time>2026-10-06T15:28:30-05:00</time>
</trkpt>
<trkpt lat="-15.488589" lon="-70.124982">
<ele>3828.3</ele>
<time>2026-10-06T15:28:32-05:00</time>
</trkpt>
<trkpt lat="-15.488614" lon="-70.125045">
<ele>3827.5</ele>
<time>2026-10-06T15:28:34-05:00</time>
</trkpt>
<trkpt lat="-15.488643" lon="-70.125101">
<ele>3827.7</ele>
<time>2026-10-06T15:28:36-05:00</time>
</trkpt>
<trkpt lat="-15.488664" lon="-70.125148">
<ele>3827.5</ele>
<time>2026-10-06T15:28:38-05:00</time>
</trkpt>
<trkpt lat="-15.488717" lon="-70.125221">
<ele>3827.6</ele>
<time>2026-10-06T15:28:40-05:00</time>
</trkpt>
<trkpt lat="-15.488726" lon="-70.125294">
<ele>3827.3</ele>
<time>2026-10-06T15:28:42-05:00</time>
</trkpt>
<trkpt lat="-15.48874" lon="-70.125354">
<ele>3827.6</ele>
<time>2026-10-06T15:28:44-05:00</time>
</trkpt>
<trkpt lat="-15.488742" lon="-70.125422">
<ele>3827.0</ele>
<time>2026-10-06T15:28:46-05:00</time>
</trkpt>
<trkpt lat="-15.488729" lon="-70.125464">
<ele>3827.6</ele>
<time>2026-10-06T15:28:48-05:00</time>
</trkpt>
<trkpt lat="-15.488738" lon="-70.125484">
<ele>3826.7</ele>
<time>2026-10-06T15:28:50-05:00</time>
</trkpt>
<trkpt lat="-15.488755" lon="-70.125505">
<ele>3826.9</ele>
<time>2026-10-06T15:28:52-05:00</time>
</trkpt>
<trkpt lat="-15.488751" lon="-70.125499">
<ele>3828.1</ele>
<time>2026-10-06T15:28:54-05:00</time>
</trkpt>
<trkpt lat="-15.488754" lon="-70.125496">
<ele>3826.9</ele>
<time>2026-10-06T15:28:56-05:00</time>
</trkpt>
<trkpt lat="-15.488747" lon="-70.125511">
<ele>3827.6</ele>
<time>2026-10-06T15:28:58-05:00</time>
</trkpt>
<trkpt lat="-15.488771" lon="-70.125521">
<ele>3827.8</ele>
<time>2026-10-06T15:29:00-05:00</time>
</trkpt>
<trkpt lat="-15.488791" lon="-70.125557">
<ele>3827.3</ele>
<time>2026-10-06T15:29:02-05:00</time>
</trkpt>
<trkpt lat="-15.488805" lon="-70.125615">
<ele>3827.0</ele>
<time>2026-10-06T15:29:04-05:00</time>
</trkpt>
<trkpt lat="-15.488832" lon="-70.125663">
<ele>3826.4</ele>
<time>2026-10-06T15:29:06-05:00</time>
</trkpt>
<trkpt lat="-15.488861" lon="-70.125719">
<ele>3826.6</ele>
<time>2026-10-06T15:29:08-05:00</time>
</trkpt>
<trkpt lat="-15.488889" lon="-70.125783">
<ele>3826.5</ele>
<time>2026-10-06T15:29:10-05:00</time>
</trkpt>
<trkpt lat="-15.488913" lon="-70.125875">
<ele>3826.2</ele>
<time>2026-10-06T15:29:12-05:00</time>
</trkpt>
<trkpt lat="-15.488956" lon="-70.125956">
<ele>3825.6</ele>
<time>2026-10-06T15:29:14-05:00</time>
</trkpt>
<trkpt lat="-15.488984" lon="-70.126009">
<ele>3825.5</ele>
<time>2026-10-06T15:29:16-05:00</time>
</trkpt>
<trkpt lat="-15.489003" lon="-70.126073">
<ele>3825.9</ele>
<time>2026-10-06T15:29:18-05:00</time>
</trkpt>
<trkpt lat="-15.489031" lon="-70.126152">
<ele>3826.4</ele>
<time>2026-10-06T15:29:20-05:00</time>
</trkpt>
<trkpt lat="-15.48905" lon="-70.126193">
<ele>3825.7</ele>
<time>2026-10-06T15:29:22-05:00</time>
</trkpt>
<trkpt lat="-15.489078" lon="-70.126253">
<ele>3826.2</ele>
<time>2026-10-06T15:29:24-05:00</time>
</trkpt>
<trkpt lat="-15.489106" lon="-70.12631">
<ele>3826.4</ele>
<time>2026-10-06T15:29:26-05:00</time>
</trkpt>
<trkpt lat="-15.489118" lon="-70.126379">
<ele>3826.9</ele>
<time>2026-10-06T15:29:28-05:00</time>
</trkpt>
<trkpt lat="-15.489144" lon="-70.126442">
<ele>3827.3</ele>
<time>2026-10-06T15:29:30-05:00</time>
</trkpt>
<trkpt lat="-15.489165" lon="-70.126509">
<ele>3826.7</ele>
<time>2026-10-06T15:29:32-05:00</time>
</trkpt>
<trkpt lat="-15.489167" lon="-70.126569">
<ele>3827.8</ele>
<time>2026-10-06T15:29:34-05:00</time>
</trkpt>
<trkpt lat="-15.48918" lon="-70.126637">
<ele>3827.1</ele>
<time>2026-10-06T15:29:36-05:00</time>
</trkpt>
<trkpt lat="-15.489221" lon="-70.126689">
<ele>3826.5</ele>
<time>2026-10-06T15:29:38-05:00</time>
</trkpt>
<trkpt lat="-15.48924" lon="-70.126734">
<ele>3828.3</ele>
<time>2026-10-06T15:29:40-05:00</time>
</trkpt>
<trkpt lat="-15.489246" lon="-70.126776">
<ele>3827.6</ele>
<time>2026-10-06T15:29:42-05:00</time>
</trkpt>
<trkpt lat="-15.489259" lon="-70.126836">
<ele>3827.5</ele>
<time>2026-10-06T15:29:44-05:00</time>
</trkpt>
<trkpt lat="-15.489278" lon="-70.126897">
<ele>3827.6</ele>
<time>2026-10-06T15:29:46-05:00</time>
</trkpt>
<trkpt lat="-15.489288" lon="-70.126961">
<ele>3827.1</ele>
<time>2026-10-06T15:29:48-05:00</time>
</trkpt>
<trkpt lat="-15.489316" lon="-70.126994">
<ele>3827.0</ele>
<time>2026-10-06T15:29:50-05:00</time>
</trkpt>
<trkpt lat="-15.48933" lon="-70.12704">
<ele>3826.8</ele>
<time>2026-10-06T15:29:52-05:00</time>
</trkpt>
<trkpt lat="-15.489342" lon="-70.127096">
<ele>3827.3</ele>
<time>2026-10-06T15:29:54-05:00</time>
</trkpt>
<trkpt lat="-15.489374" lon="-70.127144">
<ele>3826.4</ele>
<time>2026-10-06T15:29:56-05:00</time>
</trkpt>
<trkpt lat="-15.489389" lon="-70.1272">
<ele>3826.5</ele>
<time>2026-10-06T15:29:58-05:00</time>
</trkpt>
<trkpt lat="-15.489384" lon="-70.127239">
<ele>3825.6</ele>
<time>2026-10-06T15:30:00-05:00</time>
</trkpt>
<trkpt lat="-15.489406" lon="-70.127289">
<ele>3825.7</ele>
<time>2026-10-06T15:30:02-05:00</time>
</trkpt>
<trkpt lat="-15.489417" lon="-70.127343">
<ele>3826.2</ele>
<time>2026-10-06T15:30:04-05:00</time>
</trkpt>
<trkpt lat="-15.489421" lon="-70.127404">
<ele>3826.3</ele>
<time>2026-10-06T15:30:06-05:00</time>
</trkpt>
<trkpt lat="-15.489444" lon="-70.127462">
<ele>3826.7</ele>
<time>2026-10-06T15:30:08-05:00</time>
</trkpt>
<trkpt lat="-15.489467" lon="-70.127512">
<ele>3826.5</ele>
<time>2026-10-06T15:30:10-05:00</time>
</trkpt>
<trkpt lat="-15.4895" lon="-70.127575">
<ele>3827.4</ele>
<time>2026-10-06T15:30:12-05:00</time>
</trkpt>
<trkpt lat="-15.489525" lon="-70.127626">
<ele>3826.5</ele>
<time>2026-10-06T15:30:14-05:00</time>
</trkpt>
<trkpt lat="-15.48956" lon="-70.12769">
<ele>3827.3</ele>
<time>2026-10-06T15:30:16-05:00</time>
</trkpt>
<trkpt lat="-15.48958" lon="-70.127743">
<ele>3827.7</ele>
<time>2026-10-06T15:30:18-05:00</time>
</trkpt>
<trkpt lat="-15.489589" lon="-70.127802">
<ele>3827.4</ele>
<time>2026-10-06T15:30:20-05:00</time>
</trkpt>
<trkpt lat="-15.489619" lon="-70.127858">
<ele>3827.6</ele>
<time>2026-10-06T15:30:22-05:00</time>
</trkpt>
<trkpt lat="-15.489641" lon="-70.127909">
<ele>3827.7</ele>
<time>2026-10-06T15:30:24-05:00</time>
</trkpt>
<trkpt lat="-15.489651" lon="-70.127958">
<ele>3828.1</ele>
<time>2026-10-06T15:30:26-05:00</time>
</trkpt>
<trkpt lat="-15.489688" lon="-70.128023">
<ele>3827.3</ele>
<time>2026-10-06T15:30:28-05:00</time>
</trkpt>
<trkpt lat="-15.489709" lon="-70.12807">
<ele>3828.4</ele>
<time>2026-10-06T15:30:30-05:00</time>
</trkpt>
<trkpt lat="-15.489752" lon="-70.128123">
<ele>3826.9</ele>
<time>2026-10-06T15:30:32-05:00</time>
</trkpt>
<trkpt lat="-15.489771" lon="-70.128182">
<ele>3827.6</ele>
<time>2026-10-06T15:30:34-05:00</time>
</trkpt>
<trkpt lat="-15.48979" lon="-70.128233">
<ele>3827.3</ele>
<time>2026-10-06T15:30:36-05:00</time>
</trkpt>
<trkpt lat="-15.489808" lon="-70.128293">
<ele>3827.7</ele>
<time>2026-10-06T15:30:38-05:00</time>
</trkpt>
<trkpt lat="-15.489848" lon="-70.128363">
<ele>3826.7</ele>
<time>2026-10-06T15:30:40-05:00</time>
</trkpt>
<trkpt lat="-15.489873" lon="-70.12843">
<ele>3826.4</ele>
<time>2026-10-06T15:30:42-05:00</time>
</trkpt>
<trkpt lat="-15.489887" lon="-70.128509">
<ele>3826.5</ele>
<time>2026-10-06T15:30:44-05:00</time>
</trkpt>
<trkpt lat="-15.489923" lon="-70.128571">
<ele>3825.5</ele>
<time>2026-10-06T15:30:46-05:00</time>
</trkpt>
<trkpt lat="-15.489952" lon="-70.128649">
<ele>3826.2</ele>
<time>2026-10-06T15:30:48-05:00</time>
</trkpt>
<trkpt lat="-15.489966" lon="-70.128714">
<ele>3826.0</ele>
<time>2026-10-06T15:30:50-05:00</time>
</trkpt>
<trkpt lat="-15.489979" lon="-70.128801">
<ele>3825.9</ele>
<time>2026-10-06T15:30:52-05:00</time>
</trkpt>
<trkpt lat="-15.490026" lon="-70.128886">
<ele>3826.2</ele>
<time>2026-10-06T15:30:54-05:00</time>
</trkpt>
<trkpt lat="-15.490049" lon="-70.128949">
<ele>3826.3</ele>
<time>2026-10-06T15:30:56-05:00</time>
</trkpt>
<trkpt lat="-15.490084" lon="-70.129016">
<ele>3826.7</ele>
<time>2026-10-06T15:30:58-05:00</time>
</trkpt>
<trkpt lat="-15.490078" lon="-70.129079">
<ele>3826.8</ele>
<time>2026-10-06T15:31:00-05:00</time>
</trkpt>
<trkpt lat="-15.490074" lon="-70.12912">
<ele>3826.4</ele>
<time>2026-10-06T15:31:02-05:00</time>
</trkpt>
<trkpt lat="-15.490092" lon="-70.12914">
<ele>3827.2</ele>
<time>2026-10-06T15:31:04-05:00</time>
</trkpt>
<trkpt lat="-15.490097" lon="-70.129143">
<ele>3826.7</ele>
<time>2026-10-06T15:31:06-05:00</time>
</trkpt>
<trkpt lat="-15.490097" lon="-70.129131">
<ele>3826.8</ele>
<time>2026-10-06T15:31:08-05:00</time>
</trkpt>
<trkpt lat="-15.490109" lon="-70.12913">
<ele>3826.6</ele>
<time>2026-10-06T15:31:10-05:00</time>
</trkpt>
<trkpt lat="-15.490101" lon="-70.12915">
<ele>3827.2</ele>
<time>2026-10-06T15:31:12-05:00</time>
</trkpt>
<trkpt lat="-15.490098" lon="-70.129141">
<ele>3827.3</ele>
<time>2026-10-06T15:31:14-05:00</time>
</trkpt>
<trkpt lat="-15.49011" lon="-70.129147">
<ele>3826.7</ele>
<time>2026-10-06T15:31:16-05:00</time>
</trkpt>
<trkpt lat="-15.490106" lon="-70.12915">
<ele>3826.7</ele>
<time>2026-10-06T15:31:18-05:00</time>
</trkpt>
<trkpt lat="-15.490092" lon="-70.12916">
<ele>3826.9</ele>
<time>2026-10-06T15:31:20-05:00</time>
</trkpt>
<trkpt lat="-15.490081" lon="-70.129155">
<ele>3826.6</ele>
<time>2026-10-06T15:31:22-05:00</time>
</trkpt>
<trkpt lat="-15.490089" lon="-70.129152">
<ele>3826.6</ele>
<time>2026-10-06T15:31:24-05:00</time>
</trkpt>
<trkpt lat="-15.49008" lon="-70.129163">
<ele>3826.6</ele>
<time>2026-10-06T15:31:26-05:00</time>
</trkpt>
<trkpt lat="-15.49009" lon="-70.129168">
<ele>3826.4</ele>
<time>2026-10-06T15:31:28-05:00</time>
</trkpt>
<trkpt lat="-15.490078" lon="-70.129155">
<ele>3826.6</ele>
<time>2026-10-06T15:31:30-05:00</time>
</trkpt>
<trkpt lat="-15.490071" lon="-70.129172">
<ele>3827.1</ele>
<time>2026-10-06T15:31:32-05:00</time>
</trkpt>
<trkpt lat="-15.490062" lon="-70.129178">
<ele>3827.3</ele>
<time>2026-10-06T15:31:34-05:00</time>
</trkpt>
<trkpt lat="-15.490092" lon="-70.129182">
<ele>3827.4</ele>
<time>2026-10-06T15:31:36-05:00</time>
</trkpt>
<trkpt lat="-15.490132" lon="-70.129234">
<ele>3826.5</ele>
<time>2026-10-06T15:31:38-05:00</time>
</trkpt>
<trkpt lat="-15.490155" lon="-70.129295">
<ele>3827.2</ele>
<time>2026-10-06T15:31:40-05:00</time>
</trkpt>
<trkpt lat="-15.490181" lon="-70.129369">
<ele>3826.9</ele>
<time>2026-10-06T15:31:42-05:00</time>
</trkpt>
<trkpt lat="-15.490197" lon="-70.129436">
<ele>3827.6</ele>
<time>2026-10-06T15:31:44-05:00</time>
</trkpt>
<trkpt lat="-15.490223" lon="-70.129499">
<ele>3827.9</ele>
<time>2026-10-06T15:31:46-05:00</time>
</trkpt>
<trkpt lat="-15.490248" lon="-70.12956">
<ele>3827.9</ele>
<time>2026-10-06T15:31:48-05:00</time>
</trkpt>
<trkpt lat="-15.490287" lon="-70.129613">
<ele>3827.7</ele>
<time>2026-10-06T15:31:50-05:00</time>
</trkpt>
<trkpt lat="-15.490301" lon="-70.129671">
<ele>3827.5</ele>
<time>2026-10-06T15:31:52-05:00</time>
</trkpt>
<trkpt lat="-15.490329" lon="-70.129721">
<ele>3827.5</ele>
<time>2026-10-06T15:31:54-05:00</time>
</trkpt>
<trkpt lat="-15.490359" lon="-70.129768">
<ele>3826.9</ele>
<time>2026-10-06T15:31:56-05:00</time>
</trkpt>
<trkpt lat="-15.490369" lon="-70.129836">
<ele>3827.4</ele>
<time>2026-10-06T15:31:58-05:00</time>
</trkpt>
<trkpt lat="-15.490398" lon="-70.129884">
<ele>3827.5</ele>
<time>2026-10-06T15:32:00-05:00</time>
</trkpt>
<trkpt lat="-15.490422" lon="-70.129945">
<ele>3826.8</ele>
<time>2026-10-06T15:32:02-05:00</time>
</trkpt>
<trkpt lat="-15.490441" lon="-70.129983">
<ele>3827.0</ele>
<time>2026-10-06T15:32:04-05:00</time>
</trkpt>
<trkpt lat="-15.490466" lon="-70.130053">
<ele>3827.3</ele>
<time>2026-10-06T15:32:06-05:00</time>
</trkpt>
<trkpt lat="-15.490459" lon="-70.130099">
<ele>3826.8</ele>
<time>2026-10-06T15:32:08-05:00</time>
</trkpt>
<trkpt lat="-15.490478" lon="-70.130142">
<ele>3826.8</ele>
<time>2026-10-06T15:32:10-05:00</time>
</trkpt>
<trkpt lat="-15.490502" lon="-70.1302">
<ele>3827.9</ele>
<time>2026-10-06T15:32:12-05:00</time>
</trkpt>
<trkpt lat="-15.490521" lon="-70.130272">
<ele>3827.1</ele>
<time>2026-10-06T15:32:14-05:00</time>
</trkpt>
<trkpt lat="-15.490547" lon="-70.13032">
<ele>3827.4</ele>
<time>2026-10-06T15:32:16-05:00</time>
</trkpt>
<trkpt lat="-15.490562" lon="-70.130377">
<ele>3827.1</ele>
<time>2026-10-06T15:32:18-05:00</time>
</trkpt>
<trkpt lat="-15.490603" lon="-70.130466">
<ele>3827.3</ele>
<time>2026-10-06T15:32:20-05:00</time>
</trkpt>
<trkpt lat="-15.490631" lon="-70.130511">
<ele>3827.2</ele>
<time>2026-10-06T15:32:22-05:00</time>
</trkpt>
<trkpt lat="-15.49066" lon="-70.130585">
<ele>3827.5</ele>
<time>2026-10-06T15:32:24-05:00</time>
</trkpt>
<trkpt lat="-15.490674" lon="-70.130633">
<ele>3827.7</ele>
<time>2026-10-06T15:32:26-05:00</time>
</trkpt>
<trkpt lat="-15.490689" lon="-70.130696">
<ele>3827.4</ele>
<time>2026-10-06T15:32:28-05:00</time>
</trkpt>
<trkpt lat="-15.490706" lon="-70.130762">
<ele>3827.7</ele>
<time>2026-10-06T15:32:30-05:00</time>
</trkpt>
<trkpt lat="-15.490711" lon="-70.130814">
<ele>3827.5</ele>
<time>2026-10-06T15:32:32-05:00</time>
</trkpt>
<trkpt lat="-15.49074" lon="-70.130873">
<ele>3827.1</ele>
<time>2026-10-06T15:32:34-05:00</time>
</trkpt>
<trkpt lat="-15.490757" lon="-70.130925">
<ele>3826.4</ele>
<time>2026-10-06T15:32:36-05:00</time>
</trkpt>
<trkpt lat="-15.490757" lon="-70.130997">
<ele>3827.0</ele>
<time>2026-10-06T15:32:38-05:00</time>
</trkpt>
<trkpt lat="-15.490784" lon="-70.131033">
<ele>3827.9</ele>
<time>2026-10-06T15:32:40-05:00</time>
</trkpt>
<trkpt lat="-15.490812" lon="-70.131099">
<ele>3827.9</ele>
<time>2026-10-06T15:32:42-05:00</time>
</trkpt>
<trkpt lat="-15.490846" lon="-70.131156">
<ele>3827.6</ele>
<time>2026-10-06T15:32:44-05:00</time>
</trkpt>
<trkpt lat="-15.490876" lon="-70.131226">
<ele>3827.7</ele>
<time>2026-10-06T15:32:46-05:00</time>
</trkpt>
<trkpt lat="-15.490918" lon="-70.131313">
<ele>3827.7</ele>
<time>2026-10-06T15:32:48-05:00</time>
</trkpt>
<trkpt lat="-15.490931" lon="-70.131371">
<ele>3827.9</ele>
<time>2026-10-06T15:32:50-05:00</time>
</trkpt>
<trkpt lat="-15.49094" lon="-70.131416">
<ele>3827.6</ele>
<time>2026-10-06T15:32:52-05:00</time>
</trkpt>
<trkpt lat="-15.490941" lon="-70.131471">
<ele>3827.3</ele>
<time>2026-10-06T15:32:54-05:00</time>
</trkpt>
<trkpt lat="-15.490922" lon="-70.131486">
<ele>3826.8</ele>
<time>2026-10-06T15:32:56-05:00</time>
</trkpt>
<trkpt lat="-15.490914" lon="-70.131498">
<ele>3827.5</ele>
<time>2026-10-06T15:32:58-05:00</time>
</trkpt>
<trkpt lat="-15.490917" lon="-70.131468">
<ele>3827.3</ele>
<time>2026-10-06T15:33:00-05:00</time>
</trkpt>
<trkpt lat="-15.490915" lon="-70.131467">
<ele>3827.5</ele>
<time>2026-10-06T15:33:02-05:00</time>
</trkpt>
<trkpt lat="-15.490912" lon="-70.131472">
<ele>3827.0</ele>
<time>2026-10-06T15:33:04-05:00</time>
</trkpt>
<trkpt lat="-15.490937" lon="-70.131463">
<ele>3827.4</ele>
<time>2026-10-06T15:33:06-05:00</time>
</trkpt>
<trkpt lat="-15.49094" lon="-70.131459">
<ele>3827.6</ele>
<time>2026-10-06T15:33:08-05:00</time>
</trkpt>
<trkpt lat="-15.490943" lon="-70.13145">
<ele>3827.6</ele>
<time>2026-10-06T15:33:10-05:00</time>
</trkpt>
<trkpt lat="-15.490939" lon="-70.131449">
<ele>3827.3</ele>
<time>2026-10-06T15:33:12-05:00</time>
</trkpt>
<trkpt lat="-15.490931" lon="-70.131462">
<ele>3827.0</ele>
<time>2026-10-06T15:33:14-05:00</time>
</trkpt>
<trkpt lat="-15.490907" lon="-70.131437">
<ele>3827.5</ele>
<time>2026-10-06T15:33:16-05:00</time>
</trkpt>
<trkpt lat="-15.490894" lon="-70.131442">
<ele>3827.6</ele>
<time>2026-10-06T15:33:18-05:00</time>
</trkpt>
<trkpt lat="-15.490902" lon="-70.131446">
<ele>3827.7</ele>
<time>2026-10-06T15:33:20-05:00</time>
</trkpt>
<trkpt lat="-15.490909" lon="-70.131457">
<ele>3827.1</ele>
<time>2026-10-06T15:33:22-05:00</time>
</trkpt>
<trkpt lat="-15.49093" lon="-70.131463">
<ele>3826.7</ele>
<time>2026-10-06T15:33:24-05:00</time>
</trkpt>
<trkpt lat="-15.490952" lon="-70.131508">
<ele>3827.4</ele>
<time>2026-10-06T15:33:26-05:00</time>
</trkpt>
<trkpt lat="-15.490982" lon="-70.13156">
<ele>3826.6</ele>
<time>2026-10-06T15:33:28-05:00</time>
</trkpt>
<trkpt lat="-15.491002" lon="-70.131603">
<ele>3827.2</ele>
<time>2026-10-06T15:33:30-05:00</time>
</trkpt>
<trkpt lat="-15.491031" lon="-70.131677">
<ele>3827.4</ele>
<time>2026-10-06T15:33:32-05:00</time>
</trkpt>
<trkpt lat="-15.49106" lon="-70.13174">
<ele>3827.2</ele>
<time>2026-10-06T15:33:34-05:00</time>
</trkpt>
<trkpt lat="-15.491085" lon="-70.131799">
<ele>3827.3</ele>
<time>2026-10-06T15:33:36-05:00</time>
</trkpt>
<trkpt lat="-15.491106" lon="-70.131847">
<ele>3826.6</ele>
<time>2026-10-06T15:33:38-05:00</time>
</trkpt>
<trkpt lat="-15.491126" lon="-70.131895">
<ele>3827.2</ele>
<time>2026-10-06T15:33:40-05:00</time>
</trkpt>
<trkpt lat="-15.491158" lon="-70.131932">
<ele>3827.4</ele>
<time>2026-10-06T15:33:42-05:00</time>
</trkpt>
<trkpt lat="-15.491173" lon="-70.131973">
<ele>3827.2</ele>
<time>2026-10-06T15:33:44-05:00</time>
</trkpt>
<trkpt lat="-15.491189" lon="-70.132039">
<ele>3827.4</ele>
<time>2026-10-06T15:33:46-05:00</time>
</trkpt>
<trkpt lat="-15.491207" lon="-70.132092">
<ele>3827.0</ele>
<time>2026-10-06T15:33:48-05:00</time>
</trkpt>
<trkpt lat="-15.491223" lon="-70.132131">
<ele>3826.9</ele>
<time>2026-10-06T15:33:50-05:00</time>
</trkpt>
<trkpt lat="-15.491231" lon="-70.132194">
<ele>3826.4</ele>
<time>2026-10-06T15:33:52-05:00</time>
</trkpt>
<trkpt lat="-15.491259" lon="-70.13225">
<ele>3827.5</ele>
<time>2026-10-06T15:33:54-05:00</time>
</trkpt>
<trkpt lat="-15.491271" lon="-70.132314">
<ele>3827.3</ele>
<time>2026-10-06T15:33:56-05:00</time>
</trkpt>
<trkpt lat="-15.491303" lon="-70.132391">
<ele>3827.3</ele>
<time>2026-10-06T15:33:58-05:00</time>
</trkpt>
<trkpt lat="-15.491315" lon="-70.13245">
<ele>3827.9</ele>
<time>2026-10-06T15:34:00-05:00</time>
</trkpt>
<trkpt lat="-15.491339" lon="-70.132505">
<ele>3828.1</ele>
<time>2026-10-06T15:34:02-05:00</time>
</trkpt>
<trkpt lat="-15.491367" lon="-70.13255">
<ele>3827.5</ele>
<time>2026-10-06T15:34:04-05:00</time>
</trkpt>
<trkpt lat="-15.491388" lon="-70.132603">
<ele>3827.7</ele>
<time>2026-10-06T15:34:06-05:00</time>
</trkpt>
<trkpt lat="-15.49139" lon="-70.132668">
<ele>3827.7</ele>
<time>2026-10-06T15:34:08-05:00</time>
</trkpt>
<trkpt lat="-15.4914" lon="-70.13272">
<ele>3826.8</ele>
<time>2026-10-06T15:34:10-05:00</time>
</trkpt>
<trkpt lat="-15.491428" lon="-70.132784">
<ele>3827.9</ele>
<time>2026-10-06T15:34:12-05:00</time>
</trkpt>
<trkpt lat="-15.491464" lon="-70.132858">
<ele>3828.5</ele>
<time>2026-10-06T15:34:14-05:00</time>
</trkpt>
<trkpt lat="-15.49149" lon="-70.132941">
<ele>3827.8</ele>
<time>2026-10-06T15:34:16-05:00</time>
</trkpt>
<trkpt lat="-15.491484" lon="-70.133005">
<ele>3827.9</ele>
<time>2026-10-06T15:34:18-05:00</time>
</trkpt>
<trkpt lat="-15.49151" lon="-70.133014">
<ele>3828.2</ele>
<time>2026-10-06T15:34:20-05:00</time>
</trkpt>
<trkpt lat="-15.491513" lon="-70.133026">
<ele>3828.1</ele>
<time>2026-10-06T15:34:22-05:00</time>
</trkpt>
<trkpt lat="-15.491518" lon="-70.133015">
<ele>3828.0</ele>
<time>2026-10-06T15:34:24-05:00</time>
</trkpt>
<trkpt lat="-15.491524" lon="-70.132995">
<ele>3828.9</ele>
<time>2026-10-06T15:34:26-05:00</time>
</trkpt>
<trkpt lat="-15.491512" lon="-70.132986">
<ele>3827.9</ele>
<time>2026-10-06T15:34:28-05:00</time>
</trkpt>
<trkpt lat="-15.491499" lon="-70.133004">
<ele>3827.6</ele>
<time>2026-10-06T15:34:30-05:00</time>
</trkpt>
<trkpt lat="-15.491494" lon="-70.133001">
<ele>3828.3</ele>
<time>2026-10-06T15:34:32-05:00</time>
</trkpt>
<trkpt lat="-15.491484" lon="-70.133008">
<ele>3828.2</ele>
<time>2026-10-06T15:34:34-05:00</time>
</trkpt>
<trkpt lat="-15.49148" lon="-70.133015">
<ele>3828.4</ele>
<time>2026-10-06T15:34:36-05:00</time>
</trkpt>
<trkpt lat="-15.491495" lon="-70.13304">
<ele>3827.7</ele>
<time>2026-10-06T15:34:38-05:00</time>
</trkpt>
<trkpt lat="-15.491528" lon="-70.133094">
<ele>3828.0</ele>
<time>2026-10-06T15:34:40-05:00</time>
</trkpt>
<trkpt lat="-15.491557" lon="-70.133149">
<ele>3828.0</ele>
<time>2026-10-06T15:34:42-05:00</time>
</trkpt>
<trkpt lat="-15.491602" lon="-70.133212">
<ele>3827.8</ele>
<time>2026-10-06T15:34:44-05:00</time>
</trkpt>
<trkpt lat="-15.491648" lon="-70.133292">
<ele>3829.0</ele>
<time>2026-10-06T15:34:46-05:00</time>
</trkpt>
<trkpt lat="-15.491683" lon="-70.133385">
<ele>3828.4</ele>
<time>2026-10-06T15:34:48-05:00</time>
</trkpt>
<trkpt lat="-15.491694" lon="-70.133462">
<ele>3829.0</ele>
<time>2026-10-06T15:34:50-05:00</time>
</trkpt>
<trkpt lat="-15.491733" lon="-70.133543">
<ele>3828.5</ele>
<time>2026-10-06T15:34:52-05:00</time>
</trkpt>
<trkpt lat="-15.49177" lon="-70.133625">
<ele>3828.1</ele>
<time>2026-10-06T15:34:54-05:00</time>
</trkpt>
<trkpt lat="-15.491797" lon="-70.133677">
<ele>3827.9</ele>
<time>2026-10-06T15:34:56-05:00</time>
</trkpt>
<trkpt lat="-15.491798" lon="-70.133697">
<ele>3828.1</ele>
<time>2026-10-06T15:34:58-05:00</time>
</trkpt>
<trkpt lat="-15.491792" lon="-70.133701">
<ele>3828.7</ele>
<time>2026-10-06T15:35:00-05:00</time>
</trkpt>
<trkpt lat="-15.491786" lon="-70.133719">
<ele>3828.3</ele>
<time>2026-10-06T15:35:02-05:00</time>
</trkpt>
<trkpt lat="-15.491764" lon="-70.13372">
<ele>3828.8</ele>
<time>2026-10-06T15:35:04-05:00</time>
</trkpt>
<trkpt lat="-15.49177" lon="-70.133717">
<ele>3828.4</ele>
<time>2026-10-06T15:35:06-05:00</time>
</trkpt>
<trkpt lat="-15.491768" lon="-70.133742">
<ele>3828.2</ele>
<time>2026-10-06T15:35:08-05:00</time>
</trkpt>
<trkpt lat="-15.491775" lon="-70.133705">
<ele>3828.8</ele>
<time>2026-10-06T15:35:10-05:00</time>
</trkpt>
<trkpt lat="-15.491782" lon="-70.133716">
<ele>3828.2</ele>
<time>2026-10-06T15:35:12-05:00</time>
</trkpt>
<trkpt lat="-15.491791" lon="-70.133716">
<ele>3829.3</ele>
<time>2026-10-06T15:35:14-05:00</time>
</trkpt>
<trkpt lat="-15.491775" lon="-70.133712">
<ele>3828.5</ele>
<time>2026-10-06T15:35:16-05:00</time>
</trkpt>
<trkpt lat="-15.49178" lon="-70.133709">
<ele>3828.3</ele>
<time>2026-10-06T15:35:18-05:00</time>
</trkpt>
<trkpt lat="-15.491773" lon="-70.133703">
<ele>3828.6</ele>
<time>2026-10-06T15:35:20-05:00</time>
</trkpt>
<trkpt lat="-15.491779" lon="-70.133718">
<ele>3829.0</ele>
<time>2026-10-06T15:35:22-05:00</time>
</trkpt>
<trkpt lat="-15.491792" lon="-70.133749">
<ele>3828.6</ele>
<time>2026-10-06T15:35:24-05:00</time>
</trkpt>
<trkpt lat="-15.491803" lon="-70.133811">
<ele>3829.1</ele>
<time>2026-10-06T15:35:26-05:00</time>
</trkpt>
<trkpt lat="-15.491812" lon="-70.133894">
<ele>3829.2</ele>
<time>2026-10-06T15:35:28-05:00</time>
</trkpt>
<trkpt lat="-15.491771" lon="-70.133968">
<ele>3828.8</ele>
<time>2026-10-06T15:35:30-05:00</time>
</trkpt>
<trkpt lat="-15.491757" lon="-70.13404">
<ele>3828.6</ele>
<time>2026-10-06T15:35:32-05:00</time>
</trkpt>
<trkpt lat="-15.491726" lon="-70.134096">
<ele>3829.7</ele>
<time>2026-10-06T15:35:34-05:00</time>
</trkpt>
<trkpt lat="-15.491693" lon="-70.134166">
<ele>3829.1</ele>
<time>2026-10-06T15:35:36-05:00</time>
</trkpt>
<trkpt lat="-15.491663" lon="-70.134242">
<ele>3829.4</ele>
<time>2026-10-06T15:35:38-05:00</time>
</trkpt>
<trkpt lat="-15.491624" lon="-70.13431">
<ele>3828.8</ele>
<time>2026-10-06T15:35:40-05:00</time>
</trkpt>
<trkpt lat="-15.491602" lon="-70.134386">
<ele>3828.4</ele>
<time>2026-10-06T15:35:42-05:00</time>
</trkpt>
<trkpt lat="-15.491575" lon="-70.134468">
<ele>3829.1</ele>
<time>2026-10-06T15:35:44-05:00</time>
</trkpt>
<trkpt lat="-15.491543" lon="-70.134503">
<ele>3829.3</ele>
<time>2026-10-06T15:35:46-05:00</time>
</trkpt>
<trkpt lat="-15.491522" lon="-70.134564">
<ele>3829.0</ele>
<time>2026-10-06T15:35:48-05:00</time>
</trkpt>
<trkpt lat="-15.4915" lon="-70.134614">
<ele>3828.4</ele>
<time>2026-10-06T15:35:50-05:00</time>
</trkpt>
<trkpt lat="-15.491497" lon="-70.134657">
<ele>3829.4</ele>
<time>2026-10-06T15:35:52-05:00</time>
</trkpt>
<trkpt lat="-15.491515" lon="-70.134671">
<ele>3829.0</ele>
<time>2026-10-06T15:35:54-05:00</time>
</trkpt>
<trkpt lat="-15.491517" lon="-70.134657">
<ele>3828.7</ele>
<time>2026-10-06T15:35:56-05:00</time>
</trkpt>
<trkpt lat="-15.491468" lon="-70.134643">
<ele>3829.5</ele>
<time>2026-10-06T15:35:58-05:00</time>
</trkpt>
<trkpt lat="-15.491407" lon="-70.134636">
<ele>3828.4</ele>
<time>2026-10-06T15:36:00-05:00</time>
</trkpt>
<trkpt lat="-15.491324" lon="-70.13461">
<ele>3828.6</ele>
<time>2026-10-06T15:36:02-05:00</time>
</trkpt>
<trkpt lat="-15.491217" lon="-70.134588">
<ele>3828.6</ele>
<time>2026-10-06T15:36:04-05:00</time>
</trkpt>
<trkpt lat="-15.491145" lon="-70.134574">
<ele>3828.7</ele>
<time>2026-10-06T15:36:06-05:00</time>
</trkpt>
<trkpt lat="-15.491089" lon="-70.134556">
<ele>3828.9</ele>
<time>2026-10-06T15:36:08-05:00</time>
</trkpt>
<trkpt lat="-15.491062" lon="-70.134527">
<ele>3828.8</ele>
<time>2026-10-06T15:36:10-05:00</time>
</trkpt>
<trkpt lat="-15.491038" lon="-70.134535">
<ele>3828.7</ele>
<time>2026-10-06T15:36:12-05:00</time>
</trkpt>
<trkpt lat="-15.49103" lon="-70.134527">
<ele>3828.3</ele>
<time>2026-10-06T15:36:14-05:00</time>
</trkpt>
<trkpt lat="-15.491025" lon="-70.134539">
<ele>3829.0</ele>
<time>2026-10-06T15:36:16-05:00</time>
</trkpt>
<trkpt lat="-15.491038" lon="-70.134532">
<ele>3829.7</ele>
<time>2026-10-06T15:36:18-05:00</time>
</trkpt>
<trkpt lat="-15.491054" lon="-70.134545">
<ele>3828.6</ele>
<time>2026-10-06T15:36:20-05:00</time>
</trkpt>
<trkpt lat="-15.491065" lon="-70.134542">
<ele>3828.4</ele>
<time>2026-10-06T15:36:22-05:00</time>
</trkpt>
<trkpt lat="-15.491058" lon="-70.134535">
<ele>3828.2</ele>
<time>2026-10-06T15:36:24-05:00</time>
</trkpt>
<trkpt lat="-15.491047" lon="-70.134526">
<ele>3828.0</ele>
<time>2026-10-06T15:36:26-05:00</time>
</trkpt>
<trkpt lat="-15.491052" lon="-70.134531">
<ele>3829.3</ele>
<time>2026-10-06T15:36:28-05:00</time>
</trkpt>
<trkpt lat="-15.491053" lon="-70.134524">
<ele>3828.8</ele>
<time>2026-10-06T15:36:30-05:00</time>
</trkpt>
<trkpt lat="-15.491055" lon="-70.134537">
<ele>3828.8</ele>
<time>2026-10-06T15:36:32-05:00</time>
</trkpt>
<trkpt lat="-15.491034" lon="-70.134518">
<ele>3828.6</ele>
<time>2026-10-06T15:36:34-05:00</time>
</trkpt>
<trkpt lat="-15.491018" lon="-70.134528">
<ele>3828.7</ele>
<time>2026-10-06T15:36:36-05:00</time>
</trkpt>
<trkpt lat="-15.491036" lon="-70.134533">
<ele>3828.5</ele>
<time>2026-10-06T15:36:38-05:00</time>
</trkpt>
<trkpt lat="-15.491027" lon="-70.134541">
<ele>3828.2</ele>
<time>2026-10-06T15:36:40-05:00</time>
</trkpt>
<trkpt lat="-15.490994" lon="-70.134541">
<ele>3828.5</ele>
<time>2026-10-06T15:36:42-05:00</time>
</trkpt>
<trkpt lat="-15.490937" lon="-70.134552">
<ele>3827.7</ele>
<time>2026-10-06T15:36:44-05:00</time>
</trkpt>
<trkpt lat="-15.490868" lon="-70.134556">
<ele>3828.1</ele>
<time>2026-10-06T15:36:46-05:00</time>
</trkpt>
<trkpt lat="-15.490799" lon="-70.134542">
<ele>3828.7</ele>
<time>2026-10-06T15:36:48-05:00</time>
</trkpt>
<trkpt lat="-15.490721" lon="-70.134526">
<ele>3828.1</ele>
<time>2026-10-06T15:36:50-05:00</time>
</trkpt>
<trkpt lat="-15.490657" lon="-70.134497">
<ele>3828.5</ele>
<time>2026-10-06T15:36:52-05:00</time>
</trkpt>
<trkpt lat="-15.49058" lon="-70.134473">
<ele>3827.6</ele>
<time>2026-10-06T15:36:54-05:00</time>
</trkpt>
<trkpt lat="-15.490508" lon="-70.134467">
<ele>3827.2</ele>
<time>2026-10-06T15:36:56-05:00</time>
</trkpt>
<trkpt lat="-15.490435" lon="-70.13447">
<ele>3827.7</ele>
<time>2026-10-06T15:36:58-05:00</time>
</trkpt>
<trkpt lat="-15.490372" lon="-70.134456">
<ele>3827.4</ele>
<time>2026-10-06T15:37:00-05:00</time>
</trkpt>
<trkpt lat="-15.490309" lon="-70.134476">
<ele>3826.9</ele>
<time>2026-10-06T15:37:02-05:00</time>
</trkpt>
<trkpt lat="-15.490246" lon="-70.134499">
<ele>3826.7</ele>
<time>2026-10-06T15:37:04-05:00</time>
</trkpt>
<trkpt lat="-15.4902" lon="-70.134519">
<ele>3827.1</ele>
<time>2026-10-06T15:37:06-05:00</time>
</trkpt>
<trkpt lat="-15.490148" lon="-70.134521">
<ele>3827.1</ele>
<time>2026-10-06T15:37:08-05:00</time>
</trkpt>
<trkpt lat="-15.490088" lon="-70.134549">
<ele>3827.2</ele>
<time>2026-10-06T15:37:10-05:00</time>
</trkpt>
<trkpt lat="-15.490044" lon="-70.134566">
<ele>3826.5</ele>
<time>2026-10-06T15:37:12-05:00</time>
</trkpt>
<trkpt lat="-15.489979" lon="-70.134577">
<ele>3826.5</ele>
<time>2026-10-06T15:37:14-05:00</time>
</trkpt>
<trkpt lat="-15.489935" lon="-70.134561">
<ele>3826.2</ele>
<time>2026-10-06T15:37:16-05:00</time>
</trkpt>
<trkpt lat="-15.489902" lon="-70.134595">
<ele>3826.0</ele>
<time>2026-10-06T15:37:18-05:00</time>
</trkpt>
<trkpt lat="-15.489862" lon="-70.1346">
<ele>3827.1</ele>
<time>2026-10-06T15:37:20-05:00</time>
</trkpt>
<trkpt lat="-15.489802" lon="-70.134623">
<ele>3826.7</ele>
<time>2026-10-06T15:37:22-05:00</time>
</trkpt>
<trkpt lat="-15.489761" lon="-70.13462">
<ele>3826.3</ele>
<time>2026-10-06T15:37:24-05:00</time>
</trkpt>
<trkpt lat="-15.489717" lon="-70.134642">
<ele>3825.9</ele>
<time>2026-10-06T15:37:26-05:00</time>
</trkpt>
<trkpt lat="-15.489665" lon="-70.134667">
<ele>3826.6</ele>
<time>2026-10-06T15:37:28-05:00</time>
</trkpt>
<trkpt lat="-15.489607" lon="-70.134672">
<ele>3826.4</ele>
<time>2026-10-06T15:37:30-05:00</time>
</trkpt>
<trkpt lat="-15.489558" lon="-70.134685">
<ele>3826.7</ele>
<time>2026-10-06T15:37:32-05:00</time>
</trkpt>
<trkpt lat="-15.489508" lon="-70.1347">
<ele>3827.0</ele>
<time>2026-10-06T15:37:34-05:00</time>
</trkpt>
<trkpt lat="-15.489464" lon="-70.134724">
<ele>3827.3</ele>
<time>2026-10-06T15:37:36-05:00</time>
</trkpt>
<trkpt lat="-15.4894" lon="-70.134742">
<ele>3827.2</ele>
<time>2026-10-06T15:37:38-05:00</time>
</trkpt>
<trkpt lat="-15.489348" lon="-70.13478">
<ele>3826.5</ele>
<time>2026-10-06T15:37:40-05:00</time>
</trkpt>
<trkpt lat="-15.489319" lon="-70.134805">
<ele>3827.1</ele>
<time>2026-10-06T15:37:42-05:00</time>
</trkpt>
<trkpt lat="-15.4893" lon="-70.134856">
<ele>3826.8</ele>
<time>2026-10-06T15:37:44-05:00</time>
</trkpt>
<trkpt lat="-15.489312" lon="-70.134882">
<ele>3827.1</ele>
<time>2026-10-06T15:37:46-05:00</time>
</trkpt>
<trkpt lat="-15.489326" lon="-70.134929">
<ele>3826.9</ele>
<time>2026-10-06T15:37:48-05:00</time>
</trkpt>
<trkpt lat="-15.489328" lon="-70.134962">
<ele>3827.0</ele>
<time>2026-10-06T15:37:50-05:00</time>
</trkpt>
<trkpt lat="-15.489332" lon="-70.135013">
<ele>3827.2</ele>
<time>2026-10-06T15:37:52-05:00</time>
</trkpt>
<trkpt lat="-15.489316" lon="-70.13506">
<ele>3827.6</ele>
<time>2026-10-06T15:37:54-05:00</time>
</trkpt>
<trkpt lat="-15.489286" lon="-70.135112">
<ele>3827.1</ele>
<time>2026-10-06T15:37:56-05:00</time>
</trkpt>
<trkpt lat="-15.489266" lon="-70.135181">
<ele>3826.9</ele>
<time>2026-10-06T15:37:58-05:00</time>
</trkpt>
<trkpt lat="-15.489239" lon="-70.135217">
<ele>3827.7</ele>
<time>2026-10-06T15:38:00-05:00</time>
</trkpt>
<trkpt lat="-15.489222" lon="-70.135286">
<ele>3827.9</ele>
<time>2026-10-06T15:38:02-05:00</time>
</trkpt>
<trkpt lat="-15.489209" lon="-70.135337">
<ele>3827.2</ele>
<time>2026-10-06T15:38:04-05:00</time>
</trkpt>
<trkpt lat="-15.489196" lon="-70.135393">
<ele>3827.8</ele>
<time>2026-10-06T15:38:06-05:00</time>
</trkpt>
<trkpt lat="-15.489193" lon="-70.135464">
<ele>3827.5</ele>
<time>2026-10-06T15:38:08-05:00</time>
</trkpt>
<trkpt lat="-15.48918" lon="-70.1355">
<ele>3828.2</ele>
<time>2026-10-06T15:38:10-05:00</time>
</trkpt>
<trkpt lat="-15.48916" lon="-70.135544">
<ele>3828.0</ele>
<time>2026-10-06T15:38:12-05:00</time>
</trkpt>
<trkpt lat="-15.489151" lon="-70.135617">
<ele>3827.7</ele>
<time>2026-10-06T15:38:14-05:00</time>
</trkpt>
<trkpt lat="-15.489152" lon="-70.135676">
<ele>3827.9</ele>
<time>2026-10-06T15:38:16-05:00</time>
</trkpt>
<trkpt lat="-15.48915" lon="-70.135715">
<ele>3828.5</ele>
<time>2026-10-06T15:38:18-05:00</time>
</trkpt>
<trkpt lat="-15.489132" lon="-70.13578">
<ele>3828.2</ele>
<time>2026-10-06T15:38:20-05:00</time>
</trkpt>
<trkpt lat="-15.489113" lon="-70.135848">
<ele>3828.7</ele>
<time>2026-10-06T15:38:22-05:00</time>
</trkpt>
<trkpt lat="-15.489105" lon="-70.135914">
<ele>3828.9</ele>
<time>2026-10-06T15:38:24-05:00</time>
</trkpt>
<trkpt lat="-15.489097" lon="-70.135969">
<ele>3828.9</ele>
<time>2026-10-06T15:38:26-05:00</time>
</trkpt>
<trkpt lat="-15.489078" lon="-70.13601">
<ele>3828.1</ele>
<time>2026-10-06T15:38:28-05:00</time>
</trkpt>
<trkpt lat="-15.489059" lon="-70.136069">
<ele>3827.3</ele>
<time>2026-10-06T15:38:30-05:00</time>
</trkpt>
<trkpt lat="-15.489077" lon="-70.136109">
<ele>3827.9</ele>
<time>2026-10-06T15:38:32-05:00</time>
</trkpt>
<trkpt lat="-15.489071" lon="-70.136154">
<ele>3828.2</ele>
<time>2026-10-06T15:38:34-05:00</time>
</trkpt>
<trkpt lat="-15.489049" lon="-70.136201">
<ele>3828.0</ele>
<time>2026-10-06T15:38:36-05:00</time>
</trkpt>
<trkpt lat="-15.489028" lon="-70.136247">
<ele>3827.5</ele>
<time>2026-10-06T15:38:38-05:00</time>
</trkpt>
<trkpt lat="-15.489007" lon="-70.136291">
<ele>3826.8</ele>
<time>2026-10-06T15:38:40-05:00</time>
</trkpt>
<trkpt lat="-15.488982" lon="-70.136346">
<ele>3827.6</ele>
<time>2026-10-06T15:38:42-05:00</time>
</trkpt>
<trkpt lat="-15.488957" lon="-70.13639">
<ele>3827.9</ele>
<time>2026-10-06T15:38:44-05:00</time>
</trkpt>
<trkpt lat="-15.48894" lon="-70.136453">
<ele>3826.9</ele>
<time>2026-10-06T15:38:46-05:00</time>
</trkpt>
<trkpt lat="-15.488936" lon="-70.136491">
<ele>3827.1</ele>
<time>2026-10-06T15:38:48-05:00</time>
</trkpt>
<trkpt lat="-15.488959" lon="-70.136556">
<ele>3827.2</ele>
<time>2026-10-06T15:38:50-05:00</time>
</trkpt>
<trkpt lat="-15.488964" lon="-70.136596">
<ele>3827.3</ele>
<time>2026-10-06T15:38:52-05:00</time>
</trkpt>
<trkpt lat="-15.488943" lon="-70.136636">
<ele>3827.2</ele>
<time>2026-10-06T15:38:54-05:00</time>
</trkpt>
<trkpt lat="-15.488932" lon="-70.136672">
<ele>3826.8</ele>
<time>2026-10-06T15:38:56-05:00</time>
</trkpt>
<trkpt lat="-15.488929" lon="-70.136748">
<ele>3827.1</ele>
<time>2026-10-06T15:38:58-05:00</time>
</trkpt>
<trkpt lat="-15.488916" lon="-70.136807">
<ele>3827.9</ele>
<time>2026-10-06T15:39:00-05:00</time>
</trkpt>
<trkpt lat="-15.488903" lon="-70.136857">
<ele>3827.8</ele>
<time>2026-10-06T15:39:02-05:00</time>
</trkpt>
<trkpt lat="-15.488882" lon="-70.136912">
<ele>3827.2</ele>
<time>2026-10-06T15:39:04-05:00</time>
</trkpt>
<trkpt lat="-15.488867" lon="-70.136948">
<ele>3827.9</ele>
<time>2026-10-06T15:39:06-05:00</time>
</trkpt>
<trkpt lat="-15.488849" lon="-70.136986">
<ele>3827.6</ele>
<time>2026-10-06T15:39:08-05:00</time>
</trkpt>
<trkpt lat="-15.488836" lon="-70.137019">
<ele>3827.4</ele>
<time>2026-10-06T15:39:10-05:00</time>
</trkpt>
<trkpt lat="-15.488817" lon="-70.137096">
<ele>3827.4</ele>
<time>2026-10-06T15:39:12-05:00</time>
</trkpt>
<trkpt lat="-15.488804" lon="-70.137201">
<ele>3828.3</ele>
<time>2026-10-06T15:39:14-05:00</time>
</trkpt>
<trkpt lat="-15.48879" lon="-70.137273">
<ele>3828.1</ele>
<time>2026-10-06T15:39:16-05:00</time>
</trkpt>
<trkpt lat="-15.488754" lon="-70.137378">
<ele>3827.3</ele>
<time>2026-10-06T15:39:18-05:00</time>
</trkpt>
<trkpt lat="-15.488726" lon="-70.137486">
<ele>3827.4</ele>
<time>2026-10-06T15:39:20-05:00</time>
</trkpt>
<trkpt lat="-15.488709" lon="-70.137586">
<ele>3827.2</ele>
<time>2026-10-06T15:39:22-05:00</time>
</trkpt>
<trkpt lat="-15.488692" lon="-70.137694">
<ele>3827.0</ele>
<time>2026-10-06T15:39:24-05:00</time>
</trkpt>
<trkpt lat="-15.488655" lon="-70.137785">
<ele>3826.5</ele>
<time>2026-10-06T15:39:26-05:00</time>
</trkpt>
<trkpt lat="-15.488642" lon="-70.137896">
<ele>3826.8</ele>
<time>2026-10-06T15:39:28-05:00</time>
</trkpt>
<trkpt lat="-15.488625" lon="-70.137991">
<ele>3826.3</ele>
<time>2026-10-06T15:39:30-05:00</time>
</trkpt>
<trkpt lat="-15.488614" lon="-70.138078">
<ele>3826.7</ele>
<time>2026-10-06T15:39:32-05:00</time>
</trkpt>
<trkpt lat="-15.48859" lon="-70.138117">
<ele>3825.8</ele>
<time>2026-10-06T15:39:34-05:00</time>
</trkpt>
<trkpt lat="-15.488583" lon="-70.138125">
<ele>3825.5</ele>
<time>2026-10-06T15:39:36-05:00</time>
</trkpt>
<trkpt lat="-15.488532" lon="-70.138121">
<ele>3825.6</ele>
<time>2026-10-06T15:39:38-05:00</time>
</trkpt>
<trkpt lat="-15.488458" lon="-70.138122">
<ele>3825.1</ele>
<time>2026-10-06T15:39:40-05:00</time>
</trkpt>
<trkpt lat="-15.48834" lon="-70.138105">
<ele>3825.2</ele>
<time>2026-10-06T15:39:42-05:00</time>
</trkpt>
<trkpt lat="-15.488239" lon="-70.138085">
<ele>3825.4</ele>
<time>2026-10-06T15:39:44-05:00</time>
</trkpt>
<trkpt lat="-15.488114" lon="-70.138082">
<ele>3824.8</ele>
<time>2026-10-06T15:39:46-05:00</time>
</trkpt>
<trkpt lat="-15.487978" lon="-70.138058">
<ele>3825.3</ele>
<time>2026-10-06T15:39:48-05:00</time>
</trkpt>
<trkpt lat="-15.487862" lon="-70.138029">
<ele>3826.4</ele>
<time>2026-10-06T15:39:50-05:00</time>
</trkpt>
<trkpt lat="-15.487749" lon="-70.138025">
<ele>3826.1</ele>
<time>2026-10-06T15:39:52-05:00</time>
</trkpt>
<trkpt lat="-15.487623" lon="-70.137994">
<ele>3826.6</ele>
<time>2026-10-06T15:39:54-05:00</time>
</trkpt>
<trkpt lat="-15.487502" lon="-70.137959">
<ele>3826.6</ele>
<time>2026-10-06T15:39:56-05:00</time>
</trkpt>
<trkpt lat="-15.487406" lon="-70.13794">
<ele>3827.2</ele>
<time>2026-10-06T15:39:58-05:00</time>
</trkpt>
<trkpt lat="-15.487327" lon="-70.13792">
<ele>3827.3</ele>
<time>2026-10-06T15:40:00-05:00</time>
</trkpt>
<trkpt lat="-15.487265" lon="-70.137895">
<ele>3827.7</ele>
<time>2026-10-06T15:40:02-05:00</time>
</trkpt>
<trkpt lat="-15.487237" lon="-70.137889">
<ele>3827.5</ele>
<time>2026-10-06T15:40:04-05:00</time>
</trkpt>
<trkpt lat="-15.487235" lon="-70.137904">
<ele>3828.1</ele>
<time>2026-10-06T15:40:06-05:00</time>
</trkpt>
<trkpt lat="-15.487222" lon="-70.137898">
<ele>3828.4</ele>
<time>2026-10-06T15:40:08-05:00</time>
</trkpt>
<trkpt lat="-15.487237" lon="-70.137887">
<ele>3828.1</ele>
<time>2026-10-06T15:40:10-05:00</time>
</trkpt>
<trkpt lat="-15.487232" lon="-70.137897">
<ele>3827.9</ele>
<time>2026-10-06T15:40:12-05:00</time>
</trkpt>
<trkpt lat="-15.48723" lon="-70.137889">
<ele>3828.3</ele>
<time>2026-10-06T15:40:14-05:00</time>
</trkpt>
<trkpt lat="-15.487184" lon="-70.137876">
<ele>3827.8</ele>
<time>2026-10-06T15:40:16-05:00</time>
</trkpt>
<trkpt lat="-15.487134" lon="-70.137898">
<ele>3827.5</ele>
<time>2026-10-06T15:40:18-05:00</time>
</trkpt>
<trkpt lat="-15.48706" lon="-70.137904">
<ele>3828.3</ele>
<time>2026-10-06T15:40:20-05:00</time>
</trkpt>
<trkpt lat="-15.486957" lon="-70.13797">
<ele>3828.0</ele>
<time>2026-10-06T15:40:22-05:00</time>
</trkpt>
<trkpt lat="-15.486942" lon="-70.138058">
<ele>3827.7</ele>
<time>2026-10-06T15:40:24-05:00</time>
</trkpt>
<trkpt lat="-15.486932" lon="-70.138171">
<ele>3828.4</ele>
<time>2026-10-06T15:40:26-05:00</time>
</trkpt>
<trkpt lat="-15.486918" lon="-70.138269">
<ele>3828.3</ele>
<time>2026-10-06T15:40:28-05:00</time>
</trkpt>
<trkpt lat="-15.486915" lon="-70.138378">
<ele>3827.7</ele>
<time>2026-10-06T15:40:30-05:00</time>
</trkpt>
<trkpt lat="-15.486918" lon="-70.138477">
<ele>3827.3</ele>
<time>2026-10-06T15:40:32-05:00</time>
</trkpt>
<trkpt lat="-15.486913" lon="-70.138582">
<ele>3827.7</ele>
<time>2026-10-06T15:40:34-05:00</time>
</trkpt>
<trkpt lat="-15.486909" lon="-70.138683">
<ele>3828.4</ele>
<time>2026-10-06T15:40:36-05:00</time>
</trkpt>
<trkpt lat="-15.486894" lon="-70.138783">
<ele>3828.1</ele>
<time>2026-10-06T15:40:38-05:00</time>
</trkpt>
<trkpt lat="-15.486883" lon="-70.138887">
<ele>3827.2</ele>
<time>2026-10-06T15:40:40-05:00</time>
</trkpt>
<trkpt lat="-15.486874" lon="-70.138985">
<ele>3828.4</ele>
<time>2026-10-06T15:40:42-05:00</time>
</trkpt>
<trkpt lat="-15.486853" lon="-70.139044">
<ele>3827.4</ele>
<time>2026-10-06T15:40:44-05:00</time>
</trkpt>
<trkpt lat="-15.486846" lon="-70.139132">
<ele>3827.6</ele>
<time>2026-10-06T15:40:46-05:00</time>
</trkpt>
<trkpt lat="-15.486833" lon="-70.139249">
<ele>3827.1</ele>
<time>2026-10-06T15:40:48-05:00</time>
</trkpt>
<trkpt lat="-15.486814" lon="-70.139356">
<ele>3827.5</ele>
<time>2026-10-06T15:40:50-05:00</time>
</trkpt>
<trkpt lat="-15.486799" lon="-70.13946">
<ele>3827.4</ele>
<time>2026-10-06T15:40:52-05:00</time>
</trkpt>
<trkpt lat="-15.486788" lon="-70.139547">
<ele>3827.6</ele>
<time>2026-10-06T15:40:54-05:00</time>
</trkpt>
<trkpt lat="-15.486775" lon="-70.139644">
<ele>3827.4</ele>
<time>2026-10-06T15:40:56-05:00</time>
</trkpt>
<trkpt lat="-15.486774" lon="-70.139746">
<ele>3827.4</ele>
<time>2026-10-06T15:40:58-05:00</time>
</trkpt>
<trkpt lat="-15.486769" lon="-70.139842">
<ele>3826.9</ele>
<time>2026-10-06T15:41:00-05:00</time>
</trkpt>
<trkpt lat="-15.486772" lon="-70.139949">
<ele>3827.0</ele>
<time>2026-10-06T15:41:02-05:00</time>
</trkpt>
<trkpt lat="-15.486765" lon="-70.14006">
<ele>3827.0</ele>
<time>2026-10-06T15:41:04-05:00</time>
</trkpt>
<trkpt lat="-15.486751" lon="-70.140164">
<ele>3827.0</ele>
<time>2026-10-06T15:41:06-05:00</time>
</trkpt>
<trkpt lat="-15.486748" lon="-70.14029">
<ele>3827.3</ele>
<time>2026-10-06T15:41:08-05:00</time>
</trkpt>
<trkpt lat="-15.48674" lon="-70.140374">
<ele>3827.8</ele>
<time>2026-10-06T15:41:10-05:00</time>
</trkpt>
<trkpt lat="-15.486702" lon="-70.14044">
<ele>3826.8</ele>
<time>2026-10-06T15:41:12-05:00</time>
</trkpt>
<trkpt lat="-15.486678" lon="-70.140478">
<ele>3826.5</ele>
<time>2026-10-06T15:41:14-05:00</time>
</trkpt>
<trkpt lat="-15.486682" lon="-70.140486">
<ele>3827.3</ele>
<time>2026-10-06T15:41:16-05:00</time>
</trkpt>
<trkpt lat="-15.486677" lon="-70.140487">
<ele>3826.9</ele>
<time>2026-10-06T15:41:18-05:00</time>
</trkpt>
<trkpt lat="-15.486672" lon="-70.140483">
<ele>3826.7</ele>
<time>2026-10-06T15:41:20-05:00</time>
</trkpt>
<trkpt lat="-15.48668" lon="-70.140509">
<ele>3826.0</ele>
<time>2026-10-06T15:41:22-05:00</time>
</trkpt>
<trkpt lat="-15.486685" lon="-70.140507">
<ele>3827.1</ele>
<time>2026-10-06T15:41:24-05:00</time>
</trkpt>
<trkpt lat="-15.486659" lon="-70.14049">
<ele>3826.3</ele>
<time>2026-10-06T15:41:26-05:00</time>
</trkpt>
<trkpt lat="-15.486642" lon="-70.140481">
<ele>3827.1</ele>
<time>2026-10-06T15:41:28-05:00</time>
</trkpt>
<trkpt lat="-15.486643" lon="-70.140472">
<ele>3826.2</ele>
<time>2026-10-06T15:41:30-05:00</time>
</trkpt>
<trkpt lat="-15.486649" lon="-70.14048">
<ele>3827.0</ele>
<time>2026-10-06T15:41:32-05:00</time>
</trkpt>
<trkpt lat="-15.486644" lon="-70.140495">
<ele>3827.0</ele>
<time>2026-10-06T15:41:34-05:00</time>
</trkpt>
<trkpt lat="-15.48665" lon="-70.140501">
<ele>3827.2</ele>
<time>2026-10-06T15:41:36-05:00</time>
</trkpt>
<trkpt lat="-15.486665" lon="-70.140498">
<ele>3826.7</ele>
<time>2026-10-06T15:41:38-05:00</time>
</trkpt>
<trkpt lat="-15.486655" lon="-70.140514">
<ele>3826.4</ele>
<time>2026-10-06T15:41:40-05:00</time>
</trkpt>
<trkpt lat="-15.48665" lon="-70.140585">
<ele>3827.2</ele>
<time>2026-10-06T15:41:42-05:00</time>
</trkpt>
<trkpt lat="-15.486657" lon="-70.14066">
<ele>3826.5</ele>
<time>2026-10-06T15:41:44-05:00</time>
</trkpt>
<trkpt lat="-15.486634" lon="-70.140786">
<ele>3826.6</ele>
<time>2026-10-06T15:41:46-05:00</time>
</trkpt>
<trkpt lat="-15.48661" lon="-70.140937">
<ele>3826.3</ele>
<time>2026-10-06T15:41:48-05:00</time>
</trkpt>
<trkpt lat="-15.486593" lon="-70.141072">
<ele>3825.3</ele>
<time>2026-10-06T15:41:50-05:00</time>
</trkpt>
<trkpt lat="-15.486568" lon="-70.141173">
<ele>3826.2</ele>
<time>2026-10-06T15:41:52-05:00</time>
</trkpt>
<trkpt lat="-15.486542" lon="-70.141239">
<ele>3825.7</ele>
<time>2026-10-06T15:41:54-05:00</time>
</trkpt>
<trkpt lat="-15.486544" lon="-70.141262">
<ele>3826.4</ele>
<time>2026-10-06T15:41:56-05:00</time>
</trkpt>
<trkpt lat="-15.486554" lon="-70.141275">
<ele>3826.3</ele>
<time>2026-10-06T15:41:58-05:00</time>
</trkpt>
<trkpt lat="-15.486545" lon="-70.14128">
<ele>3826.8</ele>
<time>2026-10-06T15:42:00-05:00</time>
</trkpt>
<trkpt lat="-15.486544" lon="-70.14128">
<ele>3827.0</ele>
<time>2026-10-06T15:42:02-05:00</time>
</trkpt>
<trkpt lat="-15.486541" lon="-70.141265">
<ele>3825.8</ele>
<time>2026-10-06T15:42:04-05:00</time>
</trkpt>
<trkpt lat="-15.486535" lon="-70.141244">
<ele>3825.6</ele>
<time>2026-10-06T15:42:06-05:00</time>
</trkpt>
<trkpt lat="-15.486543" lon="-70.141264">
<ele>3826.6</ele>
<time>2026-10-06T15:42:08-05:00</time>
</trkpt>
<trkpt lat="-15.486551" lon="-70.141252">
<ele>3826.0</ele>
<time>2026-10-06T15:42:10-05:00</time>
</trkpt>
<trkpt lat="-15.486555" lon="-70.141269">
<ele>3826.0</ele>
<time>2026-10-06T15:42:12-05:00</time>
</trkpt>
<trkpt lat="-15.486559" lon="-70.141326">
<ele>3826.7</ele>
<time>2026-10-06T15:42:14-05:00</time>
</trkpt>
<trkpt lat="-15.486562" lon="-70.141393">
<ele>3826.7</ele>
<time>2026-10-06T15:42:16-05:00</time>
</trkpt>
<trkpt lat="-15.486569" lon="-70.141469">
<ele>3827.5</ele>
<time>2026-10-06T15:42:18-05:00</time>
</trkpt>
<trkpt lat="-15.48656" lon="-70.141581">
<ele>3827.2</ele>
<time>2026-10-06T15:42:20-05:00</time>
</trkpt>
<trkpt lat="-15.486547" lon="-70.141683">
<ele>3828.2</ele>
<time>2026-10-06T15:42:22-05:00</time>
</trkpt>
<trkpt lat="-15.486543" lon="-70.141784">
<ele>3827.1</ele>
<time>2026-10-06T15:42:24-05:00</time>
</trkpt>
<trkpt lat="-15.486539" lon="-70.141898">
<ele>3827.5</ele>
<time>2026-10-06T15:42:26-05:00</time>
</trkpt>
<trkpt lat="-15.486519" lon="-70.141987">
<ele>3828.3</ele>
<time>2026-10-06T15:42:28-05:00</time>
</trkpt>
<trkpt lat="-15.486489" lon="-70.142074">
<ele>3828.0</ele>
<time>2026-10-06T15:42:30-05:00</time>
</trkpt>
<trkpt lat="-15.486483" lon="-70.14217">
<ele>3828.3</ele>
<time>2026-10-06T15:42:32-05:00</time>
</trkpt>
<trkpt lat="-15.486489" lon="-70.142266">
<ele>3827.8</ele>
<time>2026-10-06T15:42:34-05:00</time>
</trkpt>
<trkpt lat="-15.486477" lon="-70.142362">
<ele>3827.4</ele>
<time>2026-10-06T15:42:36-05:00</time>
</trkpt>
<trkpt lat="-15.486458" lon="-70.14248">
<ele>3827.4</ele>
<time>2026-10-06T15:42:38-05:00</time>
</trkpt>
<trkpt lat="-15.48645" lon="-70.142571">
<ele>3827.4</ele>
<time>2026-10-06T15:42:40-05:00</time>
</trkpt>
<trkpt lat="-15.486449" lon="-70.142674">
<ele>3826.7</ele>
<time>2026-10-06T15:42:42-05:00</time>
</trkpt>
<trkpt lat="-15.486448" lon="-70.142746">
<ele>3827.6</ele>
<time>2026-10-06T15:42:44-05:00</time>
</trkpt>
<trkpt lat="-15.486427" lon="-70.142833">
<ele>3827.2</ele>
<time>2026-10-06T15:42:46-05:00</time>
</trkpt>
<trkpt lat="-15.486418" lon="-70.142928">
<ele>3826.9</ele>
<time>2026-10-06T15:42:48-05:00</time>
</trkpt>
<trkpt lat="-15.486422" lon="-70.143026">
<ele>3826.5</ele>
<time>2026-10-06T15:42:50-05:00</time>
</trkpt>
<trkpt lat="-15.486424" lon="-70.143119">
<ele>3826.7</ele>
<time>2026-10-06T15:42:52-05:00</time>
</trkpt>
<trkpt lat="-15.486403" lon="-70.143209">
<ele>3827.6</ele>
<time>2026-10-06T15:42:54-05:00</time>
</trkpt>
<trkpt lat="-15.48639" lon="-70.143311">
<ele>3826.9</ele>
<time>2026-10-06T15:42:56-05:00</time>
</trkpt>
<trkpt lat="-15.486378" lon="-70.143424">
<ele>3827.6</ele>
<time>2026-10-06T15:42:58-05:00</time>
</trkpt>
<trkpt lat="-15.486369" lon="-70.143549">
<ele>3827.0</ele>
<time>2026-10-06T15:43:00-05:00</time>
</trkpt>
<trkpt lat="-15.486355" lon="-70.143685">
<ele>3827.0</ele>
<time>2026-10-06T15:43:02-05:00</time>
</trkpt>
<trkpt lat="-15.486346" lon="-70.143759">
<ele>3828.0</ele>
<time>2026-10-06T15:43:04-05:00</time>
</trkpt>
<trkpt lat="-15.486329" lon="-70.143823">
<ele>3827.7</ele>
<time>2026-10-06T15:43:06-05:00</time>
</trkpt>
<trkpt lat="-15.48633" lon="-70.143851">
<ele>3826.9</ele>
<time>2026-10-06T15:43:08-05:00</time>
</trkpt>
<trkpt lat="-15.486337" lon="-70.143861">
<ele>3827.0</ele>
<time>2026-10-06T15:43:10-05:00</time>
</trkpt>
<trkpt lat="-15.486311" lon="-70.143872">
<ele>3827.6</ele>
<time>2026-10-06T15:43:12-05:00</time>
</trkpt>
<trkpt lat="-15.486294" lon="-70.143885">
<ele>3826.5</ele>
<time>2026-10-06T15:43:14-05:00</time>
</trkpt>
<trkpt lat="-15.486299" lon="-70.143882">
<ele>3828.0</ele>
<time>2026-10-06T15:43:16-05:00</time>
</trkpt>
<trkpt lat="-15.4863" lon="-70.143872">
<ele>3827.0</ele>
<time>2026-10-06T15:43:18-05:00</time>
</trkpt>
<trkpt lat="-15.486299" lon="-70.143873">
<ele>3827.8</ele>
<time>2026-10-06T15:43:20-05:00</time>
</trkpt>
<trkpt lat="-15.486312" lon="-70.143922">
<ele>3827.7</ele>
<time>2026-10-06T15:43:22-05:00</time>
</trkpt>
<trkpt lat="-15.486318" lon="-70.143973">
<ele>3827.6</ele>
<time>2026-10-06T15:43:24-05:00</time>
</trkpt>
<trkpt lat="-15.486316" lon="-70.144063">
<ele>3827.2</ele>
<time>2026-10-06T15:43:26-05:00</time>
</trkpt>
<trkpt lat="-15.486296" lon="-70.144192">
<ele>3827.4</ele>
<time>2026-10-06T15:43:28-05:00</time>
</trkpt>
<trkpt lat="-15.486276" lon="-70.144301">
<ele>3827.7</ele>
<time>2026-10-06T15:43:30-05:00</time>
</trkpt>
<trkpt lat="-15.486277" lon="-70.144433">
<ele>3827.8</ele>
<time>2026-10-06T15:43:32-05:00</time>
</trkpt>
<trkpt lat="-15.486247" lon="-70.144574">
<ele>3827.2</ele>
<time>2026-10-06T15:43:34-05:00</time>
</trkpt>
<trkpt lat="-15.486245" lon="-70.144728">
<ele>3828.0</ele>
<time>2026-10-06T15:43:36-05:00</time>
</trkpt>
<trkpt lat="-15.486231" lon="-70.144867">
<ele>3827.4</ele>
<time>2026-10-06T15:43:38-05:00</time>
</trkpt>
<trkpt lat="-15.486207" lon="-70.14499">
<ele>3827.7</ele>
<time>2026-10-06T15:43:40-05:00</time>
</trkpt>
<trkpt lat="-15.486203" lon="-70.145103">
<ele>3827.5</ele>
<time>2026-10-06T15:43:42-05:00</time>
</trkpt>
<trkpt lat="-15.486195" lon="-70.14517">
<ele>3827.3</ele>
<time>2026-10-06T15:43:44-05:00</time>
</trkpt>
<trkpt lat="-15.486182" lon="-70.145187">
<ele>3826.9</ele>
<time>2026-10-06T15:43:46-05:00</time>
</trkpt>
<trkpt lat="-15.486183" lon="-70.145209">
<ele>3826.9</ele>
<time>2026-10-06T15:43:48-05:00</time>
</trkpt>
<trkpt lat="-15.486199" lon="-70.145209">
<ele>3826.9</ele>
<time>2026-10-06T15:43:50-05:00</time>
</trkpt>
<trkpt lat="-15.486216" lon="-70.145203">
<ele>3827.5</ele>
<time>2026-10-06T15:43:52-05:00</time>
</trkpt>
<trkpt lat="-15.486218" lon="-70.145199">
<ele>3826.8</ele>
<time>2026-10-06T15:43:54-05:00</time>
</trkpt>
<trkpt lat="-15.486216" lon="-70.14521">
<ele>3827.4</ele>
<time>2026-10-06T15:43:56-05:00</time>
</trkpt>
<trkpt lat="-15.486201" lon="-70.1452">
<ele>3827.8</ele>
<time>2026-10-06T15:43:58-05:00</time>
</trkpt>
<trkpt lat="-15.486193" lon="-70.145219">
<ele>3827.7</ele>
<time>2026-10-06T15:44:00-05:00</time>
</trkpt>
<trkpt lat="-15.486206" lon="-70.145211">
<ele>3827.1</ele>
<time>2026-10-06T15:44:02-05:00</time>
</trkpt>
<trkpt lat="-15.486205" lon="-70.145201">
<ele>3828.3</ele>
<time>2026-10-06T15:44:04-05:00</time>
</trkpt>
<trkpt lat="-15.486204" lon="-70.145195">
<ele>3827.2</ele>
<time>2026-10-06T15:44:06-05:00</time>
</trkpt>
<trkpt lat="-15.486196" lon="-70.145198">
<ele>3827.5</ele>
<time>2026-10-06T15:44:08-05:00</time>
</trkpt>
<trkpt lat="-15.48618" lon="-70.145184">
<ele>3827.7</ele>
<time>2026-10-06T15:44:10-05:00</time>
</trkpt>
<trkpt lat="-15.486171" lon="-70.145177">
<ele>3827.6</ele>
<time>2026-10-06T15:44:12-05:00</time>
</trkpt>
<trkpt lat="-15.486178" lon="-70.145166">
<ele>3827.0</ele>
<time>2026-10-06T15:44:14-05:00</time>
</trkpt>
<trkpt lat="-15.486181" lon="-70.145184">
<ele>3827.0</ele>
<time>2026-10-06T15:44:16-05:00</time>
</trkpt>
<trkpt lat="-15.486178" lon="-70.145198">
<ele>3827.0</ele>
<time>2026-10-06T15:44:18-05:00</time>
</trkpt>
<trkpt lat="-15.486169" lon="-70.145221">
<ele>3827.7</ele>
<time>2026-10-06T15:44:20-05:00</time>
</trkpt>
<trkpt lat="-15.486172" lon="-70.14527">
<ele>3826.9</ele>
<time>2026-10-06T15:44:22-05:00</time>
</trkpt>
<trkpt lat="-15.48618" lon="-70.145354">
<ele>3827.2</ele>
<time>2026-10-06T15:44:24-05:00</time>
</trkpt>
<trkpt lat="-15.486162" lon="-70.145466">
<ele>3827.4</ele>
<time>2026-10-06T15:44:26-05:00</time>
</trkpt>
<trkpt lat="-15.486155" lon="-70.14562">
<ele>3827.4</ele>
<time>2026-10-06T15:44:28-05:00</time>
</trkpt>
<trkpt lat="-15.486127" lon="-70.145738">
<ele>3826.2</ele>
<time>2026-10-06T15:44:30-05:00</time>
</trkpt>
<trkpt lat="-15.486123" lon="-70.145887">
<ele>3827.3</ele>
<time>2026-10-06T15:44:32-05:00</time>
</trkpt>
<trkpt lat="-15.486118" lon="-70.145998">
<ele>3827.2</ele>
<time>2026-10-06T15:44:34-05:00</time>
</trkpt>
<trkpt lat="-15.486111" lon="-70.146066">
<ele>3827.2</ele>
<time>2026-10-06T15:44:36-05:00</time>
</trkpt>
<trkpt lat="-15.486092" lon="-70.146169">
<ele>3827.5</ele>
<time>2026-10-06T15:44:38-05:00</time>
</trkpt>
<trkpt lat="-15.48609" lon="-70.146269">
<ele>3827.0</ele>
<time>2026-10-06T15:44:40-05:00</time>
</trkpt>
<trkpt lat="-15.486076" lon="-70.146345">
<ele>3826.9</ele>
<time>2026-10-06T15:44:42-05:00</time>
</trkpt>
<trkpt lat="-15.486062" lon="-70.146432">
<ele>3827.3</ele>
<time>2026-10-06T15:44:44-05:00</time>
</trkpt>
<trkpt lat="-15.486032" lon="-70.146511">
<ele>3827.3</ele>
<time>2026-10-06T15:44:46-05:00</time>
</trkpt>
<trkpt lat="-15.486017" lon="-70.146581">
<ele>3826.9</ele>
<time>2026-10-06T15:44:48-05:00</time>
</trkpt>
<trkpt lat="-15.486001" lon="-70.146663">
<ele>3827.6</ele>
<time>2026-10-06T15:44:50-05:00</time>
</trkpt>
<trkpt lat="-15.486" lon="-70.146751">
<ele>3826.2</ele>
<time>2026-10-06T15:44:52-05:00</time>
</trkpt>
<trkpt lat="-15.486004" lon="-70.146842">
<ele>3826.8</ele>
<time>2026-10-06T15:44:54-05:00</time>
</trkpt>
<trkpt lat="-15.485988" lon="-70.146927">
<ele>3827.4</ele>
<time>2026-10-06T15:44:56-05:00</time>
</trkpt>
<trkpt lat="-15.48597" lon="-70.147042">
<ele>3827.2</ele>
<time>2026-10-06T15:44:58-05:00</time>
</trkpt>
<trkpt lat="-15.485968" lon="-70.147164">
<ele>3827.4</ele>
<time>2026-10-06T15:45:00-05:00</time>
</trkpt>
<trkpt lat="-15.485954" lon="-70.147311">
<ele>3827.2</ele>
<time>2026-10-06T15:45:02-05:00</time>
</trkpt>
<trkpt lat="-15.485929" lon="-70.147412">
<ele>3827.0</ele>
<time>2026-10-06T15:45:04-05:00</time>
</trkpt>
<trkpt lat="-15.485902" lon="-70.147485">
<ele>3826.9</ele>
<time>2026-10-06T15:45:06-05:00</time>
</trkpt>
<trkpt lat="-15.485895" lon="-70.147514">
<ele>3827.6</ele>
<time>2026-10-06T15:45:08-05:00</time>
</trkpt>
<trkpt lat="-15.485906" lon="-70.147541">
<ele>3827.3</ele>
<time>2026-10-06T15:45:10-05:00</time>
</trkpt>
<trkpt lat="-15.485908" lon="-70.147548">
<ele>3827.5</ele>
<time>2026-10-06T15:45:12-05:00</time>
</trkpt>
<trkpt lat="-15.485933" lon="-70.147549">
<ele>3826.5</ele>
<time>2026-10-06T15:45:14-05:00</time>
</trkpt>
<trkpt lat="-15.485925" lon="-70.147581">
<ele>3826.5</ele>
<time>2026-10-06T15:45:16-05:00</time>
</trkpt>
<trkpt lat="-15.485931" lon="-70.147579">
<ele>3827.2</ele>
<time>2026-10-06T15:45:18-05:00</time>
</trkpt>
<trkpt lat="-15.485924" lon="-70.147592">
<ele>3827.0</ele>
<time>2026-10-06T15:45:20-05:00</time>
</trkpt>
<trkpt lat="-15.485913" lon="-70.147583">
<ele>3827.1</ele>
<time>2026-10-06T15:45:22-05:00</time>
</trkpt>
<trkpt lat="-15.485927" lon="-70.14757">
<ele>3826.7</ele>
<time>2026-10-06T15:45:24-05:00</time>
</trkpt>
<trkpt lat="-15.485935" lon="-70.147561">
<ele>3826.7</ele>
<time>2026-10-06T15:45:26-05:00</time>
</trkpt>
<trkpt lat="-15.485946" lon="-70.147579">
<ele>3826.6</ele>
<time>2026-10-06T15:45:28-05:00</time>
</trkpt>
<trkpt lat="-15.485943" lon="-70.147567">
<ele>3826.4</ele>
<time>2026-10-06T15:45:30-05:00</time>
</trkpt>
<trkpt lat="-15.485941" lon="-70.147577">
<ele>3826.8</ele>
<time>2026-10-06T15:45:32-05:00</time>
</trkpt>
<trkpt lat="-15.48594" lon="-70.147605">
<ele>3826.9</ele>
<time>2026-10-06T15:45:34-05:00</time>
</trkpt>
<trkpt lat="-15.485938" lon="-70.147683">
<ele>3826.5</ele>
<time>2026-10-06T15:45:36-05:00</time>
</trkpt>
<trkpt lat="-15.485925" lon="-70.147807">
<ele>3826.8</ele>
<time>2026-10-06T15:45:38-05:00</time>
</trkpt>
<trkpt lat="-15.485918" lon="-70.147939">
<ele>3827.1</ele>
<time>2026-10-06T15:45:40-05:00</time>
</trkpt>
<trkpt lat="-15.485915" lon="-70.148057">
<ele>3827.0</ele>
<time>2026-10-06T15:45:42-05:00</time>
</trkpt>
<trkpt lat="-15.485898" lon="-70.148122">
<ele>3827.4</ele>
<time>2026-10-06T15:45:44-05:00</time>
</trkpt>
<trkpt lat="-15.485889" lon="-70.148199">
<ele>3826.8</ele>
<time>2026-10-06T15:45:46-05:00</time>
</trkpt>
<trkpt lat="-15.485883" lon="-70.14828">
<ele>3826.8</ele>
<time>2026-10-06T15:45:48-05:00</time>
</trkpt>
<trkpt lat="-15.485871" lon="-70.148383">
<ele>3826.7</ele>
<time>2026-10-06T15:45:50-05:00</time>
</trkpt>
<trkpt lat="-15.485868" lon="-70.148488">
<ele>3826.4</ele>
<time>2026-10-06T15:45:52-05:00</time>
</trkpt>
<trkpt lat="-15.485859" lon="-70.148555">
<ele>3826.8</ele>
<time>2026-10-06T15:45:54-05:00</time>
</trkpt>
<trkpt lat="-15.485838" lon="-70.148643">
<ele>3827.5</ele>
<time>2026-10-06T15:45:56-05:00</time>
</trkpt>
<trkpt lat="-15.485861" lon="-70.148719">
<ele>3826.3</ele>
<time>2026-10-06T15:45:58-05:00</time>
</trkpt>
<trkpt lat="-15.48585" lon="-70.148816">
<ele>3827.0</ele>
<time>2026-10-06T15:46:00-05:00</time>
</trkpt>
<trkpt lat="-15.485834" lon="-70.148924">
<ele>3827.3</ele>
<time>2026-10-06T15:46:02-05:00</time>
</trkpt>
<trkpt lat="-15.485833" lon="-70.149022">
<ele>3826.3</ele>
<time>2026-10-06T15:46:04-05:00</time>
</trkpt>
<trkpt lat="-15.485818" lon="-70.149099">
<ele>3826.8</ele>
<time>2026-10-06T15:46:06-05:00</time>
</trkpt>
<trkpt lat="-15.48581" lon="-70.1492">
<ele>3826.5</ele>
<time>2026-10-06T15:46:08-05:00</time>
</trkpt>
<trkpt lat="-15.485785" lon="-70.149285">
<ele>3826.6</ele>
<time>2026-10-06T15:46:10-05:00</time>
</trkpt>
<trkpt lat="-15.485772" lon="-70.149357">
<ele>3826.3</ele>
<time>2026-10-06T15:46:12-05:00</time>
</trkpt>
<trkpt lat="-15.48576" lon="-70.149421">
<ele>3826.2</ele>
<time>2026-10-06T15:46:14-05:00</time>
</trkpt>
<trkpt lat="-15.485736" lon="-70.149493">
<ele>3825.9</ele>
<time>2026-10-06T15:46:16-05:00</time>
</trkpt>
<trkpt lat="-15.485726" lon="-70.149565">
<ele>3825.7</ele>
<time>2026-10-06T15:46:18-05:00</time>
</trkpt>
<trkpt lat="-15.485726" lon="-70.14963">
<ele>3826.8</ele>
<time>2026-10-06T15:46:20-05:00</time>
</trkpt>
<trkpt lat="-15.485713" lon="-70.149719">
<ele>3826.4</ele>
<time>2026-10-06T15:46:22-05:00</time>
</trkpt>
<trkpt lat="-15.485709" lon="-70.149809">
<ele>3826.2</ele>
<time>2026-10-06T15:46:24-05:00</time>
</trkpt>
<trkpt lat="-15.48568" lon="-70.149896">
<ele>3825.7</ele>
<time>2026-10-06T15:46:26-05:00</time>
</trkpt>
<trkpt lat="-15.485683" lon="-70.149977">
<ele>3826.2</ele>
<time>2026-10-06T15:46:28-05:00</time>
</trkpt>
<trkpt lat="-15.485687" lon="-70.150033">
<ele>3826.2</ele>
<time>2026-10-06T15:46:30-05:00</time>
</trkpt>
<trkpt lat="-15.485659" lon="-70.150118">
<ele>3825.8</ele>
<time>2026-10-06T15:46:32-05:00</time>
</trkpt>
<trkpt lat="-15.485649" lon="-70.150194">
<ele>3826.7</ele>
<time>2026-10-06T15:46:34-05:00</time>
</trkpt>
<trkpt lat="-15.485636" lon="-70.150292">
<ele>3825.6</ele>
<time>2026-10-06T15:46:36-05:00</time>
</trkpt>
<trkpt lat="-15.485646" lon="-70.150383">
<ele>3825.7</ele>
<time>2026-10-06T15:46:38-05:00</time>
</trkpt>
<trkpt lat="-15.485645" lon="-70.150457">
<ele>3826.0</ele>
<time>2026-10-06T15:46:40-05:00</time>
</trkpt>
<trkpt lat="-15.485645" lon="-70.150533">
<ele>3826.0</ele>
<time>2026-10-06T15:46:42-05:00</time>
</trkpt>
<trkpt lat="-15.48563" lon="-70.150599">
<ele>3826.4</ele>
<time>2026-10-06T15:46:44-05:00</time>
</trkpt>
<trkpt lat="-15.485607" lon="-70.150693">
<ele>3825.8</ele>
<time>2026-10-06T15:46:46-05:00</time>
</trkpt>
<trkpt lat="-15.485588" lon="-70.150781">
<ele>3825.6</ele>
<time>2026-10-06T15:46:48-05:00</time>
</trkpt>
<trkpt lat="-15.485597" lon="-70.150854">
<ele>3825.8</ele>
<time>2026-10-06T15:46:50-05:00</time>
</trkpt>
<trkpt lat="-15.48559" lon="-70.150946">
<ele>3826.4</ele>
<time>2026-10-06T15:46:52-05:00</time>
</trkpt>
<trkpt lat="-15.485589" lon="-70.151032">
<ele>3825.7</ele>
<time>2026-10-06T15:46:54-05:00</time>
</trkpt>
<trkpt lat="-15.485581" lon="-70.151133">
<ele>3825.7</ele>
<time>2026-10-06T15:46:56-05:00</time>
</trkpt>
<trkpt lat="-15.485573" lon="-70.151203">
<ele>3825.5</ele>
<time>2026-10-06T15:46:58-05:00</time>
</trkpt>
<trkpt lat="-15.485548" lon="-70.151297">
<ele>3825.9</ele>
<time>2026-10-06T15:47:00-05:00</time>
</trkpt>
<trkpt lat="-15.48554" lon="-70.1514">
<ele>3826.8</ele>
<time>2026-10-06T15:47:02-05:00</time>
</trkpt>
<trkpt lat="-15.485523" lon="-70.151503">
<ele>3826.8</ele>
<time>2026-10-06T15:47:04-05:00</time>
</trkpt>
<trkpt lat="-15.485496" lon="-70.151593">
<ele>3826.0</ele>
<time>2026-10-06T15:47:06-05:00</time>
</trkpt>
<trkpt lat="-15.485498" lon="-70.151675">
<ele>3827.2</ele>
<time>2026-10-06T15:47:08-05:00</time>
</trkpt>
<trkpt lat="-15.485483" lon="-70.151761">
<ele>3826.6</ele>
<time>2026-10-06T15:47:10-05:00</time>
</trkpt>
<trkpt lat="-15.485475" lon="-70.151831">
<ele>3826.8</ele>
<time>2026-10-06T15:47:12-05:00</time>
</trkpt>
<trkpt lat="-15.485449" lon="-70.151913">
<ele>3826.5</ele>
<time>2026-10-06T15:47:14-05:00</time>
</trkpt>
<trkpt lat="-15.485448" lon="-70.152008">
<ele>3826.9</ele>
<time>2026-10-06T15:47:16-05:00</time>
</trkpt>
<trkpt lat="-15.48544" lon="-70.152107">
<ele>3827.1</ele>
<time>2026-10-06T15:47:18-05:00</time>
</trkpt>
<trkpt lat="-15.485433" lon="-70.152188">
<ele>3827.5</ele>
<time>2026-10-06T15:47:20-05:00</time>
</trkpt>
<trkpt lat="-15.485411" lon="-70.152289">
<ele>3828.0</ele>
<time>2026-10-06T15:47:22-05:00</time>
</trkpt>
<trkpt lat="-15.485399" lon="-70.152369">
<ele>3827.1</ele>
<time>2026-10-06T15:47:24-05:00</time>
</trkpt>
<trkpt lat="-15.485399" lon="-70.152449">
<ele>3827.4</ele>
<time>2026-10-06T15:47:26-05:00</time>
</trkpt>
<trkpt lat="-15.485372" lon="-70.152528">
<ele>3828.1</ele>
<time>2026-10-06T15:47:28-05:00</time>
</trkpt>
<trkpt lat="-15.485361" lon="-70.15261">
<ele>3826.7</ele>
<time>2026-10-06T15:47:30-05:00</time>
</trkpt>
<trkpt lat="-15.485356" lon="-70.152677">
<ele>3827.6</ele>
<time>2026-10-06T15:47:32-05:00</time>
</trkpt>
<trkpt lat="-15.485372" lon="-70.152748">
<ele>3828.0</ele>
<time>2026-10-06T15:47:34-05:00</time>
</trkpt>
<trkpt lat="-15.485367" lon="-70.152825">
<ele>3827.4</ele>
<time>2026-10-06T15:47:36-05:00</time>
</trkpt>
<trkpt lat="-15.485384" lon="-70.152912">
<ele>3827.4</ele>
<time>2026-10-06T15:47:38-05:00</time>
</trkpt>
<trkpt lat="-15.485378" lon="-70.152992">
<ele>3827.9</ele>
<time>2026-10-06T15:47:40-05:00</time>
</trkpt>
<trkpt lat="-15.485374" lon="-70.153094">
<ele>3826.9</ele>
<time>2026-10-06T15:47:42-05:00</time>
</trkpt>
<trkpt lat="-15.485356" lon="-70.153177">
<ele>3826.3</ele>
<time>2026-10-06T15:47:44-05:00</time>
</trkpt>
<trkpt lat="-15.485343" lon="-70.153286">
<ele>3826.8</ele>
<time>2026-10-06T15:47:46-05:00</time>
</trkpt>
<trkpt lat="-15.485419" lon="-70.153295">
<ele>3827.2</ele>
<time>2026-10-06T15:47:48-05:00</time>
</trkpt>
<trkpt lat="-15.485437" lon="-70.15328">
<ele>3827.1</ele>
<time>2026-10-06T15:47:50-05:00</time>
</trkpt>
<trkpt lat="-15.485438" lon="-70.153264">
<ele>3827.0</ele>
<time>2026-10-06T15:47:52-05:00</time>
</trkpt>
<trkpt lat="-15.48544" lon="-70.153263">
<ele>3826.7</ele>
<time>2026-10-06T15:47:54-05:00</time>
</trkpt>
<trkpt lat="-15.48544" lon="-70.153272">
<ele>3826.5</ele>
<time>2026-10-06T15:47:56-05:00</time>
</trkpt>
<trkpt lat="-15.485434" lon="-70.153244">
<ele>3827.2</ele>
<time>2026-10-06T15:47:58-05:00</time>
</trkpt>
<trkpt lat="-15.485432" lon="-70.153247">
<ele>3827.0</ele>
<time>2026-10-06T15:48:00-05:00</time>
</trkpt>
<trkpt lat="-15.485445" lon="-70.15326">
<ele>3826.7</ele>
<time>2026-10-06T15:48:02-05:00</time>
</trkpt>
<trkpt lat="-15.485446" lon="-70.15324">
<ele>3826.7</ele>
<time>2026-10-06T15:48:04-05:00</time>
</trkpt>
<trkpt lat="-15.485443" lon="-70.153256">
<ele>3826.6</ele>
<time>2026-10-06T15:48:06-05:00</time>
</trkpt>
<trkpt lat="-15.485454" lon="-70.153267">
<ele>3827.2</ele>
<time>2026-10-06T15:48:08-05:00</time>
</trkpt>
<trkpt lat="-15.485459" lon="-70.15327">
<ele>3827.1</ele>
<time>2026-10-06T15:48:10-05:00</time>
</trkpt>
<trkpt lat="-15.485578" lon="-70.153265">
<ele>3827.0</ele>
<time>2026-10-06T15:48:12-05:00</time>
</trkpt>
<trkpt lat="-15.485602" lon="-70.153319">
<ele>3826.3</ele>
<time>2026-10-06T15:48:14-05:00</time>
</trkpt>
<trkpt lat="-15.485639" lon="-70.153352">
<ele>3827.3</ele>
<time>2026-10-06T15:48:16-05:00</time>
</trkpt>
<trkpt lat="-15.485713" lon="-70.153352">
<ele>3828.3</ele>
<time>2026-10-06T15:48:18-05:00</time>
</trkpt>
<trkpt lat="-15.485804" lon="-70.15337">
<ele>3827.6</ele>
<time>2026-10-06T15:48:20-05:00</time>
</trkpt>
<trkpt lat="-15.48592" lon="-70.153362">
<ele>3826.9</ele>
<time>2026-10-06T15:48:22-05:00</time>
</trkpt>
<trkpt lat="-15.486054" lon="-70.153372">
<ele>3827.6</ele>
<time>2026-10-06T15:48:24-05:00</time>
</trkpt>
<trkpt lat="-15.486193" lon="-70.153388">
<ele>3827.8</ele>
<time>2026-10-06T15:48:26-05:00</time>
</trkpt>
<trkpt lat="-15.486313" lon="-70.153402">
<ele>3827.9</ele>
<time>2026-10-06T15:48:28-05:00</time>
</trkpt>
<trkpt lat="-15.486424" lon="-70.153422">
<ele>3827.5</ele>
<time>2026-10-06T15:48:30-05:00</time>
</trkpt>
<trkpt lat="-15.4865" lon="-70.153417">
<ele>3828.6</ele>
<time>2026-10-06T15:48:32-05:00</time>
</trkpt>
<trkpt lat="-15.486524" lon="-70.153424">
<ele>3828.6</ele>
<time>2026-10-06T15:48:34-05:00</time>
</trkpt>
<trkpt lat="-15.486515" lon="-70.153471">
<ele>3827.9</ele>
<time>2026-10-06T15:48:36-05:00</time>
</trkpt>
<trkpt lat="-15.486494" lon="-70.153539">
<ele>3828.8</ele>
<time>2026-10-06T15:48:38-05:00</time>
</trkpt>
<trkpt lat="-15.48648" lon="-70.153636">
<ele>3827.5</ele>
<time>2026-10-06T15:48:40-05:00</time>
</trkpt>
<trkpt lat="-15.486472" lon="-70.153747">
<ele>3828.3</ele>
<time>2026-10-06T15:48:42-05:00</time>
</trkpt>
<trkpt lat="-15.48645" lon="-70.153861">
<ele>3828.7</ele>
<time>2026-10-06T15:48:44-05:00</time>
</trkpt>
<trkpt lat="-15.486437" lon="-70.153954">
<ele>3828.1</ele>
<time>2026-10-06T15:48:46-05:00</time>
</trkpt>
<trkpt lat="-15.486427" lon="-70.15407">
<ele>3827.6</ele>
<time>2026-10-06T15:48:48-05:00</time>
</trkpt>
<trkpt lat="-15.486402" lon="-70.154201">
<ele>3827.6</ele>
<time>2026-10-06T15:48:50-05:00</time>
</trkpt>
<trkpt lat="-15.486383" lon="-70.154305">
<ele>3827.6</ele>
<time>2026-10-06T15:48:52-05:00</time>
</trkpt>
<trkpt lat="-15.486393" lon="-70.154429">
<ele>3827.9</ele>
<time>2026-10-06T15:48:54-05:00</time>
</trkpt>
<trkpt lat="-15.486376" lon="-70.154552">
<ele>3827.8</ele>
<time>2026-10-06T15:48:56-05:00</time>
</trkpt>
<trkpt lat="-15.486353" lon="-70.154653">
<ele>3827.8</ele>
<time>2026-10-06T15:48:58-05:00</time>
</trkpt>
<trkpt lat="-15.486354" lon="-70.154743">
<ele>3828.4</ele>
<time>2026-10-06T15:49:00-05:00</time>
</trkpt>
<trkpt lat="-15.486334" lon="-70.154858">
<ele>3827.8</ele>
<time>2026-10-06T15:49:02-05:00</time>
</trkpt>
<trkpt lat="-15.486339" lon="-70.154938">
<ele>3828.5</ele>
<time>2026-10-06T15:49:04-05:00</time>
</trkpt>
<trkpt lat="-15.48632" lon="-70.155023">
<ele>3827.4</ele>
<time>2026-10-06T15:49:06-05:00</time>
</trkpt>
<trkpt lat="-15.48632" lon="-70.155125">
<ele>3827.9</ele>
<time>2026-10-06T15:49:08-05:00</time>
</trkpt>
<trkpt lat="-15.48631" lon="-70.155209">
<ele>3827.7</ele>
<time>2026-10-06T15:49:10-05:00</time>
</trkpt>
<trkpt lat="-15.486305" lon="-70.155313">
<ele>3827.7</ele>
<time>2026-10-06T15:49:12-05:00</time>
</trkpt>
<trkpt lat="-15.486297" lon="-70.155418">
<ele>3828.1</ele>
<time>2026-10-06T15:49:14-05:00</time>
</trkpt>
<trkpt lat="-15.486287" lon="-70.155507">
<ele>3827.5</ele>
<time>2026-10-06T15:49:16-05:00</time>
</trkpt>
<trkpt lat="-15.486277" lon="-70.155629">
<ele>3828.6</ele>
<time>2026-10-06T15:49:18-05:00</time>
</trkpt>
<trkpt lat="-15.486255" lon="-70.155748">
<ele>3827.8</ele>
<time>2026-10-06T15:49:20-05:00</time>
</trkpt>
<trkpt lat="-15.486255" lon="-70.155825">
<ele>3828.3</ele>
<time>2026-10-06T15:49:22-05:00</time>
</trkpt>
<trkpt lat="-15.486252" lon="-70.155939">
<ele>3827.1</ele>
<time>2026-10-06T15:49:24-05:00</time>
</trkpt>
<trkpt lat="-15.486244" lon="-70.156039">
<ele>3828.8</ele>
<time>2026-10-06T15:49:26-05:00</time>
</trkpt>
<trkpt lat="-15.486228" lon="-70.156128">
<ele>3827.1</ele>
<time>2026-10-06T15:49:28-05:00</time>
</trkpt>
<trkpt lat="-15.486217" lon="-70.156227">
<ele>3827.5</ele>
<time>2026-10-06T15:49:30-05:00</time>
</trkpt>
<trkpt lat="-15.48622" lon="-70.156334">
<ele>3827.7</ele>
<time>2026-10-06T15:49:32-05:00</time>
</trkpt>
<trkpt lat="-15.486196" lon="-70.156431">
<ele>3827.6</ele>
<time>2026-10-06T15:49:34-05:00</time>
</trkpt>
<trkpt lat="-15.486181" lon="-70.156538">
<ele>3827.7</ele>
<time>2026-10-06T15:49:36-05:00</time>
</trkpt>
<trkpt lat="-15.486175" lon="-70.156642">
<ele>3828.3</ele>
<time>2026-10-06T15:49:38-05:00</time>
</trkpt>
<trkpt lat="-15.486154" lon="-70.156758">
<ele>3828.1</ele>
<time>2026-10-06T15:49:40-05:00</time>
</trkpt>
<trkpt lat="-15.48615" lon="-70.156858">
<ele>3828.5</ele>
<time>2026-10-06T15:49:42-05:00</time>
</trkpt>
<trkpt lat="-15.486113" lon="-70.156922">
<ele>3827.2</ele>
<time>2026-10-06T15:49:44-05:00</time>
</trkpt>
<trkpt lat="-15.4861" lon="-70.156973">
<ele>3828.4</ele>
<time>2026-10-06T15:49:46-05:00</time>
</trkpt>
<trkpt lat="-15.486104" lon="-70.156992">
<ele>3828.0</ele>
<time>2026-10-06T15:49:48-05:00</time>
</trkpt>
<trkpt lat="-15.486105" lon="-70.157004">
<ele>3827.7</ele>
<time>2026-10-06T15:49:50-05:00</time>
</trkpt>
<trkpt lat="-15.486117" lon="-70.156989">
<ele>3827.7</ele>
<time>2026-10-06T15:49:52-05:00</time>
</trkpt>
<trkpt lat="-15.486105" lon="-70.15698">
<ele>3828.5</ele>
<time>2026-10-06T15:49:54-05:00</time>
</trkpt>
<trkpt lat="-15.486106" lon="-70.156965">
<ele>3827.9</ele>
<time>2026-10-06T15:49:56-05:00</time>
</trkpt>
<trkpt lat="-15.486106" lon="-70.156968">
<ele>3828.6</ele>
<time>2026-10-06T15:49:58-05:00</time>
</trkpt>
<trkpt lat="-15.486111" lon="-70.156961">
<ele>3828.4</ele>
<time>2026-10-06T15:50:00-05:00</time>
</trkpt>
<trkpt lat="-15.486101" lon="-70.156972">
<ele>3828.7</ele>
<time>2026-10-06T15:50:02-05:00</time>
</trkpt>
<trkpt lat="-15.486101" lon="-70.156996">
<ele>3828.7</ele>
<time>2026-10-06T15:50:04-05:00</time>
</trkpt>
<trkpt lat="-15.486126" lon="-70.15712">
<ele>3827.7</ele>
<time>2026-10-06T15:50:06-05:00</time>
</trkpt>
<trkpt lat="-15.486099" lon="-70.157235">
<ele>3827.2</ele>
<time>2026-10-06T15:50:08-05:00</time>
</trkpt>
<trkpt lat="-15.486097" lon="-70.157241">
<ele>3828.4</ele>
<time>2026-10-06T15:50:10-05:00</time>
</trkpt>
<trkpt lat="-15.486102" lon="-70.157223">
<ele>3828.1</ele>
<time>2026-10-06T15:50:12-05:00</time>
</trkpt>
<trkpt lat="-15.486095" lon="-70.15724">
<ele>3828.2</ele>
<time>2026-10-06T15:50:14-05:00</time>
</trkpt>
<trkpt lat="-15.486091" lon="-70.157241">
<ele>3828.3</ele>
<time>2026-10-06T15:50:16-05:00</time>
</trkpt>
<trkpt lat="-15.486082" lon="-70.157249">
<ele>3827.6</ele>
<time>2026-10-06T15:50:18-05:00</time>
</trkpt>
<trkpt lat="-15.486086" lon="-70.157241">
<ele>3827.8</ele>
<time>2026-10-06T15:50:20-05:00</time>
</trkpt>
<trkpt lat="-15.48609" lon="-70.157231">
<ele>3827.4</ele>
<time>2026-10-06T15:50:22-05:00</time>
</trkpt>
<trkpt lat="-15.486096" lon="-70.157225">
<ele>3827.9</ele>
<time>2026-10-06T15:50:24-05:00</time>
</trkpt>
<trkpt lat="-15.486089" lon="-70.157228">
<ele>3827.4</ele>
<time>2026-10-06T15:50:26-05:00</time>
</trkpt>
<trkpt lat="-15.486104" lon="-70.157202">
<ele>3827.8</ele>
<time>2026-10-06T15:50:28-05:00</time>
</trkpt>
<trkpt lat="-15.4861" lon="-70.157184">
<ele>3826.7</ele>
<time>2026-10-06T15:50:30-05:00</time>
</trkpt>
<trkpt lat="-15.486092" lon="-70.15721">
<ele>3828.2</ele>
<time>2026-10-06T15:50:32-05:00</time>
</trkpt>
<trkpt lat="-15.486092" lon="-70.157215">
<ele>3828.0</ele>
<time>2026-10-06T15:50:34-05:00</time>
</trkpt>
<trkpt lat="-15.486082" lon="-70.157221">
<ele>3827.9</ele>
<time>2026-10-06T15:50:36-05:00</time>
</trkpt>
<trkpt lat="-15.486078" lon="-70.157199">
<ele>3827.9</ele>
<time>2026-10-06T15:50:38-05:00</time>
</trkpt>
<trkpt lat="-15.486081" lon="-70.157203">
<ele>3828.0</ele>
<time>2026-10-06T15:50:40-05:00</time>
</trkpt>
<trkpt lat="-15.48608" lon="-70.157243">
<ele>3827.2</ele>
<time>2026-10-06T15:50:42-05:00</time>
</trkpt>
<trkpt lat="-15.4861" lon="-70.157299">
<ele>3827.2</ele>
<time>2026-10-06T15:50:44-05:00</time>
</trkpt>
<trkpt lat="-15.486106" lon="-70.157386">
<ele>3827.3</ele>
<time>2026-10-06T15:50:46-05:00</time>
</trkpt>
<trkpt lat="-15.486097" lon="-70.157507">
<ele>3827.8</ele>
<time>2026-10-06T15:50:48-05:00</time>
</trkpt>
<trkpt lat="-15.486087" lon="-70.157622">
<ele>3827.3</ele>
<time>2026-10-06T15:50:50-05:00</time>
</trkpt>
<trkpt lat="-15.486074" lon="-70.157754">
<ele>3827.5</ele>
<time>2026-10-06T15:50:52-05:00</time>
</trkpt>
<trkpt lat="-15.486054" lon="-70.157873">
<ele>3827.2</ele>
<time>2026-10-06T15:50:54-05:00</time>
</trkpt>
<trkpt lat="-15.486039" lon="-70.15799">
<ele>3827.1</ele>
<time>2026-10-06T15:50:56-05:00</time>
</trkpt>
<trkpt lat="-15.486022" lon="-70.158111">
<ele>3826.9</ele>
<time>2026-10-06T15:50:58-05:00</time>
</trkpt>
<trkpt lat="-15.486011" lon="-70.158201">
<ele>3826.5</ele>
<time>2026-10-06T15:51:00-05:00</time>
</trkpt>
<trkpt lat="-15.485991" lon="-70.15827">
<ele>3828.1</ele>
<time>2026-10-06T15:51:02-05:00</time>
</trkpt>
<trkpt lat="-15.485983" lon="-70.158367">
<ele>3827.4</ele>
<time>2026-10-06T15:51:04-05:00</time>
</trkpt>
<trkpt lat="-15.485959" lon="-70.158461">
<ele>3828.0</ele>
<time>2026-10-06T15:51:06-05:00</time>
</trkpt>
<trkpt lat="-15.48596" lon="-70.158571">
<ele>3827.9</ele>
<time>2026-10-06T15:51:08-05:00</time>
</trkpt>
<trkpt lat="-15.485938" lon="-70.158663">
<ele>3827.9</ele>
<time>2026-10-06T15:51:10-05:00</time>
</trkpt>
<trkpt lat="-15.485939" lon="-70.158733">
<ele>3828.5</ele>
<time>2026-10-06T15:51:12-05:00</time>
</trkpt>
<trkpt lat="-15.485916" lon="-70.158826">
<ele>3827.8</ele>
<time>2026-10-06T15:51:14-05:00</time>
</trkpt>
<trkpt lat="-15.485902" lon="-70.15892">
<ele>3829.2</ele>
<time>2026-10-06T15:51:16-05:00</time>
</trkpt>
<trkpt lat="-15.485896" lon="-70.159038">
<ele>3828.0</ele>
<time>2026-10-06T15:51:18-05:00</time>
</trkpt>
<trkpt lat="-15.485885" lon="-70.159138">
<ele>3828.7</ele>
<time>2026-10-06T15:51:20-05:00</time>
</trkpt>
<trkpt lat="-15.485859" lon="-70.159192">
<ele>3828.6</ele>
<time>2026-10-06T15:51:22-05:00</time>
</trkpt>
<trkpt lat="-15.485864" lon="-70.159201">
<ele>3828.4</ele>
<time>2026-10-06T15:51:24-05:00</time>
</trkpt>
<trkpt lat="-15.485846" lon="-70.159229">
<ele>3828.0</ele>
<time>2026-10-06T15:51:26-05:00</time>
</trkpt>
<trkpt lat="-15.485852" lon="-70.159224">
<ele>3828.5</ele>
<time>2026-10-06T15:51:28-05:00</time>
</trkpt>
<trkpt lat="-15.485854" lon="-70.159235">
<ele>3829.3</ele>
<time>2026-10-06T15:51:30-05:00</time>
</trkpt>
<trkpt lat="-15.485841" lon="-70.15924">
<ele>3829.2</ele>
<time>2026-10-06T15:51:32-05:00</time>
</trkpt>
<trkpt lat="-15.48585" lon="-70.15929">
<ele>3828.5</ele>
<time>2026-10-06T15:51:34-05:00</time>
</trkpt>
<trkpt lat="-15.485848" lon="-70.15936">
<ele>3828.1</ele>
<time>2026-10-06T15:51:36-05:00</time>
</trkpt>
<trkpt lat="-15.485841" lon="-70.159462">
<ele>3828.2</ele>
<time>2026-10-06T15:51:38-05:00</time>
</trkpt>
<trkpt lat="-15.485834" lon="-70.159562">
<ele>3828.7</ele>
<time>2026-10-06T15:51:40-05:00</time>
</trkpt>
<trkpt lat="-15.485819" lon="-70.159681">
<ele>3828.4</ele>
<time>2026-10-06T15:51:42-05:00</time>
</trkpt>
<trkpt lat="-15.485813" lon="-70.159753">
<ele>3829.2</ele>
<time>2026-10-06T15:51:44-05:00</time>
</trkpt>
<trkpt lat="-15.485812" lon="-70.159852">
<ele>3828.8</ele>
<time>2026-10-06T15:51:46-05:00</time>
</trkpt>
<trkpt lat="-15.485813" lon="-70.159922">
<ele>3829.1</ele>
<time>2026-10-06T15:51:48-05:00</time>
</trkpt>
<trkpt lat="-15.485807" lon="-70.16002">
<ele>3829.2</ele>
<time>2026-10-06T15:51:50-05:00</time>
</trkpt>
<trkpt lat="-15.485817" lon="-70.160105">
<ele>3829.1</ele>
<time>2026-10-06T15:51:52-05:00</time>
</trkpt>
<trkpt lat="-15.485828" lon="-70.160183">
<ele>3829.0</ele>
<time>2026-10-06T15:51:54-05:00</time>
</trkpt>
<trkpt lat="-15.485814" lon="-70.160244">
<ele>3828.6</ele>
<time>2026-10-06T15:51:56-05:00</time>
</trkpt>
<trkpt lat="-15.48581" lon="-70.160327">
<ele>3828.8</ele>
<time>2026-10-06T15:51:58-05:00</time>
</trkpt>
<trkpt lat="-15.485806" lon="-70.160418">
<ele>3828.7</ele>
<time>2026-10-06T15:52:00-05:00</time>
</trkpt>
<trkpt lat="-15.485791" lon="-70.160519">
<ele>3828.5</ele>
<time>2026-10-06T15:52:02-05:00</time>
</trkpt>
<trkpt lat="-15.485785" lon="-70.160617">
<ele>3828.5</ele>
<time>2026-10-06T15:52:04-05:00</time>
</trkpt>
<trkpt lat="-15.485773" lon="-70.160699">
<ele>3828.2</ele>
<time>2026-10-06T15:52:06-05:00</time>
</trkpt>
<trkpt lat="-15.485791" lon="-70.160781">
<ele>3829.6</ele>
<time>2026-10-06T15:52:08-05:00</time>
</trkpt>
<trkpt lat="-15.485862" lon="-70.160785">
<ele>3828.8</ele>
<time>2026-10-06T15:52:10-05:00</time>
</trkpt>
<trkpt lat="-15.485935" lon="-70.160804">
<ele>3829.3</ele>
<time>2026-10-06T15:52:12-05:00</time>
</trkpt>
<trkpt lat="-15.486018" lon="-70.160814">
<ele>3828.8</ele>
<time>2026-10-06T15:52:14-05:00</time>
</trkpt>
<trkpt lat="-15.486112" lon="-70.160825">
<ele>3829.4</ele>
<time>2026-10-06T15:52:16-05:00</time>
</trkpt>
<trkpt lat="-15.486204" lon="-70.160837">
<ele>3829.0</ele>
<time>2026-10-06T15:52:18-05:00</time>
</trkpt>
<trkpt lat="-15.48628" lon="-70.160844">
<ele>3828.7</ele>
<time>2026-10-06T15:52:20-05:00</time>
</trkpt>
<trkpt lat="-15.486346" lon="-70.160841">
<ele>3828.6</ele>
<time>2026-10-06T15:52:22-05:00</time>
</trkpt>
<trkpt lat="-15.486402" lon="-70.160842">
<ele>3828.2</ele>
<time>2026-10-06T15:52:24-05:00</time>
</trkpt>
<trkpt lat="-15.486479" lon="-70.16085">
<ele>3829.0</ele>
<time>2026-10-06T15:52:26-05:00</time>
</trkpt>
<trkpt lat="-15.486545" lon="-70.160837">
<ele>3829.1</ele>
<time>2026-10-06T15:52:28-05:00</time>
</trkpt>
<trkpt lat="-15.486637" lon="-70.16085">
<ele>3828.0</ele>
<time>2026-10-06T15:52:30-05:00</time>
</trkpt>
<trkpt lat="-15.486731" lon="-70.160856">
<ele>3827.8</ele>
<time>2026-10-06T15:52:32-05:00</time>
</trkpt>
<trkpt lat="-15.486818" lon="-70.16087">
<ele>3828.1</ele>
<time>2026-10-06T15:52:34-05:00</time>
</trkpt>
<trkpt lat="-15.486915" lon="-70.160869">
<ele>3828.0</ele>
<time>2026-10-06T15:52:36-05:00</time>
</trkpt>
<trkpt lat="-15.487017" lon="-70.160886">
<ele>3827.7</ele>
<time>2026-10-06T15:52:38-05:00</time>
</trkpt>
<trkpt lat="-15.487109" lon="-70.160913">
<ele>3828.1</ele>
<time>2026-10-06T15:52:40-05:00</time>
</trkpt>
<trkpt lat="-15.48719" lon="-70.160909">
<ele>3828.0</ele>
<time>2026-10-06T15:52:42-05:00</time>
</trkpt>
<trkpt lat="-15.487268" lon="-70.160915">
<ele>3827.5</ele>
<time>2026-10-06T15:52:44-05:00</time>
</trkpt>
<trkpt lat="-15.487356" lon="-70.160927">
<ele>3827.7</ele>
<time>2026-10-06T15:52:46-05:00</time>
</trkpt>
<trkpt lat="-15.487446" lon="-70.160941">
<ele>3828.4</ele>
<time>2026-10-06T15:52:48-05:00</time>
</trkpt>
<trkpt lat="-15.487547" lon="-70.160951">
<ele>3827.8</ele>
<time>2026-10-06T15:52:50-05:00</time>
</trkpt>
<trkpt lat="-15.487648" lon="-70.160965">
<ele>3827.2</ele>
<time>2026-10-06T15:52:52-05:00</time>
</trkpt>
<trkpt lat="-15.487732" lon="-70.160973">
<ele>3827.2</ele>
<time>2026-10-06T15:52:54-05:00</time>
</trkpt>
<trkpt lat="-15.487832" lon="-70.160978">
<ele>3826.8</ele>
<time>2026-10-06T15:52:56-05:00</time>
</trkpt>
<trkpt lat="-15.48795" lon="-70.160982">
<ele>3828.0</ele>
<time>2026-10-06T15:52:58-05:00</time>
</trkpt>
<trkpt lat="-15.488061" lon="-70.160992">
<ele>3827.1</ele>
<time>2026-10-06T15:53:00-05:00</time>
</trkpt>
<trkpt lat="-15.488179" lon="-70.160991">
<ele>3827.7</ele>
<time>2026-10-06T15:53:02-05:00</time>
</trkpt>
<trkpt lat="-15.48828" lon="-70.161009">
<ele>3827.2</ele>
<time>2026-10-06T15:53:04-05:00</time>
</trkpt>
<trkpt lat="-15.488367" lon="-70.161017">
<ele>3827.7</ele>
<time>2026-10-06T15:53:06-05:00</time>
</trkpt>
<trkpt lat="-15.488455" lon="-70.160999">
<ele>3827.8</ele>
<time>2026-10-06T15:53:08-05:00</time>
</trkpt>
<trkpt lat="-15.488529" lon="-70.161013">
<ele>3827.2</ele>
<time>2026-10-06T15:53:10-05:00</time>
</trkpt>
<trkpt lat="-15.48862" lon="-70.161019">
<ele>3826.2</ele>
<time>2026-10-06T15:53:12-05:00</time>
</trkpt>
<trkpt lat="-15.488746" lon="-70.161042">
<ele>3827.1</ele>
<time>2026-10-06T15:53:14-05:00</time>
</trkpt>
<trkpt lat="-15.488849" lon="-70.16107">
<ele>3827.0</ele>
<time>2026-10-06T15:53:16-05:00</time>
</trkpt>
<trkpt lat="-15.488887" lon="-70.161076">
<ele>3826.6</ele>
<time>2026-10-06T15:53:18-05:00</time>
</trkpt>
<trkpt lat="-15.488888" lon="-70.161083">
<ele>3827.0</ele>
<time>2026-10-06T15:53:20-05:00</time>
</trkpt>
<trkpt lat="-15.488902" lon="-70.161074">
<ele>3827.1</ele>
<time>2026-10-06T15:53:22-05:00</time>
</trkpt>
<trkpt lat="-15.488897" lon="-70.161082">
<ele>3828.2</ele>
<time>2026-10-06T15:53:24-05:00</time>
</trkpt>
<trkpt lat="-15.488881" lon="-70.161076">
<ele>3826.6</ele>
<time>2026-10-06T15:53:26-05:00</time>
</trkpt>
<trkpt lat="-15.488881" lon="-70.16109">
<ele>3827.4</ele>
<time>2026-10-06T15:53:28-05:00</time>
</trkpt>
<trkpt lat="-15.488897" lon="-70.16108">
<ele>3827.3</ele>
<time>2026-10-06T15:53:30-05:00</time>
</trkpt>
<trkpt lat="-15.488942" lon="-70.16107">
<ele>3827.9</ele>
<time>2026-10-06T15:53:32-05:00</time>
</trkpt>
<trkpt lat="-15.489059" lon="-70.161094">
<ele>3828.0</ele>
<time>2026-10-06T15:53:34-05:00</time>
</trkpt>
<trkpt lat="-15.489201" lon="-70.161107">
<ele>3827.1</ele>
<time>2026-10-06T15:53:36-05:00</time>
</trkpt>
<trkpt lat="-15.489337" lon="-70.161118">
<ele>3827.6</ele>
<time>2026-10-06T15:53:38-05:00</time>
</trkpt>
<trkpt lat="-15.489425" lon="-70.161138">
<ele>3827.8</ele>
<time>2026-10-06T15:53:40-05:00</time>
</trkpt>
<trkpt lat="-15.489446" lon="-70.161166">
<ele>3828.1</ele>
<time>2026-10-06T15:53:42-05:00</time>
</trkpt>
<trkpt lat="-15.489453" lon="-70.161233">
<ele>3827.9</ele>
<time>2026-10-06T15:53:44-05:00</time>
</trkpt>
<trkpt lat="-15.489435" lon="-70.161332">
<ele>3828.1</ele>
<time>2026-10-06T15:53:46-05:00</time>
</trkpt>
<trkpt lat="-15.489436" lon="-70.16146">
<ele>3828.5</ele>
<time>2026-10-06T15:53:48-05:00</time>
</trkpt>
<trkpt lat="-15.489422" lon="-70.161561">
<ele>3828.3</ele>
<time>2026-10-06T15:53:50-05:00</time>
</trkpt>
<trkpt lat="-15.4894" lon="-70.161678">
<ele>3827.8</ele>
<time>2026-10-06T15:53:52-05:00</time>
</trkpt>
<trkpt lat="-15.489382" lon="-70.161802">
<ele>3828.2</ele>
<time>2026-10-06T15:53:54-05:00</time>
</trkpt>
<trkpt lat="-15.489363" lon="-70.16189">
<ele>3827.9</ele>
<time>2026-10-06T15:53:56-05:00</time>
</trkpt>
<trkpt lat="-15.489354" lon="-70.161967">
<ele>3827.5</ele>
<time>2026-10-06T15:53:58-05:00</time>
</trkpt>
<trkpt lat="-15.48935" lon="-70.162068">
<ele>3827.9</ele>
<time>2026-10-06T15:54:00-05:00</time>
</trkpt>
<trkpt lat="-15.489335" lon="-70.162159">
<ele>3828.7</ele>
<time>2026-10-06T15:54:02-05:00</time>
</trkpt>
<trkpt lat="-15.489329" lon="-70.162255">
<ele>3828.4</ele>
<time>2026-10-06T15:54:04-05:00</time>
</trkpt>
<trkpt lat="-15.489309" lon="-70.162332">
<ele>3828.9</ele>
<time>2026-10-06T15:54:06-05:00</time>
</trkpt>
<trkpt lat="-15.489288" lon="-70.162415">
<ele>3828.3</ele>
<time>2026-10-06T15:54:08-05:00</time>
</trkpt>
<trkpt lat="-15.489273" lon="-70.162489">
<ele>3829.1</ele>
<time>2026-10-06T15:54:10-05:00</time>
</trkpt>
<trkpt lat="-15.489262" lon="-70.162545">
<ele>3829.0</ele>
<time>2026-10-06T15:54:12-05:00</time>
</trkpt>
<trkpt lat="-15.489267" lon="-70.162635">
<ele>3828.5</ele>
<time>2026-10-06T15:54:14-05:00</time>
</trkpt>
<trkpt lat="-15.489322" lon="-70.162697">
<ele>3828.9</ele>
<time>2026-10-06T15:54:16-05:00</time>
</trkpt>
<trkpt lat="-15.48943" lon="-70.162718">
<ele>3829.7</ele>
<time>2026-10-06T15:54:18-05:00</time>
</trkpt>
<trkpt lat="-15.48952" lon="-70.162724">
<ele>3829.8</ele>
<time>2026-10-06T15:54:20-05:00</time>
</trkpt>
<trkpt lat="-15.489621" lon="-70.162754">
<ele>3829.4</ele>
<time>2026-10-06T15:54:22-05:00</time>
</trkpt>
<trkpt lat="-15.489719" lon="-70.162745">
<ele>3829.1</ele>
<time>2026-10-06T15:54:24-05:00</time>
</trkpt>
<trkpt lat="-15.489809" lon="-70.162749">
<ele>3828.3</ele>
<time>2026-10-06T15:54:26-05:00</time>
</trkpt>
<trkpt lat="-15.489938" lon="-70.162765">
<ele>3829.6</ele>
<time>2026-10-06T15:54:28-05:00</time>
</trkpt>
<trkpt lat="-15.490031" lon="-70.162779">
<ele>3829.5</ele>
<time>2026-10-06T15:54:30-05:00</time>
</trkpt>
<trkpt lat="-15.490042" lon="-70.162799">
<ele>3829.2</ele>
<time>2026-10-06T15:54:32-05:00</time>
</trkpt>
<trkpt lat="-15.490037" lon="-70.162888">
<ele>3829.2</ele>
<time>2026-10-06T15:54:34-05:00</time>
</trkpt>
<trkpt lat="-15.490016" lon="-70.162997">
<ele>3828.9</ele>
<time>2026-10-06T15:54:36-05:00</time>
</trkpt>
<trkpt lat="-15.48999" lon="-70.163128">
<ele>3828.3</ele>
<time>2026-10-06T15:54:38-05:00</time>
</trkpt>
<trkpt lat="-15.489956" lon="-70.163259">
<ele>3828.3</ele>
<time>2026-10-06T15:54:40-05:00</time>
</trkpt>
<trkpt lat="-15.489966" lon="-70.163365">
<ele>3828.9</ele>
<time>2026-10-06T15:54:42-05:00</time>
</trkpt>
<trkpt lat="-15.489953" lon="-70.163425">
<ele>3828.8</ele>
<time>2026-10-06T15:54:44-05:00</time>
</trkpt>
<trkpt lat="-15.489911" lon="-70.163416">
<ele>3828.2</ele>
<time>2026-10-06T15:54:46-05:00</time>
</trkpt>
<trkpt lat="-15.489811" lon="-70.163388">
<ele>3827.7</ele>
<time>2026-10-06T15:54:48-05:00</time>
</trkpt>
<trkpt lat="-15.489646" lon="-70.163383">
<ele>3828.4</ele>
<time>2026-10-06T15:54:50-05:00</time>
</trkpt>
<trkpt lat="-15.489535" lon="-70.163368">
<ele>3829.1</ele>
<time>2026-10-06T15:54:52-05:00</time>
</trkpt>
<trkpt lat="-15.48945" lon="-70.163346">
<ele>3829.7</ele>
<time>2026-10-06T15:54:54-05:00</time>
</trkpt>
<trkpt lat="-15.489411" lon="-70.163344">
<ele>3829.2</ele>
<time>2026-10-06T15:54:56-05:00</time>
</trkpt>
<trkpt lat="-15.489396" lon="-70.163398">
<ele>3829.5</ele>
<time>2026-10-06T15:54:58-05:00</time>
</trkpt>
<trkpt lat="-15.489393" lon="-70.163473">
<ele>3828.2</ele>
<time>2026-10-06T15:55:00-05:00</time>
</trkpt>
<trkpt lat="-15.489395" lon="-70.163577">
<ele>3828.6</ele>
<time>2026-10-06T15:55:02-05:00</time>
</trkpt>
<trkpt lat="-15.489377" lon="-70.163701">
<ele>3828.5</ele>
<time>2026-10-06T15:55:04-05:00</time>
</trkpt>
<trkpt lat="-15.489364" lon="-70.163813">
<ele>3828.2</ele>
<time>2026-10-06T15:55:06-05:00</time>
</trkpt>
<trkpt lat="-15.489358" lon="-70.163894">
<ele>3827.8</ele>
<time>2026-10-06T15:55:08-05:00</time>
</trkpt>
<trkpt lat="-15.489349" lon="-70.163974">
<ele>3827.9</ele>
<time>2026-10-06T15:55:10-05:00</time>
</trkpt>
<trkpt lat="-15.489336" lon="-70.164056">
<ele>3827.7</ele>
<time>2026-10-06T15:55:12-05:00</time>
</trkpt>
<trkpt lat="-15.489316" lon="-70.164164">
<ele>3827.7</ele>
<time>2026-10-06T15:55:14-05:00</time>
</trkpt>
<trkpt lat="-15.489304" lon="-70.164271">
<ele>3827.3</ele>
<time>2026-10-06T15:55:16-05:00</time>
</trkpt>
<trkpt lat="-15.489279" lon="-70.164387">
<ele>3827.8</ele>
<time>2026-10-06T15:55:18-05:00</time>
</trkpt>
<trkpt lat="-15.489269" lon="-70.1645">
<ele>3826.8</ele>
<time>2026-10-06T15:55:20-05:00</time>
</trkpt>
<trkpt lat="-15.489263" lon="-70.164554">
<ele>3826.4</ele>
<time>2026-10-06T15:55:22-05:00</time>
</trkpt>
<trkpt lat="-15.489261" lon="-70.164639">
<ele>3826.6</ele>
<time>2026-10-06T15:55:24-05:00</time>
</trkpt>
<trkpt lat="-15.489242" lon="-70.164724">
<ele>3827.4</ele>
<time>2026-10-06T15:55:26-05:00</time>
</trkpt>
<trkpt lat="-15.489245" lon="-70.164822">
<ele>3827.2</ele>
<time>2026-10-06T15:55:28-05:00</time>
</trkpt>
<trkpt lat="-15.489246" lon="-70.164894">
<ele>3826.8</ele>
<time>2026-10-06T15:55:30-05:00</time>
</trkpt>
<trkpt lat="-15.489266" lon="-70.164971">
<ele>3827.1</ele>
<time>2026-10-06T15:55:32-05:00</time>
</trkpt>
<trkpt lat="-15.489256" lon="-70.165073">
<ele>3827.1</ele>
<time>2026-10-06T15:55:34-05:00</time>
</trkpt>
<trkpt lat="-15.489253" lon="-70.165195">
<ele>3827.8</ele>
<time>2026-10-06T15:55:36-05:00</time>
</trkpt>
<trkpt lat="-15.489223" lon="-70.1653">
<ele>3827.6</ele>
<time>2026-10-06T15:55:38-05:00</time>
</trkpt>
<trkpt lat="-15.489216" lon="-70.165406">
<ele>3827.8</ele>
<time>2026-10-06T15:55:40-05:00</time>
</trkpt>
<trkpt lat="-15.489188" lon="-70.16548">
<ele>3827.0</ele>
<time>2026-10-06T15:55:42-05:00</time>
</trkpt>
<trkpt lat="-15.48919" lon="-70.165488">
<ele>3827.2</ele>
<time>2026-10-06T15:55:44-05:00</time>
</trkpt>
<trkpt lat="-15.489192" lon="-70.165481">
<ele>3827.6</ele>
<time>2026-10-06T15:55:46-05:00</time>
</trkpt>
<trkpt lat="-15.489189" lon="-70.165489">
<ele>3827.3</ele>
<time>2026-10-06T15:55:48-05:00</time>
</trkpt>
<trkpt lat="-15.489191" lon="-70.165503">
<ele>3827.2</ele>
<time>2026-10-06T15:55:50-05:00</time>
</trkpt>
<trkpt lat="-15.489181" lon="-70.165507">
<ele>3827.7</ele>
<time>2026-10-06T15:55:52-05:00</time>
</trkpt>
<trkpt lat="-15.489187" lon="-70.165513">
<ele>3828.1</ele>
<time>2026-10-06T15:55:54-05:00</time>
</trkpt>
<trkpt lat="-15.489177" lon="-70.165497">
<ele>3827.5</ele>
<time>2026-10-06T15:55:56-05:00</time>
</trkpt>
<trkpt lat="-15.489177" lon="-70.165487">
<ele>3828.6</ele>
<time>2026-10-06T15:55:58-05:00</time>
</trkpt>
<trkpt lat="-15.489191" lon="-70.165506">
<ele>3828.0</ele>
<time>2026-10-06T15:56:00-05:00</time>
</trkpt>
<trkpt lat="-15.489204" lon="-70.165485">
<ele>3827.7</ele>
<time>2026-10-06T15:56:02-05:00</time>
</trkpt>
<trkpt lat="-15.48919" lon="-70.165479">
<ele>3828.0</ele>
<time>2026-10-06T15:56:04-05:00</time>
</trkpt>
<trkpt lat="-15.489181" lon="-70.165493">
<ele>3828.1</ele>
<time>2026-10-06T15:56:06-05:00</time>
</trkpt>
<trkpt lat="-15.489185" lon="-70.165499">
<ele>3827.8</ele>
<time>2026-10-06T15:56:08-05:00</time>
</trkpt>
<trkpt lat="-15.489185" lon="-70.165481">
<ele>3827.8</ele>
<time>2026-10-06T15:56:10-05:00</time>
</trkpt>
<trkpt lat="-15.489184" lon="-70.16549">
<ele>3827.7</ele>
<time>2026-10-06T15:56:12-05:00</time>
</trkpt>
<trkpt lat="-15.489185" lon="-70.165519">
<ele>3828.3</ele>
<time>2026-10-06T15:56:14-05:00</time>
</trkpt>
<trkpt lat="-15.48919" lon="-70.165594">
<ele>3827.1</ele>
<time>2026-10-06T15:56:16-05:00</time>
</trkpt>
<trkpt lat="-15.489159" lon="-70.165687">
<ele>3827.4</ele>
<time>2026-10-06T15:56:18-05:00</time>
</trkpt>
<trkpt lat="-15.489144" lon="-70.165813">
<ele>3827.2</ele>
<time>2026-10-06T15:56:20-05:00</time>
</trkpt>
<trkpt lat="-15.489134" lon="-70.165929">
<ele>3828.4</ele>
<time>2026-10-06T15:56:22-05:00</time>
</trkpt>
<trkpt lat="-15.489113" lon="-70.166042">
<ele>3828.7</ele>
<time>2026-10-06T15:56:24-05:00</time>
</trkpt>
<trkpt lat="-15.489092" lon="-70.166154">
<ele>3827.8</ele>
<time>2026-10-06T15:56:26-05:00</time>
</trkpt>
<trkpt lat="-15.489067" lon="-70.166269">
<ele>3828.2</ele>
<time>2026-10-06T15:56:28-05:00</time>
</trkpt>
<trkpt lat="-15.489044" lon="-70.166361">
<ele>3828.6</ele>
<time>2026-10-06T15:56:30-05:00</time>
</trkpt>
<trkpt lat="-15.489014" lon="-70.166448">
<ele>3828.6</ele>
<time>2026-10-06T15:56:32-05:00</time>
</trkpt>
<trkpt lat="-15.489003" lon="-70.166547">
<ele>3828.9</ele>
<time>2026-10-06T15:56:34-05:00</time>
</trkpt>
<trkpt lat="-15.488987" lon="-70.166658">
<ele>3828.8</ele>
<time>2026-10-06T15:56:36-05:00</time>
</trkpt>
<trkpt lat="-15.488974" lon="-70.166759">
<ele>3828.2</ele>
<time>2026-10-06T15:56:38-05:00</time>
</trkpt>
<trkpt lat="-15.488978" lon="-70.166857">
<ele>3828.3</ele>
<time>2026-10-06T15:56:40-05:00</time>
</trkpt>
<trkpt lat="-15.488977" lon="-70.166946">
<ele>3828.4</ele>
<time>2026-10-06T15:56:42-05:00</time>
</trkpt>
<trkpt lat="-15.488964" lon="-70.167026">
<ele>3828.4</ele>
<time>2026-10-06T15:56:44-05:00</time>
</trkpt>
<trkpt lat="-15.488943" lon="-70.167124">
<ele>3827.5</ele>
<time>2026-10-06T15:56:46-05:00</time>
</trkpt>
<trkpt lat="-15.488937" lon="-70.167234">
<ele>3827.7</ele>
<time>2026-10-06T15:56:48-05:00</time>
</trkpt>
<trkpt lat="-15.488923" lon="-70.16735">
<ele>3827.4</ele>
<time>2026-10-06T15:56:50-05:00</time>
</trkpt>
<trkpt lat="-15.488919" lon="-70.167452">
<ele>3827.6</ele>
<time>2026-10-06T15:56:52-05:00</time>
</trkpt>
<trkpt lat="-15.488916" lon="-70.167561">
<ele>3827.7</ele>
<time>2026-10-06T15:56:54-05:00</time>
</trkpt>
<trkpt lat="-15.48892" lon="-70.167679">
<ele>3827.7</ele>
<time>2026-10-06T15:56:56-05:00</time>
</trkpt>
<trkpt lat="-15.4889" lon="-70.167799">
<ele>3826.9</ele>
<time>2026-10-06T15:56:58-05:00</time>
</trkpt>
<trkpt lat="-15.488897" lon="-70.167899">
<ele>3826.6</ele>
<time>2026-10-06T15:57:00-05:00</time>
</trkpt>
<trkpt lat="-15.488875" lon="-70.168016">
<ele>3827.4</ele>
<time>2026-10-06T15:57:02-05:00</time>
</trkpt>
<trkpt lat="-15.488839" lon="-70.168088">
<ele>3826.9</ele>
<time>2026-10-06T15:57:04-05:00</time>
</trkpt>
<trkpt lat="-15.488816" lon="-70.168119">
<ele>3827.8</ele>
<time>2026-10-06T15:57:06-05:00</time>
</trkpt>
<trkpt lat="-15.488807" lon="-70.16813">
<ele>3827.2</ele>
<time>2026-10-06T15:57:08-05:00</time>
</trkpt>
<trkpt lat="-15.488799" lon="-70.168146">
<ele>3827.5</ele>
<time>2026-10-06T15:57:10-05:00</time>
</trkpt>
<trkpt lat="-15.488823" lon="-70.168152">
<ele>3827.1</ele>
<time>2026-10-06T15:57:12-05:00</time>
</trkpt>
<trkpt lat="-15.48882" lon="-70.168172">
<ele>3827.4</ele>
<time>2026-10-06T15:57:14-05:00</time>
</trkpt>
<trkpt lat="-15.488824" lon="-70.168175">
<ele>3827.4</ele>
<time>2026-10-06T15:57:16-05:00</time>
</trkpt>
<trkpt lat="-15.488829" lon="-70.168158">
<ele>3827.5</ele>
<time>2026-10-06T15:57:18-05:00</time>
</trkpt>
<trkpt lat="-15.48883" lon="-70.168155">
<ele>3826.7</ele>
<time>2026-10-06T15:57:20-05:00</time>
</trkpt>
<trkpt lat="-15.488834" lon="-70.168156">
<ele>3827.4</ele>
<time>2026-10-06T15:57:22-05:00</time>
</trkpt>
<trkpt lat="-15.488841" lon="-70.16817">
<ele>3826.8</ele>
<time>2026-10-06T15:57:24-05:00</time>
</trkpt>
<trkpt lat="-15.488845" lon="-70.168166">
<ele>3827.3</ele>
<time>2026-10-06T15:57:26-05:00</time>
</trkpt>
<trkpt lat="-15.488842" lon="-70.168172">
<ele>3827.4</ele>
<time>2026-10-06T15:57:28-05:00</time>
</trkpt>
<trkpt lat="-15.488832" lon="-70.16817">
<ele>3827.8</ele>
<time>2026-10-06T15:57:30-05:00</time>
</trkpt>
<trkpt lat="-15.488833" lon="-70.168145">
<ele>3827.0</ele>
<time>2026-10-06T15:57:32-05:00</time>
</trkpt>
<trkpt lat="-15.488829" lon="-70.16816">
<ele>3827.6</ele>
<time>2026-10-06T15:57:34-05:00</time>
</trkpt>
<trkpt lat="-15.488857" lon="-70.168169">
<ele>3827.0</ele>
<time>2026-10-06T15:57:36-05:00</time>
</trkpt>
<trkpt lat="-15.488876" lon="-70.168245">
<ele>3827.2</ele>
<time>2026-10-06T15:57:38-05:00</time>
</trkpt>
<trkpt lat="-15.488861" lon="-70.168332">
<ele>3828.2</ele>
<time>2026-10-06T15:57:40-05:00</time>
</trkpt>
<trkpt lat="-15.488842" lon="-70.168456">
<ele>3826.8</ele>
<time>2026-10-06T15:57:42-05:00</time>
</trkpt>
<trkpt lat="-15.488832" lon="-70.168571">
<ele>3827.3</ele>
<time>2026-10-06T15:57:44-05:00</time>
</trkpt>
<trkpt lat="-15.488816" lon="-70.168688">
<ele>3827.1</ele>
<time>2026-10-06T15:57:46-05:00</time>
</trkpt>
<trkpt lat="-15.488809" lon="-70.168796">
<ele>3828.1</ele>
<time>2026-10-06T15:57:48-05:00</time>
</trkpt>
<trkpt lat="-15.488785" lon="-70.168908">
<ele>3827.9</ele>
<time>2026-10-06T15:57:50-05:00</time>
</trkpt>
<trkpt lat="-15.488779" lon="-70.169017">
<ele>3828.5</ele>
<time>2026-10-06T15:57:52-05:00</time>
</trkpt>
<trkpt lat="-15.488783" lon="-70.169083">
<ele>3828.2</ele>
<time>2026-10-06T15:57:54-05:00</time>
</trkpt>
<trkpt lat="-15.488778" lon="-70.169147">
<ele>3828.2</ele>
<time>2026-10-06T15:57:56-05:00</time>
</trkpt>
<trkpt lat="-15.488771" lon="-70.169229">
<ele>3827.0</ele>
<time>2026-10-06T15:57:58-05:00</time>
</trkpt>
<trkpt lat="-15.488758" lon="-70.169309">
<ele>3828.2</ele>
<time>2026-10-06T15:58:00-05:00</time>
</trkpt>
<trkpt lat="-15.48875" lon="-70.169405">
<ele>3827.6</ele>
<time>2026-10-06T15:58:02-05:00</time>
</trkpt>
<trkpt lat="-15.488743" lon="-70.169501">
<ele>3827.8</ele>
<time>2026-10-06T15:58:04-05:00</time>
</trkpt>
<trkpt lat="-15.488753" lon="-70.1696">
<ele>3828.3</ele>
<time>2026-10-06T15:58:06-05:00</time>
</trkpt>
<trkpt lat="-15.48875" lon="-70.169695">
<ele>3828.2</ele>
<time>2026-10-06T15:58:08-05:00</time>
</trkpt>
<trkpt lat="-15.488759" lon="-70.169779">
<ele>3828.0</ele>
<time>2026-10-06T15:58:10-05:00</time>
</trkpt>
<trkpt lat="-15.488783" lon="-70.169868">
<ele>3828.3</ele>
<time>2026-10-06T15:58:12-05:00</time>
</trkpt>
<trkpt lat="-15.488783" lon="-70.169949">
<ele>3828.4</ele>
<time>2026-10-06T15:58:14-05:00</time>
</trkpt>
<trkpt lat="-15.488799" lon="-70.170056">
<ele>3827.5</ele>
<time>2026-10-06T15:58:16-05:00</time>
</trkpt>
<trkpt lat="-15.488794" lon="-70.170164">
<ele>3828.6</ele>
<time>2026-10-06T15:58:18-05:00</time>
</trkpt>
<trkpt lat="-15.488792" lon="-70.170238">
<ele>3827.8</ele>
<time>2026-10-06T15:58:20-05:00</time>
</trkpt>
<trkpt lat="-15.488793" lon="-70.170332">
<ele>3827.7</ele>
<time>2026-10-06T15:58:22-05:00</time>
</trkpt>
<trkpt lat="-15.488798" lon="-70.170407">
<ele>3828.4</ele>
<time>2026-10-06T15:58:24-05:00</time>
</trkpt>
<trkpt lat="-15.488817" lon="-70.170497">
<ele>3828.8</ele>
<time>2026-10-06T15:58:26-05:00</time>
</trkpt>
<trkpt lat="-15.488829" lon="-70.170591">
<ele>3828.3</ele>
<time>2026-10-06T15:58:28-05:00</time>
</trkpt>
<trkpt lat="-15.488826" lon="-70.17068">
<ele>3828.2</ele>
<time>2026-10-06T15:58:30-05:00</time>
</trkpt>
<trkpt lat="-15.488827" lon="-70.170763">
<ele>3828.4</ele>
<time>2026-10-06T15:58:32-05:00</time>
</trkpt>
<trkpt lat="-15.48884" lon="-70.170846">
<ele>3828.2</ele>
<time>2026-10-06T15:58:34-05:00</time>
</trkpt>
<trkpt lat="-15.488842" lon="-70.170935">
<ele>3828.6</ele>
<time>2026-10-06T15:58:36-05:00</time>
</trkpt>
<trkpt lat="-15.488824" lon="-70.171039">
<ele>3827.9</ele>
<time>2026-10-06T15:58:38-05:00</time>
</trkpt>
<trkpt lat="-15.488845" lon="-70.171125">
<ele>3828.5</ele>
<time>2026-10-06T15:58:40-05:00</time>
</trkpt>
<trkpt lat="-15.48885" lon="-70.171202">
<ele>3827.7</ele>
<time>2026-10-06T15:58:42-05:00</time>
</trkpt>
<trkpt lat="-15.488871" lon="-70.171291">
<ele>3828.0</ele>
<time>2026-10-06T15:58:44-05:00</time>
</trkpt>
<trkpt lat="-15.488873" lon="-70.171387">
<ele>3827.9</ele>
<time>2026-10-06T15:58:46-05:00</time>
</trkpt>
<trkpt lat="-15.488861" lon="-70.171479">
<ele>3828.4</ele>
<time>2026-10-06T15:58:48-05:00</time>
</trkpt>
<trkpt lat="-15.488867" lon="-70.171575">
<ele>3827.8</ele>
<time>2026-10-06T15:58:50-05:00</time>
</trkpt>
<trkpt lat="-15.488864" lon="-70.171659">
<ele>3828.5</ele>
<time>2026-10-06T15:58:52-05:00</time>
</trkpt>
<trkpt lat="-15.488853" lon="-70.171771">
<ele>3827.7</ele>
<time>2026-10-06T15:58:54-05:00</time>
</trkpt>
<trkpt lat="-15.48884" lon="-70.171865">
<ele>3827.8</ele>
<time>2026-10-06T15:58:56-05:00</time>
</trkpt>
<trkpt lat="-15.488837" lon="-70.171949">
<ele>3828.1</ele>
<time>2026-10-06T15:58:58-05:00</time>
</trkpt>
<trkpt lat="-15.488854" lon="-70.172029">
<ele>3827.9</ele>
<time>2026-10-06T15:59:00-05:00</time>
</trkpt>
<trkpt lat="-15.488855" lon="-70.172094">
<ele>3827.4</ele>
<time>2026-10-06T15:59:02-05:00</time>
</trkpt>
<trkpt lat="-15.48884" lon="-70.172154">
<ele>3828.1</ele>
<time>2026-10-06T15:59:04-05:00</time>
</trkpt>
<trkpt lat="-15.488811" lon="-70.172243">
<ele>3827.8</ele>
<time>2026-10-06T15:59:06-05:00</time>
</trkpt>
<trkpt lat="-15.488808" lon="-70.17231">
<ele>3827.2</ele>
<time>2026-10-06T15:59:08-05:00</time>
</trkpt>
<trkpt lat="-15.488768" lon="-70.172401">
<ele>3827.7</ele>
<time>2026-10-06T15:59:10-05:00</time>
</trkpt>
<trkpt lat="-15.488763" lon="-70.172467">
<ele>3828.2</ele>
<time>2026-10-06T15:59:12-05:00</time>
</trkpt>
<trkpt lat="-15.488744" lon="-70.172553">
<ele>3828.0</ele>
<time>2026-10-06T15:59:14-05:00</time>
</trkpt>
<trkpt lat="-15.488714" lon="-70.172647">
<ele>3827.9</ele>
<time>2026-10-06T15:59:16-05:00</time>
</trkpt>
<trkpt lat="-15.488697" lon="-70.172745">
<ele>3828.2</ele>
<time>2026-10-06T15:59:18-05:00</time>
</trkpt>
<trkpt lat="-15.488691" lon="-70.172826">
<ele>3828.2</ele>
<time>2026-10-06T15:59:20-05:00</time>
</trkpt>
<trkpt lat="-15.488678" lon="-70.172911">
<ele>3827.1</ele>
<time>2026-10-06T15:59:22-05:00</time>
</trkpt>
<trkpt lat="-15.488674" lon="-70.172999">
<ele>3827.5</ele>
<time>2026-10-06T15:59:24-05:00</time>
</trkpt>
<trkpt lat="-15.488659" lon="-70.173079">
<ele>3829.0</ele>
<time>2026-10-06T15:59:26-05:00</time>
</trkpt>
<trkpt lat="-15.488627" lon="-70.173181">
<ele>3828.8</ele>
<time>2026-10-06T15:59:28-05:00</time>
</trkpt>
<trkpt lat="-15.488602" lon="-70.173275">
<ele>3827.7</ele>
<time>2026-10-06T15:59:30-05:00</time>
</trkpt>
<trkpt lat="-15.488596" lon="-70.173347">
<ele>3827.5</ele>
<time>2026-10-06T15:59:32-05:00</time>
</trkpt>
<trkpt lat="-15.488569" lon="-70.173456">
<ele>3827.6</ele>
<time>2026-10-06T15:59:34-05:00</time>
</trkpt>
<trkpt lat="-15.488574" lon="-70.173525">
<ele>3828.1</ele>
<time>2026-10-06T15:59:36-05:00</time>
</trkpt>
<trkpt lat="-15.488547" lon="-70.17361">
<ele>3828.1</ele>
<time>2026-10-06T15:59:38-05:00</time>
</trkpt>
<trkpt lat="-15.488529" lon="-70.173709">
<ele>3828.0</ele>
<time>2026-10-06T15:59:40-05:00</time>
</trkpt>
<trkpt lat="-15.488509" lon="-70.173808">
<ele>3828.3</ele>
<time>2026-10-06T15:59:42-05:00</time>
</trkpt>
<trkpt lat="-15.488495" lon="-70.173907">
<ele>3828.3</ele>
<time>2026-10-06T15:59:44-05:00</time>
</trkpt>
<trkpt lat="-15.488489" lon="-70.173978">
<ele>3827.6</ele>
<time>2026-10-06T15:59:46-05:00</time>
</trkpt>
<trkpt lat="-15.488484" lon="-70.174067">
<ele>3827.8</ele>
<time>2026-10-06T15:59:48-05:00</time>
</trkpt>
<trkpt lat="-15.488454" lon="-70.174158">
<ele>3828.4</ele>
<time>2026-10-06T15:59:50-05:00</time>
</trkpt>
<trkpt lat="-15.488444" lon="-70.174248">
<ele>3827.5</ele>
<time>2026-10-06T15:59:52-05:00</time>
</trkpt>
<trkpt lat="-15.488415" lon="-70.174331">
<ele>3828.2</ele>
<time>2026-10-06T15:59:54-05:00</time>
</trkpt>
<trkpt lat="-15.488401" lon="-70.17442">
<ele>3828.2</ele>
<time>2026-10-06T15:59:56-05:00</time>
</trkpt>
<trkpt lat="-15.488385" lon="-70.17452">
<ele>3827.9</ele>
<time>2026-10-06T15:59:58-05:00</time>
</trkpt>
<trkpt lat="-15.488373" lon="-70.174601">
<ele>3827.9</ele>
<time>2026-10-06T16:00:00-05:00</time>
</trkpt>
<trkpt lat="-15.48834" lon="-70.174709">
<ele>3828.2</ele>
<time>2026-10-06T16:00:02-05:00</time>
</trkpt>
<trkpt lat="-15.488333" lon="-70.174797">
<ele>3827.5</ele>
<time>2026-10-06T16:00:04-05:00</time>
</trkpt>
<trkpt lat="-15.488329" lon="-70.174885">
<ele>3827.8</ele>
<time>2026-10-06T16:00:06-05:00</time>
</trkpt>
<trkpt lat="-15.488318" lon="-70.17498">
<ele>3828.3</ele>
<time>2026-10-06T16:00:08-05:00</time>
</trkpt>
<trkpt lat="-15.488309" lon="-70.175072">
<ele>3828.0</ele>
<time>2026-10-06T16:00:10-05:00</time>
</trkpt>
<trkpt lat="-15.488289" lon="-70.175169">
<ele>3828.3</ele>
<time>2026-10-06T16:00:12-05:00</time>
</trkpt>
<trkpt lat="-15.488263" lon="-70.175275">
<ele>3828.2</ele>
<time>2026-10-06T16:00:14-05:00</time>
</trkpt>
<trkpt lat="-15.488243" lon="-70.175348">
<ele>3828.0</ele>
<time>2026-10-06T16:00:16-05:00</time>
</trkpt>
<trkpt lat="-15.488219" lon="-70.175451">
<ele>3827.9</ele>
<time>2026-10-06T16:00:18-05:00</time>
</trkpt>
<trkpt lat="-15.488179" lon="-70.175551">
<ele>3828.3</ele>
<time>2026-10-06T16:00:20-05:00</time>
</trkpt>
<trkpt lat="-15.488167" lon="-70.175621">
<ele>3827.9</ele>
<time>2026-10-06T16:00:22-05:00</time>
</trkpt>
<trkpt lat="-15.488162" lon="-70.175699">
<ele>3828.5</ele>
<time>2026-10-06T16:00:24-05:00</time>
</trkpt>
<trkpt lat="-15.488158" lon="-70.175788">
<ele>3828.8</ele>
<time>2026-10-06T16:00:26-05:00</time>
</trkpt>
<trkpt lat="-15.488154" lon="-70.17588">
<ele>3828.4</ele>
<time>2026-10-06T16:00:28-05:00</time>
</trkpt>
<trkpt lat="-15.488143" lon="-70.175974">
<ele>3828.2</ele>
<time>2026-10-06T16:00:30-05:00</time>
</trkpt>
<trkpt lat="-15.488137" lon="-70.176061">
<ele>3827.9</ele>
<time>2026-10-06T16:00:32-05:00</time>
</trkpt>
<trkpt lat="-15.488128" lon="-70.176132">
<ele>3828.4</ele>
<time>2026-10-06T16:00:34-05:00</time>
</trkpt>
<trkpt lat="-15.488137" lon="-70.176231">
<ele>3828.2</ele>
<time>2026-10-06T16:00:36-05:00</time>
</trkpt>
<trkpt lat="-15.488129" lon="-70.176315">
<ele>3828.4</ele>
<time>2026-10-06T16:00:38-05:00</time>
</trkpt>
<trkpt lat="-15.488116" lon="-70.176408">
<ele>3829.1</ele>
<time>2026-10-06T16:00:40-05:00</time>
</trkpt>
<trkpt lat="-15.488095" lon="-70.176485">
<ele>3827.7</ele>
<time>2026-10-06T16:00:42-05:00</time>
</trkpt>
<trkpt lat="-15.488068" lon="-70.176576">
<ele>3828.1</ele>
<time>2026-10-06T16:00:44-05:00</time>
</trkpt>
<trkpt lat="-15.488042" lon="-70.176658">
<ele>3828.5</ele>
<time>2026-10-06T16:00:46-05:00</time>
</trkpt>
<trkpt lat="-15.48804" lon="-70.176752">
<ele>3829.3</ele>
<time>2026-10-06T16:00:48-05:00</time>
</trkpt>
<trkpt lat="-15.488027" lon="-70.176832">
<ele>3828.6</ele>
<time>2026-10-06T16:00:50-05:00</time>
</trkpt>
<trkpt lat="-15.488017" lon="-70.176926">
<ele>3829.0</ele>
<time>2026-10-06T16:00:52-05:00</time>
</trkpt>
<trkpt lat="-15.487983" lon="-70.177021">
<ele>3828.4</ele>
<time>2026-10-06T16:00:54-05:00</time>
</trkpt>
<trkpt lat="-15.487964" lon="-70.177102">
<ele>3828.4</ele>
<time>2026-10-06T16:00:56-05:00</time>
</trkpt>
<trkpt lat="-15.487958" lon="-70.177194">
<ele>3828.9</ele>
<time>2026-10-06T16:00:58-05:00</time>
</trkpt>
<trkpt lat="-15.487943" lon="-70.177304">
<ele>3828.4</ele>
<time>2026-10-06T16:01:00-05:00</time>
</trkpt>
<trkpt lat="-15.487937" lon="-70.1774">
<ele>3829.6</ele>
<time>2026-10-06T16:01:02-05:00</time>
</trkpt>
<trkpt lat="-15.487916" lon="-70.177505">
<ele>3828.5</ele>
<time>2026-10-06T16:01:04-05:00</time>
</trkpt>
<trkpt lat="-15.487895" lon="-70.177602">
<ele>3828.8</ele>
<time>2026-10-06T16:01:06-05:00</time>
</trkpt>
<trkpt lat="-15.48786" lon="-70.17769">
<ele>3829.1</ele>
<time>2026-10-06T16:01:08-05:00</time>
</trkpt>
<trkpt lat="-15.487826" lon="-70.177774">
<ele>3829.2</ele>
<time>2026-10-06T16:01:10-05:00</time>
</trkpt>
<trkpt lat="-15.487824" lon="-70.177862">
<ele>3829.0</ele>
<time>2026-10-06T16:01:12-05:00</time>
</trkpt>
<trkpt lat="-15.487826" lon="-70.177947">
<ele>3828.9</ele>
<time>2026-10-06T16:01:14-05:00</time>
</trkpt>
<trkpt lat="-15.487811" lon="-70.17803">
<ele>3828.9</ele>
<time>2026-10-06T16:01:16-05:00</time>
</trkpt>
<trkpt lat="-15.487799" lon="-70.178091">
<ele>3828.9</ele>
<time>2026-10-06T16:01:18-05:00</time>
</trkpt>
<trkpt lat="-15.487786" lon="-70.178176">
<ele>3828.9</ele>
<time>2026-10-06T16:01:20-05:00</time>
</trkpt>
<trkpt lat="-15.487778" lon="-70.178253">
<ele>3829.0</ele>
<time>2026-10-06T16:01:22-05:00</time>
</trkpt>
<trkpt lat="-15.487765" lon="-70.178312">
<ele>3829.1</ele>
<time>2026-10-06T16:01:24-05:00</time>
</trkpt>
<trkpt lat="-15.48775" lon="-70.178389">
<ele>3828.8</ele>
<time>2026-10-06T16:01:26-05:00</time>
</trkpt>
<trkpt lat="-15.487729" lon="-70.178487">
<ele>3829.0</ele>
<time>2026-10-06T16:01:28-05:00</time>
</trkpt>
<trkpt lat="-15.487703" lon="-70.178591">
<ele>3828.2</ele>
<time>2026-10-06T16:01:30-05:00</time>
</trkpt>
<trkpt lat="-15.4877" lon="-70.178684">
<ele>3828.9</ele>
<time>2026-10-06T16:01:32-05:00</time>
</trkpt>
<trkpt lat="-15.48769" lon="-70.178744">
<ele>3829.0</ele>
<time>2026-10-06T16:01:34-05:00</time>
</trkpt>
<trkpt lat="-15.487668" lon="-70.178835">
<ele>3828.5</ele>
<time>2026-10-06T16:01:36-05:00</time>
</trkpt>
<trkpt lat="-15.487645" lon="-70.178936">
<ele>3829.1</ele>
<time>2026-10-06T16:01:38-05:00</time>
</trkpt>
<trkpt lat="-15.487639" lon="-70.17901">
<ele>3829.4</ele>
<time>2026-10-06T16:01:40-05:00</time>
</trkpt>
<trkpt lat="-15.487627" lon="-70.179091">
<ele>3829.4</ele>
<time>2026-10-06T16:01:42-05:00</time>
</trkpt>
<trkpt lat="-15.487611" lon="-70.179171">
<ele>3828.8</ele>
<time>2026-10-06T16:01:44-05:00</time>
</trkpt>
<trkpt lat="-15.487609" lon="-70.179249">
<ele>3828.8</ele>
<time>2026-10-06T16:01:46-05:00</time>
</trkpt>
<trkpt lat="-15.487618" lon="-70.17936">
<ele>3828.8</ele>
<time>2026-10-06T16:01:48-05:00</time>
</trkpt>
<trkpt lat="-15.487611" lon="-70.179457">
<ele>3829.1</ele>
<time>2026-10-06T16:01:50-05:00</time>
</trkpt>
<trkpt lat="-15.487604" lon="-70.17955">
<ele>3829.2</ele>
<time>2026-10-06T16:01:52-05:00</time>
</trkpt>
<trkpt lat="-15.487586" lon="-70.179636">
<ele>3828.8</ele>
<time>2026-10-06T16:01:54-05:00</time>
</trkpt>
<trkpt lat="-15.48757" lon="-70.179712">
<ele>3828.4</ele>
<time>2026-10-06T16:01:56-05:00</time>
</trkpt>
<trkpt lat="-15.487542" lon="-70.179775">
<ele>3828.8</ele>
<time>2026-10-06T16:01:58-05:00</time>
</trkpt>
<trkpt lat="-15.487549" lon="-70.179874">
<ele>3828.9</ele>
<time>2026-10-06T16:02:00-05:00</time>
</trkpt>
<trkpt lat="-15.487539" lon="-70.179968">
<ele>3829.1</ele>
<time>2026-10-06T16:02:02-05:00</time>
</trkpt>
<trkpt lat="-15.487501" lon="-70.180054">
<ele>3829.3</ele>
<time>2026-10-06T16:02:04-05:00</time>
</trkpt>
<trkpt lat="-15.487504" lon="-70.180144">
<ele>3829.6</ele>
<time>2026-10-06T16:02:06-05:00</time>
</trkpt>
<trkpt lat="-15.487502" lon="-70.18022">
<ele>3829.4</ele>
<time>2026-10-06T16:02:08-05:00</time>
</trkpt>
<trkpt lat="-15.487481" lon="-70.180316">
<ele>3828.9</ele>
<time>2026-10-06T16:02:10-05:00</time>
</trkpt>
<trkpt lat="-15.487474" lon="-70.180407">
<ele>3828.5</ele>
<time>2026-10-06T16:02:12-05:00</time>
</trkpt>
<trkpt lat="-15.487444" lon="-70.180495">
<ele>3828.7</ele>
<time>2026-10-06T16:02:14-05:00</time>
</trkpt>
<trkpt lat="-15.487444" lon="-70.180586">
<ele>3828.6</ele>
<time>2026-10-06T16:02:16-05:00</time>
</trkpt>
<trkpt lat="-15.487422" lon="-70.180705">
<ele>3828.3</ele>
<time>2026-10-06T16:02:18-05:00</time>
</trkpt>
<trkpt lat="-15.487431" lon="-70.180821">
<ele>3828.7</ele>
<time>2026-10-06T16:02:20-05:00</time>
</trkpt>
<trkpt lat="-15.487405" lon="-70.180942">
<ele>3829.4</ele>
<time>2026-10-06T16:02:22-05:00</time>
</trkpt>
<trkpt lat="-15.487393" lon="-70.181079">
<ele>3828.6</ele>
<time>2026-10-06T16:02:24-05:00</time>
</trkpt>
<trkpt lat="-15.487384" lon="-70.181205">
<ele>3829.5</ele>
<time>2026-10-06T16:02:26-05:00</time>
</trkpt>
<trkpt lat="-15.487361" lon="-70.181306">
<ele>3829.7</ele>
<time>2026-10-06T16:02:28-05:00</time>
</trkpt>
<trkpt lat="-15.487352" lon="-70.18138">
<ele>3828.3</ele>
<time>2026-10-06T16:02:30-05:00</time>
</trkpt>
<trkpt lat="-15.487329" lon="-70.181429">
<ele>3829.6</ele>
<time>2026-10-06T16:02:32-05:00</time>
</trkpt>
<trkpt lat="-15.487317" lon="-70.18144">
<ele>3828.9</ele>
<time>2026-10-06T16:02:34-05:00</time>
</trkpt>
<trkpt lat="-15.487326" lon="-70.18142">
<ele>3828.4</ele>
<time>2026-10-06T16:02:36-05:00</time>
</trkpt>
<trkpt lat="-15.487325" lon="-70.181411">
<ele>3828.7</ele>
<time>2026-10-06T16:02:38-05:00</time>
</trkpt>
<trkpt lat="-15.487329" lon="-70.181415">
<ele>3829.3</ele>
<time>2026-10-06T16:02:40-05:00</time>
</trkpt>
<trkpt lat="-15.487327" lon="-70.181422">
<ele>3829.8</ele>
<time>2026-10-06T16:02:42-05:00</time>
</trkpt>
<trkpt lat="-15.487317" lon="-70.181433">
<ele>3828.9</ele>
<time>2026-10-06T16:02:44-05:00</time>
</trkpt>
<trkpt lat="-15.487314" lon="-70.18145">
<ele>3828.6</ele>
<time>2026-10-06T16:02:46-05:00</time>
</trkpt>
<trkpt lat="-15.487324" lon="-70.181442">
<ele>3828.9</ele>
<time>2026-10-06T16:02:48-05:00</time>
</trkpt>
<trkpt lat="-15.487314" lon="-70.181435">
<ele>3828.7</ele>
<time>2026-10-06T16:02:50-05:00</time>
</trkpt>
<trkpt lat="-15.487326" lon="-70.181446">
<ele>3828.2</ele>
<time>2026-10-06T16:02:52-05:00</time>
</trkpt>
<trkpt lat="-15.487325" lon="-70.181436">
<ele>3828.7</ele>
<time>2026-10-06T16:02:54-05:00</time>
</trkpt>
<trkpt lat="-15.487324" lon="-70.181427">
<ele>3829.1</ele>
<time>2026-10-06T16:02:56-05:00</time>
</trkpt>
<trkpt lat="-15.487306" lon="-70.181443">
<ele>3828.8</ele>
<time>2026-10-06T16:02:58-05:00</time>
</trkpt>
<trkpt lat="-15.487314" lon="-70.181445">
<ele>3829.0</ele>
<time>2026-10-06T16:03:00-05:00</time>
</trkpt>
<trkpt lat="-15.487305" lon="-70.181453">
<ele>3828.7</ele>
<time>2026-10-06T16:03:02-05:00</time>
</trkpt>
<trkpt lat="-15.487305" lon="-70.181461">
<ele>3828.6</ele>
<time>2026-10-06T16:03:04-05:00</time>
</trkpt>
<trkpt lat="-15.487301" lon="-70.181465">
<ele>3829.2</ele>
<time>2026-10-06T16:03:06-05:00</time>
</trkpt>
<trkpt lat="-15.487303" lon="-70.181478">
<ele>3829.3</ele>
<time>2026-10-06T16:03:08-05:00</time>
</trkpt>
<trkpt lat="-15.487302" lon="-70.181503">
<ele>3828.4</ele>
<time>2026-10-06T16:03:10-05:00</time>
</trkpt>
<trkpt lat="-15.487305" lon="-70.18159">
<ele>3828.4</ele>
<time>2026-10-06T16:03:12-05:00</time>
</trkpt>
<trkpt lat="-15.487308" lon="-70.18169">
<ele>3828.8</ele>
<time>2026-10-06T16:03:14-05:00</time>
</trkpt>
<trkpt lat="-15.487291" lon="-70.181831">
<ele>3829.1</ele>
<time>2026-10-06T16:03:16-05:00</time>
</trkpt>
<trkpt lat="-15.487276" lon="-70.181967">
<ele>3828.7</ele>
<time>2026-10-06T16:03:18-05:00</time>
</trkpt>
<trkpt lat="-15.487273" lon="-70.182113">
<ele>3829.2</ele>
<time>2026-10-06T16:03:20-05:00</time>
</trkpt>
<trkpt lat="-15.487248" lon="-70.182226">
<ele>3828.4</ele>
<time>2026-10-06T16:03:22-05:00</time>
</trkpt>
<trkpt lat="-15.487231" lon="-70.182359">
<ele>3828.7</ele>
<time>2026-10-06T16:03:24-05:00</time>
</trkpt>
<trkpt lat="-15.487219" lon="-70.182485">
<ele>3827.7</ele>
<time>2026-10-06T16:03:26-05:00</time>
</trkpt>
<trkpt lat="-15.487198" lon="-70.182587">
<ele>3829.0</ele>
<time>2026-10-06T16:03:28-05:00</time>
</trkpt>
<trkpt lat="-15.487202" lon="-70.182677">
<ele>3827.9</ele>
<time>2026-10-06T16:03:30-05:00</time>
</trkpt>
<trkpt lat="-15.4872" lon="-70.182758">
<ele>3829.1</ele>
<time>2026-10-06T16:03:32-05:00</time>
</trkpt>
<trkpt lat="-15.487204" lon="-70.182833">
<ele>3828.5</ele>
<time>2026-10-06T16:03:34-05:00</time>
</trkpt>
<trkpt lat="-15.4872" lon="-70.182956">
<ele>3828.3</ele>
<time>2026-10-06T16:03:36-05:00</time>
</trkpt>
<trkpt lat="-15.487182" lon="-70.183052">
<ele>3828.5</ele>
<time>2026-10-06T16:03:38-05:00</time>
</trkpt>
<trkpt lat="-15.487171" lon="-70.183147">
<ele>3827.9</ele>
<time>2026-10-06T16:03:40-05:00</time>
</trkpt>
<trkpt lat="-15.487162" lon="-70.183232">
<ele>3828.4</ele>
<time>2026-10-06T16:03:42-05:00</time>
</trkpt>
<trkpt lat="-15.487148" lon="-70.183354">
<ele>3827.7</ele>
<time>2026-10-06T16:03:44-05:00</time>
</trkpt>
<trkpt lat="-15.48712" lon="-70.183463">
<ele>3827.8</ele>
<time>2026-10-06T16:03:46-05:00</time>
</trkpt>
<trkpt lat="-15.4871" lon="-70.183555">
<ele>3827.8</ele>
<time>2026-10-06T16:03:48-05:00</time>
</trkpt>
<trkpt lat="-15.487087" lon="-70.183659">
<ele>3828.4</ele>
<time>2026-10-06T16:03:50-05:00</time>
</trkpt>
<trkpt lat="-15.487083" lon="-70.183749">
<ele>3828.1</ele>
<time>2026-10-06T16:03:52-05:00</time>
</trkpt>
<trkpt lat="-15.487066" lon="-70.183851">
<ele>3828.5</ele>
<time>2026-10-06T16:03:54-05:00</time>
</trkpt>
<trkpt lat="-15.487053" lon="-70.183961">
<ele>3828.3</ele>
<time>2026-10-06T16:03:56-05:00</time>
</trkpt>
<trkpt lat="-15.487057" lon="-70.184065">
<ele>3828.8</ele>
<time>2026-10-06T16:03:58-05:00</time>
</trkpt>
<trkpt lat="-15.487049" lon="-70.18418">
<ele>3828.7</ele>
<time>2026-10-06T16:04:00-05:00</time>
</trkpt>
<trkpt lat="-15.487037" lon="-70.184303">
<ele>3828.9</ele>
<time>2026-10-06T16:04:02-05:00</time>
</trkpt>
<trkpt lat="-15.487033" lon="-70.184424">
<ele>3828.7</ele>
<time>2026-10-06T16:04:04-05:00</time>
</trkpt>
<trkpt lat="-15.487022" lon="-70.184509">
<ele>3828.6</ele>
<time>2026-10-06T16:04:06-05:00</time>
</trkpt>
<trkpt lat="-15.486999" lon="-70.184609">
<ele>3828.8</ele>
<time>2026-10-06T16:04:08-05:00</time>
</trkpt>
<trkpt lat="-15.487002" lon="-70.184698">
<ele>3829.8</ele>
<time>2026-10-06T16:04:10-05:00</time>
</trkpt>
<trkpt lat="-15.48699" lon="-70.184805">
<ele>3828.7</ele>
<time>2026-10-06T16:04:12-05:00</time>
</trkpt>
<trkpt lat="-15.486984" lon="-70.184921">
<ele>3829.2</ele>
<time>2026-10-06T16:04:14-05:00</time>
</trkpt>
<trkpt lat="-15.486982" lon="-70.185036">
<ele>3828.7</ele>
<time>2026-10-06T16:04:16-05:00</time>
</trkpt>
<trkpt lat="-15.48698" lon="-70.185154">
<ele>3828.3</ele>
<time>2026-10-06T16:04:18-05:00</time>
</trkpt>
<trkpt lat="-15.486971" lon="-70.18526">
<ele>3828.2</ele>
<time>2026-10-06T16:04:20-05:00</time>
</trkpt>
<trkpt lat="-15.486951" lon="-70.185349">
<ele>3828.6</ele>
<time>2026-10-06T16:04:22-05:00</time>
</trkpt>
<trkpt lat="-15.486929" lon="-70.185394">
<ele>3828.5</ele>
<time>2026-10-06T16:04:24-05:00</time>
</trkpt>
<trkpt lat="-15.486936" lon="-70.185406">
<ele>3828.5</ele>
<time>2026-10-06T16:04:26-05:00</time>
</trkpt>
<trkpt lat="-15.486934" lon="-70.185403">
<ele>3829.2</ele>
<time>2026-10-06T16:04:28-05:00</time>
</trkpt>
<trkpt lat="-15.486928" lon="-70.185387">
<ele>3829.3</ele>
<time>2026-10-06T16:04:30-05:00</time>
</trkpt>
<trkpt lat="-15.486935" lon="-70.185373">
<ele>3828.8</ele>
<time>2026-10-06T16:04:32-05:00</time>
</trkpt>
<trkpt lat="-15.486936" lon="-70.1854">
<ele>3829.3</ele>
<time>2026-10-06T16:04:34-05:00</time>
</trkpt>
<trkpt lat="-15.486945" lon="-70.185439">
<ele>3829.1</ele>
<time>2026-10-06T16:04:36-05:00</time>
</trkpt>
<trkpt lat="-15.486951" lon="-70.18549">
<ele>3829.9</ele>
<time>2026-10-06T16:04:38-05:00</time>
</trkpt>
<trkpt lat="-15.486928" lon="-70.18558">
<ele>3828.8</ele>
<time>2026-10-06T16:04:40-05:00</time>
</trkpt>
<trkpt lat="-15.486906" lon="-70.185703">
<ele>3829.3</ele>
<time>2026-10-06T16:04:42-05:00</time>
</trkpt>
<trkpt lat="-15.486895" lon="-70.18581">
<ele>3828.6</ele>
<time>2026-10-06T16:04:44-05:00</time>
</trkpt>
<trkpt lat="-15.486893" lon="-70.185906">
<ele>3829.5</ele>
<time>2026-10-06T16:04:46-05:00</time>
</trkpt>
<trkpt lat="-15.486892" lon="-70.186015">
<ele>3828.7</ele>
<time>2026-10-06T16:04:48-05:00</time>
</trkpt>
<trkpt lat="-15.486901" lon="-70.186107">
<ele>3829.5</ele>
<time>2026-10-06T16:04:50-05:00</time>
</trkpt>
<trkpt lat="-15.486879" lon="-70.186186">
<ele>3828.7</ele>
<time>2026-10-06T16:04:52-05:00</time>
</trkpt>
<trkpt lat="-15.48687" lon="-70.186275">
<ele>3828.8</ele>
<time>2026-10-06T16:04:54-05:00</time>
</trkpt>
<trkpt lat="-15.486858" lon="-70.186357">
<ele>3829.1</ele>
<time>2026-10-06T16:04:56-05:00</time>
</trkpt>
<trkpt lat="-15.486848" lon="-70.186458">
<ele>3828.4</ele>
<time>2026-10-06T16:04:58-05:00</time>
</trkpt>
<trkpt lat="-15.486852" lon="-70.186559">
<ele>3828.6</ele>
<time>2026-10-06T16:05:00-05:00</time>
</trkpt>
<trkpt lat="-15.486848" lon="-70.186644">
<ele>3829.0</ele>
<time>2026-10-06T16:05:02-05:00</time>
</trkpt>
<trkpt lat="-15.486832" lon="-70.186738">
<ele>3828.8</ele>
<time>2026-10-06T16:05:04-05:00</time>
</trkpt>
<trkpt lat="-15.486828" lon="-70.186834">
<ele>3828.6</ele>
<time>2026-10-06T16:05:06-05:00</time>
</trkpt>
<trkpt lat="-15.48681" lon="-70.18693">
<ele>3829.0</ele>
<time>2026-10-06T16:05:08-05:00</time>
</trkpt>
<trkpt lat="-15.486799" lon="-70.187007">
<ele>3829.0</ele>
<time>2026-10-06T16:05:10-05:00</time>
</trkpt>
<trkpt lat="-15.486823" lon="-70.187106">
<ele>3828.3</ele>
<time>2026-10-06T16:05:12-05:00</time>
</trkpt>
<trkpt lat="-15.486813" lon="-70.187196">
<ele>3828.9</ele>
<time>2026-10-06T16:05:14-05:00</time>
</trkpt>
<trkpt lat="-15.486791" lon="-70.187271">
<ele>3828.4</ele>
<time>2026-10-06T16:05:16-05:00</time>
</trkpt>
<trkpt lat="-15.486776" lon="-70.187372">
<ele>3828.1</ele>
<time>2026-10-06T16:05:18-05:00</time>
</trkpt>
<trkpt lat="-15.486768" lon="-70.187435">
<ele>3828.9</ele>
<time>2026-10-06T16:05:20-05:00</time>
</trkpt>
<trkpt lat="-15.486752" lon="-70.187534">
<ele>3828.6</ele>
<time>2026-10-06T16:05:22-05:00</time>
</trkpt>
<trkpt lat="-15.486747" lon="-70.187638">
<ele>3828.2</ele>
<time>2026-10-06T16:05:24-05:00</time>
</trkpt>
<trkpt lat="-15.48675" lon="-70.187728">
<ele>3828.3</ele>
<time>2026-10-06T16:05:26-05:00</time>
</trkpt>
<trkpt lat="-15.486729" lon="-70.187824">
<ele>3828.8</ele>
<time>2026-10-06T16:05:28-05:00</time>
</trkpt>
<trkpt lat="-15.486711" lon="-70.187913">
<ele>3828.4</ele>
<time>2026-10-06T16:05:30-05:00</time>
</trkpt>
<trkpt lat="-15.486708" lon="-70.188013">
<ele>3828.7</ele>
<time>2026-10-06T16:05:32-05:00</time>
</trkpt>
<trkpt lat="-15.486714" lon="-70.188106">
<ele>3829.2</ele>
<time>2026-10-06T16:05:34-05:00</time>
</trkpt>
<trkpt lat="-15.486701" lon="-70.188194">
<ele>3829.0</ele>
<time>2026-10-06T16:05:36-05:00</time>
</trkpt>
<trkpt lat="-15.486694" lon="-70.188301">
<ele>3829.3</ele>
<time>2026-10-06T16:05:38-05:00</time>
</trkpt>
<trkpt lat="-15.486662" lon="-70.188362">
<ele>3828.8</ele>
<time>2026-10-06T16:05:40-05:00</time>
</trkpt>
<trkpt lat="-15.486659" lon="-70.188437">
<ele>3828.7</ele>
<time>2026-10-06T16:05:42-05:00</time>
</trkpt>
<trkpt lat="-15.486637" lon="-70.188546">
<ele>3829.4</ele>
<time>2026-10-06T16:05:44-05:00</time>
</trkpt>
<trkpt lat="-15.486628" lon="-70.188632">
<ele>3828.9</ele>
<time>2026-10-06T16:05:46-05:00</time>
</trkpt>
<trkpt lat="-15.48659" lon="-70.188723">
<ele>3829.3</ele>
<time>2026-10-06T16:05:48-05:00</time>
</trkpt>
<trkpt lat="-15.486582" lon="-70.188815">
<ele>3829.5</ele>
<time>2026-10-06T16:05:50-05:00</time>
</trkpt>
<trkpt lat="-15.486571" lon="-70.188916">
<ele>3829.7</ele>
<time>2026-10-06T16:05:52-05:00</time>
</trkpt>
<trkpt lat="-15.486536" lon="-70.189009">
<ele>3830.2</ele>
<time>2026-10-06T16:05:54-05:00</time>
</trkpt>
<trkpt lat="-15.486538" lon="-70.189082">
<ele>3830.0</ele>
<time>2026-10-06T16:05:56-05:00</time>
</trkpt>
<trkpt lat="-15.486524" lon="-70.189126">
<ele>3830.1</ele>
<time>2026-10-06T16:05:58-05:00</time>
</trkpt>
<trkpt lat="-15.486512" lon="-70.189137">
<ele>3829.7</ele>
<time>2026-10-06T16:06:00-05:00</time>
</trkpt>
</trkseg>
</trk>
</gpx>