<?xml version="1.0" encoding="UTF-8"?>
<gpx xmlns="http://www.topografix.com/GPX/1/1" xmlns:xsi="http://www.w3.org/2001/XMLSchema-instance" xsi:schemaLocation="http://www.topografix.com/GPX/1/1 http://www.topografix.com/GPX/1/1/gpx.xsd" version="1.1" creator="JuliacaBus-DS">
<metadata>
<name>GUADALUPE-RINCONADA-L1</name>
<time>2026-10-06T19:05:00-05:00</time>
<keywords>linea L1, vuelta</keywords>
</metadata>
<trk>
<name>GUADALUPE-RINCONADA-L1</name>
<trkseg>
<trkpt lat="-15.478064" lon="-70.099091">
<ele>3823.7</ele>
<time>2026-10-06T19:05:00-05:00</time>
</trkpt>
<trkpt lat="-15.478079" lon="-70.099086">
<ele>3823.1</ele>
<time>2026-10-06T19:05:02-05:00</time>
</trkpt>
<trkpt lat="-15.478099" lon="-70.099092">
<ele>3822.3</ele>
<time>2026-10-06T19:05:04-05:00</time>
</trkpt>
<trkpt lat="-15.478087" lon="-70.099086">
<ele>3823.5</ele>
<time>2026-10-06T19:05:06-05:00</time>
</trkpt>
<trkpt lat="-15.478072" lon="-70.099078">
<ele>3823.5</ele>
<time>2026-10-06T19:05:08-05:00</time>
</trkpt>
<trkpt lat="-15.478073" lon="-70.099074">
<ele>3822.8</ele>
<time>2026-10-06T19:05:10-05:00</time>
</trkpt>
<trkpt lat="-15.478067" lon="-70.099075">
<ele>3822.9</ele>
<time>2026-10-06T19:05:12-05:00</time>
</trkpt>
<trkpt lat="-15.478052" lon="-70.099073">
<ele>3823.8</ele>
<time>2026-10-06T19:05:14-05:00</time>
</trkpt>
<trkpt lat="-15.478055" lon="-70.099054">
<ele>3823.0</ele>
<time>2026-10-06T19:05:16-05:00</time>
</trkpt>
<trkpt lat="-15.478064" lon="-70.099055">
<ele>3822.6</ele>
<time>2026-10-06T19:05:18-05:00</time>
</trkpt>
<trkpt lat="-15.478063" lon="-70.099065">
<ele>3823.3</ele>
<time>2026-10-06T19:05:20-05:00</time>
</trkpt>
<trkpt lat="-15.478039" lon="-70.099084">
<ele>3823.0</ele>
<time>2026-10-06T19:05:22-05:00</time>
</trkpt>
<trkpt lat="-15.47795" lon="-70.099087">
<ele>3823.7</ele>
<time>2026-10-06T19:05:24-05:00</time>
</trkpt>
<trkpt lat="-15.477878" lon="-70.099132">
<ele>3823.2</ele>
<time>2026-10-06T19:05:26-05:00</time>
</trkpt>
<trkpt lat="-15.477779" lon="-70.099181">
<ele>3823.6</ele>
<time>2026-10-06T19:05:28-05:00</time>
</trkpt>
<trkpt lat="-15.477644" lon="-70.099223">
<ele>3822.3</ele>
<time>2026-10-06T19:05:30-05:00</time>
</trkpt>
<trkpt lat="-15.477522" lon="-70.099258">
<ele>3822.4</ele>
<time>2026-10-06T19:05:32-05:00</time>
</trkpt>
<trkpt lat="-15.477415" lon="-70.099303">
<ele>3823.6</ele>
<time>2026-10-06T19:05:34-05:00</time>
</trkpt>
<trkpt lat="-15.477347" lon="-70.099341">
<ele>3824.1</ele>
<time>2026-10-06T19:05:36-05:00</time>
</trkpt>
<trkpt lat="-15.477231" lon="-70.099369">
<ele>3822.5</ele>
<time>2026-10-06T19:05:38-05:00</time>
</trkpt>
<trkpt lat="-15.4771" lon="-70.099421">
<ele>3822.7</ele>
<time>2026-10-06T19:05:40-05:00</time>
</trkpt>
<trkpt lat="-15.476964" lon="-70.099482">
<ele>3824.0</ele>
<time>2026-10-06T19:05:42-05:00</time>
</trkpt>
<trkpt lat="-15.476883" lon="-70.099491">
<ele>3822.9</ele>
<time>2026-10-06T19:05:44-05:00</time>
</trkpt>
<trkpt lat="-15.47687" lon="-70.099492">
<ele>3822.7</ele>
<time>2026-10-06T19:05:46-05:00</time>
</trkpt>
<trkpt lat="-15.476867" lon="-70.099496">
<ele>3822.7</ele>
<time>2026-10-06T19:05:48-05:00</time>
</trkpt>
<trkpt lat="-15.476873" lon="-70.099508">
<ele>3823.2</ele>
<time>2026-10-06T19:05:50-05:00</time>
</trkpt>
<trkpt lat="-15.476872" lon="-70.09951">
<ele>3823.1</ele>
<time>2026-10-06T19:05:52-05:00</time>
</trkpt>
<trkpt lat="-15.476866" lon="-70.099516">
<ele>3823.9</ele>
<time>2026-10-06T19:05:54-05:00</time>
</trkpt>
<trkpt lat="-15.476878" lon="-70.099513">
<ele>3823.1</ele>
<time>2026-10-06T19:05:56-05:00</time>
</trkpt>
<trkpt lat="-15.476881" lon="-70.099517">
<ele>3822.6</ele>
<time>2026-10-06T19:05:58-05:00</time>
</trkpt>
<trkpt lat="-15.476859" lon="-70.099526">
<ele>3823.5</ele>
<time>2026-10-06T19:06:00-05:00</time>
</trkpt>
<trkpt lat="-15.476741" lon="-70.099606">
<ele>3822.7</ele>
<time>2026-10-06T19:06:02-05:00</time>
</trkpt>
<trkpt lat="-15.476596" lon="-70.099663">
<ele>3823.3</ele>
<time>2026-10-06T19:06:04-05:00</time>
</trkpt>
<trkpt lat="-15.476508" lon="-70.099664">
<ele>3823.6</ele>
<time>2026-10-06T19:06:06-05:00</time>
</trkpt>
<trkpt lat="-15.476507" lon="-70.099681">
<ele>3822.8</ele>
<time>2026-10-06T19:06:08-05:00</time>
</trkpt>
<trkpt lat="-15.476511" lon="-70.099675">
<ele>3823.3</ele>
<time>2026-10-06T19:06:10-05:00</time>
</trkpt>
<trkpt lat="-15.476513" lon="-70.099671">
<ele>3822.9</ele>
<time>2026-10-06T19:06:12-05:00</time>
</trkpt>
<trkpt lat="-15.476514" lon="-70.099684">
<ele>3822.7</ele>
<time>2026-10-06T19:06:14-05:00</time>
</trkpt>
<trkpt lat="-15.476512" lon="-70.099677">
<ele>3823.1</ele>
<time>2026-10-06T19:06:16-05:00</time>
</trkpt>
<trkpt lat="-15.476476" lon="-70.099731">
<ele>3823.1</ele>
<time>2026-10-06T19:06:18-05:00</time>
</trkpt>
<trkpt lat="-15.476378" lon="-70.099796">
<ele>3822.4</ele>
<time>2026-10-06T19:06:20-05:00</time>
</trkpt>
<trkpt lat="-15.476264" lon="-70.099825">
<ele>3822.7</ele>
<time>2026-10-06T19:06:22-05:00</time>
</trkpt>
<trkpt lat="-15.476158" lon="-70.099869">
<ele>3822.9</ele>
<time>2026-10-06T19:06:24-05:00</time>
</trkpt>
<trkpt lat="-15.47607" lon="-70.099895">
<ele>3822.7</ele>
<time>2026-10-06T19:06:26-05:00</time>
</trkpt>
<trkpt lat="-15.475965" lon="-70.099919">
<ele>3823.2</ele>
<time>2026-10-06T19:06:28-05:00</time>
</trkpt>
<trkpt lat="-15.475873" lon="-70.099943">
<ele>3822.7</ele>
<time>2026-10-06T19:06:30-05:00</time>
</trkpt>
<trkpt lat="-15.475777" lon="-70.099974">
<ele>3822.8</ele>
<time>2026-10-06T19:06:32-05:00</time>
</trkpt>
<trkpt lat="-15.475679" lon="-70.10001">
<ele>3823.2</ele>
<time>2026-10-06T19:06:34-05:00</time>
</trkpt>
<trkpt lat="-15.475576" lon="-70.100033">
<ele>3822.1</ele>
<time>2026-10-06T19:06:36-05:00</time>
</trkpt>
<trkpt lat="-15.475507" lon="-70.100065">
<ele>3823.7</ele>
<time>2026-10-06T19:06:38-05:00</time>
</trkpt>
<trkpt lat="-15.475434" lon="-70.100086">
<ele>3824.0</ele>
<time>2026-10-06T19:06:40-05:00</time>
</trkpt>
<trkpt lat="-15.47536" lon="-70.100115">
<ele>3822.9</ele>
<time>2026-10-06T19:06:42-05:00</time>
</trkpt>
<trkpt lat="-15.47526" lon="-70.100162">
<ele>3822.3</ele>
<time>2026-10-06T19:06:44-05:00</time>
</trkpt>
<trkpt lat="-15.475156" lon="-70.100198">
<ele>3823.0</ele>
<time>2026-10-06T19:06:46-05:00</time>
</trkpt>
<trkpt lat="-15.475071" lon="-70.100219">
<ele>3823.0</ele>
<time>2026-10-06T19:06:48-05:00</time>
</trkpt>
<trkpt lat="-15.474969" lon="-70.100239">
<ele>3822.6</ele>
<time>2026-10-06T19:06:50-05:00</time>
</trkpt>
<trkpt lat="-15.474871" lon="-70.100256">
<ele>3823.0</ele>
<time>2026-10-06T19:06:52-05:00</time>
</trkpt>
<trkpt lat="-15.474805" lon="-70.100279">
<ele>3823.4</ele>
<time>2026-10-06T19:06:54-05:00</time>
</trkpt>
<trkpt lat="-15.474734" lon="-70.100306">
<ele>3822.4</ele>
<time>2026-10-06T19:06:56-05:00</time>
</trkpt>
<trkpt lat="-15.47464" lon="-70.10034">
<ele>3822.7</ele>
<time>2026-10-06T19:06:58-05:00</time>
</trkpt>
<trkpt lat="-15.474546" lon="-70.100391">
<ele>3822.5</ele>
<time>2026-10-06T19:07:00-05:00</time>
</trkpt>
<trkpt lat="-15.47446" lon="-70.100435">
<ele>3822.5</ele>
<time>2026-10-06T19:07:02-05:00</time>
</trkpt>
<trkpt lat="-15.474372" lon="-70.10046">
<ele>3822.9</ele>
<time>2026-10-06T19:07:04-05:00</time>
</trkpt>
<trkpt lat="-15.474254" lon="-70.100502">
<ele>3823.0</ele>
<time>2026-10-06T19:07:06-05:00</time>
</trkpt>
<trkpt lat="-15.474144" lon="-70.100544">
<ele>3823.1</ele>
<time>2026-10-06T19:07:08-05:00</time>
</trkpt>
<trkpt lat="-15.474065" lon="-70.100571">
<ele>3822.5</ele>
<time>2026-10-06T19:07:10-05:00</time>
</trkpt>
<trkpt lat="-15.473969" lon="-70.100599">
<ele>3823.4</ele>
<time>2026-10-06T19:07:12-05:00</time>
</trkpt>
<trkpt lat="-15.473876" lon="-70.100627">
<ele>3822.3</ele>
<time>2026-10-06T19:07:14-05:00</time>
</trkpt>
<trkpt lat="-15.473767" lon="-70.100666">
<ele>3823.6</ele>
<time>2026-10-06T19:07:16-05:00</time>
</trkpt>
<trkpt lat="-15.473658" lon="-70.10071">
<ele>3823.3</ele>
<time>2026-10-06T19:07:18-05:00</time>
</trkpt>
<trkpt lat="-15.473543" lon="-70.100754">
<ele>3822.9</ele>
<time>2026-10-06T19:07:20-05:00</time>
</trkpt>
<trkpt lat="-15.473438" lon="-70.100801">
<ele>3823.4</ele>
<time>2026-10-06T19:07:22-05:00</time>
</trkpt>
<trkpt lat="-15.47334" lon="-70.100856">
<ele>3823.2</ele>
<time>2026-10-06T19:07:24-05:00</time>
</trkpt>
<trkpt lat="-15.473243" lon="-70.100891">
<ele>3823.6</ele>
<time>2026-10-06T19:07:26-05:00</time>
</trkpt>
<trkpt lat="-15.473122" lon="-70.100951">
<ele>3823.7</ele>
<time>2026-10-06T19:07:28-05:00</time>
</trkpt>
<trkpt lat="-15.473031" lon="-70.100978">
<ele>3823.4</ele>
<time>2026-10-06T19:07:30-05:00</time>
</trkpt>
<trkpt lat="-15.47296" lon="-70.101">
<ele>3822.6</ele>
<time>2026-10-06T19:07:32-05:00</time>
</trkpt>
<trkpt lat="-15.472905" lon="-70.101024">
<ele>3823.4</ele>
<time>2026-10-06T19:07:34-05:00</time>
</trkpt>
<trkpt lat="-15.472888" lon="-70.101067">
<ele>3822.9</ele>
<time>2026-10-06T19:07:36-05:00</time>
</trkpt>
<trkpt lat="-15.472924" lon="-70.101151">
<ele>3823.2</ele>
<time>2026-10-06T19:07:38-05:00</time>
</trkpt>
<trkpt lat="-15.472981" lon="-70.101274">
<ele>3823.5</ele>
<time>2026-10-06T19:07:40-05:00</time>
</trkpt>
<trkpt lat="-15.47304" lon="-70.101426">
<ele>3824.3</ele>
<time>2026-10-06T19:07:42-05:00</time>
</trkpt>
<trkpt lat="-15.473098" lon="-70.101576">
<ele>3823.3</ele>
<time>2026-10-06T19:07:44-05:00</time>
</trkpt>
<trkpt lat="-15.473122" lon="-70.101663">
<ele>3823.1</ele>
<time>2026-10-06T19:07:46-05:00</time>
</trkpt>
<trkpt lat="-15.473112" lon="-70.101701">
<ele>3823.6</ele>
<time>2026-10-06T19:07:48-05:00</time>
</trkpt>
<trkpt lat="-15.473115" lon="-70.101702">
<ele>3823.6</ele>
<time>2026-10-06T19:07:50-05:00</time>
</trkpt>
<trkpt lat="-15.473129" lon="-70.1017">
<ele>3823.2</ele>
<time>2026-10-06T19:07:52-05:00</time>
</trkpt>
<trkpt lat="-15.473123" lon="-70.101693">
<ele>3822.9</ele>
<time>2026-10-06T19:07:54-05:00</time>
</trkpt>
<trkpt lat="-15.473118" lon="-70.101687">
<ele>3823.2</ele>
<time>2026-10-06T19:07:56-05:00</time>
</trkpt>
<trkpt lat="-15.473115" lon="-70.101672">
<ele>3823.2</ele>
<time>2026-10-06T19:07:58-05:00</time>
</trkpt>
<trkpt lat="-15.473119" lon="-70.10167">
<ele>3823.2</ele>
<time>2026-10-06T19:08:00-05:00</time>
</trkpt>
<trkpt lat="-15.473134" lon="-70.101667">
<ele>3822.8</ele>
<time>2026-10-06T19:08:02-05:00</time>
</trkpt>
<trkpt lat="-15.47312" lon="-70.101674">
<ele>3823.3</ele>
<time>2026-10-06T19:08:04-05:00</time>
</trkpt>
<trkpt lat="-15.473121" lon="-70.101691">
<ele>3823.1</ele>
<time>2026-10-06T19:08:06-05:00</time>
</trkpt>
<trkpt lat="-15.473109" lon="-70.101697">
<ele>3822.8</ele>
<time>2026-10-06T19:08:08-05:00</time>
</trkpt>
<trkpt lat="-15.473098" lon="-70.101695">
<ele>3823.3</ele>
<time>2026-10-06T19:08:10-05:00</time>
</trkpt>
<trkpt lat="-15.473095" lon="-70.101696">
<ele>3823.5</ele>
<time>2026-10-06T19:08:12-05:00</time>
</trkpt>
<trkpt lat="-15.473108" lon="-70.101702">
<ele>3822.3</ele>
<time>2026-10-06T19:08:14-05:00</time>
</trkpt>
<trkpt lat="-15.473157" lon="-70.10176">
<ele>3822.8</ele>
<time>2026-10-06T19:08:16-05:00</time>
</trkpt>
<trkpt lat="-15.473207" lon="-70.101891">
<ele>3823.7</ele>
<time>2026-10-06T19:08:18-05:00</time>
</trkpt>
<trkpt lat="-15.473277" lon="-70.102025">
<ele>3822.9</ele>
<time>2026-10-06T19:08:20-05:00</time>
</trkpt>
<trkpt lat="-15.473302" lon="-70.102136">
<ele>3823.2</ele>
<time>2026-10-06T19:08:22-05:00</time>
</trkpt>
<trkpt lat="-15.473314" lon="-70.102164">
<ele>3822.7</ele>
<time>2026-10-06T19:08:24-05:00</time>
</trkpt>
<trkpt lat="-15.47332" lon="-70.102168">
<ele>3824.0</ele>
<time>2026-10-06T19:08:26-05:00</time>
</trkpt>
<trkpt lat="-15.473321" lon="-70.102163">
<ele>3823.6</ele>
<time>2026-10-06T19:08:28-05:00</time>
</trkpt>
<trkpt lat="-15.473309" lon="-70.102165">
<ele>3824.5</ele>
<time>2026-10-06T19:08:30-05:00</time>
</trkpt>
<trkpt lat="-15.473323" lon="-70.102158">
<ele>3823.3</ele>
<time>2026-10-06T19:08:32-05:00</time>
</trkpt>
<trkpt lat="-15.473316" lon="-70.10216">
<ele>3823.2</ele>
<time>2026-10-06T19:08:34-05:00</time>
</trkpt>
<trkpt lat="-15.473318" lon="-70.102171">
<ele>3823.4</ele>
<time>2026-10-06T19:08:36-05:00</time>
</trkpt>
<trkpt lat="-15.473319" lon="-70.102176">
<ele>3823.5</ele>
<time>2026-10-06T19:08:38-05:00</time>
</trkpt>
<trkpt lat="-15.473306" lon="-70.102189">
<ele>3823.1</ele>
<time>2026-10-06T19:08:40-05:00</time>
</trkpt>
<trkpt lat="-15.473305" lon="-70.102196">
<ele>3823.6</ele>
<time>2026-10-06T19:08:42-05:00</time>
</trkpt>
<trkpt lat="-15.473299" lon="-70.10218">
<ele>3824.7</ele>
<time>2026-10-06T19:08:44-05:00</time>
</trkpt>
<trkpt lat="-15.473294" lon="-70.102179">
<ele>3822.7</ele>
<time>2026-10-06T19:08:46-05:00</time>
</trkpt>
<trkpt lat="-15.473284" lon="-70.102179">
<ele>3823.5</ele>
<time>2026-10-06T19:08:48-05:00</time>
</trkpt>
<trkpt lat="-15.473286" lon="-70.102161">
<ele>3822.6</ele>
<time>2026-10-06T19:08:50-05:00</time>
</trkpt>
<trkpt lat="-15.473281" lon="-70.102176">
<ele>3823.6</ele>
<time>2026-10-06T19:08:52-05:00</time>
</trkpt>
<trkpt lat="-15.47329" lon="-70.102182">
<ele>3822.8</ele>
<time>2026-10-06T19:08:54-05:00</time>
</trkpt>
<trkpt lat="-15.473312" lon="-70.102184">
<ele>3822.9</ele>
<time>2026-10-06T19:08:56-05:00</time>
</trkpt>
<trkpt lat="-15.473331" lon="-70.102185">
<ele>3823.3</ele>
<time>2026-10-06T19:08:58-05:00</time>
</trkpt>
<trkpt lat="-15.473387" lon="-70.102275">
<ele>3823.5</ele>
<time>2026-10-06T19:09:00-05:00</time>
</trkpt>
<trkpt lat="-15.473433" lon="-70.102414">
<ele>3823.6</ele>
<time>2026-10-06T19:09:02-05:00</time>
</trkpt>
<trkpt lat="-15.473474" lon="-70.102496">
<ele>3823.3</ele>
<time>2026-10-06T19:09:04-05:00</time>
</trkpt>
<trkpt lat="-15.473501" lon="-70.102603">
<ele>3823.4</ele>
<time>2026-10-06T19:09:06-05:00</time>
</trkpt>
<trkpt lat="-15.47355" lon="-70.102678">
<ele>3823.6</ele>
<time>2026-10-06T19:09:08-05:00</time>
</trkpt>
<trkpt lat="-15.473578" lon="-70.10277">
<ele>3824.9</ele>
<time>2026-10-06T19:09:10-05:00</time>
</trkpt>
<trkpt lat="-15.473605" lon="-70.102853">
<ele>3824.3</ele>
<time>2026-10-06T19:09:12-05:00</time>
</trkpt>
<trkpt lat="-15.473644" lon="-70.102927">
<ele>3824.1</ele>
<time>2026-10-06T19:09:14-05:00</time>
</trkpt>
<trkpt lat="-15.473678" lon="-70.103002">
<ele>3824.1</ele>
<time>2026-10-06T19:09:16-05:00</time>
</trkpt>
<trkpt lat="-15.473713" lon="-70.10307">
<ele>3824.1</ele>
<time>2026-10-06T19:09:18-05:00</time>
</trkpt>
<trkpt lat="-15.473758" lon="-70.10316">
<ele>3824.0</ele>
<time>2026-10-06T19:09:20-05:00</time>
</trkpt>
<trkpt lat="-15.473794" lon="-70.103263">
<ele>3823.2</ele>
<time>2026-10-06T19:09:22-05:00</time>
</trkpt>
<trkpt lat="-15.473833" lon="-70.103347">
<ele>3824.0</ele>
<time>2026-10-06T19:09:24-05:00</time>
</trkpt>
<trkpt lat="-15.473875" lon="-70.103428">
<ele>3823.5</ele>
<time>2026-10-06T19:09:26-05:00</time>
</trkpt>
<trkpt lat="-15.473914" lon="-70.103513">
<ele>3823.7</ele>
<time>2026-10-06T19:09:28-05:00</time>
</trkpt>
<trkpt lat="-15.473943" lon="-70.103585">
<ele>3823.2</ele>
<time>2026-10-06T19:09:30-05:00</time>
</trkpt>
<trkpt lat="-15.473988" lon="-70.103669">
<ele>3823.2</ele>
<time>2026-10-06T19:09:32-05:00</time>
</trkpt>
<trkpt lat="-15.474042" lon="-70.103777">
<ele>3823.4</ele>
<time>2026-10-06T19:09:34-05:00</time>
</trkpt>
<trkpt lat="-15.474067" lon="-70.103858">
<ele>3823.0</ele>
<time>2026-10-06T19:09:36-05:00</time>
</trkpt>
<trkpt lat="-15.474097" lon="-70.103946">
<ele>3823.3</ele>
<time>2026-10-06T19:09:38-05:00</time>
</trkpt>
<trkpt lat="-15.474139" lon="-70.104059">
<ele>3823.4</ele>
<time>2026-10-06T19:09:40-05:00</time>
</trkpt>
<trkpt lat="-15.474189" lon="-70.104165">
<ele>3822.8</ele>
<time>2026-10-06T19:09:42-05:00</time>
</trkpt>
<trkpt lat="-15.474229" lon="-70.104273">
<ele>3823.1</ele>
<time>2026-10-06T19:09:44-05:00</time>
</trkpt>
<trkpt lat="-15.474266" lon="-70.104358">
<ele>3824.5</ele>
<time>2026-10-06T19:09:46-05:00</time>
</trkpt>
<trkpt lat="-15.47427" lon="-70.104397">
<ele>3824.6</ele>
<time>2026-10-06T19:09:48-05:00</time>
</trkpt>
<trkpt lat="-15.47427" lon="-70.104396">
<ele>3823.5</ele>
<time>2026-10-06T19:09:50-05:00</time>
</trkpt>
<trkpt lat="-15.474248" lon="-70.104407">
<ele>3824.0</ele>
<time>2026-10-06T19:09:52-05:00</time>
</trkpt>
<trkpt lat="-15.474251" lon="-70.104407">
<ele>3823.5</ele>
<time>2026-10-06T19:09:54-05:00</time>
</trkpt>
<trkpt lat="-15.474259" lon="-70.104399">
<ele>3825.0</ele>
<time>2026-10-06T19:09:56-05:00</time>
</trkpt>
<trkpt lat="-15.474265" lon="-70.104411">
<ele>3823.9</ele>
<time>2026-10-06T19:09:58-05:00</time>
</trkpt>
<trkpt lat="-15.474262" lon="-70.104405">
<ele>3824.1</ele>
<time>2026-10-06T19:10:00-05:00</time>
</trkpt>
<trkpt lat="-15.474257" lon="-70.104405">
<ele>3823.7</ele>
<time>2026-10-06T19:10:02-05:00</time>
</trkpt>
<trkpt lat="-15.474252" lon="-70.104432">
<ele>3824.1</ele>
<time>2026-10-06T19:10:04-05:00</time>
</trkpt>
<trkpt lat="-15.474236" lon="-70.104432">
<ele>3824.0</ele>
<time>2026-10-06T19:10:06-05:00</time>
</trkpt>
<trkpt lat="-15.474231" lon="-70.104431">
<ele>3825.2</ele>
<time>2026-10-06T19:10:08-05:00</time>
</trkpt>
<trkpt lat="-15.474232" lon="-70.104444">
<ele>3824.4</ele>
<time>2026-10-06T19:10:10-05:00</time>
</trkpt>
<trkpt lat="-15.47424" lon="-70.104451">
<ele>3823.7</ele>
<time>2026-10-06T19:10:12-05:00</time>
</trkpt>
<trkpt lat="-15.474236" lon="-70.104453">
<ele>3823.6</ele>
<time>2026-10-06T19:10:14-05:00</time>
</trkpt>
<trkpt lat="-15.47423" lon="-70.104431">
<ele>3824.5</ele>
<time>2026-10-06T19:10:16-05:00</time>
</trkpt>
<trkpt lat="-15.474234" lon="-70.104429">
<ele>3823.4</ele>
<time>2026-10-06T19:10:18-05:00</time>
</trkpt>
<trkpt lat="-15.474261" lon="-70.104436">
<ele>3823.8</ele>
<time>2026-10-06T19:10:20-05:00</time>
</trkpt>
<trkpt lat="-15.474272" lon="-70.104446">
<ele>3823.9</ele>
<time>2026-10-06T19:10:22-05:00</time>
</trkpt>
<trkpt lat="-15.474265" lon="-70.104445">
<ele>3823.7</ele>
<time>2026-10-06T19:10:24-05:00</time>
</trkpt>
<trkpt lat="-15.474277" lon="-70.104445">
<ele>3824.1</ele>
<time>2026-10-06T19:10:26-05:00</time>
</trkpt>
<trkpt lat="-15.474277" lon="-70.104452">
<ele>3824.7</ele>
<time>2026-10-06T19:10:28-05:00</time>
</trkpt>
<trkpt lat="-15.474291" lon="-70.104477">
<ele>3824.1</ele>
<time>2026-10-06T19:10:30-05:00</time>
</trkpt>
<trkpt lat="-15.474353" lon="-70.104541">
<ele>3824.4</ele>
<time>2026-10-06T19:10:32-05:00</time>
</trkpt>
<trkpt lat="-15.474408" lon="-70.104669">
<ele>3823.5</ele>
<time>2026-10-06T19:10:34-05:00</time>
</trkpt>
<trkpt lat="-15.474452" lon="-70.104771">
<ele>3823.4</ele>
<time>2026-10-06T19:10:36-05:00</time>
</trkpt>
<trkpt lat="-15.47451" lon="-70.104858">
<ele>3823.9</ele>
<time>2026-10-06T19:10:38-05:00</time>
</trkpt>
<trkpt lat="-15.474555" lon="-70.104954">
<ele>3823.5</ele>
<time>2026-10-06T19:10:40-05:00</time>
</trkpt>
<trkpt lat="-15.474598" lon="-70.105063">
<ele>3824.4</ele>
<time>2026-10-06T19:10:42-05:00</time>
</trkpt>
<trkpt lat="-15.474646" lon="-70.105169">
<ele>3823.0</ele>
<time>2026-10-06T19:10:44-05:00</time>
</trkpt>
<trkpt lat="-15.474674" lon="-70.105244">
<ele>3823.2</ele>
<time>2026-10-06T19:10:46-05:00</time>
</trkpt>
<trkpt lat="-15.474709" lon="-70.105327">
<ele>3823.8</ele>
<time>2026-10-06T19:10:48-05:00</time>
</trkpt>
<trkpt lat="-15.474748" lon="-70.10542">
<ele>3822.6</ele>
<time>2026-10-06T19:10:50-05:00</time>
</trkpt>
<trkpt lat="-15.474794" lon="-70.105538">
<ele>3823.6</ele>
<time>2026-10-06T19:10:52-05:00</time>
</trkpt>
<trkpt lat="-15.474847" lon="-70.105645">
<ele>3822.9</ele>
<time>2026-10-06T19:10:54-05:00</time>
</trkpt>
<trkpt lat="-15.474886" lon="-70.10575">
<ele>3823.2</ele>
<time>2026-10-06T19:10:56-05:00</time>
</trkpt>
<trkpt lat="-15.474915" lon="-70.105837">
<ele>3822.8</ele>
<time>2026-10-06T19:10:58-05:00</time>
</trkpt>
<trkpt lat="-15.474952" lon="-70.105893">
<ele>3822.1</ele>
<time>2026-10-06T19:11:00-05:00</time>
</trkpt>
<trkpt lat="-15.475008" lon="-70.105954">
<ele>3823.3</ele>
<time>2026-10-06T19:11:02-05:00</time>
</trkpt>
<trkpt lat="-15.475069" lon="-70.106025">
<ele>3823.0</ele>
<time>2026-10-06T19:11:04-05:00</time>
</trkpt>
<trkpt lat="-15.475122" lon="-70.106086">
<ele>3823.0</ele>
<time>2026-10-06T19:11:06-05:00</time>
</trkpt>
<trkpt lat="-15.475184" lon="-70.106129">
<ele>3823.7</ele>
<time>2026-10-06T19:11:08-05:00</time>
</trkpt>
<trkpt lat="-15.475239" lon="-70.106188">
<ele>3822.7</ele>
<time>2026-10-06T19:11:10-05:00</time>
</trkpt>
<trkpt lat="-15.475275" lon="-70.106247">
<ele>3822.9</ele>
<time>2026-10-06T19:11:12-05:00</time>
</trkpt>
<trkpt lat="-15.475343" lon="-70.106344">
<ele>3823.3</ele>
<time>2026-10-06T19:11:14-05:00</time>
</trkpt>
<trkpt lat="-15.475406" lon="-70.10645">
<ele>3822.8</ele>
<time>2026-10-06T19:11:16-05:00</time>
</trkpt>
<trkpt lat="-15.475441" lon="-70.10652">
<ele>3822.6</ele>
<time>2026-10-06T19:11:18-05:00</time>
</trkpt>
<trkpt lat="-15.475429" lon="-70.106517">
<ele>3822.8</ele>
<time>2026-10-06T19:11:20-05:00</time>
</trkpt>
<trkpt lat="-15.475422" lon="-70.106506">
<ele>3823.0</ele>
<time>2026-10-06T19:11:22-05:00</time>
</trkpt>
<trkpt lat="-15.475439" lon="-70.106498">
<ele>3822.3</ele>
<time>2026-10-06T19:11:24-05:00</time>
</trkpt>
<trkpt lat="-15.475436" lon="-70.106497">
<ele>3823.1</ele>
<time>2026-10-06T19:11:26-05:00</time>
</trkpt>
<trkpt lat="-15.475429" lon="-70.106495">
<ele>3822.9</ele>
<time>2026-10-06T19:11:28-05:00</time>
</trkpt>
<trkpt lat="-15.475425" lon="-70.106504">
<ele>3822.9</ele>
<time>2026-10-06T19:11:30-05:00</time>
</trkpt>
<trkpt lat="-15.475433" lon="-70.106507">
<ele>3823.1</ele>
<time>2026-10-06T19:11:32-05:00</time>
</trkpt>
<trkpt lat="-15.475428" lon="-70.106511">
<ele>3823.3</ele>
<time>2026-10-06T19:11:34-05:00</time>
</trkpt>
<trkpt lat="-15.47542" lon="-70.106526">
<ele>3823.7</ele>
<time>2026-10-06T19:11:36-05:00</time>
</trkpt>
<trkpt lat="-15.475409" lon="-70.10651">
<ele>3823.6</ele>
<time>2026-10-06T19:11:38-05:00</time>
</trkpt>
<trkpt lat="-15.475409" lon="-70.106514">
<ele>3823.4</ele>
<time>2026-10-06T19:11:40-05:00</time>
</trkpt>
<trkpt lat="-15.475411" lon="-70.106513">
<ele>3822.7</ele>
<time>2026-10-06T19:11:42-05:00</time>
</trkpt>
<trkpt lat="-15.475444" lon="-70.106548">
<ele>3823.5</ele>
<time>2026-10-06T19:11:44-05:00</time>
</trkpt>
<trkpt lat="-15.475503" lon="-70.106618">
<ele>3824.0</ele>
<time>2026-10-06T19:11:46-05:00</time>
</trkpt>
<trkpt lat="-15.475593" lon="-70.106737">
<ele>3823.8</ele>
<time>2026-10-06T19:11:48-05:00</time>
</trkpt>
<trkpt lat="-15.47569" lon="-70.10685">
<ele>3823.6</ele>
<time>2026-10-06T19:11:50-05:00</time>
</trkpt>
<trkpt lat="-15.475776" lon="-70.106947">
<ele>3823.5</ele>
<time>2026-10-06T19:11:52-05:00</time>
</trkpt>
<trkpt lat="-15.475858" lon="-70.107042">
<ele>3824.2</ele>
<time>2026-10-06T19:11:54-05:00</time>
</trkpt>
<trkpt lat="-15.475918" lon="-70.107118">
<ele>3823.8</ele>
<time>2026-10-06T19:11:56-05:00</time>
</trkpt>
<trkpt lat="-15.475979" lon="-70.107188">
<ele>3824.1</ele>
<time>2026-10-06T19:11:58-05:00</time>
</trkpt>
<trkpt lat="-15.476026" lon="-70.107263">
<ele>3823.5</ele>
<time>2026-10-06T19:12:00-05:00</time>
</trkpt>
<trkpt lat="-15.476067" lon="-70.107326">
<ele>3823.6</ele>
<time>2026-10-06T19:12:02-05:00</time>
</trkpt>
<trkpt lat="-15.476111" lon="-70.107379">
<ele>3823.6</ele>
<time>2026-10-06T19:12:04-05:00</time>
</trkpt>
<trkpt lat="-15.476164" lon="-70.107435">
<ele>3824.5</ele>
<time>2026-10-06T19:12:06-05:00</time>
</trkpt>
<trkpt lat="-15.476227" lon="-70.107509">
<ele>3824.1</ele>
<time>2026-10-06T19:12:08-05:00</time>
</trkpt>
<trkpt lat="-15.476293" lon="-70.107585">
<ele>3823.9</ele>
<time>2026-10-06T19:12:10-05:00</time>
</trkpt>
<trkpt lat="-15.476357" lon="-70.10767">
<ele>3824.3</ele>
<time>2026-10-06T19:12:12-05:00</time>
</trkpt>
<trkpt lat="-15.476413" lon="-70.107746">
<ele>3823.8</ele>
<time>2026-10-06T19:12:14-05:00</time>
</trkpt>
<trkpt lat="-15.476482" lon="-70.107816">
<ele>3824.8</ele>
<time>2026-10-06T19:12:16-05:00</time>
</trkpt>
<trkpt lat="-15.476555" lon="-70.107896">
<ele>3824.7</ele>
<time>2026-10-06T19:12:18-05:00</time>
</trkpt>
<trkpt lat="-15.476614" lon="-70.107986">
<ele>3823.9</ele>
<time>2026-10-06T19:12:20-05:00</time>
</trkpt>
<trkpt lat="-15.476691" lon="-70.108068">
<ele>3823.9</ele>
<time>2026-10-06T19:12:22-05:00</time>
</trkpt>
<trkpt lat="-15.476758" lon="-70.108138">
<ele>3824.6</ele>
<time>2026-10-06T19:12:24-05:00</time>
</trkpt>
<trkpt lat="-15.476826" lon="-70.108227">
<ele>3824.4</ele>
<time>2026-10-06T19:12:26-05:00</time>
</trkpt>
<trkpt lat="-15.476875" lon="-70.108315">
<ele>3824.8</ele>
<time>2026-10-06T19:12:28-05:00</time>
</trkpt>
<trkpt lat="-15.476946" lon="-70.1084">
<ele>3824.4</ele>
<time>2026-10-06T19:12:30-05:00</time>
</trkpt>
<trkpt lat="-15.477038" lon="-70.108494">
<ele>3825.4</ele>
<time>2026-10-06T19:12:32-05:00</time>
</trkpt>
<trkpt lat="-15.47712" lon="-70.108589">
<ele>3824.7</ele>
<time>2026-10-06T19:12:34-05:00</time>
</trkpt>
<trkpt lat="-15.477161" lon="-70.108677">
<ele>3824.8</ele>
<time>2026-10-06T19:12:36-05:00</time>
</trkpt>
<trkpt lat="-15.477169" lon="-70.108674">
<ele>3824.4</ele>
<time>2026-10-06T19:12:38-05:00</time>
</trkpt>
<trkpt lat="-15.477179" lon="-70.108668">
<ele>3825.4</ele>
<time>2026-10-06T19:12:40-05:00</time>
</trkpt>
<trkpt lat="-15.477168" lon="-70.108682">
<ele>3824.0</ele>
<time>2026-10-06T19:12:42-05:00</time>
</trkpt>
<trkpt lat="-15.477178" lon="-70.108674">
<ele>3824.4</ele>
<time>2026-10-06T19:12:44-05:00</time>
</trkpt>
<trkpt lat="-15.477173" lon="-70.108679">
<ele>3824.1</ele>
<time>2026-10-06T19:12:46-05:00</time>
</trkpt>
<trkpt lat="-15.477158" lon="-70.108677">
<ele>3824.5</ele>
<time>2026-10-06T19:12:48-05:00</time>
</trkpt>
<trkpt lat="-15.477163" lon="-70.108706">
<ele>3824.9</ele>
<time>2026-10-06T19:12:50-05:00</time>
</trkpt>
<trkpt lat="-15.477172" lon="-70.108726">
<ele>3824.7</ele>
<time>2026-10-06T19:12:52-05:00</time>
</trkpt>
<trkpt lat="-15.477161" lon="-70.108717">
<ele>3824.3</ele>
<time>2026-10-06T19:12:54-05:00</time>
</trkpt>
<trkpt lat="-15.477154" lon="-70.108738">
<ele>3824.3</ele>
<time>2026-10-06T19:12:56-05:00</time>
</trkpt>
<trkpt lat="-15.477144" lon="-70.108718">
<ele>3824.2</ele>
<time>2026-10-06T19:12:58-05:00</time>
</trkpt>
<trkpt lat="-15.477152" lon="-70.108747">
<ele>3825.3</ele>
<time>2026-10-06T19:13:00-05:00</time>
</trkpt>
<trkpt lat="-15.477156" lon="-70.108745">
<ele>3824.8</ele>
<time>2026-10-06T19:13:02-05:00</time>
</trkpt>
<trkpt lat="-15.47714" lon="-70.108732">
<ele>3824.5</ele>
<time>2026-10-06T19:13:04-05:00</time>
</trkpt>
<trkpt lat="-15.477142" lon="-70.108722">
<ele>3825.0</ele>
<time>2026-10-06T19:13:06-05:00</time>
</trkpt>
<trkpt lat="-15.477152" lon="-70.108705">
<ele>3824.7</ele>
<time>2026-10-06T19:13:08-05:00</time>
</trkpt>
<trkpt lat="-15.477151" lon="-70.108713">
<ele>3824.5</ele>
<time>2026-10-06T19:13:10-05:00</time>
</trkpt>
<trkpt lat="-15.477152" lon="-70.108729">
<ele>3824.8</ele>
<time>2026-10-06T19:13:12-05:00</time>
</trkpt>
<trkpt lat="-15.477147" lon="-70.108719">
<ele>3824.9</ele>
<time>2026-10-06T19:13:14-05:00</time>
</trkpt>
<trkpt lat="-15.477168" lon="-70.108711">
<ele>3825.1</ele>
<time>2026-10-06T19:13:16-05:00</time>
</trkpt>
<trkpt lat="-15.477173" lon="-70.108679">
<ele>3824.2</ele>
<time>2026-10-06T19:13:18-05:00</time>
</trkpt>
<trkpt lat="-15.47718" lon="-70.108674">
<ele>3825.3</ele>
<time>2026-10-06T19:13:20-05:00</time>
</trkpt>
<trkpt lat="-15.477208" lon="-70.108701">
<ele>3825.1</ele>
<time>2026-10-06T19:13:22-05:00</time>
</trkpt>
<trkpt lat="-15.477249" lon="-70.108741">
<ele>3824.9</ele>
<time>2026-10-06T19:13:24-05:00</time>
</trkpt>
<trkpt lat="-15.477303" lon="-70.108829">
<ele>3824.9</ele>
<time>2026-10-06T19:13:26-05:00</time>
</trkpt>
<trkpt lat="-15.477388" lon="-70.108937">
<ele>3824.8</ele>
<time>2026-10-06T19:13:28-05:00</time>
</trkpt>
<trkpt lat="-15.477493" lon="-70.109065">
<ele>3824.5</ele>
<time>2026-10-06T19:13:30-05:00</time>
</trkpt>
<trkpt lat="-15.477589" lon="-70.109184">
<ele>3825.3</ele>
<time>2026-10-06T19:13:32-05:00</time>
</trkpt>
<trkpt lat="-15.477677" lon="-70.10929">
<ele>3825.5</ele>
<time>2026-10-06T19:13:34-05:00</time>
</trkpt>
<trkpt lat="-15.477698" lon="-70.109351">
<ele>3825.4</ele>
<time>2026-10-06T19:13:36-05:00</time>
</trkpt>
<trkpt lat="-15.477738" lon="-70.109405">
<ele>3824.9</ele>
<time>2026-10-06T19:13:38-05:00</time>
</trkpt>
<trkpt lat="-15.477741" lon="-70.109404">
<ele>3825.1</ele>
<time>2026-10-06T19:13:40-05:00</time>
</trkpt>
<trkpt lat="-15.477734" lon="-70.109406">
<ele>3825.2</ele>
<time>2026-10-06T19:13:42-05:00</time>
</trkpt>
<trkpt lat="-15.477736" lon="-70.109411">
<ele>3825.0</ele>
<time>2026-10-06T19:13:44-05:00</time>
</trkpt>
<trkpt lat="-15.477733" lon="-70.10941">
<ele>3825.3</ele>
<time>2026-10-06T19:13:46-05:00</time>
</trkpt>
<trkpt lat="-15.477763" lon="-70.109423">
<ele>3824.8</ele>
<time>2026-10-06T19:13:48-05:00</time>
</trkpt>
<trkpt lat="-15.477771" lon="-70.10942">
<ele>3825.3</ele>
<time>2026-10-06T19:13:50-05:00</time>
</trkpt>
<trkpt lat="-15.477752" lon="-70.109419">
<ele>3824.7</ele>
<time>2026-10-06T19:13:52-05:00</time>
</trkpt>
<trkpt lat="-15.47775" lon="-70.109422">
<ele>3825.5</ele>
<time>2026-10-06T19:13:54-05:00</time>
</trkpt>
<trkpt lat="-15.477752" lon="-70.109435">
<ele>3825.1</ele>
<time>2026-10-06T19:13:56-05:00</time>
</trkpt>
<trkpt lat="-15.477758" lon="-70.109428">
<ele>3825.5</ele>
<time>2026-10-06T19:13:58-05:00</time>
</trkpt>
<trkpt lat="-15.477753" lon="-70.109418">
<ele>3825.7</ele>
<time>2026-10-06T19:14:00-05:00</time>
</trkpt>
<trkpt lat="-15.477753" lon="-70.109434">
<ele>3825.2</ele>
<time>2026-10-06T19:14:02-05:00</time>
</trkpt>
<trkpt lat="-15.477744" lon="-70.109437">
<ele>3824.4</ele>
<time>2026-10-06T19:14:04-05:00</time>
</trkpt>
<trkpt lat="-15.477751" lon="-70.109451">
<ele>3824.6</ele>
<time>2026-10-06T19:14:06-05:00</time>
</trkpt>
<trkpt lat="-15.477755" lon="-70.109452">
<ele>3824.9</ele>
<time>2026-10-06T19:14:08-05:00</time>
</trkpt>
<trkpt lat="-15.477757" lon="-70.109449">
<ele>3824.9</ele>
<time>2026-10-06T19:14:10-05:00</time>
</trkpt>
<trkpt lat="-15.477745" lon="-70.109438">
<ele>3824.8</ele>
<time>2026-10-06T19:14:12-05:00</time>
</trkpt>
<trkpt lat="-15.477754" lon="-70.109421">
<ele>3825.5</ele>
<time>2026-10-06T19:14:14-05:00</time>
</trkpt>
<trkpt lat="-15.477736" lon="-70.109426">
<ele>3825.6</ele>
<time>2026-10-06T19:14:16-05:00</time>
</trkpt>
<trkpt lat="-15.477736" lon="-70.109419">
<ele>3825.2</ele>
<time>2026-10-06T19:14:18-05:00</time>
</trkpt>
<trkpt lat="-15.477731" lon="-70.109412">
<ele>3824.5</ele>
<time>2026-10-06T19:14:20-05:00</time>
</trkpt>
<trkpt lat="-15.477728" lon="-70.10939">
<ele>3825.2</ele>
<time>2026-10-06T19:14:22-05:00</time>
</trkpt>
<trkpt lat="-15.477736" lon="-70.109381">
<ele>3825.1</ele>
<time>2026-10-06T19:14:24-05:00</time>
</trkpt>
<trkpt lat="-15.477752" lon="-70.109392">
<ele>3825.1</ele>
<time>2026-10-06T19:14:26-05:00</time>
</trkpt>
<trkpt lat="-15.477804" lon="-70.109426">
<ele>3825.0</ele>
<time>2026-10-06T19:14:28-05:00</time>
</trkpt>
<trkpt lat="-15.477883" lon="-70.1095">
<ele>3824.4</ele>
<time>2026-10-06T19:14:30-05:00</time>
</trkpt>
<trkpt lat="-15.477973" lon="-70.109618">
<ele>3824.6</ele>
<time>2026-10-06T19:14:32-05:00</time>
</trkpt>
<trkpt lat="-15.478067" lon="-70.109743">
<ele>3824.6</ele>
<time>2026-10-06T19:14:34-05:00</time>
</trkpt>
<trkpt lat="-15.47814" lon="-70.109843">
<ele>3824.3</ele>
<time>2026-10-06T19:14:36-05:00</time>
</trkpt>
<trkpt lat="-15.478194" lon="-70.109918">
<ele>3824.0</ele>
<time>2026-10-06T19:14:38-05:00</time>
</trkpt>
<trkpt lat="-15.478248" lon="-70.109982">
<ele>3824.4</ele>
<time>2026-10-06T19:14:40-05:00</time>
</trkpt>
<trkpt lat="-15.478252" lon="-70.11002">
<ele>3823.9</ele>
<time>2026-10-06T19:14:42-05:00</time>
</trkpt>
<trkpt lat="-15.4782" lon="-70.110138">
<ele>3824.3</ele>
<time>2026-10-06T19:14:44-05:00</time>
</trkpt>
<trkpt lat="-15.478143" lon="-70.110236">
<ele>3824.1</ele>
<time>2026-10-06T19:14:46-05:00</time>
</trkpt>
<trkpt lat="-15.47809" lon="-70.110313">
<ele>3824.3</ele>
<time>2026-10-06T19:14:48-05:00</time>
</trkpt>
<trkpt lat="-15.478055" lon="-70.110396">
<ele>3824.3</ele>
<time>2026-10-06T19:14:50-05:00</time>
</trkpt>
<trkpt lat="-15.478017" lon="-70.110498">
<ele>3824.8</ele>
<time>2026-10-06T19:14:52-05:00</time>
</trkpt>
<trkpt lat="-15.477978" lon="-70.110588">
<ele>3825.5</ele>
<time>2026-10-06T19:14:54-05:00</time>
</trkpt>
<trkpt lat="-15.477924" lon="-70.110675">
<ele>3825.3</ele>
<time>2026-10-06T19:14:56-05:00</time>
</trkpt>
<trkpt lat="-15.477886" lon="-70.110769">
<ele>3825.2</ele>
<time>2026-10-06T19:14:58-05:00</time>
</trkpt>
<trkpt lat="-15.477843" lon="-70.110856">
<ele>3825.1</ele>
<time>2026-10-06T19:15:00-05:00</time>
</trkpt>
<trkpt lat="-15.477824" lon="-70.110942">
<ele>3825.9</ele>
<time>2026-10-06T19:15:02-05:00</time>
</trkpt>
<trkpt lat="-15.477797" lon="-70.111049">
<ele>3825.1</ele>
<time>2026-10-06T19:15:04-05:00</time>
</trkpt>
<trkpt lat="-15.477761" lon="-70.111147">
<ele>3825.3</ele>
<time>2026-10-06T19:15:06-05:00</time>
</trkpt>
<trkpt lat="-15.477726" lon="-70.111246">
<ele>3825.8</ele>
<time>2026-10-06T19:15:08-05:00</time>
</trkpt>
<trkpt lat="-15.477679" lon="-70.111348">
<ele>3826.2</ele>
<time>2026-10-06T19:15:10-05:00</time>
</trkpt>
<trkpt lat="-15.477628" lon="-70.111446">
<ele>3826.4</ele>
<time>2026-10-06T19:15:12-05:00</time>
</trkpt>
<trkpt lat="-15.477593" lon="-70.111522">
<ele>3826.1</ele>
<time>2026-10-06T19:15:14-05:00</time>
</trkpt>
<trkpt lat="-15.477546" lon="-70.111613">
<ele>3825.6</ele>
<time>2026-10-06T19:15:16-05:00</time>
</trkpt>
<trkpt lat="-15.477502" lon="-70.111712">
<ele>3826.5</ele>
<time>2026-10-06T19:15:18-05:00</time>
</trkpt>
<trkpt lat="-15.477445" lon="-70.111819">
<ele>3825.7</ele>
<time>2026-10-06T19:15:20-05:00</time>
</trkpt>
<trkpt lat="-15.477408" lon="-70.111922">
<ele>3825.4</ele>
<time>2026-10-06T19:15:22-05:00</time>
</trkpt>
<trkpt lat="-15.477351" lon="-70.112036">
<ele>3825.9</ele>
<time>2026-10-06T19:15:24-05:00</time>
</trkpt>
<trkpt lat="-15.477291" lon="-70.112098">
<ele>3825.3</ele>
<time>2026-10-06T19:15:26-05:00</time>
</trkpt>
<trkpt lat="-15.477253" lon="-70.112132">
<ele>3824.4</ele>
<time>2026-10-06T19:15:28-05:00</time>
</trkpt>
<trkpt lat="-15.477253" lon="-70.112155">
<ele>3825.0</ele>
<time>2026-10-06T19:15:30-05:00</time>
</trkpt>
<trkpt lat="-15.47725" lon="-70.112155">
<ele>3825.0</ele>
<time>2026-10-06T19:15:32-05:00</time>
</trkpt>
<trkpt lat="-15.477257" lon="-70.112163">
<ele>3825.4</ele>
<time>2026-10-06T19:15:34-05:00</time>
</trkpt>
<trkpt lat="-15.477261" lon="-70.112159">
<ele>3825.7</ele>
<time>2026-10-06T19:15:36-05:00</time>
</trkpt>
<trkpt lat="-15.477266" lon="-70.112153">
<ele>3825.6</ele>
<time>2026-10-06T19:15:38-05:00</time>
</trkpt>
<trkpt lat="-15.47725" lon="-70.112134">
<ele>3825.1</ele>
<time>2026-10-06T19:15:40-05:00</time>
</trkpt>
<trkpt lat="-15.477251" lon="-70.112126">
<ele>3825.9</ele>
<time>2026-10-06T19:15:42-05:00</time>
</trkpt>
<trkpt lat="-15.477256" lon="-70.112143">
<ele>3825.1</ele>
<time>2026-10-06T19:15:44-05:00</time>
</trkpt>
<trkpt lat="-15.477259" lon="-70.112138">
<ele>3825.0</ele>
<time>2026-10-06T19:15:46-05:00</time>
</trkpt>
<trkpt lat="-15.477266" lon="-70.112148">
<ele>3825.1</ele>
<time>2026-10-06T19:15:48-05:00</time>
</trkpt>
<trkpt lat="-15.477275" lon="-70.112156">
<ele>3824.7</ele>
<time>2026-10-06T19:15:50-05:00</time>
</trkpt>
<trkpt lat="-15.477287" lon="-70.112169">
<ele>3824.8</ele>
<time>2026-10-06T19:15:52-05:00</time>
</trkpt>
<trkpt lat="-15.477293" lon="-70.112172">
<ele>3825.9</ele>
<time>2026-10-06T19:15:54-05:00</time>
</trkpt>
<trkpt lat="-15.477288" lon="-70.112144">
<ele>3824.8</ele>
<time>2026-10-06T19:15:56-05:00</time>
</trkpt>
<trkpt lat="-15.477311" lon="-70.112161">
<ele>3825.5</ele>
<time>2026-10-06T19:15:58-05:00</time>
</trkpt>
<trkpt lat="-15.477314" lon="-70.112171">
<ele>3824.6</ele>
<time>2026-10-06T19:16:00-05:00</time>
</trkpt>
<trkpt lat="-15.477311" lon="-70.112185">
<ele>3825.1</ele>
<time>2026-10-06T19:16:02-05:00</time>
</trkpt>
<trkpt lat="-15.477311" lon="-70.112173">
<ele>3824.9</ele>
<time>2026-10-06T19:16:04-05:00</time>
</trkpt>
<trkpt lat="-15.477291" lon="-70.112178">
<ele>3825.3</ele>
<time>2026-10-06T19:16:06-05:00</time>
</trkpt>
<trkpt lat="-15.477259" lon="-70.112165">
<ele>3824.7</ele>
<time>2026-10-06T19:16:08-05:00</time>
</trkpt>
<trkpt lat="-15.477264" lon="-70.112168">
<ele>3825.0</ele>
<time>2026-10-06T19:16:10-05:00</time>
</trkpt>
<trkpt lat="-15.477261" lon="-70.112165">
<ele>3825.1</ele>
<time>2026-10-06T19:16:12-05:00</time>
</trkpt>
<trkpt lat="-15.477262" lon="-70.112163">
<ele>3825.5</ele>
<time>2026-10-06T19:16:14-05:00</time>
</trkpt>
<trkpt lat="-15.477265" lon="-70.112183">
<ele>3824.8</ele>
<time>2026-10-06T19:16:16-05:00</time>
</trkpt>
<trkpt lat="-15.477234" lon="-70.11225">
<ele>3824.7</ele>
<time>2026-10-06T19:16:18-05:00</time>
</trkpt>
<trkpt lat="-15.47731" lon="-70.11233">
<ele>3825.2</ele>
<time>2026-10-06T19:16:20-05:00</time>
</trkpt>
<trkpt lat="-15.477431" lon="-70.112376">
<ele>3824.8</ele>
<time>2026-10-06T19:16:22-05:00</time>
</trkpt>
<trkpt lat="-15.477542" lon="-70.112441">
<ele>3825.3</ele>
<time>2026-10-06T19:16:24-05:00</time>
</trkpt>
<trkpt lat="-15.477668" lon="-70.112491">
<ele>3825.3</ele>
<time>2026-10-06T19:16:26-05:00</time>
</trkpt>
<trkpt lat="-15.477763" lon="-70.112537">
<ele>3824.8</ele>
<time>2026-10-06T19:16:28-05:00</time>
</trkpt>
<trkpt lat="-15.477845" lon="-70.112562">
<ele>3825.0</ele>
<time>2026-10-06T19:16:30-05:00</time>
</trkpt>
<trkpt lat="-15.477882" lon="-70.112574">
<ele>3824.6</ele>
<time>2026-10-06T19:16:32-05:00</time>
</trkpt>
<trkpt lat="-15.477847" lon="-70.112595">
<ele>3825.5</ele>
<time>2026-10-06T19:16:34-05:00</time>
</trkpt>
<trkpt lat="-15.477832" lon="-70.112648">
<ele>3825.0</ele>
<time>2026-10-06T19:16:36-05:00</time>
</trkpt>
<trkpt lat="-15.47781" lon="-70.112714">
<ele>3825.9</ele>
<time>2026-10-06T19:16:38-05:00</time>
</trkpt>
<trkpt lat="-15.477768" lon="-70.112791">
<ele>3825.5</ele>
<time>2026-10-06T19:16:40-05:00</time>
</trkpt>
<trkpt lat="-15.477719" lon="-70.112884">
<ele>3825.3</ele>
<time>2026-10-06T19:16:42-05:00</time>
</trkpt>
<trkpt lat="-15.477692" lon="-70.112981">
<ele>3825.4</ele>
<time>2026-10-06T19:16:44-05:00</time>
</trkpt>
<trkpt lat="-15.477649" lon="-70.113073">
<ele>3826.2</ele>
<time>2026-10-06T19:16:46-05:00</time>
</trkpt>
<trkpt lat="-15.477625" lon="-70.113197">
<ele>3825.6</ele>
<time>2026-10-06T19:16:48-05:00</time>
</trkpt>
<trkpt lat="-15.477578" lon="-70.113303">
<ele>3825.9</ele>
<time>2026-10-06T19:16:50-05:00</time>
</trkpt>
<trkpt lat="-15.477538" lon="-70.113398">
<ele>3825.6</ele>
<time>2026-10-06T19:16:52-05:00</time>
</trkpt>
<trkpt lat="-15.477493" lon="-70.113479">
<ele>3825.4</ele>
<time>2026-10-06T19:16:54-05:00</time>
</trkpt>
<trkpt lat="-15.477424" lon="-70.113582">
<ele>3826.3</ele>
<time>2026-10-06T19:16:56-05:00</time>
</trkpt>
<trkpt lat="-15.477373" lon="-70.113665">
<ele>3826.1</ele>
<time>2026-10-06T19:16:58-05:00</time>
</trkpt>
<trkpt lat="-15.477329" lon="-70.113728">
<ele>3825.9</ele>
<time>2026-10-06T19:17:00-05:00</time>
</trkpt>
<trkpt lat="-15.477303" lon="-70.113798">
<ele>3826.2</ele>
<time>2026-10-06T19:17:02-05:00</time>
</trkpt>
<trkpt lat="-15.477282" lon="-70.113879">
<ele>3826.1</ele>
<time>2026-10-06T19:17:04-05:00</time>
</trkpt>
<trkpt lat="-15.477252" lon="-70.113956">
<ele>3826.4</ele>
<time>2026-10-06T19:17:06-05:00</time>
</trkpt>
<trkpt lat="-15.477223" lon="-70.114033">
<ele>3825.5</ele>
<time>2026-10-06T19:17:08-05:00</time>
</trkpt>
<trkpt lat="-15.477187" lon="-70.114134">
<ele>3826.1</ele>
<time>2026-10-06T19:17:10-05:00</time>
</trkpt>
<trkpt lat="-15.477139" lon="-70.114228">
<ele>3825.9</ele>
<time>2026-10-06T19:17:12-05:00</time>
</trkpt>
<trkpt lat="-15.477117" lon="-70.114312">
<ele>3825.3</ele>
<time>2026-10-06T19:17:14-05:00</time>
</trkpt>
<trkpt lat="-15.47709" lon="-70.114387">
<ele>3825.1</ele>
<time>2026-10-06T19:17:16-05:00</time>
</trkpt>
<trkpt lat="-15.477067" lon="-70.114462">
<ele>3826.2</ele>
<time>2026-10-06T19:17:18-05:00</time>
</trkpt>
<trkpt lat="-15.47702" lon="-70.114545">
<ele>3826.0</ele>
<time>2026-10-06T19:17:20-05:00</time>
</trkpt>
<trkpt lat="-15.476994" lon="-70.114623">
<ele>3825.7</ele>
<time>2026-10-06T19:17:22-05:00</time>
</trkpt>
<trkpt lat="-15.476951" lon="-70.114715">
<ele>3825.4</ele>
<time>2026-10-06T19:17:24-05:00</time>
</trkpt>
<trkpt lat="-15.476917" lon="-70.114814">
<ele>3825.8</ele>
<time>2026-10-06T19:17:26-05:00</time>
</trkpt>
<trkpt lat="-15.476891" lon="-70.114902">
<ele>3825.4</ele>
<time>2026-10-06T19:17:28-05:00</time>
</trkpt>
<trkpt lat="-15.47687" lon="-70.114972">
<ele>3825.2</ele>
<time>2026-10-06T19:17:30-05:00</time>
</trkpt>
<trkpt lat="-15.476838" lon="-70.115031">
<ele>3825.2</ele>
<time>2026-10-06T19:17:32-05:00</time>
</trkpt>
<trkpt lat="-15.476824" lon="-70.115082">
<ele>3825.8</ele>
<time>2026-10-06T19:17:34-05:00</time>
</trkpt>
<trkpt lat="-15.476788" lon="-70.115153">
<ele>3825.2</ele>
<time>2026-10-06T19:17:36-05:00</time>
</trkpt>
<trkpt lat="-15.476747" lon="-70.115248">
<ele>3825.6</ele>
<time>2026-10-06T19:17:38-05:00</time>
</trkpt>
<trkpt lat="-15.476702" lon="-70.11534">
<ele>3825.8</ele>
<time>2026-10-06T19:17:40-05:00</time>
</trkpt>
<trkpt lat="-15.476672" lon="-70.115403">
<ele>3825.4</ele>
<time>2026-10-06T19:17:42-05:00</time>
</trkpt>
<trkpt lat="-15.47662" lon="-70.115478">
<ele>3825.8</ele>
<time>2026-10-06T19:17:44-05:00</time>
</trkpt>
<trkpt lat="-15.476575" lon="-70.115578">
<ele>3825.8</ele>
<time>2026-10-06T19:17:46-05:00</time>
</trkpt>
<trkpt lat="-15.476512" lon="-70.115683">
<ele>3825.9</ele>
<time>2026-10-06T19:17:48-05:00</time>
</trkpt>
<trkpt lat="-15.476463" lon="-70.115792">
<ele>3825.2</ele>
<time>2026-10-06T19:17:50-05:00</time>
</trkpt>
<trkpt lat="-15.476416" lon="-70.115892">
<ele>3825.6</ele>
<time>2026-10-06T19:17:52-05:00</time>
</trkpt>
<trkpt lat="-15.476384" lon="-70.115959">
<ele>3826.2</ele>
<time>2026-10-06T19:17:54-05:00</time>
</trkpt>
<trkpt lat="-15.476365" lon="-70.116011">
<ele>3826.0</ele>
<time>2026-10-06T19:17:56-05:00</time>
</trkpt>
<trkpt lat="-15.476364" lon="-70.115994">
<ele>3826.0</ele>
<time>2026-10-06T19:17:58-05:00</time>
</trkpt>
<trkpt lat="-15.476371" lon="-70.115982">
<ele>3826.1</ele>
<time>2026-10-06T19:18:00-05:00</time>
</trkpt>
<trkpt lat="-15.47638" lon="-70.115967">
<ele>3826.0</ele>
<time>2026-10-06T19:18:02-05:00</time>
</trkpt>
<trkpt lat="-15.476378" lon="-70.115965">
<ele>3826.0</ele>
<time>2026-10-06T19:18:04-05:00</time>
</trkpt>
<trkpt lat="-15.476377" lon="-70.115959">
<ele>3826.3</ele>
<time>2026-10-06T19:18:06-05:00</time>
</trkpt>
<trkpt lat="-15.476368" lon="-70.115955">
<ele>3826.0</ele>
<time>2026-10-06T19:18:08-05:00</time>
</trkpt>
<trkpt lat="-15.476358" lon="-70.115972">
<ele>3825.5</ele>
<time>2026-10-06T19:18:10-05:00</time>
</trkpt>
<trkpt lat="-15.476355" lon="-70.115987">
<ele>3825.6</ele>
<time>2026-10-06T19:18:12-05:00</time>
</trkpt>
<trkpt lat="-15.476347" lon="-70.11599">
<ele>3825.6</ele>
<time>2026-10-06T19:18:14-05:00</time>
</trkpt>
<trkpt lat="-15.476345" lon="-70.115987">
<ele>3826.0</ele>
<time>2026-10-06T19:18:16-05:00</time>
</trkpt>
<trkpt lat="-15.476355" lon="-70.115982">
<ele>3825.7</ele>
<time>2026-10-06T19:18:18-05:00</time>
</trkpt>
<trkpt lat="-15.47636" lon="-70.115988">
<ele>3825.9</ele>
<time>2026-10-06T19:18:20-05:00</time>
</trkpt>
<trkpt lat="-15.476366" lon="-70.116001">
<ele>3825.8</ele>
<time>2026-10-06T19:18:22-05:00</time>
</trkpt>
<trkpt lat="-15.476355" lon="-70.11598">
<ele>3826.0</ele>
<time>2026-10-06T19:18:24-05:00</time>
</trkpt>
<trkpt lat="-15.476339" lon="-70.11598">
<ele>3826.4</ele>
<time>2026-10-06T19:18:26-05:00</time>
</trkpt>
<trkpt lat="-15.476348" lon="-70.115963">
<ele>3825.6</ele>
<time>2026-10-06T19:18:28-05:00</time>
</trkpt>
<trkpt lat="-15.476338" lon="-70.11594">
<ele>3825.8</ele>
<time>2026-10-06T19:18:30-05:00</time>
</trkpt>
<trkpt lat="-15.476339" lon="-70.115938">
<ele>3826.2</ele>
<time>2026-10-06T19:18:32-05:00</time>
</trkpt>
<trkpt lat="-15.476337" lon="-70.115952">
<ele>3825.5</ele>
<time>2026-10-06T19:18:34-05:00</time>
</trkpt>
<trkpt lat="-15.476332" lon="-70.11602">
<ele>3824.7</ele>
<time>2026-10-06T19:18:36-05:00</time>
</trkpt>
<trkpt lat="-15.476301" lon="-70.116105">
<ele>3826.1</ele>
<time>2026-10-06T19:18:38-05:00</time>
</trkpt>
<trkpt lat="-15.47638" lon="-70.116203">
<ele>3826.1</ele>
<time>2026-10-06T19:18:40-05:00</time>
</trkpt>
<trkpt lat="-15.476482" lon="-70.1163">
<ele>3826.1</ele>
<time>2026-10-06T19:18:42-05:00</time>
</trkpt>
<trkpt lat="-15.476551" lon="-70.116403">
<ele>3825.7</ele>
<time>2026-10-06T19:18:44-05:00</time>
</trkpt>
<trkpt lat="-15.476645" lon="-70.116494">
<ele>3826.7</ele>
<time>2026-10-06T19:18:46-05:00</time>
</trkpt>
<trkpt lat="-15.476736" lon="-70.116592">
<ele>3826.3</ele>
<time>2026-10-06T19:18:48-05:00</time>
</trkpt>
<trkpt lat="-15.476823" lon="-70.11667">
<ele>3826.2</ele>
<time>2026-10-06T19:18:50-05:00</time>
</trkpt>
<trkpt lat="-15.476918" lon="-70.116759">
<ele>3825.8</ele>
<time>2026-10-06T19:18:52-05:00</time>
</trkpt>
<trkpt lat="-15.477002" lon="-70.116854">
<ele>3826.8</ele>
<time>2026-10-06T19:18:54-05:00</time>
</trkpt>
<trkpt lat="-15.477064" lon="-70.116928">
<ele>3826.0</ele>
<time>2026-10-06T19:18:56-05:00</time>
</trkpt>
<trkpt lat="-15.477142" lon="-70.117002">
<ele>3825.4</ele>
<time>2026-10-06T19:18:58-05:00</time>
</trkpt>
<trkpt lat="-15.477205" lon="-70.117068">
<ele>3825.8</ele>
<time>2026-10-06T19:19:00-05:00</time>
</trkpt>
<trkpt lat="-15.477279" lon="-70.117154">
<ele>3826.1</ele>
<time>2026-10-06T19:19:02-05:00</time>
</trkpt>
<trkpt lat="-15.477375" lon="-70.117212">
<ele>3825.7</ele>
<time>2026-10-06T19:19:04-05:00</time>
</trkpt>
<trkpt lat="-15.477441" lon="-70.117283">
<ele>3825.4</ele>
<time>2026-10-06T19:19:06-05:00</time>
</trkpt>
<trkpt lat="-15.477537" lon="-70.117366">
<ele>3825.9</ele>
<time>2026-10-06T19:19:08-05:00</time>
</trkpt>
<trkpt lat="-15.477623" lon="-70.117444">
<ele>3826.5</ele>
<time>2026-10-06T19:19:10-05:00</time>
</trkpt>
<trkpt lat="-15.477683" lon="-70.117512">
<ele>3826.2</ele>
<time>2026-10-06T19:19:12-05:00</time>
</trkpt>
<trkpt lat="-15.477752" lon="-70.11757">
<ele>3826.9</ele>
<time>2026-10-06T19:19:14-05:00</time>
</trkpt>
<trkpt lat="-15.477825" lon="-70.117633">
<ele>3826.2</ele>
<time>2026-10-06T19:19:16-05:00</time>
</trkpt>
<trkpt lat="-15.477902" lon="-70.117706">
<ele>3825.5</ele>
<time>2026-10-06T19:19:18-05:00</time>
</trkpt>
<trkpt lat="-15.478012" lon="-70.117813">
<ele>3826.1</ele>
<time>2026-10-06T19:19:20-05:00</time>
</trkpt>
<trkpt lat="-15.478121" lon="-70.117917">
<ele>3825.7</ele>
<time>2026-10-06T19:19:22-05:00</time>
</trkpt>
<trkpt lat="-15.478218" lon="-70.118024">
<ele>3827.1</ele>
<time>2026-10-06T19:19:24-05:00</time>
</trkpt>
<trkpt lat="-15.478333" lon="-70.118117">
<ele>3825.9</ele>
<time>2026-10-06T19:19:26-05:00</time>
</trkpt>
<trkpt lat="-15.47839" lon="-70.118208">
<ele>3826.5</ele>
<time>2026-10-06T19:19:28-05:00</time>
</trkpt>
<trkpt lat="-15.47842" lon="-70.118258">
<ele>3826.5</ele>
<time>2026-10-06T19:19:30-05:00</time>
</trkpt>
<trkpt lat="-15.478429" lon="-70.118262">
<ele>3826.2</ele>
<time>2026-10-06T19:19:32-05:00</time>
</trkpt>
<trkpt lat="-15.478425" lon="-70.118279">
<ele>3826.6</ele>
<time>2026-10-06T19:19:34-05:00</time>
</trkpt>
<trkpt lat="-15.478437" lon="-70.118268">
<ele>3826.8</ele>
<time>2026-10-06T19:19:36-05:00</time>
</trkpt>
<trkpt lat="-15.478432" lon="-70.118265">
<ele>3826.8</ele>
<time>2026-10-06T19:19:38-05:00</time>
</trkpt>
<trkpt lat="-15.478438" lon="-70.118275">
<ele>3826.4</ele>
<time>2026-10-06T19:19:40-05:00</time>
</trkpt>
<trkpt lat="-15.47844" lon="-70.11827">
<ele>3826.6</ele>
<time>2026-10-06T19:19:42-05:00</time>
</trkpt>
<trkpt lat="-15.478441" lon="-70.118268">
<ele>3826.8</ele>
<time>2026-10-06T19:19:44-05:00</time>
</trkpt>
<trkpt lat="-15.478438" lon="-70.118256">
<ele>3826.3</ele>
<time>2026-10-06T19:19:46-05:00</time>
</trkpt>
<trkpt lat="-15.478433" lon="-70.118262">
<ele>3826.2</ele>
<time>2026-10-06T19:19:48-05:00</time>
</trkpt>
<trkpt lat="-15.478424" lon="-70.118262">
<ele>3826.5</ele>
<time>2026-10-06T19:19:50-05:00</time>
</trkpt>
<trkpt lat="-15.478409" lon="-70.118282">
<ele>3826.3</ele>
<time>2026-10-06T19:19:52-05:00</time>
</trkpt>
<trkpt lat="-15.478422" lon="-70.118279">
<ele>3826.6</ele>
<time>2026-10-06T19:19:54-05:00</time>
</trkpt>
<trkpt lat="-15.478417" lon="-70.118297">
<ele>3826.0</ele>
<time>2026-10-06T19:19:56-05:00</time>
</trkpt>
<trkpt lat="-15.478408" lon="-70.118298">
<ele>3826.8</ele>
<time>2026-10-06T19:19:58-05:00</time>
</trkpt>
<trkpt lat="-15.478409" lon="-70.118317">
<ele>3826.6</ele>
<time>2026-10-06T19:20:00-05:00</time>
</trkpt>
<trkpt lat="-15.478415" lon="-70.11832">
<ele>3827.2</ele>
<time>2026-10-06T19:20:02-05:00</time>
</trkpt>
<trkpt lat="-15.478413" lon="-70.118337">
<ele>3827.0</ele>
<time>2026-10-06T19:20:04-05:00</time>
</trkpt>
<trkpt lat="-15.4784" lon="-70.11834">
<ele>3827.5</ele>
<time>2026-10-06T19:20:06-05:00</time>
</trkpt>
<trkpt lat="-15.47843" lon="-70.118372">
<ele>3827.4</ele>
<time>2026-10-06T19:20:08-05:00</time>
</trkpt>
<trkpt lat="-15.478524" lon="-70.118432">
<ele>3826.6</ele>
<time>2026-10-06T19:20:10-05:00</time>
</trkpt>
<trkpt lat="-15.478638" lon="-70.118549">
<ele>3826.4</ele>
<time>2026-10-06T19:20:12-05:00</time>
</trkpt>
<trkpt lat="-15.478662" lon="-70.118616">
<ele>3826.9</ele>
<time>2026-10-06T19:20:14-05:00</time>
</trkpt>
<trkpt lat="-15.478674" lon="-70.118637">
<ele>3826.5</ele>
<time>2026-10-06T19:20:16-05:00</time>
</trkpt>
<trkpt lat="-15.478666" lon="-70.118636">
<ele>3827.2</ele>
<time>2026-10-06T19:20:18-05:00</time>
</trkpt>
<trkpt lat="-15.478664" lon="-70.118636">
<ele>3826.7</ele>
<time>2026-10-06T19:20:20-05:00</time>
</trkpt>
<trkpt lat="-15.478664" lon="-70.11862">
<ele>3826.1</ele>
<time>2026-10-06T19:20:22-05:00</time>
</trkpt>
<trkpt lat="-15.478702" lon="-70.118642">
<ele>3826.3</ele>
<time>2026-10-06T19:20:24-05:00</time>
</trkpt>
<trkpt lat="-15.478803" lon="-70.118723">
<ele>3827.4</ele>
<time>2026-10-06T19:20:26-05:00</time>
</trkpt>
<trkpt lat="-15.478845" lon="-70.11876">
<ele>3827.6</ele>
<time>2026-10-06T19:20:28-05:00</time>
</trkpt>
<trkpt lat="-15.478863" lon="-70.118752">
<ele>3827.1</ele>
<time>2026-10-06T19:20:30-05:00</time>
</trkpt>
<trkpt lat="-15.478864" lon="-70.118736">
<ele>3827.3</ele>
<time>2026-10-06T19:20:32-05:00</time>
</trkpt>
<trkpt lat="-15.478882" lon="-70.118744">
<ele>3827.1</ele>
<time>2026-10-06T19:20:34-05:00</time>
</trkpt>
<trkpt lat="-15.478866" lon="-70.118738">
<ele>3827.5</ele>
<time>2026-10-06T19:20:36-05:00</time>
</trkpt>
<trkpt lat="-15.478857" lon="-70.118744">
<ele>3827.3</ele>
<time>2026-10-06T19:20:38-05:00</time>
</trkpt>
<trkpt lat="-15.478863" lon="-70.118733">
<ele>3827.5</ele>
<time>2026-10-06T19:20:40-05:00</time>
</trkpt>
<trkpt lat="-15.478869" lon="-70.118723">
<ele>3826.2</ele>
<time>2026-10-06T19:20:42-05:00</time>
</trkpt>
<trkpt lat="-15.478868" lon="-70.118715">
<ele>3827.0</ele>
<time>2026-10-06T19:20:44-05:00</time>
</trkpt>
<trkpt lat="-15.478866" lon="-70.118728">
<ele>3827.8</ele>
<time>2026-10-06T19:20:46-05:00</time>
</trkpt>
<trkpt lat="-15.478866" lon="-70.118725">
<ele>3828.6</ele>
<time>2026-10-06T19:20:48-05:00</time>
</trkpt>
<trkpt lat="-15.478867" lon="-70.118715">
<ele>3827.1</ele>
<time>2026-10-06T19:20:50-05:00</time>
</trkpt>
<trkpt lat="-15.478872" lon="-70.118735">
<ele>3827.5</ele>
<time>2026-10-06T19:20:52-05:00</time>
</trkpt>
<trkpt lat="-15.478938" lon="-70.118765">
<ele>3827.2</ele>
<time>2026-10-06T19:20:54-05:00</time>
</trkpt>
<trkpt lat="-15.479033" lon="-70.118846">
<ele>3826.4</ele>
<time>2026-10-06T19:20:56-05:00</time>
</trkpt>
<trkpt lat="-15.479143" lon="-70.118938">
<ele>3827.4</ele>
<time>2026-10-06T19:20:58-05:00</time>
</trkpt>
<trkpt lat="-15.479243" lon="-70.119038">
<ele>3828.3</ele>
<time>2026-10-06T19:21:00-05:00</time>
</trkpt>
<trkpt lat="-15.479327" lon="-70.119095">
<ele>3828.0</ele>
<time>2026-10-06T19:21:02-05:00</time>
</trkpt>
<trkpt lat="-15.479386" lon="-70.119162">
<ele>3828.2</ele>
<time>2026-10-06T19:21:04-05:00</time>
</trkpt>
<trkpt lat="-15.479426" lon="-70.119238">
<ele>3827.9</ele>
<time>2026-10-06T19:21:06-05:00</time>
</trkpt>
<trkpt lat="-15.479486" lon="-70.119293">
<ele>3827.7</ele>
<time>2026-10-06T19:21:08-05:00</time>
</trkpt>
<trkpt lat="-15.479549" lon="-70.119348">
<ele>3828.3</ele>
<time>2026-10-06T19:21:10-05:00</time>
</trkpt>
<trkpt lat="-15.479608" lon="-70.119416">
<ele>3828.9</ele>
<time>2026-10-06T19:21:12-05:00</time>
</trkpt>
<trkpt lat="-15.479664" lon="-70.119495">
<ele>3828.4</ele>
<time>2026-10-06T19:21:14-05:00</time>
</trkpt>
<trkpt lat="-15.479729" lon="-70.119547">
<ele>3827.5</ele>
<time>2026-10-06T19:21:16-05:00</time>
</trkpt>
<trkpt lat="-15.479776" lon="-70.11962">
<ele>3827.5</ele>
<time>2026-10-06T19:21:18-05:00</time>
</trkpt>
<trkpt lat="-15.479852" lon="-70.119683">
<ele>3827.3</ele>
<time>2026-10-06T19:21:20-05:00</time>
</trkpt>
<trkpt lat="-15.479914" lon="-70.119744">
<ele>3827.0</ele>
<time>2026-10-06T19:21:22-05:00</time>
</trkpt>
<trkpt lat="-15.479961" lon="-70.119789">
<ele>3825.9</ele>
<time>2026-10-06T19:21:24-05:00</time>
</trkpt>
<trkpt lat="-15.480037" lon="-70.119873">
<ele>3826.4</ele>
<time>2026-10-06T19:21:26-05:00</time>
</trkpt>
<trkpt lat="-15.480098" lon="-70.119944">
<ele>3826.9</ele>
<time>2026-10-06T19:21:28-05:00</time>
</trkpt>
<trkpt lat="-15.480164" lon="-70.120017">
<ele>3826.7</ele>
<time>2026-10-06T19:21:30-05:00</time>
</trkpt>
<trkpt lat="-15.480241" lon="-70.120089">
<ele>3825.9</ele>
<time>2026-10-06T19:21:32-05:00</time>
</trkpt>
<trkpt lat="-15.48033" lon="-70.12018">
<ele>3826.2</ele>
<time>2026-10-06T19:21:34-05:00</time>
</trkpt>
<trkpt lat="-15.480408" lon="-70.120243">
<ele>3826.4</ele>
<time>2026-10-06T19:21:36-05:00</time>
</trkpt>
<trkpt lat="-15.480484" lon="-70.120333">
<ele>3826.6</ele>
<time>2026-10-06T19:21:38-05:00</time>
</trkpt>
<trkpt lat="-15.480555" lon="-70.120414">
<ele>3826.5</ele>
<time>2026-10-06T19:21:40-05:00</time>
</trkpt>
<trkpt lat="-15.4806" lon="-70.120466">
<ele>3826.2</ele>
<time>2026-10-06T19:21:42-05:00</time>
</trkpt>
<trkpt lat="-15.480665" lon="-70.120528">
<ele>3826.6</ele>
<time>2026-10-06T19:21:44-05:00</time>
</trkpt>
<trkpt lat="-15.48071" lon="-70.120574">
<ele>3826.4</ele>
<time>2026-10-06T19:21:46-05:00</time>
</trkpt>
<trkpt lat="-15.480778" lon="-70.120654">
<ele>3826.5</ele>
<time>2026-10-06T19:21:48-05:00</time>
</trkpt>
<trkpt lat="-15.480841" lon="-70.120688">
<ele>3825.9</ele>
<time>2026-10-06T19:21:50-05:00</time>
</trkpt>
<trkpt lat="-15.480894" lon="-70.120763">
<ele>3825.5</ele>
<time>2026-10-06T19:21:52-05:00</time>
</trkpt>
<trkpt lat="-15.480929" lon="-70.120805">
<ele>3826.5</ele>
<time>2026-10-06T19:21:54-05:00</time>
</trkpt>
<trkpt lat="-15.480989" lon="-70.120842">
<ele>3825.6</ele>
<time>2026-10-06T19:21:56-05:00</time>
</trkpt>
<trkpt lat="-15.481058" lon="-70.120894">
<ele>3825.6</ele>
<time>2026-10-06T19:21:58-05:00</time>
</trkpt>
<trkpt lat="-15.481116" lon="-70.120952">
<ele>3826.1</ele>
<time>2026-10-06T19:22:00-05:00</time>
</trkpt>
<trkpt lat="-15.481159" lon="-70.121018">
<ele>3826.4</ele>
<time>2026-10-06T19:22:02-05:00</time>
</trkpt>
<trkpt lat="-15.481244" lon="-70.121103">
<ele>3826.4</ele>
<time>2026-10-06T19:22:04-05:00</time>
</trkpt>
<trkpt lat="-15.481324" lon="-70.121191">
<ele>3826.5</ele>
<time>2026-10-06T19:22:06-05:00</time>
</trkpt>
<trkpt lat="-15.481429" lon="-70.121287">
<ele>3825.5</ele>
<time>2026-10-06T19:22:08-05:00</time>
</trkpt>
<trkpt lat="-15.481525" lon="-70.121378">
<ele>3825.9</ele>
<time>2026-10-06T19:22:10-05:00</time>
</trkpt>
<trkpt lat="-15.48157" lon="-70.121453">
<ele>3825.4</ele>
<time>2026-10-06T19:22:12-05:00</time>
</trkpt>
<trkpt lat="-15.481622" lon="-70.121475">
<ele>3826.1</ele>
<time>2026-10-06T19:22:14-05:00</time>
</trkpt>
<trkpt lat="-15.481637" lon="-70.121466">
<ele>3825.5</ele>
<time>2026-10-06T19:22:16-05:00</time>
</trkpt>
<trkpt lat="-15.481639" lon="-70.121488">
<ele>3826.3</ele>
<time>2026-10-06T19:22:18-05:00</time>
</trkpt>
<trkpt lat="-15.481649" lon="-70.121498">
<ele>3825.2</ele>
<time>2026-10-06T19:22:20-05:00</time>
</trkpt>
<trkpt lat="-15.481634" lon="-70.121504">
<ele>3825.9</ele>
<time>2026-10-06T19:22:22-05:00</time>
</trkpt>
<trkpt lat="-15.481647" lon="-70.121491">
<ele>3825.4</ele>
<time>2026-10-06T19:22:24-05:00</time>
</trkpt>
<trkpt lat="-15.481647" lon="-70.121504">
<ele>3826.9</ele>
<time>2026-10-06T19:22:26-05:00</time>
</trkpt>
<trkpt lat="-15.481646" lon="-70.121498">
<ele>3826.3</ele>
<time>2026-10-06T19:22:28-05:00</time>
</trkpt>
<trkpt lat="-15.481642" lon="-70.121473">
<ele>3825.3</ele>
<time>2026-10-06T19:22:30-05:00</time>
</trkpt>
<trkpt lat="-15.481643" lon="-70.12146">
<ele>3826.0</ele>
<time>2026-10-06T19:22:32-05:00</time>
</trkpt>
<trkpt lat="-15.48165" lon="-70.12147">
<ele>3825.4</ele>
<time>2026-10-06T19:22:34-05:00</time>
</trkpt>
<trkpt lat="-15.481647" lon="-70.121473">
<ele>3825.1</ele>
<time>2026-10-06T19:22:36-05:00</time>
</trkpt>
<trkpt lat="-15.481625" lon="-70.121452">
<ele>3825.7</ele>
<time>2026-10-06T19:22:38-05:00</time>
</trkpt>
<trkpt lat="-15.481631" lon="-70.121459">
<ele>3825.7</ele>
<time>2026-10-06T19:22:40-05:00</time>
</trkpt>
<trkpt lat="-15.481646" lon="-70.121442">
<ele>3825.4</ele>
<time>2026-10-06T19:22:42-05:00</time>
</trkpt>
<trkpt lat="-15.481644" lon="-70.121441">
<ele>3825.3</ele>
<time>2026-10-06T19:22:44-05:00</time>
</trkpt>
<trkpt lat="-15.481654" lon="-70.121442">
<ele>3826.4</ele>
<time>2026-10-06T19:22:46-05:00</time>
</trkpt>
<trkpt lat="-15.481643" lon="-70.121439">
<ele>3826.6</ele>
<time>2026-10-06T19:22:48-05:00</time>
</trkpt>
<trkpt lat="-15.481628" lon="-70.121453">
<ele>3825.9</ele>
<time>2026-10-06T19:22:50-05:00</time>
</trkpt>
<trkpt lat="-15.48163" lon="-70.121454">
<ele>3826.3</ele>
<time>2026-10-06T19:22:52-05:00</time>
</trkpt>
<trkpt lat="-15.481632" lon="-70.121463">
<ele>3826.0</ele>
<time>2026-10-06T19:22:54-05:00</time>
</trkpt>
<trkpt lat="-15.481653" lon="-70.121465">
<ele>3825.2</ele>
<time>2026-10-06T19:22:56-05:00</time>
</trkpt>
<trkpt lat="-15.481677" lon="-70.121479">
<ele>3825.9</ele>
<time>2026-10-06T19:22:58-05:00</time>
</trkpt>
<trkpt lat="-15.481723" lon="-70.121519">
<ele>3825.9</ele>
<time>2026-10-06T19:23:00-05:00</time>
</trkpt>
<trkpt lat="-15.481768" lon="-70.121582">
<ele>3826.0</ele>
<time>2026-10-06T19:23:02-05:00</time>
</trkpt>
<trkpt lat="-15.48185" lon="-70.12167">
<ele>3825.8</ele>
<time>2026-10-06T19:23:04-05:00</time>
</trkpt>
<trkpt lat="-15.481931" lon="-70.121737">
<ele>3825.8</ele>
<time>2026-10-06T19:23:06-05:00</time>
</trkpt>
<trkpt lat="-15.482008" lon="-70.12182">
<ele>3826.1</ele>
<time>2026-10-06T19:23:08-05:00</time>
</trkpt>
<trkpt lat="-15.482067" lon="-70.121894">
<ele>3825.7</ele>
<time>2026-10-06T19:23:10-05:00</time>
</trkpt>
<trkpt lat="-15.482139" lon="-70.121946">
<ele>3825.8</ele>
<time>2026-10-06T19:23:12-05:00</time>
</trkpt>
<trkpt lat="-15.482226" lon="-70.122018">
<ele>3826.3</ele>
<time>2026-10-06T19:23:14-05:00</time>
</trkpt>
<trkpt lat="-15.482293" lon="-70.122104">
<ele>3826.0</ele>
<time>2026-10-06T19:23:16-05:00</time>
</trkpt>
<trkpt lat="-15.48234" lon="-70.122186">
<ele>3826.2</ele>
<time>2026-10-06T19:23:18-05:00</time>
</trkpt>
<trkpt lat="-15.48242" lon="-70.122277">
<ele>3825.9</ele>
<time>2026-10-06T19:23:20-05:00</time>
</trkpt>
<trkpt lat="-15.482506" lon="-70.122357">
<ele>3825.8</ele>
<time>2026-10-06T19:23:22-05:00</time>
</trkpt>
<trkpt lat="-15.482556" lon="-70.122415">
<ele>3825.8</ele>
<time>2026-10-06T19:23:24-05:00</time>
</trkpt>
<trkpt lat="-15.482581" lon="-70.122456">
<ele>3826.0</ele>
<time>2026-10-06T19:23:26-05:00</time>
</trkpt>
<trkpt lat="-15.482593" lon="-70.122494">
<ele>3825.8</ele>
<time>2026-10-06T19:23:28-05:00</time>
</trkpt>
<trkpt lat="-15.48259" lon="-70.122496">
<ele>3825.9</ele>
<time>2026-10-06T19:23:30-05:00</time>
</trkpt>
<trkpt lat="-15.482581" lon="-70.122509">
<ele>3826.4</ele>
<time>2026-10-06T19:23:32-05:00</time>
</trkpt>
<trkpt lat="-15.482571" lon="-70.122513">
<ele>3826.3</ele>
<time>2026-10-06T19:23:34-05:00</time>
</trkpt>
<trkpt lat="-15.482569" lon="-70.122495">
<ele>3825.6</ele>
<time>2026-10-06T19:23:36-05:00</time>
</trkpt>
<trkpt lat="-15.482573" lon="-70.122475">
<ele>3826.3</ele>
<time>2026-10-06T19:23:38-05:00</time>
</trkpt>
<trkpt lat="-15.482574" lon="-70.122456">
<ele>3825.6</ele>
<time>2026-10-06T19:23:40-05:00</time>
</trkpt>
<trkpt lat="-15.482574" lon="-70.122463">
<ele>3826.5</ele>
<time>2026-10-06T19:23:42-05:00</time>
</trkpt>
<trkpt lat="-15.482567" lon="-70.122455">
<ele>3825.6</ele>
<time>2026-10-06T19:23:44-05:00</time>
</trkpt>
<trkpt lat="-15.482575" lon="-70.122433">
<ele>3826.2</ele>
<time>2026-10-06T19:23:46-05:00</time>
</trkpt>
<trkpt lat="-15.482571" lon="-70.122445">
<ele>3826.5</ele>
<time>2026-10-06T19:23:48-05:00</time>
</trkpt>
<trkpt lat="-15.482558" lon="-70.12244">
<ele>3825.9</ele>
<time>2026-10-06T19:23:50-05:00</time>
</trkpt>
<trkpt lat="-15.482561" lon="-70.122431">
<ele>3826.3</ele>
<time>2026-10-06T19:23:52-05:00</time>
</trkpt>
<trkpt lat="-15.482556" lon="-70.122439">
<ele>3826.1</ele>
<time>2026-10-06T19:23:54-05:00</time>
</trkpt>
<trkpt lat="-15.482557" lon="-70.122445">
<ele>3825.6</ele>
<time>2026-10-06T19:23:56-05:00</time>
</trkpt>
<trkpt lat="-15.482572" lon="-70.122463">
<ele>3825.9</ele>
<time>2026-10-06T19:23:58-05:00</time>
</trkpt>
<trkpt lat="-15.482578" lon="-70.122459">
<ele>3825.5</ele>
<time>2026-10-06T19:24:00-05:00</time>
</trkpt>
<trkpt lat="-15.482578" lon="-70.122466">
<ele>3826.6</ele>
<time>2026-10-06T19:24:02-05:00</time>
</trkpt>
<trkpt lat="-15.482581" lon="-70.122456">
<ele>3826.0</ele>
<time>2026-10-06T19:24:04-05:00</time>
</trkpt>
<trkpt lat="-15.482586" lon="-70.122476">
<ele>3825.6</ele>
<time>2026-10-06T19:24:06-05:00</time>
</trkpt>
<trkpt lat="-15.482627" lon="-70.122482">
<ele>3826.1</ele>
<time>2026-10-06T19:24:08-05:00</time>
</trkpt>
<trkpt lat="-15.482667" lon="-70.12252">
<ele>3826.4</ele>
<time>2026-10-06T19:24:10-05:00</time>
</trkpt>
<trkpt lat="-15.48274" lon="-70.12256">
<ele>3826.4</ele>
<time>2026-10-06T19:24:12-05:00</time>
</trkpt>
<trkpt lat="-15.482834" lon="-70.122646">
<ele>3826.6</ele>
<time>2026-10-06T19:24:14-05:00</time>
</trkpt>
<trkpt lat="-15.482913" lon="-70.122737">
<ele>3826.0</ele>
<time>2026-10-06T19:24:16-05:00</time>
</trkpt>
<trkpt lat="-15.483008" lon="-70.122841">
<ele>3826.8</ele>
<time>2026-10-06T19:24:18-05:00</time>
</trkpt>
<trkpt lat="-15.48311" lon="-70.122946">
<ele>3826.8</ele>
<time>2026-10-06T19:24:20-05:00</time>
</trkpt>
<trkpt lat="-15.483216" lon="-70.123043">
<ele>3826.9</ele>
<time>2026-10-06T19:24:22-05:00</time>
</trkpt>
<trkpt lat="-15.483305" lon="-70.123135">
<ele>3827.6</ele>
<time>2026-10-06T19:24:24-05:00</time>
</trkpt>
<trkpt lat="-15.483395" lon="-70.123216">
<ele>3827.5</ele>
<time>2026-10-06T19:24:26-05:00</time>
</trkpt>
<trkpt lat="-15.483416" lon="-70.123278">
<ele>3827.9</ele>
<time>2026-10-06T19:24:28-05:00</time>
</trkpt>
<trkpt lat="-15.483443" lon="-70.123318">
<ele>3827.3</ele>
<time>2026-10-06T19:24:30-05:00</time>
</trkpt>
<trkpt lat="-15.48343" lon="-70.12333">
<ele>3827.1</ele>
<time>2026-10-06T19:24:32-05:00</time>
</trkpt>
<trkpt lat="-15.483408" lon="-70.123324">
<ele>3827.7</ele>
<time>2026-10-06T19:24:34-05:00</time>
</trkpt>
<trkpt lat="-15.483406" lon="-70.123335">
<ele>3827.4</ele>
<time>2026-10-06T19:24:36-05:00</time>
</trkpt>
<trkpt lat="-15.483392" lon="-70.123353">
<ele>3827.6</ele>
<time>2026-10-06T19:24:38-05:00</time>
</trkpt>
<trkpt lat="-15.483392" lon="-70.123357">
<ele>3827.5</ele>
<time>2026-10-06T19:24:40-05:00</time>
</trkpt>
<trkpt lat="-15.483385" lon="-70.123357">
<ele>3827.5</ele>
<time>2026-10-06T19:24:42-05:00</time>
</trkpt>
<trkpt lat="-15.483373" lon="-70.123355">
<ele>3827.7</ele>
<time>2026-10-06T19:24:44-05:00</time>
</trkpt>
<trkpt lat="-15.483378" lon="-70.123357">
<ele>3826.8</ele>
<time>2026-10-06T19:24:46-05:00</time>
</trkpt>
<trkpt lat="-15.483383" lon="-70.123338">
<ele>3828.2</ele>
<time>2026-10-06T19:24:48-05:00</time>
</trkpt>
<trkpt lat="-15.483399" lon="-70.123326">
<ele>3827.3</ele>
<time>2026-10-06T19:24:50-05:00</time>
</trkpt>
<trkpt lat="-15.483487" lon="-70.123391">
<ele>3827.4</ele>
<time>2026-10-06T19:24:52-05:00</time>
</trkpt>
<trkpt lat="-15.483581" lon="-70.123513">
<ele>3827.2</ele>
<time>2026-10-06T19:24:54-05:00</time>
</trkpt>
<trkpt lat="-15.48362" lon="-70.123585">
<ele>3827.0</ele>
<time>2026-10-06T19:24:56-05:00</time>
</trkpt>
<trkpt lat="-15.483623" lon="-70.123576">
<ele>3827.4</ele>
<time>2026-10-06T19:24:58-05:00</time>
</trkpt>
<trkpt lat="-15.483621" lon="-70.123571">
<ele>3827.1</ele>
<time>2026-10-06T19:25:00-05:00</time>
</trkpt>
<trkpt lat="-15.483612" lon="-70.123567">
<ele>3826.4</ele>
<time>2026-10-06T19:25:02-05:00</time>
</trkpt>
<trkpt lat="-15.483606" lon="-70.123557">
<ele>3827.3</ele>
<time>2026-10-06T19:25:04-05:00</time>
</trkpt>
<trkpt lat="-15.483608" lon="-70.123547">
<ele>3826.9</ele>
<time>2026-10-06T19:25:06-05:00</time>
</trkpt>
<trkpt lat="-15.483622" lon="-70.123543">
<ele>3827.1</ele>
<time>2026-10-06T19:25:08-05:00</time>
</trkpt>
<trkpt lat="-15.483614" lon="-70.12356">
<ele>3827.0</ele>
<time>2026-10-06T19:25:10-05:00</time>
</trkpt>
<trkpt lat="-15.483622" lon="-70.123564">
<ele>3826.6</ele>
<time>2026-10-06T19:25:12-05:00</time>
</trkpt>
<trkpt lat="-15.483611" lon="-70.123564">
<ele>3826.5</ele>
<time>2026-10-06T19:25:14-05:00</time>
</trkpt>
<trkpt lat="-15.483611" lon="-70.123566">
<ele>3826.8</ele>
<time>2026-10-06T19:25:16-05:00</time>
</trkpt>
<trkpt lat="-15.483609" lon="-70.123565">
<ele>3826.8</ele>
<time>2026-10-06T19:25:18-05:00</time>
</trkpt>
<trkpt lat="-15.483602" lon="-70.123555">
<ele>3827.4</ele>
<time>2026-10-06T19:25:20-05:00</time>
</trkpt>
<trkpt lat="-15.4836" lon="-70.123537">
<ele>3826.5</ele>
<time>2026-10-06T19:25:22-05:00</time>
</trkpt>
<trkpt lat="-15.483596" lon="-70.123535">
<ele>3826.7</ele>
<time>2026-10-06T19:25:24-05:00</time>
</trkpt>
<trkpt lat="-15.483633" lon="-70.123554">
<ele>3827.5</ele>
<time>2026-10-06T19:25:26-05:00</time>
</trkpt>
<trkpt lat="-15.48371" lon="-70.123577">
<ele>3827.0</ele>
<time>2026-10-06T19:25:28-05:00</time>
</trkpt>
<trkpt lat="-15.483809" lon="-70.123685">
<ele>3826.4</ele>
<time>2026-10-06T19:25:30-05:00</time>
</trkpt>
<trkpt lat="-15.483902" lon="-70.123777">
<ele>3825.8</ele>
<time>2026-10-06T19:25:32-05:00</time>
</trkpt>
<trkpt lat="-15.483969" lon="-70.123838">
<ele>3825.9</ele>
<time>2026-10-06T19:25:34-05:00</time>
</trkpt>
<trkpt lat="-15.484047" lon="-70.123904">
<ele>3825.5</ele>
<time>2026-10-06T19:25:36-05:00</time>
</trkpt>
<trkpt lat="-15.484105" lon="-70.123967">
<ele>3826.0</ele>
<time>2026-10-06T19:25:38-05:00</time>
</trkpt>
<trkpt lat="-15.484138" lon="-70.124067">
<ele>3825.5</ele>
<time>2026-10-06T19:25:40-05:00</time>
</trkpt>
<trkpt lat="-15.484175" lon="-70.12415">
<ele>3826.2</ele>
<time>2026-10-06T19:25:42-05:00</time>
</trkpt>
<trkpt lat="-15.484218" lon="-70.12424">
<ele>3826.3</ele>
<time>2026-10-06T19:25:44-05:00</time>
</trkpt>
<trkpt lat="-15.48424" lon="-70.124329">
<ele>3826.3</ele>
<time>2026-10-06T19:25:46-05:00</time>
</trkpt>
<trkpt lat="-15.484271" lon="-70.124413">
<ele>3825.5</ele>
<time>2026-10-06T19:25:48-05:00</time>
</trkpt>
<trkpt lat="-15.484289" lon="-70.124516">
<ele>3826.6</ele>
<time>2026-10-06T19:25:50-05:00</time>
</trkpt>
<trkpt lat="-15.484325" lon="-70.1246">
<ele>3826.2</ele>
<time>2026-10-06T19:25:52-05:00</time>
</trkpt>
<trkpt lat="-15.484359" lon="-70.124711">
<ele>3826.3</ele>
<time>2026-10-06T19:25:54-05:00</time>
</trkpt>
<trkpt lat="-15.484396" lon="-70.12483">
<ele>3826.3</ele>
<time>2026-10-06T19:25:56-05:00</time>
</trkpt>
<trkpt lat="-15.484513" lon="-70.12481">
<ele>3825.5</ele>
<time>2026-10-06T19:25:58-05:00</time>
</trkpt>
<trkpt lat="-15.484672" lon="-70.124759">
<ele>3826.0</ele>
<time>2026-10-06T19:26:00-05:00</time>
</trkpt>
<trkpt lat="-15.484828" lon="-70.124713">
<ele>3825.6</ele>
<time>2026-10-06T19:26:02-05:00</time>
</trkpt>
<trkpt lat="-15.484913" lon="-70.124682">
<ele>3825.9</ele>
<time>2026-10-06T19:26:04-05:00</time>
</trkpt>
<trkpt lat="-15.484971" lon="-70.124674">
<ele>3826.4</ele>
<time>2026-10-06T19:26:06-05:00</time>
</trkpt>
<trkpt lat="-15.484986" lon="-70.124683">
<ele>3825.2</ele>
<time>2026-10-06T19:26:08-05:00</time>
</trkpt>
<trkpt lat="-15.484983" lon="-70.124677">
<ele>3825.0</ele>
<time>2026-10-06T19:26:10-05:00</time>
</trkpt>
<trkpt lat="-15.484992" lon="-70.12467">
<ele>3825.5</ele>
<time>2026-10-06T19:26:12-05:00</time>
</trkpt>
<trkpt lat="-15.48499" lon="-70.124674">
<ele>3826.7</ele>
<time>2026-10-06T19:26:14-05:00</time>
</trkpt>
<trkpt lat="-15.484999" lon="-70.124667">
<ele>3825.8</ele>
<time>2026-10-06T19:26:16-05:00</time>
</trkpt>
<trkpt lat="-15.485002" lon="-70.124671">
<ele>3824.8</ele>
<time>2026-10-06T19:26:18-05:00</time>
</trkpt>
<trkpt lat="-15.485003" lon="-70.124674">
<ele>3825.9</ele>
<time>2026-10-06T19:26:20-05:00</time>
</trkpt>
<trkpt lat="-15.484997" lon="-70.124688">
<ele>3825.8</ele>
<time>2026-10-06T19:26:22-05:00</time>
</trkpt>
<trkpt lat="-15.484985" lon="-70.124672">
<ele>3825.6</ele>
<time>2026-10-06T19:26:24-05:00</time>
</trkpt>
<trkpt lat="-15.484985" lon="-70.124671">
<ele>3825.7</ele>
<time>2026-10-06T19:26:26-05:00</time>
</trkpt>
<trkpt lat="-15.484988" lon="-70.124685">
<ele>3826.2</ele>
<time>2026-10-06T19:26:28-05:00</time>
</trkpt>
<trkpt lat="-15.484985" lon="-70.124687">
<ele>3826.1</ele>
<time>2026-10-06T19:26:30-05:00</time>
</trkpt>
<trkpt lat="-15.484974" lon="-70.124691">
<ele>3826.3</ele>
<time>2026-10-06T19:26:32-05:00</time>
</trkpt>
<trkpt lat="-15.484972" lon="-70.124686">
<ele>3826.4</ele>
<time>2026-10-06T19:26:34-05:00</time>
</trkpt>
<trkpt lat="-15.48498" lon="-70.124658">
<ele>3825.4</ele>
<time>2026-10-06T19:26:36-05:00</time>
</trkpt>
<trkpt lat="-15.485065" lon="-70.124585">
<ele>3826.2</ele>
<time>2026-10-06T19:26:38-05:00</time>
</trkpt>
<trkpt lat="-15.485169" lon="-70.124539">
<ele>3826.3</ele>
<time>2026-10-06T19:26:40-05:00</time>
</trkpt>
<trkpt lat="-15.485254" lon="-70.124502">
<ele>3826.9</ele>
<time>2026-10-06T19:26:42-05:00</time>
</trkpt>
<trkpt lat="-15.48534" lon="-70.124445">
<ele>3826.9</ele>
<time>2026-10-06T19:26:44-05:00</time>
</trkpt>
<trkpt lat="-15.485433" lon="-70.124423">
<ele>3826.6</ele>
<time>2026-10-06T19:26:46-05:00</time>
</trkpt>
<trkpt lat="-15.485517" lon="-70.124386">
<ele>3826.8</ele>
<time>2026-10-06T19:26:48-05:00</time>
</trkpt>
<trkpt lat="-15.485612" lon="-70.124356">
<ele>3827.0</ele>
<time>2026-10-06T19:26:50-05:00</time>
</trkpt>
<trkpt lat="-15.485697" lon="-70.124318">
<ele>3827.3</ele>
<time>2026-10-06T19:26:52-05:00</time>
</trkpt>
<trkpt lat="-15.485768" lon="-70.12429">
<ele>3827.3</ele>
<time>2026-10-06T19:26:54-05:00</time>
</trkpt>
<trkpt lat="-15.485851" lon="-70.12425">
<ele>3826.2</ele>
<time>2026-10-06T19:26:56-05:00</time>
</trkpt>
<trkpt lat="-15.485914" lon="-70.124227">
<ele>3826.9</ele>
<time>2026-10-06T19:26:58-05:00</time>
</trkpt>
<trkpt lat="-15.486009" lon="-70.124206">
<ele>3826.5</ele>
<time>2026-10-06T19:27:00-05:00</time>
</trkpt>
<trkpt lat="-15.486084" lon="-70.124182">
<ele>3826.6</ele>
<time>2026-10-06T19:27:02-05:00</time>
</trkpt>
<trkpt lat="-15.486163" lon="-70.124154">
<ele>3826.1</ele>
<time>2026-10-06T19:27:04-05:00</time>
</trkpt>
<trkpt lat="-15.486248" lon="-70.12412">
<ele>3826.2</ele>
<time>2026-10-06T19:27:06-05:00</time>
</trkpt>
<trkpt lat="-15.486336" lon="-70.124091">
<ele>3825.6</ele>
<time>2026-10-06T19:27:08-05:00</time>
</trkpt>
<trkpt lat="-15.48642" lon="-70.124055">
<ele>3825.6</ele>
<time>2026-10-06T19:27:10-05:00</time>
</trkpt>
<trkpt lat="-15.486503" lon="-70.124011">
<ele>3826.5</ele>
<time>2026-10-06T19:27:12-05:00</time>
</trkpt>
<trkpt lat="-15.486595" lon="-70.123977">
<ele>3825.7</ele>
<time>2026-10-06T19:27:14-05:00</time>
</trkpt>
<trkpt lat="-15.486674" lon="-70.12394">
<ele>3826.1</ele>
<time>2026-10-06T19:27:16-05:00</time>
</trkpt>
<trkpt lat="-15.486769" lon="-70.123927">
<ele>3826.1</ele>
<time>2026-10-06T19:27:18-05:00</time>
</trkpt>
<trkpt lat="-15.48686" lon="-70.12389">
<ele>3826.3</ele>
<time>2026-10-06T19:27:20-05:00</time>
</trkpt>
<trkpt lat="-15.486965" lon="-70.123887">
<ele>3825.5</ele>
<time>2026-10-06T19:27:22-05:00</time>
</trkpt>
<trkpt lat="-15.487045" lon="-70.123832">
<ele>3825.7</ele>
<time>2026-10-06T19:27:24-05:00</time>
</trkpt>
<trkpt lat="-15.487114" lon="-70.123801">
<ele>3826.4</ele>
<time>2026-10-06T19:27:26-05:00</time>
</trkpt>
<trkpt lat="-15.487186" lon="-70.123775">
<ele>3826.6</ele>
<time>2026-10-06T19:27:28-05:00</time>
</trkpt>
<trkpt lat="-15.487292" lon="-70.123749">
<ele>3825.4</ele>
<time>2026-10-06T19:27:30-05:00</time>
</trkpt>
<trkpt lat="-15.487405" lon="-70.123677">
<ele>3825.6</ele>
<time>2026-10-06T19:27:32-05:00</time>
</trkpt>
<trkpt lat="-15.487511" lon="-70.123623">
<ele>3826.3</ele>
<time>2026-10-06T19:27:34-05:00</time>
</trkpt>
<trkpt lat="-15.487634" lon="-70.123586">
<ele>3826.3</ele>
<time>2026-10-06T19:27:36-05:00</time>
</trkpt>
<trkpt lat="-15.48776" lon="-70.123527">
<ele>3825.2</ele>
<time>2026-10-06T19:27:38-05:00</time>
</trkpt>
<trkpt lat="-15.487872" lon="-70.123476">
<ele>3826.3</ele>
<time>2026-10-06T19:27:40-05:00</time>
</trkpt>
<trkpt lat="-15.487945" lon="-70.12346">
<ele>3825.9</ele>
<time>2026-10-06T19:27:42-05:00</time>
</trkpt>
<trkpt lat="-15.488014" lon="-70.123472">
<ele>3825.5</ele>
<time>2026-10-06T19:27:44-05:00</time>
</trkpt>
<trkpt lat="-15.487987" lon="-70.123476">
<ele>3826.8</ele>
<time>2026-10-06T19:27:46-05:00</time>
</trkpt>
<trkpt lat="-15.488004" lon="-70.123467">
<ele>3826.2</ele>
<time>2026-10-06T19:27:48-05:00</time>
</trkpt>
<trkpt lat="-15.487981" lon="-70.123467">
<ele>3826.1</ele>
<time>2026-10-06T19:27:50-05:00</time>
</trkpt>
<trkpt lat="-15.487973" lon="-70.123476">
<ele>3826.5</ele>
<time>2026-10-06T19:27:52-05:00</time>
</trkpt>
<trkpt lat="-15.487973" lon="-70.123488">
<ele>3825.8</ele>
<time>2026-10-06T19:27:54-05:00</time>
</trkpt>
<trkpt lat="-15.487963" lon="-70.123481">
<ele>3826.7</ele>
<time>2026-10-06T19:27:56-05:00</time>
</trkpt>
<trkpt lat="-15.487969" lon="-70.123494">
<ele>3826.2</ele>
<time>2026-10-06T19:27:58-05:00</time>
</trkpt>
<trkpt lat="-15.487967" lon="-70.123506">
<ele>3826.2</ele>
<time>2026-10-06T19:28:00-05:00</time>
</trkpt>
<trkpt lat="-15.487967" lon="-70.123494">
<ele>3826.5</ele>
<time>2026-10-06T19:28:02-05:00</time>
</trkpt>
<trkpt lat="-15.487973" lon="-70.123475">
<ele>3825.5</ele>
<time>2026-10-06T19:28:04-05:00</time>
</trkpt>
<trkpt lat="-15.487977" lon="-70.123469">
<ele>3826.0</ele>
<time>2026-10-06T19:28:06-05:00</time>
</trkpt>
<trkpt lat="-15.487976" lon="-70.123487">
<ele>3826.2</ele>
<time>2026-10-06T19:28:08-05:00</time>
</trkpt>
<trkpt lat="-15.487984" lon="-70.123474">
<ele>3825.7</ele>
<time>2026-10-06T19:28:10-05:00</time>
</trkpt>
<trkpt lat="-15.487996" lon="-70.123457">
<ele>3825.9</ele>
<time>2026-10-06T19:28:12-05:00</time>
</trkpt>
<trkpt lat="-15.487995" lon="-70.123486">
<ele>3826.7</ele>
<time>2026-10-06T19:28:14-05:00</time>
</trkpt>
<trkpt lat="-15.487987" lon="-70.123502">
<ele>3825.9</ele>
<time>2026-10-06T19:28:16-05:00</time>
</trkpt>
<trkpt lat="-15.487983" lon="-70.123492">
<ele>3825.6</ele>
<time>2026-10-06T19:28:18-05:00</time>
</trkpt>
<trkpt lat="-15.487988" lon="-70.123499">
<ele>3826.3</ele>
<time>2026-10-06T19:28:20-05:00</time>
</trkpt>
<trkpt lat="-15.487986" lon="-70.123502">
<ele>3826.0</ele>
<time>2026-10-06T19:28:22-05:00</time>
</trkpt>
<trkpt lat="-15.487983" lon="-70.123481">
<ele>3826.7</ele>
<time>2026-10-06T19:28:24-05:00</time>
</trkpt>
<trkpt lat="-15.487996" lon="-70.123468">
<ele>3826.5</ele>
<time>2026-10-06T19:28:26-05:00</time>
</trkpt>
<trkpt lat="-15.487998" lon="-70.123474">
<ele>3825.8</ele>
<time>2026-10-06T19:28:28-05:00</time>
</trkpt>
<trkpt lat="-15.487999" lon="-70.123476">
<ele>3825.5</ele>
<time>2026-10-06T19:28:30-05:00</time>
</trkpt>
<trkpt lat="-15.488036" lon="-70.123506">
<ele>3826.2</ele>
<time>2026-10-06T19:28:32-05:00</time>
</trkpt>
<trkpt lat="-15.488045" lon="-70.12358">
<ele>3827.0</ele>
<time>2026-10-06T19:28:34-05:00</time>
</trkpt>
<trkpt lat="-15.488079" lon="-70.12363">
<ele>3826.2</ele>
<time>2026-10-06T19:28:36-05:00</time>
</trkpt>
<trkpt lat="-15.488123" lon="-70.123693">
<ele>3826.6</ele>
<time>2026-10-06T19:28:38-05:00</time>
</trkpt>
<trkpt lat="-15.488129" lon="-70.123731">
<ele>3826.5</ele>
<time>2026-10-06T19:28:40-05:00</time>
</trkpt>
<trkpt lat="-15.488144" lon="-70.123764">
<ele>3826.5</ele>
<time>2026-10-06T19:28:42-05:00</time>
</trkpt>
<trkpt lat="-15.488156" lon="-70.123796">
<ele>3826.5</ele>
<time>2026-10-06T19:28:44-05:00</time>
</trkpt>
<trkpt lat="-15.48818" lon="-70.123858">
<ele>3826.6</ele>
<time>2026-10-06T19:28:46-05:00</time>
</trkpt>
<trkpt lat="-15.488209" lon="-70.12392">
<ele>3826.8</ele>
<time>2026-10-06T19:28:48-05:00</time>
</trkpt>
<trkpt lat="-15.488222" lon="-70.123956">
<ele>3826.6</ele>
<time>2026-10-06T19:28:50-05:00</time>
</trkpt>
<trkpt lat="-15.488238" lon="-70.124031">
<ele>3827.7</ele>
<time>2026-10-06T19:28:52-05:00</time>
</trkpt>
<trkpt lat="-15.488266" lon="-70.124077">
<ele>3826.9</ele>
<time>2026-10-06T19:28:54-05:00</time>
</trkpt>
<trkpt lat="-15.488276" lon="-70.124133">
<ele>3827.0</ele>
<time>2026-10-06T19:28:56-05:00</time>
</trkpt>
<trkpt lat="-15.488298" lon="-70.124191">
<ele>3828.2</ele>
<time>2026-10-06T19:28:58-05:00</time>
</trkpt>
<trkpt lat="-15.488332" lon="-70.124239">
<ele>3826.8</ele>
<time>2026-10-06T19:29:00-05:00</time>
</trkpt>
<trkpt lat="-15.488344" lon="-70.124272">
<ele>3827.5</ele>
<time>2026-10-06T19:29:02-05:00</time>
</trkpt>
<trkpt lat="-15.488365" lon="-70.12431">
<ele>3827.6</ele>
<time>2026-10-06T19:29:04-05:00</time>
</trkpt>
<trkpt lat="-15.488387" lon="-70.124353">
<ele>3826.9</ele>
<time>2026-10-06T19:29:06-05:00</time>
</trkpt>
<trkpt lat="-15.488393" lon="-70.124381">
<ele>3827.7</ele>
<time>2026-10-06T19:29:08-05:00</time>
</trkpt>
<trkpt lat="-15.488415" lon="-70.124422">
<ele>3827.6</ele>
<time>2026-10-06T19:29:10-05:00</time>
</trkpt>
<trkpt lat="-15.488443" lon="-70.124471">
<ele>3828.1</ele>
<time>2026-10-06T19:29:12-05:00</time>
</trkpt>
<trkpt lat="-15.488466" lon="-70.124516">
<ele>3827.2</ele>
<time>2026-10-06T19:29:14-05:00</time>
</trkpt>
<trkpt lat="-15.488489" lon="-70.124564">
<ele>3827.4</ele>
<time>2026-10-06T19:29:16-05:00</time>
</trkpt>
<trkpt lat="-15.488488" lon="-70.124628">
<ele>3827.2</ele>
<time>2026-10-06T19:29:18-05:00</time>
</trkpt>
<trkpt lat="-15.488497" lon="-70.124671">
<ele>3827.7</ele>
<time>2026-10-06T19:29:20-05:00</time>
</trkpt>
<trkpt lat="-15.488513" lon="-70.124738">
<ele>3827.8</ele>
<time>2026-10-06T19:29:22-05:00</time>
</trkpt>
<trkpt lat="-15.488529" lon="-70.124783">
<ele>3826.6</ele>
<time>2026-10-06T19:29:24-05:00</time>
</trkpt>
<trkpt lat="-15.488527" lon="-70.124846">
<ele>3827.6</ele>
<time>2026-10-06T19:29:26-05:00</time>
</trkpt>
<trkpt lat="-15.488547" lon="-70.124894">
<ele>3827.9</ele>
<time>2026-10-06T19:29:28-05:00</time>
</trkpt>
<trkpt lat="-15.488555" lon="-70.124939">
<ele>3827.3</ele>
<time>2026-10-06T19:29:30-05:00</time>
</trkpt>
<trkpt lat="-15.488576" lon="-70.124996">
<ele>3827.3</ele>
<time>2026-10-06T19:29:32-05:00</time>
</trkpt>
<trkpt lat="-15.4886" lon="-70.125047">
<ele>3828.2</ele>
<time>2026-10-06T19:29:34-05:00</time>
</trkpt>
<trkpt lat="-15.48863" lon="-70.12509">
<ele>3826.9</ele>
<time>2026-10-06T19:29:36-05:00</time>
</trkpt>
<trkpt lat="-15.488651" lon="-70.125141">
<ele>3826.6</ele>
<time>2026-10-06T19:29:38-05:00</time>
</trkpt>
<trkpt lat="-15.488665" lon="-70.125199">
<ele>3827.7</ele>
<time>2026-10-06T19:29:40-05:00</time>
</trkpt>
<trkpt lat="-15.488673" lon="-70.125243">
<ele>3827.2</ele>
<time>2026-10-06T19:29:42-05:00</time>
</trkpt>
<trkpt lat="-15.488698" lon="-70.125299">
<ele>3826.8</ele>
<time>2026-10-06T19:29:44-05:00</time>
</trkpt>
<trkpt lat="-15.488724" lon="-70.125358">
<ele>3826.7</ele>
<time>2026-10-06T19:29:46-05:00</time>
</trkpt>
<trkpt lat="-15.488765" lon="-70.125422">
<ele>3827.6</ele>
<time>2026-10-06T19:29:48-05:00</time>
</trkpt>
<trkpt lat="-15.488771" lon="-70.125483">
<ele>3827.0</ele>
<time>2026-10-06T19:29:50-05:00</time>
</trkpt>
<trkpt lat="-15.488792" lon="-70.125517">
<ele>3827.1</ele>
<time>2026-10-06T19:29:52-05:00</time>
</trkpt>
<trkpt lat="-15.488807" lon="-70.125565">
<ele>3826.5</ele>
<time>2026-10-06T19:29:54-05:00</time>
</trkpt>
<trkpt lat="-15.488835" lon="-70.125606">
<ele>3827.7</ele>
<time>2026-10-06T19:29:56-05:00</time>
</trkpt>
<trkpt lat="-15.488866" lon="-70.12563">
<ele>3826.5</ele>
<time>2026-10-06T19:29:58-05:00</time>
</trkpt>
<trkpt lat="-15.488865" lon="-70.125669">
<ele>3827.2</ele>
<time>2026-10-06T19:30:00-05:00</time>
</trkpt>
<trkpt lat="-15.48888" lon="-70.125738">
<ele>3826.9</ele>
<time>2026-10-06T19:30:02-05:00</time>
</trkpt>
<trkpt lat="-15.488889" lon="-70.125793">
<ele>3826.3</ele>
<time>2026-10-06T19:30:04-05:00</time>
</trkpt>
<trkpt lat="-15.488912" lon="-70.125842">
<ele>3826.4</ele>
<time>2026-10-06T19:30:06-05:00</time>
</trkpt>
<trkpt lat="-15.488937" lon="-70.125889">
<ele>3825.6</ele>
<time>2026-10-06T19:30:08-05:00</time>
</trkpt>
<trkpt lat="-15.488943" lon="-70.125947">
<ele>3826.1</ele>
<time>2026-10-06T19:30:10-05:00</time>
</trkpt>
<trkpt lat="-15.488955" lon="-70.126008">
<ele>3825.4</ele>
<time>2026-10-06T19:30:12-05:00</time>
</trkpt>
<trkpt lat="-15.488967" lon="-70.12605">
<ele>3825.6</ele>
<time>2026-10-06T19:30:14-05:00</time>
</trkpt>
<trkpt lat="-15.488984" lon="-70.126117">
<ele>3825.8</ele>
<time>2026-10-06T19:30:16-05:00</time>
</trkpt>
<trkpt lat="-15.489007" lon="-70.126167">
<ele>3825.8</ele>
<time>2026-10-06T19:30:18-05:00</time>
</trkpt>
<trkpt lat="-15.489034" lon="-70.126206">
<ele>3826.1</ele>
<time>2026-10-06T19:30:20-05:00</time>
</trkpt>
<trkpt lat="-15.48906" lon="-70.126251">
<ele>3826.5</ele>
<time>2026-10-06T19:30:22-05:00</time>
</trkpt>
<trkpt lat="-15.489087" lon="-70.126297">
<ele>3826.4</ele>
<time>2026-10-06T19:30:24-05:00</time>
</trkpt>
<trkpt lat="-15.489108" lon="-70.126356">
<ele>3826.3</ele>
<time>2026-10-06T19:30:26-05:00</time>
</trkpt>
<trkpt lat="-15.489129" lon="-70.126393">
<ele>3826.9</ele>
<time>2026-10-06T19:30:28-05:00</time>
</trkpt>
<trkpt lat="-15.489152" lon="-70.126433">
<ele>3826.7</ele>
<time>2026-10-06T19:30:30-05:00</time>
</trkpt>
<trkpt lat="-15.489165" lon="-70.126491">
<ele>3827.2</ele>
<time>2026-10-06T19:30:32-05:00</time>
</trkpt>
<trkpt lat="-15.489192" lon="-70.126557">
<ele>3826.9</ele>
<time>2026-10-06T19:30:34-05:00</time>
</trkpt>
<trkpt lat="-15.489217" lon="-70.126608">
<ele>3826.8</ele>
<time>2026-10-06T19:30:36-05:00</time>
</trkpt>
<trkpt lat="-15.489231" lon="-70.12665">
<ele>3827.0</ele>
<time>2026-10-06T19:30:38-05:00</time>
</trkpt>
<trkpt lat="-15.489226" lon="-70.12669">
<ele>3828.3</ele>
<time>2026-10-06T19:30:40-05:00</time>
</trkpt>
<trkpt lat="-15.489245" lon="-70.126731">
<ele>3827.4</ele>
<time>2026-10-06T19:30:42-05:00</time>
</trkpt>
<trkpt lat="-15.489266" lon="-70.12678">
<ele>3827.8</ele>
<time>2026-10-06T19:30:44-05:00</time>
</trkpt>
<trkpt lat="-15.48927" lon="-70.126819">
<ele>3826.8</ele>
<time>2026-10-06T19:30:46-05:00</time>
</trkpt>
<trkpt lat="-15.489274" lon="-70.126883">
<ele>3827.1</ele>
<time>2026-10-06T19:30:48-05:00</time>
</trkpt>
<trkpt lat="-15.489283" lon="-70.126935">
<ele>3827.1</ele>
<time>2026-10-06T19:30:50-05:00</time>
</trkpt>
<trkpt lat="-15.48929" lon="-70.127009">
<ele>3827.3</ele>
<time>2026-10-06T19:30:52-05:00</time>
</trkpt>
<trkpt lat="-15.4893" lon="-70.127058">
<ele>3826.3</ele>
<time>2026-10-06T19:30:54-05:00</time>
</trkpt>
<trkpt lat="-15.489325" lon="-70.127095">
<ele>3826.9</ele>
<time>2026-10-06T19:30:56-05:00</time>
</trkpt>
<trkpt lat="-15.489344" lon="-70.127135">
<ele>3826.0</ele>
<time>2026-10-06T19:30:58-05:00</time>
</trkpt>
<trkpt lat="-15.489364" lon="-70.127188">
<ele>3826.5</ele>
<time>2026-10-06T19:31:00-05:00</time>
</trkpt>
<trkpt lat="-15.489386" lon="-70.12724">
<ele>3825.2</ele>
<time>2026-10-06T19:31:02-05:00</time>
</trkpt>
<trkpt lat="-15.489414" lon="-70.127297">
<ele>3827.1</ele>
<time>2026-10-06T19:31:04-05:00</time>
</trkpt>
<trkpt lat="-15.489435" lon="-70.127351">
<ele>3825.8</ele>
<time>2026-10-06T19:31:06-05:00</time>
</trkpt>
<trkpt lat="-15.489458" lon="-70.127404">
<ele>3826.7</ele>
<time>2026-10-06T19:31:08-05:00</time>
</trkpt>
<trkpt lat="-15.489471" lon="-70.127461">
<ele>3826.7</ele>
<time>2026-10-06T19:31:10-05:00</time>
</trkpt>
<trkpt lat="-15.489488" lon="-70.127502">
<ele>3826.8</ele>
<time>2026-10-06T19:31:12-05:00</time>
</trkpt>
<trkpt lat="-15.489505" lon="-70.127557">
<ele>3826.6</ele>
<time>2026-10-06T19:31:14-05:00</time>
</trkpt>
<trkpt lat="-15.489521" lon="-70.12761">
<ele>3827.3</ele>
<time>2026-10-06T19:31:16-05:00</time>
</trkpt>
<trkpt lat="-15.489542" lon="-70.127666">
<ele>3826.5</ele>
<time>2026-10-06T19:31:18-05:00</time>
</trkpt>
<trkpt lat="-15.489572" lon="-70.127715">
<ele>3827.1</ele>
<time>2026-10-06T19:31:20-05:00</time>
</trkpt>
<trkpt lat="-15.489581" lon="-70.12777">
<ele>3827.2</ele>
<time>2026-10-06T19:31:22-05:00</time>
</trkpt>
<trkpt lat="-15.489597" lon="-70.127806">
<ele>3826.8</ele>
<time>2026-10-06T19:31:24-05:00</time>
</trkpt>
<trkpt lat="-15.489629" lon="-70.127856">
<ele>3827.8</ele>
<time>2026-10-06T19:31:26-05:00</time>
</trkpt>
<trkpt lat="-15.489636" lon="-70.127904">
<ele>3828.4</ele>
<time>2026-10-06T19:31:28-05:00</time>
</trkpt>
<trkpt lat="-15.48965" lon="-70.127959">
<ele>3828.3</ele>
<time>2026-10-06T19:31:30-05:00</time>
</trkpt>
<trkpt lat="-15.489664" lon="-70.128019">
<ele>3827.8</ele>
<time>2026-10-06T19:31:32-05:00</time>
</trkpt>
<trkpt lat="-15.489699" lon="-70.128064">
<ele>3827.9</ele>
<time>2026-10-06T19:31:34-05:00</time>
</trkpt>
<trkpt lat="-15.489698" lon="-70.12811">
<ele>3827.8</ele>
<time>2026-10-06T19:31:36-05:00</time>
</trkpt>
<trkpt lat="-15.489716" lon="-70.128162">
<ele>3827.2</ele>
<time>2026-10-06T19:31:38-05:00</time>
</trkpt>
<trkpt lat="-15.489728" lon="-70.128225">
<ele>3826.4</ele>
<time>2026-10-06T19:31:40-05:00</time>
</trkpt>
<trkpt lat="-15.489742" lon="-70.128278">
<ele>3827.5</ele>
<time>2026-10-06T19:31:42-05:00</time>
</trkpt>
<trkpt lat="-15.489781" lon="-70.128344">
<ele>3826.5</ele>
<time>2026-10-06T19:31:44-05:00</time>
</trkpt>
<trkpt lat="-15.489809" lon="-70.12841">
<ele>3826.9</ele>
<time>2026-10-06T19:31:46-05:00</time>
</trkpt>
<trkpt lat="-15.489836" lon="-70.128491">
<ele>3826.5</ele>
<time>2026-10-06T19:31:48-05:00</time>
</trkpt>
<trkpt lat="-15.489858" lon="-70.12855">
<ele>3825.9</ele>
<time>2026-10-06T19:31:50-05:00</time>
</trkpt>
<trkpt lat="-15.489867" lon="-70.128604">
<ele>3825.5</ele>
<time>2026-10-06T19:31:52-05:00</time>
</trkpt>
<trkpt lat="-15.489893" lon="-70.128685">
<ele>3825.8</ele>
<time>2026-10-06T19:31:54-05:00</time>
</trkpt>
<trkpt lat="-15.489911" lon="-70.128752">
<ele>3826.3</ele>
<time>2026-10-06T19:31:56-05:00</time>
</trkpt>
<trkpt lat="-15.489934" lon="-70.12879">
<ele>3825.5</ele>
<time>2026-10-06T19:31:58-05:00</time>
</trkpt>
<trkpt lat="-15.489957" lon="-70.128848">
<ele>3826.8</ele>
<time>2026-10-06T19:32:00-05:00</time>
</trkpt>
<trkpt lat="-15.48998" lon="-70.128925">
<ele>3826.0</ele>
<time>2026-10-06T19:32:02-05:00</time>
</trkpt>
<trkpt lat="-15.490016" lon="-70.128992">
<ele>3826.3</ele>
<time>2026-10-06T19:32:04-05:00</time>
</trkpt>
<trkpt lat="-15.490028" lon="-70.129063">
<ele>3826.5</ele>
<time>2026-10-06T19:32:06-05:00</time>
</trkpt>
<trkpt lat="-15.490015" lon="-70.129104">
<ele>3827.0</ele>
<time>2026-10-06T19:32:08-05:00</time>
</trkpt>
<trkpt lat="-15.490026" lon="-70.129149">
<ele>3826.7</ele>
<time>2026-10-06T19:32:10-05:00</time>
</trkpt>
<trkpt lat="-15.49003" lon="-70.129163">
<ele>3826.5</ele>
<time>2026-10-06T19:32:12-05:00</time>
</trkpt>
<trkpt lat="-15.490038" lon="-70.129167">
<ele>3827.3</ele>
<time>2026-10-06T19:32:14-05:00</time>
</trkpt>
<trkpt lat="-15.490023" lon="-70.12915">
<ele>3826.4</ele>
<time>2026-10-06T19:32:16-05:00</time>
</trkpt>
<trkpt lat="-15.490029" lon="-70.129128">
<ele>3826.7</ele>
<time>2026-10-06T19:32:18-05:00</time>
</trkpt>
<trkpt lat="-15.49004" lon="-70.129144">
<ele>3826.9</ele>
<time>2026-10-06T19:32:20-05:00</time>
</trkpt>
<trkpt lat="-15.49005" lon="-70.129138">
<ele>3826.7</ele>
<time>2026-10-06T19:32:22-05:00</time>
</trkpt>
<trkpt lat="-15.490045" lon="-70.129139">
<ele>3826.8</ele>
<time>2026-10-06T19:32:24-05:00</time>
</trkpt>
<trkpt lat="-15.490043" lon="-70.129144">
<ele>3827.0</ele>
<time>2026-10-06T19:32:26-05:00</time>
</trkpt>
<trkpt lat="-15.490055" lon="-70.129132">
<ele>3826.5</ele>
<time>2026-10-06T19:32:28-05:00</time>
</trkpt>
<trkpt lat="-15.490046" lon="-70.129146">
<ele>3826.7</ele>
<time>2026-10-06T19:32:30-05:00</time>
</trkpt>
<trkpt lat="-15.49006" lon="-70.129141">
<ele>3826.4</ele>
<time>2026-10-06T19:32:32-05:00</time>
</trkpt>
<trkpt lat="-15.490048" lon="-70.129139">
<ele>3825.4</ele>
<time>2026-10-06T19:32:34-05:00</time>
</trkpt>
<trkpt lat="-15.490043" lon="-70.129134">
<ele>3826.7</ele>
<time>2026-10-06T19:32:36-05:00</time>
</trkpt>
<trkpt lat="-15.490047" lon="-70.12914">
<ele>3826.2</ele>
<time>2026-10-06T19:32:38-05:00</time>
</trkpt>
<trkpt lat="-15.490038" lon="-70.129137">
<ele>3827.0</ele>
<time>2026-10-06T19:32:40-05:00</time>
</trkpt>
<trkpt lat="-15.490041" lon="-70.129134">
<ele>3827.1</ele>
<time>2026-10-06T19:32:42-05:00</time>
</trkpt>
<trkpt lat="-15.490041" lon="-70.12913">
<ele>3826.5</ele>
<time>2026-10-06T19:32:44-05:00</time>
</trkpt>
<trkpt lat="-15.490034" lon="-70.129137">
<ele>3826.9</ele>
<time>2026-10-06T19:32:46-05:00</time>
</trkpt>
<trkpt lat="-15.490039" lon="-70.129135">
<ele>3826.8</ele>
<time>2026-10-06T19:32:48-05:00</time>
</trkpt>
<trkpt lat="-15.490049" lon="-70.129115">
<ele>3826.7</ele>
<time>2026-10-06T19:32:50-05:00</time>
</trkpt>
<trkpt lat="-15.49005" lon="-70.129108">
<ele>3827.4</ele>
<time>2026-10-06T19:32:52-05:00</time>
</trkpt>
<trkpt lat="-15.490043" lon="-70.129097">
<ele>3826.7</ele>
<time>2026-10-06T19:32:54-05:00</time>
</trkpt>
<trkpt lat="-15.490053" lon="-70.129103">
<ele>3826.9</ele>
<time>2026-10-06T19:32:56-05:00</time>
</trkpt>
<trkpt lat="-15.490065" lon="-70.129137">
<ele>3827.5</ele>
<time>2026-10-06T19:32:58-05:00</time>
</trkpt>
<trkpt lat="-15.490094" lon="-70.129165">
<ele>3825.8</ele>
<time>2026-10-06T19:33:00-05:00</time>
</trkpt>
<trkpt lat="-15.490128" lon="-70.129202">
<ele>3826.4</ele>
<time>2026-10-06T19:33:02-05:00</time>
</trkpt>
<trkpt lat="-15.49014" lon="-70.129251">
<ele>3826.9</ele>
<time>2026-10-06T19:33:04-05:00</time>
</trkpt>
<trkpt lat="-15.490157" lon="-70.129309">
<ele>3827.4</ele>
<time>2026-10-06T19:33:06-05:00</time>
</trkpt>
<trkpt lat="-15.490176" lon="-70.129335">
<ele>3827.0</ele>
<time>2026-10-06T19:33:08-05:00</time>
</trkpt>
<trkpt lat="-15.490196" lon="-70.129383">
<ele>3827.1</ele>
<time>2026-10-06T19:33:10-05:00</time>
</trkpt>
<trkpt lat="-15.49023" lon="-70.129438">
<ele>3826.9</ele>
<time>2026-10-06T19:33:12-05:00</time>
</trkpt>
<trkpt lat="-15.490239" lon="-70.129473">
<ele>3826.5</ele>
<time>2026-10-06T19:33:14-05:00</time>
</trkpt>
<trkpt lat="-15.49027" lon="-70.12952">
<ele>3828.1</ele>
<time>2026-10-06T19:33:16-05:00</time>
</trkpt>
<trkpt lat="-15.490307" lon="-70.129563">
<ele>3827.6</ele>
<time>2026-10-06T19:33:18-05:00</time>
</trkpt>
<trkpt lat="-15.490315" lon="-70.12962">
<ele>3827.1</ele>
<time>2026-10-06T19:33:20-05:00</time>
</trkpt>
<trkpt lat="-15.490322" lon="-70.129684">
<ele>3827.2</ele>
<time>2026-10-06T19:33:22-05:00</time>
</trkpt>
<trkpt lat="-15.490348" lon="-70.129736">
<ele>3827.3</ele>
<time>2026-10-06T19:33:24-05:00</time>
</trkpt>
<trkpt lat="-15.490346" lon="-70.1298">
<ele>3827.3</ele>
<time>2026-10-06T19:33:26-05:00</time>
</trkpt>
<trkpt lat="-15.490372" lon="-70.129842">
<ele>3827.6</ele>
<time>2026-10-06T19:33:28-05:00</time>
</trkpt>
<trkpt lat="-15.4904" lon="-70.129902">
<ele>3827.5</ele>
<time>2026-10-06T19:33:30-05:00</time>
</trkpt>
<trkpt lat="-15.490412" lon="-70.129937">
<ele>3827.4</ele>
<time>2026-10-06T19:33:32-05:00</time>
</trkpt>
<trkpt lat="-15.490426" lon="-70.129985">
<ele>3828.1</ele>
<time>2026-10-06T19:33:34-05:00</time>
</trkpt>
<trkpt lat="-15.490434" lon="-70.130049">
<ele>3826.9</ele>
<time>2026-10-06T19:33:36-05:00</time>
</trkpt>
<trkpt lat="-15.490465" lon="-70.130065">
<ele>3827.4</ele>
<time>2026-10-06T19:33:38-05:00</time>
</trkpt>
<trkpt lat="-15.490491" lon="-70.130096">
<ele>3827.9</ele>
<time>2026-10-06T19:33:40-05:00</time>
</trkpt>
<trkpt lat="-15.490502" lon="-70.130145">
<ele>3828.2</ele>
<time>2026-10-06T19:33:42-05:00</time>
</trkpt>
<trkpt lat="-15.490512" lon="-70.130158">
<ele>3827.5</ele>
<time>2026-10-06T19:33:44-05:00</time>
</trkpt>
<trkpt lat="-15.490531" lon="-70.130185">
<ele>3828.1</ele>
<time>2026-10-06T19:33:46-05:00</time>
</trkpt>
<trkpt lat="-15.490545" lon="-70.130227">
<ele>3827.4</ele>
<time>2026-10-06T19:33:48-05:00</time>
</trkpt>
<trkpt lat="-15.490554" lon="-70.130274">
<ele>3827.6</ele>
<time>2026-10-06T19:33:50-05:00</time>
</trkpt>
<trkpt lat="-15.490575" lon="-70.130329">
<ele>3828.5</ele>
<time>2026-10-06T19:33:52-05:00</time>
</trkpt>
<trkpt lat="-15.490595" lon="-70.130396">
<ele>3828.4</ele>
<time>2026-10-06T19:33:54-05:00</time>
</trkpt>
<trkpt lat="-15.490601" lon="-70.130446">
<ele>3827.8</ele>
<time>2026-10-06T19:33:56-05:00</time>
</trkpt>
<trkpt lat="-15.490619" lon="-70.130506">
<ele>3828.2</ele>
<time>2026-10-06T19:33:58-05:00</time>
</trkpt>
<trkpt lat="-15.490619" lon="-70.130543">
<ele>3827.2</ele>
<time>2026-10-06T19:34:00-05:00</time>
</trkpt>
<trkpt lat="-15.490628" lon="-70.130581">
<ele>3827.0</ele>
<time>2026-10-06T19:34:02-05:00</time>
</trkpt>
<trkpt lat="-15.490651" lon="-70.130613">
<ele>3828.4</ele>
<time>2026-10-06T19:34:04-05:00</time>
</trkpt>
<trkpt lat="-15.490668" lon="-70.130687">
<ele>3827.7</ele>
<time>2026-10-06T19:34:06-05:00</time>
</trkpt>
<trkpt lat="-15.490686" lon="-70.130724">
<ele>3827.6</ele>
<time>2026-10-06T19:34:08-05:00</time>
</trkpt>
<trkpt lat="-15.490717" lon="-70.130749">
<ele>3827.9</ele>
<time>2026-10-06T19:34:10-05:00</time>
</trkpt>
<trkpt lat="-15.490732" lon="-70.130786">
<ele>3828.1</ele>
<time>2026-10-06T19:34:12-05:00</time>
</trkpt>
<trkpt lat="-15.490738" lon="-70.130835">
<ele>3827.8</ele>
<time>2026-10-06T19:34:14-05:00</time>
</trkpt>
<trkpt lat="-15.490751" lon="-70.130872">
<ele>3828.4</ele>
<time>2026-10-06T19:34:16-05:00</time>
</trkpt>
<trkpt lat="-15.490753" lon="-70.130928">
<ele>3827.4</ele>
<time>2026-10-06T19:34:18-05:00</time>
</trkpt>
<trkpt lat="-15.490774" lon="-70.13097">
<ele>3828.0</ele>
<time>2026-10-06T19:34:20-05:00</time>
</trkpt>
<trkpt lat="-15.490785" lon="-70.131009">
<ele>3827.7</ele>
<time>2026-10-06T19:34:22-05:00</time>
</trkpt>
<trkpt lat="-15.490797" lon="-70.13105">
<ele>3827.7</ele>
<time>2026-10-06T19:34:24-05:00</time>
</trkpt>
<trkpt lat="-15.490806" lon="-70.131071">
<ele>3828.5</ele>
<time>2026-10-06T19:34:26-05:00</time>
</trkpt>
<trkpt lat="-15.490826" lon="-70.131114">
<ele>3827.8</ele>
<time>2026-10-06T19:34:28-05:00</time>
</trkpt>
<trkpt lat="-15.490825" lon="-70.131155">
<ele>3827.9</ele>
<time>2026-10-06T19:34:30-05:00</time>
</trkpt>
<trkpt lat="-15.490855" lon="-70.131209">
<ele>3828.2</ele>
<time>2026-10-06T19:34:32-05:00</time>
</trkpt>
<trkpt lat="-15.49087" lon="-70.131264">
<ele>3828.1</ele>
<time>2026-10-06T19:34:34-05:00</time>
</trkpt>
<trkpt lat="-15.49089" lon="-70.131316">
<ele>3827.7</ele>
<time>2026-10-06T19:34:36-05:00</time>
</trkpt>
<trkpt lat="-15.490916" lon="-70.131364">
<ele>3828.0</ele>
<time>2026-10-06T19:34:38-05:00</time>
</trkpt>
<trkpt lat="-15.490935" lon="-70.131422">
<ele>3827.1</ele>
<time>2026-10-06T19:34:40-05:00</time>
</trkpt>
<trkpt lat="-15.490948" lon="-70.131462">
<ele>3827.2</ele>
<time>2026-10-06T19:34:42-05:00</time>
</trkpt>
<trkpt lat="-15.490966" lon="-70.131486">
<ele>3827.4</ele>
<time>2026-10-06T19:34:44-05:00</time>
</trkpt>
<trkpt lat="-15.490984" lon="-70.131514">
<ele>3827.2</ele>
<time>2026-10-06T19:34:46-05:00</time>
</trkpt>
<trkpt lat="-15.491007" lon="-70.131548">
<ele>3827.7</ele>
<time>2026-10-06T19:34:48-05:00</time>
</trkpt>
<trkpt lat="-15.491024" lon="-70.13158">
<ele>3827.6</ele>
<time>2026-10-06T19:34:50-05:00</time>
</trkpt>
<trkpt lat="-15.491043" lon="-70.13162">
<ele>3828.5</ele>
<time>2026-10-06T19:34:52-05:00</time>
</trkpt>
<trkpt lat="-15.491031" lon="-70.131678">
<ele>3827.8</ele>
<time>2026-10-06T19:34:54-05:00</time>
</trkpt>
<trkpt lat="-15.491062" lon="-70.131735">
<ele>3827.9</ele>
<time>2026-10-06T19:34:56-05:00</time>
</trkpt>
<trkpt lat="-15.491084" lon="-70.131774">
<ele>3827.4</ele>
<time>2026-10-06T19:34:58-05:00</time>
</trkpt>
<trkpt lat="-15.491094" lon="-70.131823">
<ele>3828.2</ele>
<time>2026-10-06T19:35:00-05:00</time>
</trkpt>
<trkpt lat="-15.491111" lon="-70.131858">
<ele>3827.9</ele>
<time>2026-10-06T19:35:02-05:00</time>
</trkpt>
<trkpt lat="-15.491113" lon="-70.131895">
<ele>3826.9</ele>
<time>2026-10-06T19:35:04-05:00</time>
</trkpt>
<trkpt lat="-15.491122" lon="-70.131955">
<ele>3827.9</ele>
<time>2026-10-06T19:35:06-05:00</time>
</trkpt>
<trkpt lat="-15.491135" lon="-70.131986">
<ele>3827.8</ele>
<time>2026-10-06T19:35:08-05:00</time>
</trkpt>
<trkpt lat="-15.49115" lon="-70.132026">
<ele>3828.2</ele>
<time>2026-10-06T19:35:10-05:00</time>
</trkpt>
<trkpt lat="-15.491167" lon="-70.132051">
<ele>3826.8</ele>
<time>2026-10-06T19:35:12-05:00</time>
</trkpt>
<trkpt lat="-15.491175" lon="-70.132095">
<ele>3827.5</ele>
<time>2026-10-06T19:35:14-05:00</time>
</trkpt>
<trkpt lat="-15.491195" lon="-70.132137">
<ele>3827.7</ele>
<time>2026-10-06T19:35:16-05:00</time>
</trkpt>
<trkpt lat="-15.491197" lon="-70.13219">
<ele>3827.4</ele>
<time>2026-10-06T19:35:18-05:00</time>
</trkpt>
<trkpt lat="-15.491214" lon="-70.132236">
<ele>3827.2</ele>
<time>2026-10-06T19:35:20-05:00</time>
</trkpt>
<trkpt lat="-15.491217" lon="-70.132281">
<ele>3827.7</ele>
<time>2026-10-06T19:35:22-05:00</time>
</trkpt>
<trkpt lat="-15.491228" lon="-70.132342">
<ele>3826.8</ele>
<time>2026-10-06T19:35:24-05:00</time>
</trkpt>
<trkpt lat="-15.491252" lon="-70.132389">
<ele>3827.1</ele>
<time>2026-10-06T19:35:26-05:00</time>
</trkpt>
<trkpt lat="-15.491301" lon="-70.132434">
<ele>3827.4</ele>
<time>2026-10-06T19:35:28-05:00</time>
</trkpt>
<trkpt lat="-15.491304" lon="-70.132497">
<ele>3827.5</ele>
<time>2026-10-06T19:35:30-05:00</time>
</trkpt>
<trkpt lat="-15.491321" lon="-70.132532">
<ele>3827.8</ele>
<time>2026-10-06T19:35:32-05:00</time>
</trkpt>
<trkpt lat="-15.491352" lon="-70.132564">
<ele>3827.0</ele>
<time>2026-10-06T19:35:34-05:00</time>
</trkpt>
<trkpt lat="-15.491375" lon="-70.13261">
<ele>3828.4</ele>
<time>2026-10-06T19:35:36-05:00</time>
</trkpt>
<trkpt lat="-15.491396" lon="-70.132652">
<ele>3827.3</ele>
<time>2026-10-06T19:35:38-05:00</time>
</trkpt>
<trkpt lat="-15.491391" lon="-70.132684">
<ele>3827.4</ele>
<time>2026-10-06T19:35:40-05:00</time>
</trkpt>
<trkpt lat="-15.491403" lon="-70.132728">
<ele>3827.6</ele>
<time>2026-10-06T19:35:42-05:00</time>
</trkpt>
<trkpt lat="-15.491416" lon="-70.132785">
<ele>3827.7</ele>
<time>2026-10-06T19:35:44-05:00</time>
</trkpt>
<trkpt lat="-15.491451" lon="-70.132835">
<ele>3828.0</ele>
<time>2026-10-06T19:35:46-05:00</time>
</trkpt>
<trkpt lat="-15.491479" lon="-70.132875">
<ele>3828.8</ele>
<time>2026-10-06T19:35:48-05:00</time>
</trkpt>
<trkpt lat="-15.491487" lon="-70.132936">
<ele>3827.7</ele>
<time>2026-10-06T19:35:50-05:00</time>
</trkpt>
<trkpt lat="-15.491504" lon="-70.133003">
<ele>3827.1</ele>
<time>2026-10-06T19:35:52-05:00</time>
</trkpt>
<trkpt lat="-15.491509" lon="-70.133041">
<ele>3827.7</ele>
<time>2026-10-06T19:35:54-05:00</time>
</trkpt>
<trkpt lat="-15.491534" lon="-70.133074">
<ele>3828.2</ele>
<time>2026-10-06T19:35:56-05:00</time>
</trkpt>
<trkpt lat="-15.491548" lon="-70.133104">
<ele>3828.5</ele>
<time>2026-10-06T19:35:58-05:00</time>
</trkpt>
<trkpt lat="-15.49157" lon="-70.133151">
<ele>3828.4</ele>
<time>2026-10-06T19:36:00-05:00</time>
</trkpt>
<trkpt lat="-15.491591" lon="-70.133214">
<ele>3828.6</ele>
<time>2026-10-06T19:36:02-05:00</time>
</trkpt>
<trkpt lat="-15.491611" lon="-70.133265">
<ele>3828.3</ele>
<time>2026-10-06T19:36:04-05:00</time>
</trkpt>
<trkpt lat="-15.49163" lon="-70.133307">
<ele>3828.1</ele>
<time>2026-10-06T19:36:06-05:00</time>
</trkpt>
<trkpt lat="-15.491653" lon="-70.133359">
<ele>3827.6</ele>
<time>2026-10-06T19:36:08-05:00</time>
</trkpt>
<trkpt lat="-15.491675" lon="-70.133415">
<ele>3829.1</ele>
<time>2026-10-06T19:36:10-05:00</time>
</trkpt>
<trkpt lat="-15.491689" lon="-70.133454">
<ele>3828.4</ele>
<time>2026-10-06T19:36:12-05:00</time>
</trkpt>
<trkpt lat="-15.491704" lon="-70.133517">
<ele>3828.1</ele>
<time>2026-10-06T19:36:14-05:00</time>
</trkpt>
<trkpt lat="-15.491729" lon="-70.133562">
<ele>3828.2</ele>
<time>2026-10-06T19:36:16-05:00</time>
</trkpt>
<trkpt lat="-15.491755" lon="-70.133616">
<ele>3828.3</ele>
<time>2026-10-06T19:36:18-05:00</time>
</trkpt>
<trkpt lat="-15.491772" lon="-70.133657">
<ele>3828.7</ele>
<time>2026-10-06T19:36:20-05:00</time>
</trkpt>
<trkpt lat="-15.49176" lon="-70.1337">
<ele>3828.4</ele>
<time>2026-10-06T19:36:22-05:00</time>
</trkpt>
<trkpt lat="-15.491786" lon="-70.133739">
<ele>3828.7</ele>
<time>2026-10-06T19:36:24-05:00</time>
</trkpt>
<trkpt lat="-15.491796" lon="-70.133757">
<ele>3829.1</ele>
<time>2026-10-06T19:36:26-05:00</time>
</trkpt>
<trkpt lat="-15.491833" lon="-70.13374">
<ele>3828.9</ele>
<time>2026-10-06T19:36:28-05:00</time>
</trkpt>
<trkpt lat="-15.491869" lon="-70.133725">
<ele>3829.2</ele>
<time>2026-10-06T19:36:30-05:00</time>
</trkpt>
<trkpt lat="-15.491916" lon="-70.1337">
<ele>3828.1</ele>
<time>2026-10-06T19:36:32-05:00</time>
</trkpt>
<trkpt lat="-15.491984" lon="-70.133673">
<ele>3829.0</ele>
<time>2026-10-06T19:36:34-05:00</time>
</trkpt>
<trkpt lat="-15.492034" lon="-70.133644">
<ele>3828.7</ele>
<time>2026-10-06T19:36:36-05:00</time>
</trkpt>
<trkpt lat="-15.492091" lon="-70.133614">
<ele>3828.5</ele>
<time>2026-10-06T19:36:38-05:00</time>
</trkpt>
<trkpt lat="-15.492146" lon="-70.133589">
<ele>3828.7</ele>
<time>2026-10-06T19:36:40-05:00</time>
</trkpt>
<trkpt lat="-15.4922" lon="-70.133561">
<ele>3828.5</ele>
<time>2026-10-06T19:36:42-05:00</time>
</trkpt>
<trkpt lat="-15.492262" lon="-70.133539">
<ele>3828.4</ele>
<time>2026-10-06T19:36:44-05:00</time>
</trkpt>
<trkpt lat="-15.492311" lon="-70.133522">
<ele>3829.1</ele>
<time>2026-10-06T19:36:46-05:00</time>
</trkpt>
<trkpt lat="-15.492371" lon="-70.133509">
<ele>3829.3</ele>
<time>2026-10-06T19:36:48-05:00</time>
</trkpt>
<trkpt lat="-15.492421" lon="-70.133486">
<ele>3829.6</ele>
<time>2026-10-06T19:36:50-05:00</time>
</trkpt>
<trkpt lat="-15.492472" lon="-70.133463">
<ele>3828.8</ele>
<time>2026-10-06T19:36:52-05:00</time>
</trkpt>
<trkpt lat="-15.492529" lon="-70.133453">
<ele>3828.5</ele>
<time>2026-10-06T19:36:54-05:00</time>
</trkpt>
<trkpt lat="-15.492556" lon="-70.133436">
<ele>3828.6</ele>
<time>2026-10-06T19:36:56-05:00</time>
</trkpt>
<trkpt lat="-15.492612" lon="-70.133403">
<ele>3829.5</ele>
<time>2026-10-06T19:36:58-05:00</time>
</trkpt>
<trkpt lat="-15.492654" lon="-70.13338">
<ele>3828.6</ele>
<time>2026-10-06T19:37:00-05:00</time>
</trkpt>
<trkpt lat="-15.492684" lon="-70.133361">
<ele>3829.2</ele>
<time>2026-10-06T19:37:02-05:00</time>
</trkpt>
<trkpt lat="-15.492726" lon="-70.133337">
<ele>3829.4</ele>
<time>2026-10-06T19:37:04-05:00</time>
</trkpt>
<trkpt lat="-15.492771" lon="-70.133321">
<ele>3830.3</ele>
<time>2026-10-06T19:37:06-05:00</time>
</trkpt>
<trkpt lat="-15.492815" lon="-70.1333">
<ele>3829.9</ele>
<time>2026-10-06T19:37:08-05:00</time>
</trkpt>
<trkpt lat="-15.492856" lon="-70.133299">
<ele>3829.1</ele>
<time>2026-10-06T19:37:10-05:00</time>
</trkpt>
<trkpt lat="-15.492896" lon="-70.13328">
<ele>3829.8</ele>
<time>2026-10-06T19:37:12-05:00</time>
</trkpt>
<trkpt lat="-15.492957" lon="-70.13326">
<ele>3830.4</ele>
<time>2026-10-06T19:37:14-05:00</time>
</trkpt>
<trkpt lat="-15.493016" lon="-70.133237">
<ele>3830.0</ele>
<time>2026-10-06T19:37:16-05:00</time>
</trkpt>
<trkpt lat="-15.493043" lon="-70.133221">
<ele>3831.0</ele>
<time>2026-10-06T19:37:18-05:00</time>
</trkpt>
<trkpt lat="-15.493082" lon="-70.133192">
<ele>3831.5</ele>
<time>2026-10-06T19:37:20-05:00</time>
</trkpt>
<trkpt lat="-15.493136" lon="-70.133201">
<ele>3830.7</ele>
<time>2026-10-06T19:37:22-05:00</time>
</trkpt>
<trkpt lat="-15.49318" lon="-70.133179">
<ele>3830.7</ele>
<time>2026-10-06T19:37:24-05:00</time>
</trkpt>
<trkpt lat="-15.493216" lon="-70.133157">
<ele>3831.6</ele>
<time>2026-10-06T19:37:26-05:00</time>
</trkpt>
<trkpt lat="-15.49326" lon="-70.133129">
<ele>3831.1</ele>
<time>2026-10-06T19:37:28-05:00</time>
</trkpt>
<trkpt lat="-15.493298" lon="-70.133107">
<ele>3831.9</ele>
<time>2026-10-06T19:37:30-05:00</time>
</trkpt>
<trkpt lat="-15.493355" lon="-70.133101">
<ele>3832.4</ele>
<time>2026-10-06T19:37:32-05:00</time>
</trkpt>
<trkpt lat="-15.49341" lon="-70.133072">
<ele>3831.6</ele>
<time>2026-10-06T19:37:34-05:00</time>
</trkpt>
<trkpt lat="-15.493457" lon="-70.133091">
<ele>3832.3</ele>
<time>2026-10-06T19:37:36-05:00</time>
</trkpt>
<trkpt lat="-15.4935" lon="-70.133089">
<ele>3832.2</ele>
<time>2026-10-06T19:37:38-05:00</time>
</trkpt>
<trkpt lat="-15.493556" lon="-70.133087">
<ele>3831.9</ele>
<time>2026-10-06T19:37:40-05:00</time>
</trkpt>
<trkpt lat="-15.493596" lon="-70.13305">
<ele>3832.1</ele>
<time>2026-10-06T19:37:42-05:00</time>
</trkpt>
<trkpt lat="-15.493631" lon="-70.133029">
<ele>3831.7</ele>
<time>2026-10-06T19:37:44-05:00</time>
</trkpt>
<trkpt lat="-15.493659" lon="-70.133014">
<ele>3832.3</ele>
<time>2026-10-06T19:37:46-05:00</time>
</trkpt>
<trkpt lat="-15.493702" lon="-70.133">
<ele>3831.2</ele>
<time>2026-10-06T19:37:48-05:00</time>
</trkpt>
<trkpt lat="-15.49375" lon="-70.13297">
<ele>3831.9</ele>
<time>2026-10-06T19:37:50-05:00</time>
</trkpt>
<trkpt lat="-15.493801" lon="-70.132948">
<ele>3831.0</ele>
<time>2026-10-06T19:37:52-05:00</time>
</trkpt>
<trkpt lat="-15.493847" lon="-70.132931">
<ele>3831.1</ele>
<time>2026-10-06T19:37:54-05:00</time>
</trkpt>
<trkpt lat="-15.493876" lon="-70.132913">
<ele>3831.0</ele>
<time>2026-10-06T19:37:56-05:00</time>
</trkpt>
<trkpt lat="-15.493945" lon="-70.132909">
<ele>3831.5</ele>
<time>2026-10-06T19:37:58-05:00</time>
</trkpt>
<trkpt lat="-15.493995" lon="-70.13288">
<ele>3830.7</ele>
<time>2026-10-06T19:38:00-05:00</time>
</trkpt>
<trkpt lat="-15.494069" lon="-70.132862">
<ele>3831.1</ele>
<time>2026-10-06T19:38:02-05:00</time>
</trkpt>
<trkpt lat="-15.494117" lon="-70.132831">
<ele>3830.7</ele>
<time>2026-10-06T19:38:04-05:00</time>
</trkpt>
<trkpt lat="-15.494178" lon="-70.132788">
<ele>3831.0</ele>
<time>2026-10-06T19:38:06-05:00</time>
</trkpt>
<trkpt lat="-15.494239" lon="-70.132772">
<ele>3830.4</ele>
<time>2026-10-06T19:38:08-05:00</time>
</trkpt>
<trkpt lat="-15.494295" lon="-70.13274">
<ele>3830.6</ele>
<time>2026-10-06T19:38:10-05:00</time>
</trkpt>
<trkpt lat="-15.494358" lon="-70.1327">
<ele>3831.1</ele>
<time>2026-10-06T19:38:12-05:00</time>
</trkpt>
<trkpt lat="-15.494427" lon="-70.132665">
<ele>3830.3</ele>
<time>2026-10-06T19:38:14-05:00</time>
</trkpt>
<trkpt lat="-15.494487" lon="-70.132653">
<ele>3830.1</ele>
<time>2026-10-06T19:38:16-05:00</time>
</trkpt>
<trkpt lat="-15.494537" lon="-70.132642">
<ele>3830.2</ele>
<time>2026-10-06T19:38:18-05:00</time>
</trkpt>
<trkpt lat="-15.494589" lon="-70.132634">
<ele>3830.5</ele>
<time>2026-10-06T19:38:20-05:00</time>
</trkpt>
<trkpt lat="-15.494632" lon="-70.132629">
<ele>3830.1</ele>
<time>2026-10-06T19:38:22-05:00</time>
</trkpt>
<trkpt lat="-15.494666" lon="-70.132625">
<ele>3830.2</ele>
<time>2026-10-06T19:38:24-05:00</time>
</trkpt>
<trkpt lat="-15.49464" lon="-70.132629">
<ele>3830.1</ele>
<time>2026-10-06T19:38:26-05:00</time>
</trkpt>
<trkpt lat="-15.49463" lon="-70.132646">
<ele>3829.3</ele>
<time>2026-10-06T19:38:28-05:00</time>
</trkpt>
<trkpt lat="-15.494619" lon="-70.132643">
<ele>3830.1</ele>
<time>2026-10-06T19:38:30-05:00</time>
</trkpt>
<trkpt lat="-15.494622" lon="-70.132622">
<ele>3829.5</ele>
<time>2026-10-06T19:38:32-05:00</time>
</trkpt>
<trkpt lat="-15.494622" lon="-70.13263">
<ele>3830.2</ele>
<time>2026-10-06T19:38:34-05:00</time>
</trkpt>
<trkpt lat="-15.494623" lon="-70.132628">
<ele>3829.6</ele>
<time>2026-10-06T19:38:36-05:00</time>
</trkpt>
<trkpt lat="-15.494622" lon="-70.132616">
<ele>3829.7</ele>
<time>2026-10-06T19:38:38-05:00</time>
</trkpt>
<trkpt lat="-15.494628" lon="-70.132624">
<ele>3830.5</ele>
<time>2026-10-06T19:38:40-05:00</time>
</trkpt>
<trkpt lat="-15.494638" lon="-70.132623">
<ele>3830.0</ele>
<time>2026-10-06T19:38:42-05:00</time>
</trkpt>
<trkpt lat="-15.494643" lon="-70.132625">
<ele>3830.2</ele>
<time>2026-10-06T19:38:44-05:00</time>
</trkpt>
<trkpt lat="-15.494635" lon="-70.132604">
<ele>3830.3</ele>
<time>2026-10-06T19:38:46-05:00</time>
</trkpt>
<trkpt lat="-15.494636" lon="-70.132577">
<ele>3830.0</ele>
<time>2026-10-06T19:38:48-05:00</time>
</trkpt>
<trkpt lat="-15.494646" lon="-70.132575">
<ele>3830.5</ele>
<time>2026-10-06T19:38:50-05:00</time>
</trkpt>
<trkpt lat="-15.494677" lon="-70.132553">
<ele>3831.1</ele>
<time>2026-10-06T19:38:52-05:00</time>
</trkpt>
<trkpt lat="-15.49471" lon="-70.132545">
<ele>3831.2</ele>
<time>2026-10-06T19:38:54-05:00</time>
</trkpt>
<trkpt lat="-15.494761" lon="-70.132521">
<ele>3831.3</ele>
<time>2026-10-06T19:38:56-05:00</time>
</trkpt>
<trkpt lat="-15.4948" lon="-70.132512">
<ele>3830.8</ele>
<time>2026-10-06T19:38:58-05:00</time>
</trkpt>
<trkpt lat="-15.494856" lon="-70.132499">
<ele>3830.6</ele>
<time>2026-10-06T19:39:00-05:00</time>
</trkpt>
<trkpt lat="-15.494902" lon="-70.132488">
<ele>3831.4</ele>
<time>2026-10-06T19:39:02-05:00</time>
</trkpt>
<trkpt lat="-15.49495" lon="-70.132459">
<ele>3831.6</ele>
<time>2026-10-06T19:39:04-05:00</time>
</trkpt>
<trkpt lat="-15.494997" lon="-70.132428">
<ele>3831.2</ele>
<time>2026-10-06T19:39:06-05:00</time>
</trkpt>
<trkpt lat="-15.495049" lon="-70.132419">
<ele>3830.6</ele>
<time>2026-10-06T19:39:08-05:00</time>
</trkpt>
<trkpt lat="-15.495104" lon="-70.132404">
<ele>3830.5</ele>
<time>2026-10-06T19:39:10-05:00</time>
</trkpt>
<trkpt lat="-15.495138" lon="-70.132373">
<ele>3831.1</ele>
<time>2026-10-06T19:39:12-05:00</time>
</trkpt>
<trkpt lat="-15.495176" lon="-70.132357">
<ele>3831.6</ele>
<time>2026-10-06T19:39:14-05:00</time>
</trkpt>
<trkpt lat="-15.495248" lon="-70.132359">
<ele>3831.4</ele>
<time>2026-10-06T19:39:16-05:00</time>
</trkpt>
<trkpt lat="-15.495287" lon="-70.132356">
<ele>3830.4</ele>
<time>2026-10-06T19:39:18-05:00</time>
</trkpt>
<trkpt lat="-15.495317" lon="-70.132348">
<ele>3830.9</ele>
<time>2026-10-06T19:39:20-05:00</time>
</trkpt>
<trkpt lat="-15.495377" lon="-70.132317">
<ele>3830.7</ele>
<time>2026-10-06T19:39:22-05:00</time>
</trkpt>
<trkpt lat="-15.495407" lon="-70.132289">
<ele>3830.8</ele>
<time>2026-10-06T19:39:24-05:00</time>
</trkpt>
<trkpt lat="-15.495461" lon="-70.132249">
<ele>3830.6</ele>
<time>2026-10-06T19:39:26-05:00</time>
</trkpt>
<trkpt lat="-15.495513" lon="-70.132202">
<ele>3830.5</ele>
<time>2026-10-06T19:39:28-05:00</time>
</trkpt>
<trkpt lat="-15.495581" lon="-70.13217">
<ele>3830.5</ele>
<time>2026-10-06T19:39:30-05:00</time>
</trkpt>
<trkpt lat="-15.495645" lon="-70.132156">
<ele>3830.6</ele>
<time>2026-10-06T19:39:32-05:00</time>
</trkpt>
<trkpt lat="-15.495701" lon="-70.132124">
<ele>3831.1</ele>
<time>2026-10-06T19:39:34-05:00</time>
</trkpt>
<trkpt lat="-15.495777" lon="-70.1321">
<ele>3831.2</ele>
<time>2026-10-06T19:39:36-05:00</time>
</trkpt>
<trkpt lat="-15.495835" lon="-70.132078">
<ele>3831.0</ele>
<time>2026-10-06T19:39:38-05:00</time>
</trkpt>
<trkpt lat="-15.495899" lon="-70.132065">
<ele>3830.4</ele>
<time>2026-10-06T19:39:40-05:00</time>
</trkpt>
<trkpt lat="-15.49593" lon="-70.132039">
<ele>3830.0</ele>
<time>2026-10-06T19:39:42-05:00</time>
</trkpt>
<trkpt lat="-15.495994" lon="-70.132003">
<ele>3830.2</ele>
<time>2026-10-06T19:39:44-05:00</time>
</trkpt>
<trkpt lat="-15.496043" lon="-70.131962">
<ele>3829.2</ele>
<time>2026-10-06T19:39:46-05:00</time>
</trkpt>
<trkpt lat="-15.496098" lon="-70.131977">
<ele>3828.7</ele>
<time>2026-10-06T19:39:48-05:00</time>
</trkpt>
<trkpt lat="-15.496118" lon="-70.131968">
<ele>3829.0</ele>
<time>2026-10-06T19:39:50-05:00</time>
</trkpt>
<trkpt lat="-15.496141" lon="-70.131965">
<ele>3828.8</ele>
<time>2026-10-06T19:39:52-05:00</time>
</trkpt>
<trkpt lat="-15.496138" lon="-70.131966">
<ele>3828.7</ele>
<time>2026-10-06T19:39:54-05:00</time>
</trkpt>
<trkpt lat="-15.496116" lon="-70.131985">
<ele>3829.3</ele>
<time>2026-10-06T19:39:56-05:00</time>
</trkpt>
<trkpt lat="-15.496106" lon="-70.131981">
<ele>3830.1</ele>
<time>2026-10-06T19:39:58-05:00</time>
</trkpt>
<trkpt lat="-15.496107" lon="-70.131998">
<ele>3829.5</ele>
<time>2026-10-06T19:40:00-05:00</time>
</trkpt>
<trkpt lat="-15.496106" lon="-70.132">
<ele>3828.8</ele>
<time>2026-10-06T19:40:02-05:00</time>
</trkpt>
<trkpt lat="-15.496118" lon="-70.131987">
<ele>3829.3</ele>
<time>2026-10-06T19:40:04-05:00</time>
</trkpt>
<trkpt lat="-15.496115" lon="-70.131981">
<ele>3828.9</ele>
<time>2026-10-06T19:40:06-05:00</time>
</trkpt>
<trkpt lat="-15.496132" lon="-70.131969">
<ele>3828.9</ele>
<time>2026-10-06T19:40:08-05:00</time>
</trkpt>
<trkpt lat="-15.496162" lon="-70.131929">
<ele>3828.8</ele>
<time>2026-10-06T19:40:10-05:00</time>
</trkpt>
<trkpt lat="-15.496215" lon="-70.131894">
<ele>3828.4</ele>
<time>2026-10-06T19:40:12-05:00</time>
</trkpt>
<trkpt lat="-15.496279" lon="-70.131845">
<ele>3827.8</ele>
<time>2026-10-06T19:40:14-05:00</time>
</trkpt>
<trkpt lat="-15.496335" lon="-70.131811">
<ele>3827.8</ele>
<time>2026-10-06T19:40:16-05:00</time>
</trkpt>
<trkpt lat="-15.496391" lon="-70.13177">
<ele>3828.2</ele>
<time>2026-10-06T19:40:18-05:00</time>
</trkpt>
<trkpt lat="-15.49643" lon="-70.131742">
<ele>3828.4</ele>
<time>2026-10-06T19:40:20-05:00</time>
</trkpt>
<trkpt lat="-15.496491" lon="-70.131711">
<ele>3828.2</ele>
<time>2026-10-06T19:40:22-05:00</time>
</trkpt>
<trkpt lat="-15.496551" lon="-70.131677">
<ele>3828.9</ele>
<time>2026-10-06T19:40:24-05:00</time>
</trkpt>
<trkpt lat="-15.49661" lon="-70.131651">
<ele>3829.5</ele>
<time>2026-10-06T19:40:26-05:00</time>
</trkpt>
<trkpt lat="-15.496668" lon="-70.131644">
<ele>3828.9</ele>
<time>2026-10-06T19:40:28-05:00</time>
</trkpt>
<trkpt lat="-15.496721" lon="-70.13163">
<ele>3828.7</ele>
<time>2026-10-06T19:40:30-05:00</time>
</trkpt>
<trkpt lat="-15.496763" lon="-70.131617">
<ele>3829.1</ele>
<time>2026-10-06T19:40:32-05:00</time>
</trkpt>
<trkpt lat="-15.496784" lon="-70.131615">
<ele>3829.1</ele>
<time>2026-10-06T19:40:34-05:00</time>
</trkpt>
<trkpt lat="-15.496785" lon="-70.131594">
<ele>3829.0</ele>
<time>2026-10-06T19:40:36-05:00</time>
</trkpt>
<trkpt lat="-15.496797" lon="-70.131577">
<ele>3828.0</ele>
<time>2026-10-06T19:40:38-05:00</time>
</trkpt>
<trkpt lat="-15.496805" lon="-70.131578">
<ele>3828.9</ele>
<time>2026-10-06T19:40:40-05:00</time>
</trkpt>
<trkpt lat="-15.496809" lon="-70.131597">
<ele>3828.5</ele>
<time>2026-10-06T19:40:42-05:00</time>
</trkpt>
<trkpt lat="-15.496805" lon="-70.131584">
<ele>3828.7</ele>
<time>2026-10-06T19:40:44-05:00</time>
</trkpt>
<trkpt lat="-15.496804" lon="-70.131589">
<ele>3829.1</ele>
<time>2026-10-06T19:40:46-05:00</time>
</trkpt>
<trkpt lat="-15.496789" lon="-70.131591">
<ele>3828.6</ele>
<time>2026-10-06T19:40:48-05:00</time>
</trkpt>
<trkpt lat="-15.496788" lon="-70.131578">
<ele>3829.7</ele>
<time>2026-10-06T19:40:50-05:00</time>
</trkpt>
<trkpt lat="-15.496789" lon="-70.131589">
<ele>3828.3</ele>
<time>2026-10-06T19:40:52-05:00</time>
</trkpt>
<trkpt lat="-15.496808" lon="-70.13159">
<ele>3829.2</ele>
<time>2026-10-06T19:40:54-05:00</time>
</trkpt>
<trkpt lat="-15.496828" lon="-70.131568">
<ele>3829.0</ele>
<time>2026-10-06T19:40:56-05:00</time>
</trkpt>
<trkpt lat="-15.496865" lon="-70.13153">
<ele>3828.0</ele>
<time>2026-10-06T19:40:58-05:00</time>
</trkpt>
<trkpt lat="-15.496899" lon="-70.131482">
<ele>3829.6</ele>
<time>2026-10-06T19:41:00-05:00</time>
</trkpt>
<trkpt lat="-15.496964" lon="-70.131462">
<ele>3829.0</ele>
<time>2026-10-06T19:41:02-05:00</time>
</trkpt>
<trkpt lat="-15.497043" lon="-70.131426">
<ele>3828.7</ele>
<time>2026-10-06T19:41:04-05:00</time>
</trkpt>
<trkpt lat="-15.497083" lon="-70.131414">
<ele>3829.4</ele>
<time>2026-10-06T19:41:06-05:00</time>
</trkpt>
<trkpt lat="-15.497145" lon="-70.131358">
<ele>3828.7</ele>
<time>2026-10-06T19:41:08-05:00</time>
</trkpt>
<trkpt lat="-15.497189" lon="-70.13134">
<ele>3829.4</ele>
<time>2026-10-06T19:41:10-05:00</time>
</trkpt>
<trkpt lat="-15.497249" lon="-70.131313">
<ele>3829.4</ele>
<time>2026-10-06T19:41:12-05:00</time>
</trkpt>
<trkpt lat="-15.497319" lon="-70.131288">
<ele>3829.0</ele>
<time>2026-10-06T19:41:14-05:00</time>
</trkpt>
<trkpt lat="-15.497381" lon="-70.131248">
<ele>3829.2</ele>
<time>2026-10-06T19:41:16-05:00</time>
</trkpt>
<trkpt lat="-15.497445" lon="-70.131218">
<ele>3829.6</ele>
<time>2026-10-06T19:41:18-05:00</time>
</trkpt>
<trkpt lat="-15.49751" lon="-70.13119">
<ele>3829.0</ele>
<time>2026-10-06T19:41:20-05:00</time>
</trkpt>
<trkpt lat="-15.497541" lon="-70.131168">
<ele>3828.9</ele>
<time>2026-10-06T19:41:22-05:00</time>
</trkpt>
<trkpt lat="-15.497588" lon="-70.131142">
<ele>3829.3</ele>
<time>2026-10-06T19:41:24-05:00</time>
</trkpt>
<trkpt lat="-15.497586" lon="-70.131144">
<ele>3829.2</ele>
<time>2026-10-06T19:41:26-05:00</time>
</trkpt>
<trkpt lat="-15.497578" lon="-70.131145">
<ele>3829.2</ele>
<time>2026-10-06T19:41:28-05:00</time>
</trkpt>
<trkpt lat="-15.497586" lon="-70.131149">
<ele>3828.2</ele>
<time>2026-10-06T19:41:30-05:00</time>
</trkpt>
<trkpt lat="-15.497567" lon="-70.131154">
<ele>3828.6</ele>
<time>2026-10-06T19:41:32-05:00</time>
</trkpt>
<trkpt lat="-15.497582" lon="-70.131148">
<ele>3829.0</ele>
<time>2026-10-06T19:41:34-05:00</time>
</trkpt>
<trkpt lat="-15.497599" lon="-70.131147">
<ele>3829.5</ele>
<time>2026-10-06T19:41:36-05:00</time>
</trkpt>
<trkpt lat="-15.497606" lon="-70.131157">
<ele>3829.2</ele>
<time>2026-10-06T19:41:38-05:00</time>
</trkpt>
<trkpt lat="-15.4976" lon="-70.13115">
<ele>3828.8</ele>
<time>2026-10-06T19:41:40-05:00</time>
</trkpt>
<trkpt lat="-15.497596" lon="-70.131162">
<ele>3828.9</ele>
<time>2026-10-06T19:41:42-05:00</time>
</trkpt>
<trkpt lat="-15.497577" lon="-70.131158">
<ele>3829.0</ele>
<time>2026-10-06T19:41:44-05:00</time>
</trkpt>
<trkpt lat="-15.497574" lon="-70.131155">
<ele>3828.9</ele>
<time>2026-10-06T19:41:46-05:00</time>
</trkpt>
<trkpt lat="-15.497564" lon="-70.131162">
<ele>3828.9</ele>
<time>2026-10-06T19:41:48-05:00</time>
</trkpt>
<trkpt lat="-15.497569" lon="-70.131144">
<ele>3829.0</ele>
<time>2026-10-06T19:41:50-05:00</time>
</trkpt>
<trkpt lat="-15.497566" lon="-70.131157">
<ele>3829.3</ele>
<time>2026-10-06T19:41:52-05:00</time>
</trkpt>
<trkpt lat="-15.497562" lon="-70.131141">
<ele>3829.5</ele>
<time>2026-10-06T19:41:54-05:00</time>
</trkpt>
<trkpt lat="-15.497564" lon="-70.131125">
<ele>3829.2</ele>
<time>2026-10-06T19:41:56-05:00</time>
</trkpt>
<trkpt lat="-15.497564" lon="-70.13114">
<ele>3829.5</ele>
<time>2026-10-06T19:41:58-05:00</time>
</trkpt>
<trkpt lat="-15.497566" lon="-70.131121">
<ele>3828.3</ele>
<time>2026-10-06T19:42:00-05:00</time>
</trkpt>
<trkpt lat="-15.497566" lon="-70.131118">
<ele>3829.5</ele>
<time>2026-10-06T19:42:02-05:00</time>
</trkpt>
<trkpt lat="-15.497568" lon="-70.131118">
<ele>3827.6</ele>
<time>2026-10-06T19:42:04-05:00</time>
</trkpt>
<trkpt lat="-15.497581" lon="-70.131148">
<ele>3828.6</ele>
<time>2026-10-06T19:42:06-05:00</time>
</trkpt>
<trkpt lat="-15.497625" lon="-70.131186">
<ele>3828.8</ele>
<time>2026-10-06T19:42:08-05:00</time>
</trkpt>
<trkpt lat="-15.497639" lon="-70.131264">
<ele>3828.7</ele>
<time>2026-10-06T19:42:10-05:00</time>
</trkpt>
<trkpt lat="-15.497661" lon="-70.131305">
<ele>3829.3</ele>
<time>2026-10-06T19:42:12-05:00</time>
</trkpt>
<trkpt lat="-15.497678" lon="-70.131349">
<ele>3828.9</ele>
<time>2026-10-06T19:42:14-05:00</time>
</trkpt>
<trkpt lat="-15.49771" lon="-70.131417">
<ele>3827.9</ele>
<time>2026-10-06T19:42:16-05:00</time>
</trkpt>
<trkpt lat="-15.497738" lon="-70.131473">
<ele>3827.9</ele>
<time>2026-10-06T19:42:18-05:00</time>
</trkpt>
<trkpt lat="-15.49775" lon="-70.131516">
<ele>3829.1</ele>
<time>2026-10-06T19:42:20-05:00</time>
</trkpt>
<trkpt lat="-15.497743" lon="-70.131563">
<ele>3828.2</ele>
<time>2026-10-06T19:42:22-05:00</time>
</trkpt>
<trkpt lat="-15.497748" lon="-70.131614">
<ele>3827.5</ele>
<time>2026-10-06T19:42:24-05:00</time>
</trkpt>
<trkpt lat="-15.497767" lon="-70.131665">
<ele>3828.2</ele>
<time>2026-10-06T19:42:26-05:00</time>
</trkpt>
<trkpt lat="-15.497797" lon="-70.131717">
<ele>3828.8</ele>
<time>2026-10-06T19:42:28-05:00</time>
</trkpt>
<trkpt lat="-15.497822" lon="-70.13177">
<ele>3827.8</ele>
<time>2026-10-06T19:42:30-05:00</time>
</trkpt>
<trkpt lat="-15.49785" lon="-70.13184">
<ele>3828.6</ele>
<time>2026-10-06T19:42:32-05:00</time>
</trkpt>
<trkpt lat="-15.49787" lon="-70.131891">
<ele>3828.1</ele>
<time>2026-10-06T19:42:34-05:00</time>
</trkpt>
<trkpt lat="-15.497895" lon="-70.131935">
<ele>3828.3</ele>
<time>2026-10-06T19:42:36-05:00</time>
</trkpt>
<trkpt lat="-15.497919" lon="-70.131984">
<ele>3827.7</ele>
<time>2026-10-06T19:42:38-05:00</time>
</trkpt>
<trkpt lat="-15.497931" lon="-70.132045">
<ele>3828.0</ele>
<time>2026-10-06T19:42:40-05:00</time>
</trkpt>
<trkpt lat="-15.497943" lon="-70.132093">
<ele>3828.4</ele>
<time>2026-10-06T19:42:42-05:00</time>
</trkpt>
<trkpt lat="-15.49797" lon="-70.132134">
<ele>3827.6</ele>
<time>2026-10-06T19:42:44-05:00</time>
</trkpt>
<trkpt lat="-15.498005" lon="-70.132172">
<ele>3828.6</ele>
<time>2026-10-06T19:42:46-05:00</time>
</trkpt>
<trkpt lat="-15.498025" lon="-70.132215">
<ele>3828.2</ele>
<time>2026-10-06T19:42:48-05:00</time>
</trkpt>
<trkpt lat="-15.498049" lon="-70.132271">
<ele>3828.2</ele>
<time>2026-10-06T19:42:50-05:00</time>
</trkpt>
<trkpt lat="-15.498071" lon="-70.132328">
<ele>3828.3</ele>
<time>2026-10-06T19:42:52-05:00</time>
</trkpt>
<trkpt lat="-15.498094" lon="-70.1324">
<ele>3828.5</ele>
<time>2026-10-06T19:42:54-05:00</time>
</trkpt>
<trkpt lat="-15.49811" lon="-70.132455">
<ele>3828.2</ele>
<time>2026-10-06T19:42:56-05:00</time>
</trkpt>
<trkpt lat="-15.498134" lon="-70.132508">
<ele>3827.6</ele>
<time>2026-10-06T19:42:58-05:00</time>
</trkpt>
<trkpt lat="-15.498154" lon="-70.132552">
<ele>3828.4</ele>
<time>2026-10-06T19:43:00-05:00</time>
</trkpt>
<trkpt lat="-15.498191" lon="-70.13261">
<ele>3829.0</ele>
<time>2026-10-06T19:43:02-05:00</time>
</trkpt>
<trkpt lat="-15.498212" lon="-70.13266">
<ele>3829.1</ele>
<time>2026-10-06T19:43:04-05:00</time>
</trkpt>
<trkpt lat="-15.498227" lon="-70.132736">
<ele>3828.4</ele>
<time>2026-10-06T19:43:06-05:00</time>
</trkpt>
<trkpt lat="-15.498244" lon="-70.1328">
<ele>3828.8</ele>
<time>2026-10-06T19:43:08-05:00</time>
</trkpt>
<trkpt lat="-15.498249" lon="-70.132844">
<ele>3828.5</ele>
<time>2026-10-06T19:43:10-05:00</time>
</trkpt>
<trkpt lat="-15.498256" lon="-70.132908">
<ele>3828.9</ele>
<time>2026-10-06T19:43:12-05:00</time>
</trkpt>
<trkpt lat="-15.498294" lon="-70.13295">
<ele>3829.5</ele>
<time>2026-10-06T19:43:14-05:00</time>
</trkpt>
<trkpt lat="-15.498314" lon="-70.133014">
<ele>3829.2</ele>
<time>2026-10-06T19:43:16-05:00</time>
</trkpt>
<trkpt lat="-15.498332" lon="-70.133058">
<ele>3828.3</ele>
<time>2026-10-06T19:43:18-05:00</time>
</trkpt>
<trkpt lat="-15.498338" lon="-70.133099">
<ele>3828.6</ele>
<time>2026-10-06T19:43:20-05:00</time>
</trkpt>
<trkpt lat="-15.498347" lon="-70.133164">
<ele>3828.2</ele>
<time>2026-10-06T19:43:22-05:00</time>
</trkpt>
<trkpt lat="-15.498369" lon="-70.133208">
<ele>3828.3</ele>
<time>2026-10-06T19:43:24-05:00</time>
</trkpt>
<trkpt lat="-15.4984" lon="-70.133246">
<ele>3827.7</ele>
<time>2026-10-06T19:43:26-05:00</time>
</trkpt>
<trkpt lat="-15.498435" lon="-70.133293">
<ele>3828.9</ele>
<time>2026-10-06T19:43:28-05:00</time>
</trkpt>
<trkpt lat="-15.498438" lon="-70.133342">
<ele>3829.0</ele>
<time>2026-10-06T19:43:30-05:00</time>
</trkpt>
<trkpt lat="-15.498473" lon="-70.133373">
<ele>3828.8</ele>
<time>2026-10-06T19:43:32-05:00</time>
</trkpt>
<trkpt lat="-15.498494" lon="-70.133459">
<ele>3828.6</ele>
<time>2026-10-06T19:43:34-05:00</time>
</trkpt>
<trkpt lat="-15.498504" lon="-70.133517">
<ele>3829.2</ele>
<time>2026-10-06T19:43:36-05:00</time>
</trkpt>
<trkpt lat="-15.498519" lon="-70.13356">
<ele>3828.3</ele>
<time>2026-10-06T19:43:38-05:00</time>
</trkpt>
<trkpt lat="-15.49854" lon="-70.133605">
<ele>3828.2</ele>
<time>2026-10-06T19:43:40-05:00</time>
</trkpt>
<trkpt lat="-15.498579" lon="-70.133659">
<ele>3828.6</ele>
<time>2026-10-06T19:43:42-05:00</time>
</trkpt>
<trkpt lat="-15.498608" lon="-70.133702">
<ele>3828.9</ele>
<time>2026-10-06T19:43:44-05:00</time>
</trkpt>
<trkpt lat="-15.498638" lon="-70.13376">
<ele>3828.8</ele>
<time>2026-10-06T19:43:46-05:00</time>
</trkpt>
<trkpt lat="-15.498669" lon="-70.133793">
<ele>3828.6</ele>
<time>2026-10-06T19:43:48-05:00</time>
</trkpt>
<trkpt lat="-15.498674" lon="-70.133847">
<ele>3828.9</ele>
<time>2026-10-06T19:43:50-05:00</time>
</trkpt>
<trkpt lat="-15.498694" lon="-70.133902">
<ele>3828.5</ele>
<time>2026-10-06T19:43:52-05:00</time>
</trkpt>
<trkpt lat="-15.498705" lon="-70.133946">
<ele>3828.8</ele>
<time>2026-10-06T19:43:54-05:00</time>
</trkpt>
<trkpt lat="-15.498727" lon="-70.133978">
<ele>3828.5</ele>
<time>2026-10-06T19:43:56-05:00</time>
</trkpt>
<trkpt lat="-15.498742" lon="-70.134047">
<ele>3827.8</ele>
<time>2026-10-06T19:43:58-05:00</time>
</trkpt>
<trkpt lat="-15.49875" lon="-70.1341">
<ele>3828.6</ele>
<time>2026-10-06T19:44:00-05:00</time>
</trkpt>
<trkpt lat="-15.498775" lon="-70.134165">
<ele>3828.1</ele>
<time>2026-10-06T19:44:02-05:00</time>
</trkpt>
<trkpt lat="-15.498795" lon="-70.134224">
<ele>3829.3</ele>
<time>2026-10-06T19:44:04-05:00</time>
</trkpt>
<trkpt lat="-15.498818" lon="-70.134265">
<ele>3829.0</ele>
<time>2026-10-06T19:44:06-05:00</time>
</trkpt>
<trkpt lat="-15.498846" lon="-70.134316">
<ele>3828.6</ele>
<time>2026-10-06T19:44:08-05:00</time>
</trkpt>
<trkpt lat="-15.498882" lon="-70.134366">
<ele>3828.8</ele>
<time>2026-10-06T19:44:10-05:00</time>
</trkpt>
<trkpt lat="-15.498907" lon="-70.134426">
<ele>3829.3</ele>
<time>2026-10-06T19:44:12-05:00</time>
</trkpt>
<trkpt lat="-15.498931" lon="-70.134503">
<ele>3829.4</ele>
<time>2026-10-06T19:44:14-05:00</time>
</trkpt>
<trkpt lat="-15.498949" lon="-70.134559">
<ele>3829.3</ele>
<time>2026-10-06T19:44:16-05:00</time>
</trkpt>
<trkpt lat="-15.498982" lon="-70.134612">
<ele>3828.9</ele>
<time>2026-10-06T19:44:18-05:00</time>
</trkpt>
<trkpt lat="-15.499011" lon="-70.134668">
<ele>3829.2</ele>
<time>2026-10-06T19:44:20-05:00</time>
</trkpt>
<trkpt lat="-15.499022" lon="-70.134736">
<ele>3828.5</ele>
<time>2026-10-06T19:44:22-05:00</time>
</trkpt>
<trkpt lat="-15.499051" lon="-70.1348">
<ele>3829.6</ele>
<time>2026-10-06T19:44:24-05:00</time>
</trkpt>
<trkpt lat="-15.499069" lon="-70.134846">
<ele>3829.1</ele>
<time>2026-10-06T19:44:26-05:00</time>
</trkpt>
<trkpt lat="-15.499096" lon="-70.134879">
<ele>3829.7</ele>
<time>2026-10-06T19:44:28-05:00</time>
</trkpt>
<trkpt lat="-15.499124" lon="-70.134904">
<ele>3829.3</ele>
<time>2026-10-06T19:44:30-05:00</time>
</trkpt>
<trkpt lat="-15.499143" lon="-70.134917">
<ele>3829.4</ele>
<time>2026-10-06T19:44:32-05:00</time>
</trkpt>
<trkpt lat="-15.499168" lon="-70.134918">
<ele>3829.1</ele>
<time>2026-10-06T19:44:34-05:00</time>
</trkpt>
<trkpt lat="-15.499208" lon="-70.134899">
<ele>3829.2</ele>
<time>2026-10-06T19:44:36-05:00</time>
</trkpt>
<trkpt lat="-15.499257" lon="-70.134891">
<ele>3829.1</ele>
<time>2026-10-06T19:44:38-05:00</time>
</trkpt>
<trkpt lat="-15.499281" lon="-70.134881">
<ele>3829.7</ele>
<time>2026-10-06T19:44:40-05:00</time>
</trkpt>
<trkpt lat="-15.499317" lon="-70.134856">
<ele>3829.0</ele>
<time>2026-10-06T19:44:42-05:00</time>
</trkpt>
<trkpt lat="-15.499341" lon="-70.134858">
<ele>3828.8</ele>
<time>2026-10-06T19:44:44-05:00</time>
</trkpt>
<trkpt lat="-15.499395" lon="-70.134831">
<ele>3829.1</ele>
<time>2026-10-06T19:44:46-05:00</time>
</trkpt>
<trkpt lat="-15.499443" lon="-70.134834">
<ele>3829.4</ele>
<time>2026-10-06T19:44:48-05:00</time>
</trkpt>
<trkpt lat="-15.499505" lon="-70.134816">
<ele>3829.0</ele>
<time>2026-10-06T19:44:50-05:00</time>
</trkpt>
<trkpt lat="-15.499558" lon="-70.134814">
<ele>3828.0</ele>
<time>2026-10-06T19:44:52-05:00</time>
</trkpt>
<trkpt lat="-15.499606" lon="-70.134806">
<ele>3829.3</ele>
<time>2026-10-06T19:44:54-05:00</time>
</trkpt>
<trkpt lat="-15.499655" lon="-70.134789">
<ele>3829.1</ele>
<time>2026-10-06T19:44:56-05:00</time>
</trkpt>
<trkpt lat="-15.499695" lon="-70.134755">
<ele>3828.8</ele>
<time>2026-10-06T19:44:58-05:00</time>
</trkpt>
<trkpt lat="-15.499745" lon="-70.134751">
<ele>3828.7</ele>
<time>2026-10-06T19:45:00-05:00</time>
</trkpt>
<trkpt lat="-15.499803" lon="-70.134723">
<ele>3829.4</ele>
<time>2026-10-06T19:45:02-05:00</time>
</trkpt>
<trkpt lat="-15.499865" lon="-70.134693">
<ele>3829.2</ele>
<time>2026-10-06T19:45:04-05:00</time>
</trkpt>
<trkpt lat="-15.499887" lon="-70.134683">
<ele>3828.0</ele>
<time>2026-10-06T19:45:06-05:00</time>
</trkpt>
<trkpt lat="-15.49992" lon="-70.134657">
<ele>3829.0</ele>
<time>2026-10-06T19:45:08-05:00</time>
</trkpt>
<trkpt lat="-15.499958" lon="-70.134639">
<ele>3829.3</ele>
<time>2026-10-06T19:45:10-05:00</time>
</trkpt>
<trkpt lat="-15.500007" lon="-70.134631">
<ele>3829.5</ele>
<time>2026-10-06T19:45:12-05:00</time>
</trkpt>
<trkpt lat="-15.50007" lon="-70.134621">
<ele>3829.5</ele>
<time>2026-10-06T19:45:14-05:00</time>
</trkpt>
<trkpt lat="-15.500105" lon="-70.134624">
<ele>3829.7</ele>
<time>2026-10-06T19:45:16-05:00</time>
</trkpt>
<trkpt lat="-15.500126" lon="-70.134598">
<ele>3830.1</ele>
<time>2026-10-06T19:45:18-05:00</time>
</trkpt>
<trkpt lat="-15.500172" lon="-70.134573">
<ele>3830.0</ele>
<time>2026-10-06T19:45:20-05:00</time>
</trkpt>
<trkpt lat="-15.50022" lon="-70.134537">
<ele>3830.2</ele>
<time>2026-10-06T19:45:22-05:00</time>
</trkpt>
<trkpt lat="-15.50026" lon="-70.134525">
<ele>3829.2</ele>
<time>2026-10-06T19:45:24-05:00</time>
</trkpt>
<trkpt lat="-15.500296" lon="-70.134511">
<ele>3829.8</ele>
<time>2026-10-06T19:45:26-05:00</time>
</trkpt>
<trkpt lat="-15.500338" lon="-70.134506">
<ele>3830.3</ele>
<time>2026-10-06T19:45:28-05:00</time>
</trkpt>
<trkpt lat="-15.500386" lon="-70.134506">
<ele>3830.8</ele>
<time>2026-10-06T19:45:30-05:00</time>
</trkpt>
<trkpt lat="-15.500426" lon="-70.134505">
<ele>3830.5</ele>
<time>2026-10-06T19:45:32-05:00</time>
</trkpt>
<trkpt lat="-15.500469" lon="-70.134466">
<ele>3829.5</ele>
<time>2026-10-06T19:45:34-05:00</time>
</trkpt>
<trkpt lat="-15.500524" lon="-70.134434">
<ele>3830.2</ele>
<time>2026-10-06T19:45:36-05:00</time>
</trkpt>
<trkpt lat="-15.500588" lon="-70.134407">
<ele>3829.3</ele>
<time>2026-10-06T19:45:38-05:00</time>
</trkpt>
<trkpt lat="-15.500614" lon="-70.134407">
<ele>3830.3</ele>
<time>2026-10-06T19:45:40-05:00</time>
</trkpt>
<trkpt lat="-15.500648" lon="-70.134378">
<ele>3829.9</ele>
<time>2026-10-06T19:45:42-05:00</time>
</trkpt>
<trkpt lat="-15.500673" lon="-70.134366">
<ele>3830.1</ele>
<time>2026-10-06T19:45:44-05:00</time>
</trkpt>
<trkpt lat="-15.500713" lon="-70.134342">
<ele>3830.2</ele>
<time>2026-10-06T19:45:46-05:00</time>
</trkpt>
<trkpt lat="-15.500764" lon="-70.134328">
<ele>3829.6</ele>
<time>2026-10-06T19:45:48-05:00</time>
</trkpt>
<trkpt lat="-15.500804" lon="-70.134305">
<ele>3830.1</ele>
<time>2026-10-06T19:45:50-05:00</time>
</trkpt>
<trkpt lat="-15.500862" lon="-70.134273">
<ele>3830.0</ele>
<time>2026-10-06T19:45:52-05:00</time>
</trkpt>
<trkpt lat="-15.50091" lon="-70.134236">
<ele>3829.3</ele>
<time>2026-10-06T19:45:54-05:00</time>
</trkpt>
<trkpt lat="-15.50095" lon="-70.134208">
<ele>3829.9</ele>
<time>2026-10-06T19:45:56-05:00</time>
</trkpt>
<trkpt lat="-15.500999" lon="-70.134183">
<ele>3829.1</ele>
<time>2026-10-06T19:45:58-05:00</time>
</trkpt>
<trkpt lat="-15.501059" lon="-70.134163">
<ele>3829.5</ele>
<time>2026-10-06T19:46:00-05:00</time>
</trkpt>
<trkpt lat="-15.501104" lon="-70.134117">
<ele>3829.9</ele>
<time>2026-10-06T19:46:02-05:00</time>
</trkpt>
<trkpt lat="-15.501144" lon="-70.134084">
<ele>3830.4</ele>
<time>2026-10-06T19:46:04-05:00</time>
</trkpt>
<trkpt lat="-15.501198" lon="-70.134043">
<ele>3829.5</ele>
<time>2026-10-06T19:46:06-05:00</time>
</trkpt>
<trkpt lat="-15.501231" lon="-70.134024">
<ele>3830.5</ele>
<time>2026-10-06T19:46:08-05:00</time>
</trkpt>
<trkpt lat="-15.501274" lon="-70.133999">
<ele>3830.0</ele>
<time>2026-10-06T19:46:10-05:00</time>
</trkpt>
<trkpt lat="-15.501318" lon="-70.133977">
<ele>3830.1</ele>
<time>2026-10-06T19:46:12-05:00</time>
</trkpt>
<trkpt lat="-15.501349" lon="-70.133949">
<ele>3829.3</ele>
<time>2026-10-06T19:46:14-05:00</time>
</trkpt>
<trkpt lat="-15.501405" lon="-70.133925">
<ele>3829.7</ele>
<time>2026-10-06T19:46:16-05:00</time>
</trkpt>
<trkpt lat="-15.501437" lon="-70.133883">
<ele>3830.0</ele>
<time>2026-10-06T19:46:18-05:00</time>
</trkpt>
<trkpt lat="-15.501469" lon="-70.133851">
<ele>3830.3</ele>
<time>2026-10-06T19:46:20-05:00</time>
</trkpt>
<trkpt lat="-15.501506" lon="-70.133809">
<ele>3830.7</ele>
<time>2026-10-06T19:46:22-05:00</time>
</trkpt>
<trkpt lat="-15.501552" lon="-70.133773">
<ele>3829.9</ele>
<time>2026-10-06T19:46:24-05:00</time>
</trkpt>
<trkpt lat="-15.501595" lon="-70.133713">
<ele>3830.4</ele>
<time>2026-10-06T19:46:26-05:00</time>
</trkpt>
<trkpt lat="-15.501628" lon="-70.133671">
<ele>3830.1</ele>
<time>2026-10-06T19:46:28-05:00</time>
</trkpt>
<trkpt lat="-15.501664" lon="-70.133635">
<ele>3830.0</ele>
<time>2026-10-06T19:46:30-05:00</time>
</trkpt>
<trkpt lat="-15.501718" lon="-70.133605">
<ele>3830.8</ele>
<time>2026-10-06T19:46:32-05:00</time>
</trkpt>
<trkpt lat="-15.501758" lon="-70.133567">
<ele>3830.3</ele>
<time>2026-10-06T19:46:34-05:00</time>
</trkpt>
<trkpt lat="-15.501804" lon="-70.133532">
<ele>3830.7</ele>
<time>2026-10-06T19:46:36-05:00</time>
</trkpt>
<trkpt lat="-15.501849" lon="-70.133487">
<ele>3830.4</ele>
<time>2026-10-06T19:46:38-05:00</time>
</trkpt>
<trkpt lat="-15.501901" lon="-70.133431">
<ele>3830.3</ele>
<time>2026-10-06T19:46:40-05:00</time>
</trkpt>
<trkpt lat="-15.501959" lon="-70.133396">
<ele>3830.1</ele>
<time>2026-10-06T19:46:42-05:00</time>
</trkpt>
<trkpt lat="-15.501999" lon="-70.133354">
<ele>3830.8</ele>
<time>2026-10-06T19:46:44-05:00</time>
</trkpt>
<trkpt lat="-15.50205" lon="-70.133314">
<ele>3830.4</ele>
<time>2026-10-06T19:46:46-05:00</time>
</trkpt>
<trkpt lat="-15.502076" lon="-70.133278">
<ele>3830.3</ele>
<time>2026-10-06T19:46:48-05:00</time>
</trkpt>
<trkpt lat="-15.502115" lon="-70.133237">
<ele>3831.0</ele>
<time>2026-10-06T19:46:50-05:00</time>
</trkpt>
<trkpt lat="-15.502145" lon="-70.133202">
<ele>3831.1</ele>
<time>2026-10-06T19:46:52-05:00</time>
</trkpt>
<trkpt lat="-15.502191" lon="-70.133161">
<ele>3830.5</ele>
<time>2026-10-06T19:46:54-05:00</time>
</trkpt>
<trkpt lat="-15.502243" lon="-70.133118">
<ele>3831.1</ele>
<time>2026-10-06T19:46:56-05:00</time>
</trkpt>
<trkpt lat="-15.502279" lon="-70.133084">
<ele>3831.1</ele>
<time>2026-10-06T19:46:58-05:00</time>
</trkpt>
<trkpt lat="-15.502287" lon="-70.133061">
<ele>3832.3</ele>
<time>2026-10-06T19:47:00-05:00</time>
</trkpt>
<trkpt lat="-15.502262" lon="-70.133056">
<ele>3833.3</ele>
<time>2026-10-06T19:47:02-05:00</time>
</trkpt>
<trkpt lat="-15.502253" lon="-70.133054">
<ele>3832.3</ele>
<time>2026-10-06T19:47:04-05:00</time>
</trkpt>
<trkpt lat="-15.502259" lon="-70.133069">
<ele>3832.5</ele>
<time>2026-10-06T19:47:06-05:00</time>
</trkpt>
<trkpt lat="-15.502263" lon="-70.133073">
<ele>3833.5</ele>
<time>2026-10-06T19:47:08-05:00</time>
</trkpt>
<trkpt lat="-15.502268" lon="-70.133074">
<ele>3832.6</ele>
<time>2026-10-06T19:47:10-05:00</time>
</trkpt>
<trkpt lat="-15.50227" lon="-70.133078">
<ele>3832.8</ele>
<time>2026-10-06T19:47:12-05:00</time>
</trkpt>
<trkpt lat="-15.502276" lon="-70.133075">
<ele>3832.0</ele>
<time>2026-10-06T19:47:14-05:00</time>
</trkpt>
<trkpt lat="-15.502272" lon="-70.133072">
<ele>3832.4</ele>
<time>2026-10-06T19:47:16-05:00</time>
</trkpt>
<trkpt lat="-15.502269" lon="-70.133058">
<ele>3832.3</ele>
<time>2026-10-06T19:47:18-05:00</time>
</trkpt>
<trkpt lat="-15.502253" lon="-70.13306">
<ele>3833.2</ele>
<time>2026-10-06T19:47:20-05:00</time>
</trkpt>
<trkpt lat="-15.502242" lon="-70.133046">
<ele>3832.8</ele>
<time>2026-10-06T19:47:22-05:00</time>
</trkpt>
<trkpt lat="-15.502253" lon="-70.133037">
<ele>3833.6</ele>
<time>2026-10-06T19:47:24-05:00</time>
</trkpt>
<trkpt lat="-15.502273" lon="-70.133034">
<ele>3832.5</ele>
<time>2026-10-06T19:47:26-05:00</time>
</trkpt>
<trkpt lat="-15.502269" lon="-70.133045">
<ele>3832.8</ele>
<time>2026-10-06T19:47:28-05:00</time>
</trkpt>
<trkpt lat="-15.502263" lon="-70.133043">
<ele>3832.9</ele>
<time>2026-10-06T19:47:30-05:00</time>
</trkpt>
<trkpt lat="-15.50227" lon="-70.133061">
<ele>3832.2</ele>
<time>2026-10-06T19:47:32-05:00</time>
</trkpt>
<trkpt lat="-15.502263" lon="-70.133065">
<ele>3832.6</ele>
<time>2026-10-06T19:47:34-05:00</time>
</trkpt>
<trkpt lat="-15.502256" lon="-70.133064">
<ele>3832.1</ele>
<time>2026-10-06T19:47:36-05:00</time>
</trkpt>
<trkpt lat="-15.502269" lon="-70.133074">
<ele>3832.1</ele>
<time>2026-10-06T19:47:38-05:00</time>
</trkpt>
<trkpt lat="-15.502263" lon="-70.133091">
<ele>3833.2</ele>
<time>2026-10-06T19:47:40-05:00</time>
</trkpt>
<trkpt lat="-15.502254" lon="-70.133084">
<ele>3833.3</ele>
<time>2026-10-06T19:47:42-05:00</time>
</trkpt>
<trkpt lat="-15.502257" lon="-70.133076">
<ele>3833.0</ele>
<time>2026-10-06T19:47:44-05:00</time>
</trkpt>
<trkpt lat="-15.502273" lon="-70.133082">
<ele>3832.6</ele>
<time>2026-10-06T19:47:46-05:00</time>
</trkpt>
<trkpt lat="-15.502326" lon="-70.133095">
<ele>3832.4</ele>
<time>2026-10-06T19:47:48-05:00</time>
</trkpt>
<trkpt lat="-15.502365" lon="-70.133115">
<ele>3832.9</ele>
<time>2026-10-06T19:47:50-05:00</time>
</trkpt>
<trkpt lat="-15.502392" lon="-70.133165">
<ele>3833.4</ele>
<time>2026-10-06T19:47:52-05:00</time>
</trkpt>
<trkpt lat="-15.502409" lon="-70.13322">
<ele>3833.5</ele>
<time>2026-10-06T19:47:54-05:00</time>
</trkpt>
<trkpt lat="-15.502451" lon="-70.133274">
<ele>3833.9</ele>
<time>2026-10-06T19:47:56-05:00</time>
</trkpt>
<trkpt lat="-15.502495" lon="-70.133304">
<ele>3834.2</ele>
<time>2026-10-06T19:47:58-05:00</time>
</trkpt>
<trkpt lat="-15.502534" lon="-70.133337">
<ele>3834.1</ele>
<time>2026-10-06T19:48:00-05:00</time>
</trkpt>
<trkpt lat="-15.502576" lon="-70.133385">
<ele>3834.5</ele>
<time>2026-10-06T19:48:02-05:00</time>
</trkpt>
<trkpt lat="-15.502598" lon="-70.133418">
<ele>3834.5</ele>
<time>2026-10-06T19:48:04-05:00</time>
</trkpt>
<trkpt lat="-15.502637" lon="-70.133465">
<ele>3835.2</ele>
<time>2026-10-06T19:48:06-05:00</time>
</trkpt>
<trkpt lat="-15.50267" lon="-70.133512">
<ele>3835.1</ele>
<time>2026-10-06T19:48:08-05:00</time>
</trkpt>
<trkpt lat="-15.502706" lon="-70.133556">
<ele>3834.9</ele>
<time>2026-10-06T19:48:10-05:00</time>
</trkpt>
<trkpt lat="-15.502753" lon="-70.133606">
<ele>3834.6</ele>
<time>2026-10-06T19:48:12-05:00</time>
</trkpt>
<trkpt lat="-15.502791" lon="-70.133653">
<ele>3835.7</ele>
<time>2026-10-06T19:48:14-05:00</time>
</trkpt>
<trkpt lat="-15.502836" lon="-70.133672">
<ele>3835.7</ele>
<time>2026-10-06T19:48:16-05:00</time>
</trkpt>
<trkpt lat="-15.502884" lon="-70.133714">
<ele>3836.0</ele>
<time>2026-10-06T19:48:18-05:00</time>
</trkpt>
<trkpt lat="-15.502919" lon="-70.133753">
<ele>3835.5</ele>
<time>2026-10-06T19:48:20-05:00</time>
</trkpt>
<trkpt lat="-15.502953" lon="-70.133785">
<ele>3836.4</ele>
<time>2026-10-06T19:48:22-05:00</time>
</trkpt>
<trkpt lat="-15.502976" lon="-70.133825">
<ele>3835.9</ele>
<time>2026-10-06T19:48:24-05:00</time>
</trkpt>
<trkpt lat="-15.503014" lon="-70.133853">
<ele>3835.6</ele>
<time>2026-10-06T19:48:26-05:00</time>
</trkpt>
<trkpt lat="-15.503055" lon="-70.133899">
<ele>3835.7</ele>
<time>2026-10-06T19:48:28-05:00</time>
</trkpt>
<trkpt lat="-15.503107" lon="-70.133945">
<ele>3835.0</ele>
<time>2026-10-06T19:48:30-05:00</time>
</trkpt>
<trkpt lat="-15.503147" lon="-70.133979">
<ele>3835.6</ele>
<time>2026-10-06T19:48:32-05:00</time>
</trkpt>
<trkpt lat="-15.503199" lon="-70.133999">
<ele>3835.4</ele>
<time>2026-10-06T19:48:34-05:00</time>
</trkpt>
<trkpt lat="-15.503247" lon="-70.134029">
<ele>3834.8</ele>
<time>2026-10-06T19:48:36-05:00</time>
</trkpt>
<trkpt lat="-15.503308" lon="-70.134061">
<ele>3835.1</ele>
<time>2026-10-06T19:48:38-05:00</time>
</trkpt>
<trkpt lat="-15.50335" lon="-70.134076">
<ele>3835.1</ele>
<time>2026-10-06T19:48:40-05:00</time>
</trkpt>
<trkpt lat="-15.503406" lon="-70.134078">
<ele>3836.1</ele>
<time>2026-10-06T19:48:42-05:00</time>
</trkpt>
<trkpt lat="-15.503436" lon="-70.134081">
<ele>3836.6</ele>
<time>2026-10-06T19:48:44-05:00</time>
</trkpt>
<trkpt lat="-15.503471" lon="-70.134044">
<ele>3837.1</ele>
<time>2026-10-06T19:48:46-05:00</time>
</trkpt>
<trkpt lat="-15.50348" lon="-70.134023">
<ele>3836.7</ele>
<time>2026-10-06T19:48:48-05:00</time>
</trkpt>
<trkpt lat="-15.503438" lon="-70.134053">
<ele>3835.2</ele>
<time>2026-10-06T19:48:50-05:00</time>
</trkpt>
<trkpt lat="-15.503401" lon="-70.134139">
<ele>3833.6</ele>
<time>2026-10-06T19:48:52-05:00</time>
</trkpt>
<trkpt lat="-15.503354" lon="-70.134228">
<ele>3832.5</ele>
<time>2026-10-06T19:48:54-05:00</time>
</trkpt>
<trkpt lat="-15.503295" lon="-70.134352">
<ele>3832.3</ele>
<time>2026-10-06T19:48:56-05:00</time>
</trkpt>
<trkpt lat="-15.503246" lon="-70.134498">
<ele>3831.8</ele>
<time>2026-10-06T19:48:58-05:00</time>
</trkpt>
<trkpt lat="-15.503196" lon="-70.134619">
<ele>3832.6</ele>
<time>2026-10-06T19:49:00-05:00</time>
</trkpt>
<trkpt lat="-15.503145" lon="-70.134698">
<ele>3832.3</ele>
<time>2026-10-06T19:49:02-05:00</time>
</trkpt>
<trkpt lat="-15.503099" lon="-70.134755">
<ele>3832.4</ele>
<time>2026-10-06T19:49:04-05:00</time>
</trkpt>
<trkpt lat="-15.503081" lon="-70.134813">
<ele>3832.2</ele>
<time>2026-10-06T19:49:06-05:00</time>
</trkpt>
<trkpt lat="-15.503077" lon="-70.134831">
<ele>3833.0</ele>
<time>2026-10-06T19:49:08-05:00</time>
</trkpt>
<trkpt lat="-15.503064" lon="-70.134855">
<ele>3831.7</ele>
<time>2026-10-06T19:49:10-05:00</time>
</trkpt>
<trkpt lat="-15.503057" lon="-70.134854">
<ele>3832.1</ele>
<time>2026-10-06T19:49:12-05:00</time>
</trkpt>
<trkpt lat="-15.503032" lon="-70.134861">
<ele>3832.1</ele>
<time>2026-10-06T19:49:14-05:00</time>
</trkpt>
<trkpt lat="-15.503047" lon="-70.134864">
<ele>3831.7</ele>
<time>2026-10-06T19:49:16-05:00</time>
</trkpt>
<trkpt lat="-15.503042" lon="-70.134845">
<ele>3832.3</ele>
<time>2026-10-06T19:49:18-05:00</time>
</trkpt>
<trkpt lat="-15.503035" lon="-70.134854">
<ele>3832.0</ele>
<time>2026-10-06T19:49:20-05:00</time>
</trkpt>
<trkpt lat="-15.503026" lon="-70.134868">
<ele>3831.7</ele>
<time>2026-10-06T19:49:22-05:00</time>
</trkpt>
<trkpt lat="-15.503028" lon="-70.134863">
<ele>3831.6</ele>
<time>2026-10-06T19:49:24-05:00</time>
</trkpt>
<trkpt lat="-15.503027" lon="-70.134862">
<ele>3832.0</ele>
<time>2026-10-06T19:49:26-05:00</time>
</trkpt>
<trkpt lat="-15.503015" lon="-70.134876">
<ele>3832.1</ele>
<time>2026-10-06T19:49:28-05:00</time>
</trkpt>
<trkpt lat="-15.503021" lon="-70.134873">
<ele>3832.0</ele>
<time>2026-10-06T19:49:30-05:00</time>
</trkpt>
<trkpt lat="-15.503015" lon="-70.134871">
<ele>3832.6</ele>
<time>2026-10-06T19:49:32-05:00</time>
</trkpt>
<trkpt lat="-15.503011" lon="-70.134866">
<ele>3832.2</ele>
<time>2026-10-06T19:49:34-05:00</time>
</trkpt>
<trkpt lat="-15.503005" lon="-70.134871">
<ele>3831.8</ele>
<time>2026-10-06T19:49:36-05:00</time>
</trkpt>
<trkpt lat="-15.502993" lon="-70.134866">
<ele>3832.2</ele>
<time>2026-10-06T19:49:38-05:00</time>
</trkpt>
<trkpt lat="-15.503007" lon="-70.134862">
<ele>3832.1</ele>
<time>2026-10-06T19:49:40-05:00</time>
</trkpt>
<trkpt lat="-15.503029" lon="-70.134906">
<ele>3831.5</ele>
<time>2026-10-06T19:49:42-05:00</time>
</trkpt>
<trkpt lat="-15.503129" lon="-70.134985">
<ele>3831.9</ele>
<time>2026-10-06T19:49:44-05:00</time>
</trkpt>
<trkpt lat="-15.503232" lon="-70.135095">
<ele>3833.0</ele>
<time>2026-10-06T19:49:46-05:00</time>
</trkpt>
<trkpt lat="-15.503252" lon="-70.135171">
<ele>3833.3</ele>
<time>2026-10-06T19:49:48-05:00</time>
</trkpt>
<trkpt lat="-15.503259" lon="-70.135174">
<ele>3833.3</ele>
<time>2026-10-06T19:49:50-05:00</time>
</trkpt>
<trkpt lat="-15.503259" lon="-70.135174">
<ele>3832.5</ele>
<time>2026-10-06T19:49:52-05:00</time>
</trkpt>
<trkpt lat="-15.503256" lon="-70.135175">
<ele>3833.1</ele>
<time>2026-10-06T19:49:54-05:00</time>
</trkpt>
<trkpt lat="-15.503268" lon="-70.135183">
<ele>3833.6</ele>
<time>2026-10-06T19:49:56-05:00</time>
</trkpt>
<trkpt lat="-15.503287" lon="-70.135183">
<ele>3833.1</ele>
<time>2026-10-06T19:49:58-05:00</time>
</trkpt>
<trkpt lat="-15.503282" lon="-70.135195">
<ele>3833.0</ele>
<time>2026-10-06T19:50:00-05:00</time>
</trkpt>
<trkpt lat="-15.503286" lon="-70.135199">
<ele>3833.3</ele>
<time>2026-10-06T19:50:02-05:00</time>
</trkpt>
<trkpt lat="-15.503291" lon="-70.135186">
<ele>3833.7</ele>
<time>2026-10-06T19:50:04-05:00</time>
</trkpt>
<trkpt lat="-15.503288" lon="-70.135181">
<ele>3834.0</ele>
<time>2026-10-06T19:50:06-05:00</time>
</trkpt>
<trkpt lat="-15.503273" lon="-70.135184">
<ele>3833.3</ele>
<time>2026-10-06T19:50:08-05:00</time>
</trkpt>
<trkpt lat="-15.503284" lon="-70.135182">
<ele>3833.5</ele>
<time>2026-10-06T19:50:10-05:00</time>
</trkpt>
<trkpt lat="-15.503285" lon="-70.135163">
<ele>3832.7</ele>
<time>2026-10-06T19:50:12-05:00</time>
</trkpt>
<trkpt lat="-15.503276" lon="-70.135166">
<ele>3833.3</ele>
<time>2026-10-06T19:50:14-05:00</time>
</trkpt>
<trkpt lat="-15.503282" lon="-70.135155">
<ele>3832.5</ele>
<time>2026-10-06T19:50:16-05:00</time>
</trkpt>
<trkpt lat="-15.503279" lon="-70.135159">
<ele>3833.2</ele>
<time>2026-10-06T19:50:18-05:00</time>
</trkpt>
<trkpt lat="-15.503272" lon="-70.135166">
<ele>3833.1</ele>
<time>2026-10-06T19:50:20-05:00</time>
</trkpt>
<trkpt lat="-15.503271" lon="-70.135175">
<ele>3832.5</ele>
<time>2026-10-06T19:50:22-05:00</time>
</trkpt>
<trkpt lat="-15.503274" lon="-70.135169">
<ele>3833.7</ele>
<time>2026-10-06T19:50:24-05:00</time>
</trkpt>
<trkpt lat="-15.503284" lon="-70.1352">
<ele>3833.7</ele>
<time>2026-10-06T19:50:26-05:00</time>
</trkpt>
<trkpt lat="-15.503317" lon="-70.135228">
<ele>3833.0</ele>
<time>2026-10-06T19:50:28-05:00</time>
</trkpt>
<trkpt lat="-15.503379" lon="-70.135254">
<ele>3832.8</ele>
<time>2026-10-06T19:50:30-05:00</time>
</trkpt>
<trkpt lat="-15.503429" lon="-70.135341">
<ele>3833.3</ele>
<time>2026-10-06T19:50:32-05:00</time>
</trkpt>
<trkpt lat="-15.503493" lon="-70.135458">
<ele>3833.3</ele>
<time>2026-10-06T19:50:34-05:00</time>
</trkpt>
<trkpt lat="-15.503558" lon="-70.135553">
<ele>3833.7</ele>
<time>2026-10-06T19:50:36-05:00</time>
</trkpt>
<trkpt lat="-15.503626" lon="-70.135647">
<ele>3833.8</ele>
<time>2026-10-06T19:50:38-05:00</time>
</trkpt>
<trkpt lat="-15.503681" lon="-70.13575">
<ele>3833.5</ele>
<time>2026-10-06T19:50:40-05:00</time>
</trkpt>
<trkpt lat="-15.503745" lon="-70.135829">
<ele>3832.6</ele>
<time>2026-10-06T19:50:42-05:00</time>
</trkpt>
<trkpt lat="-15.5038" lon="-70.135943">
<ele>3834.3</ele>
<time>2026-10-06T19:50:44-05:00</time>
</trkpt>
<trkpt lat="-15.50387" lon="-70.136023">
<ele>3834.2</ele>
<time>2026-10-06T19:50:46-05:00</time>
</trkpt>
<trkpt lat="-15.503933" lon="-70.1361">
<ele>3835.4</ele>
<time>2026-10-06T19:50:48-05:00</time>
</trkpt>
<trkpt lat="-15.504027" lon="-70.136193">
<ele>3835.8</ele>
<time>2026-10-06T19:50:50-05:00</time>
</trkpt>
<trkpt lat="-15.504088" lon="-70.136298">
<ele>3835.9</ele>
<time>2026-10-06T19:50:52-05:00</time>
</trkpt>
<trkpt lat="-15.50414" lon="-70.136374">
<ele>3836.2</ele>
<time>2026-10-06T19:50:54-05:00</time>
</trkpt>
<trkpt lat="-15.504143" lon="-70.136376">
<ele>3836.7</ele>
<time>2026-10-06T19:50:56-05:00</time>
</trkpt>
<trkpt lat="-15.504151" lon="-70.136365">
<ele>3836.2</ele>
<time>2026-10-06T19:50:58-05:00</time>
</trkpt>
<trkpt lat="-15.504161" lon="-70.136365">
<ele>3837.2</ele>
<time>2026-10-06T19:51:00-05:00</time>
</trkpt>
<trkpt lat="-15.504158" lon="-70.136364">
<ele>3836.7</ele>
<time>2026-10-06T19:51:02-05:00</time>
</trkpt>
<trkpt lat="-15.504148" lon="-70.136356">
<ele>3837.5</ele>
<time>2026-10-06T19:51:04-05:00</time>
</trkpt>
<trkpt lat="-15.504211" lon="-70.136313">
<ele>3835.8</ele>
<time>2026-10-06T19:51:06-05:00</time>
</trkpt>
<trkpt lat="-15.504251" lon="-70.136294">
<ele>3836.2</ele>
<time>2026-10-06T19:51:08-05:00</time>
</trkpt>
<trkpt lat="-15.504354" lon="-70.13638">
<ele>3836.6</ele>
<time>2026-10-06T19:51:10-05:00</time>
</trkpt>
<trkpt lat="-15.504451" lon="-70.136463">
<ele>3836.9</ele>
<time>2026-10-06T19:51:12-05:00</time>
</trkpt>
<trkpt lat="-15.504548" lon="-70.136549">
<ele>3837.1</ele>
<time>2026-10-06T19:51:14-05:00</time>
</trkpt>
<trkpt lat="-15.504603" lon="-70.136613">
<ele>3836.4</ele>
<time>2026-10-06T19:51:16-05:00</time>
</trkpt>
<trkpt lat="-15.504672" lon="-70.13668">
<ele>3836.3</ele>
<time>2026-10-06T19:51:18-05:00</time>
</trkpt>
<trkpt lat="-15.504745" lon="-70.136742">
<ele>3837.2</ele>
<time>2026-10-06T19:51:20-05:00</time>
</trkpt>
<trkpt lat="-15.504801" lon="-70.136817">
<ele>3837.1</ele>
<time>2026-10-06T19:51:22-05:00</time>
</trkpt>
<trkpt lat="-15.504866" lon="-70.136891">
<ele>3836.6</ele>
<time>2026-10-06T19:51:24-05:00</time>
</trkpt>
<trkpt lat="-15.504945" lon="-70.136943">
<ele>3837.0</ele>
<time>2026-10-06T19:51:26-05:00</time>
</trkpt>
<trkpt lat="-15.505026" lon="-70.137037">
<ele>3838.2</ele>
<time>2026-10-06T19:51:28-05:00</time>
</trkpt>
<trkpt lat="-15.505103" lon="-70.137106">
<ele>3838.8</ele>
<time>2026-10-06T19:51:30-05:00</time>
</trkpt>
<trkpt lat="-15.505165" lon="-70.137181">
<ele>3839.6</ele>
<time>2026-10-06T19:51:32-05:00</time>
</trkpt>
<trkpt lat="-15.505231" lon="-70.13728">
<ele>3839.7</ele>
<time>2026-10-06T19:51:34-05:00</time>
</trkpt>
<trkpt lat="-15.505314" lon="-70.137406">
<ele>3840.9</ele>
<time>2026-10-06T19:51:36-05:00</time>
</trkpt>
<trkpt lat="-15.505377" lon="-70.137549">
<ele>3840.2</ele>
<time>2026-10-06T19:51:38-05:00</time>
</trkpt>
<trkpt lat="-15.505394" lon="-70.137587">
<ele>3841.2</ele>
<time>2026-10-06T19:51:40-05:00</time>
</trkpt>
<trkpt lat="-15.505405" lon="-70.137582">
<ele>3840.8</ele>
<time>2026-10-06T19:51:42-05:00</time>
</trkpt>
<trkpt lat="-15.505405" lon="-70.137578">
<ele>3841.1</ele>
<time>2026-10-06T19:51:44-05:00</time>
</trkpt>
<trkpt lat="-15.505402" lon="-70.137573">
<ele>3841.6</ele>
<time>2026-10-06T19:51:46-05:00</time>
</trkpt>
<trkpt lat="-15.505417" lon="-70.137571">
<ele>3841.4</ele>
<time>2026-10-06T19:51:48-05:00</time>
</trkpt>
<trkpt lat="-15.505418" lon="-70.137573">
<ele>3841.9</ele>
<time>2026-10-06T19:51:50-05:00</time>
</trkpt>
<trkpt lat="-15.505417" lon="-70.137578">
<ele>3841.4</ele>
<time>2026-10-06T19:51:52-05:00</time>
</trkpt>
<trkpt lat="-15.505415" lon="-70.137594">
<ele>3841.8</ele>
<time>2026-10-06T19:51:54-05:00</time>
</trkpt>
<trkpt lat="-15.505423" lon="-70.137615">
<ele>3841.2</ele>
<time>2026-10-06T19:51:56-05:00</time>
</trkpt>
<trkpt lat="-15.505467" lon="-70.137686">
<ele>3841.5</ele>
<time>2026-10-06T19:51:58-05:00</time>
</trkpt>
<trkpt lat="-15.505489" lon="-70.137797">
<ele>3841.8</ele>
<time>2026-10-06T19:52:00-05:00</time>
</trkpt>
<trkpt lat="-15.505514" lon="-70.137897">
<ele>3842.4</ele>
<time>2026-10-06T19:52:02-05:00</time>
</trkpt>
<trkpt lat="-15.505516" lon="-70.13798">
<ele>3842.7</ele>
<time>2026-10-06T19:52:04-05:00</time>
</trkpt>
<trkpt lat="-15.505541" lon="-70.138075">
<ele>3843.4</ele>
<time>2026-10-06T19:52:06-05:00</time>
</trkpt>
<trkpt lat="-15.505577" lon="-70.138175">
<ele>3843.6</ele>
<time>2026-10-06T19:52:08-05:00</time>
</trkpt>
<trkpt lat="-15.505594" lon="-70.138267">
<ele>3844.1</ele>
<time>2026-10-06T19:52:10-05:00</time>
</trkpt>
<trkpt lat="-15.505608" lon="-70.13836">
<ele>3844.4</ele>
<time>2026-10-06T19:52:12-05:00</time>
</trkpt>
<trkpt lat="-15.505637" lon="-70.138483">
<ele>3844.8</ele>
<time>2026-10-06T19:52:14-05:00</time>
</trkpt>
<trkpt lat="-15.505678" lon="-70.138602">
<ele>3846.0</ele>
<time>2026-10-06T19:52:16-05:00</time>
</trkpt>
<trkpt lat="-15.505686" lon="-70.138686">
<ele>3846.0</ele>
<time>2026-10-06T19:52:18-05:00</time>
</trkpt>
<trkpt lat="-15.505685" lon="-70.138696">
<ele>3845.9</ele>
<time>2026-10-06T19:52:20-05:00</time>
</trkpt>
<trkpt lat="-15.505682" lon="-70.138697">
<ele>3846.4</ele>
<time>2026-10-06T19:52:22-05:00</time>
</trkpt>
<trkpt lat="-15.505672" lon="-70.138718">
<ele>3847.0</ele>
<time>2026-10-06T19:52:24-05:00</time>
</trkpt>
<trkpt lat="-15.505672" lon="-70.138716">
<ele>3845.6</ele>
<time>2026-10-06T19:52:26-05:00</time>
</trkpt>
<trkpt lat="-15.505655" lon="-70.138722">
<ele>3846.4</ele>
<time>2026-10-06T19:52:28-05:00</time>
</trkpt>
<trkpt lat="-15.50567" lon="-70.138739">
<ele>3845.6</ele>
<time>2026-10-06T19:52:30-05:00</time>
</trkpt>
<trkpt lat="-15.505651" lon="-70.138747">
<ele>3846.8</ele>
<time>2026-10-06T19:52:32-05:00</time>
</trkpt>
<trkpt lat="-15.505642" lon="-70.138739">
<ele>3845.5</ele>
<time>2026-10-06T19:52:34-05:00</time>
</trkpt>
<trkpt lat="-15.505651" lon="-70.138778">
<ele>3846.1</ele>
<time>2026-10-06T19:52:36-05:00</time>
</trkpt>
<trkpt lat="-15.505669" lon="-70.138864">
<ele>3846.6</ele>
<time>2026-10-06T19:52:38-05:00</time>
</trkpt>
<trkpt lat="-15.505693" lon="-70.139003">
<ele>3847.0</ele>
<time>2026-10-06T19:52:40-05:00</time>
</trkpt>
<trkpt lat="-15.505721" lon="-70.139106">
<ele>3847.2</ele>
<time>2026-10-06T19:52:42-05:00</time>
</trkpt>
<trkpt lat="-15.505735" lon="-70.1392">
<ele>3847.3</ele>
<time>2026-10-06T19:52:44-05:00</time>
</trkpt>
<trkpt lat="-15.505746" lon="-70.139275">
<ele>3847.8</ele>
<time>2026-10-06T19:52:46-05:00</time>
</trkpt>
<trkpt lat="-15.505769" lon="-70.139363">
<ele>3848.5</ele>
<time>2026-10-06T19:52:48-05:00</time>
</trkpt>
<trkpt lat="-15.505807" lon="-70.139491">
<ele>3848.0</ele>
<time>2026-10-06T19:52:50-05:00</time>
</trkpt>
<trkpt lat="-15.505829" lon="-70.139577">
<ele>3848.5</ele>
<time>2026-10-06T19:52:52-05:00</time>
</trkpt>
<trkpt lat="-15.505854" lon="-70.139672">
<ele>3848.5</ele>
<time>2026-10-06T19:52:54-05:00</time>
</trkpt>
<trkpt lat="-15.505882" lon="-70.139806">
<ele>3848.6</ele>
<time>2026-10-06T19:52:56-05:00</time>
</trkpt>
<trkpt lat="-15.505909" lon="-70.139919">
<ele>3849.9</ele>
<time>2026-10-06T19:52:58-05:00</time>
</trkpt>
<trkpt lat="-15.505902" lon="-70.139967">
<ele>3851.3</ele>
<time>2026-10-06T19:53:00-05:00</time>
</trkpt>
</trkseg>
</trk>
</gpx>