<?xml version="1.0" encoding="UTF-8"?>
<gpx xmlns="http://www.topografix.com/GPX/1/1" xmlns:xsi="http://www.w3.org/2001/XMLSchema-instance" xsi:schemaLocation="http://www.topografix.com/GPX/1/1 http://www.topografix.com/GPX/1/1/gpx.xsd" version="1.1" creator="JuliacaBus-DS">
<metadata>
<name>MOLINA-ESCURI-L23</name>
<time>2026-10-06T14:00:00-05:00</time>
<keywords>linea L23, ida</keywords>
</metadata>
<trk>
<name>MOLINA-ESCURI-L23</name>
<trkseg>
<trkpt lat="-15.486498" lon="-70.18926">
<ele>3830.1</ele>
<time>2026-10-06T14:00:00-05:00</time>
</trkpt>
<trkpt lat="-15.486511" lon="-70.189257">
<ele>3829.7</ele>
<time>2026-10-06T14:00:02-05:00</time>
</trkpt>
<trkpt lat="-15.4865" lon="-70.189253">
<ele>3829.8</ele>
<time>2026-10-06T14:00:04-05:00</time>
</trkpt>
<trkpt lat="-15.486497" lon="-70.189245">
<ele>3829.8</ele>
<time>2026-10-06T14:00:06-05:00</time>
</trkpt>
<trkpt lat="-15.486497" lon="-70.189241">
<ele>3830.2</ele>
<time>2026-10-06T14:00:08-05:00</time>
</trkpt>
<trkpt lat="-15.486505" lon="-70.189214">
<ele>3829.2</ele>
<time>2026-10-06T14:00:10-05:00</time>
</trkpt>
<trkpt lat="-15.486579" lon="-70.189146">
<ele>3830.2</ele>
<time>2026-10-06T14:00:12-05:00</time>
</trkpt>
<trkpt lat="-15.486571" lon="-70.189078">
<ele>3830.1</ele>
<time>2026-10-06T14:00:14-05:00</time>
</trkpt>
<trkpt lat="-15.486594" lon="-70.188944">
<ele>3829.9</ele>
<time>2026-10-06T14:00:16-05:00</time>
</trkpt>
<trkpt lat="-15.486625" lon="-70.188802">
<ele>3829.2</ele>
<time>2026-10-06T14:00:18-05:00</time>
</trkpt>
<trkpt lat="-15.486647" lon="-70.188684">
<ele>3829.0</ele>
<time>2026-10-06T14:00:20-05:00</time>
</trkpt>
<trkpt lat="-15.48667" lon="-70.188565">
<ele>3829.3</ele>
<time>2026-10-06T14:00:22-05:00</time>
</trkpt>
<trkpt lat="-15.48669" lon="-70.188435">
<ele>3828.9</ele>
<time>2026-10-06T14:00:24-05:00</time>
</trkpt>
<trkpt lat="-15.486691" lon="-70.188341">
<ele>3829.7</ele>
<time>2026-10-06T14:00:26-05:00</time>
</trkpt>
<trkpt lat="-15.486723" lon="-70.188227">
<ele>3828.3</ele>
<time>2026-10-06T14:00:28-05:00</time>
</trkpt>
<trkpt lat="-15.486739" lon="-70.188143">
<ele>3828.4</ele>
<time>2026-10-06T14:00:30-05:00</time>
</trkpt>
<trkpt lat="-15.486767" lon="-70.188035">
<ele>3828.5</ele>
<time>2026-10-06T14:00:32-05:00</time>
</trkpt>
<trkpt lat="-15.486774" lon="-70.187902">
<ele>3828.5</ele>
<time>2026-10-06T14:00:34-05:00</time>
</trkpt>
<trkpt lat="-15.486798" lon="-70.187784">
<ele>3829.8</ele>
<time>2026-10-06T14:00:36-05:00</time>
</trkpt>
<trkpt lat="-15.486815" lon="-70.187659">
<ele>3829.0</ele>
<time>2026-10-06T14:00:38-05:00</time>
</trkpt>
<trkpt lat="-15.486816" lon="-70.187538">
<ele>3828.5</ele>
<time>2026-10-06T14:00:40-05:00</time>
</trkpt>
<trkpt lat="-15.48685" lon="-70.187445">
<ele>3828.3</ele>
<time>2026-10-06T14:00:42-05:00</time>
</trkpt>
<trkpt lat="-15.486851" lon="-70.187347">
<ele>3827.8</ele>
<time>2026-10-06T14:00:44-05:00</time>
</trkpt>
<trkpt lat="-15.486864" lon="-70.187248">
<ele>3829.4</ele>
<time>2026-10-06T14:00:46-05:00</time>
</trkpt>
<trkpt lat="-15.486884" lon="-70.18715">
<ele>3828.3</ele>
<time>2026-10-06T14:00:48-05:00</time>
</trkpt>
<trkpt lat="-15.486906" lon="-70.187033">
<ele>3829.1</ele>
<time>2026-10-06T14:00:50-05:00</time>
</trkpt>
<trkpt lat="-15.486899" lon="-70.186923">
<ele>3828.2</ele>
<time>2026-10-06T14:00:52-05:00</time>
</trkpt>
<trkpt lat="-15.486906" lon="-70.186823">
<ele>3828.3</ele>
<time>2026-10-06T14:00:54-05:00</time>
</trkpt>
<trkpt lat="-15.486914" lon="-70.18673">
<ele>3829.1</ele>
<time>2026-10-06T14:00:56-05:00</time>
</trkpt>
<trkpt lat="-15.486915" lon="-70.18666">
<ele>3829.2</ele>
<time>2026-10-06T14:00:58-05:00</time>
</trkpt>
<trkpt lat="-15.486915" lon="-70.186544">
<ele>3829.0</ele>
<time>2026-10-06T14:01:00-05:00</time>
</trkpt>
<trkpt lat="-15.486944" lon="-70.186446">
<ele>3828.6</ele>
<time>2026-10-06T14:01:02-05:00</time>
</trkpt>
<trkpt lat="-15.48695" lon="-70.186357">
<ele>3829.3</ele>
<time>2026-10-06T14:01:04-05:00</time>
</trkpt>
<trkpt lat="-15.486972" lon="-70.186234">
<ele>3828.6</ele>
<time>2026-10-06T14:01:06-05:00</time>
</trkpt>
<trkpt lat="-15.48698" lon="-70.186076">
<ele>3828.5</ele>
<time>2026-10-06T14:01:08-05:00</time>
</trkpt>
<trkpt lat="-15.486987" lon="-70.185925">
<ele>3829.2</ele>
<time>2026-10-06T14:01:10-05:00</time>
</trkpt>
<trkpt lat="-15.486975" lon="-70.185753">
<ele>3829.2</ele>
<time>2026-10-06T14:01:12-05:00</time>
</trkpt>
<trkpt lat="-15.486981" lon="-70.185591">
<ele>3829.0</ele>
<time>2026-10-06T14:01:14-05:00</time>
</trkpt>
<trkpt lat="-15.486985" lon="-70.185455">
<ele>3828.7</ele>
<time>2026-10-06T14:01:16-05:00</time>
</trkpt>
<trkpt lat="-15.487015" lon="-70.185394">
<ele>3829.1</ele>
<time>2026-10-06T14:01:18-05:00</time>
</trkpt>
<trkpt lat="-15.487032" lon="-70.185375">
<ele>3829.1</ele>
<time>2026-10-06T14:01:20-05:00</time>
</trkpt>
<trkpt lat="-15.487032" lon="-70.185363">
<ele>3828.9</ele>
<time>2026-10-06T14:01:22-05:00</time>
</trkpt>
<trkpt lat="-15.48703" lon="-70.185377">
<ele>3829.0</ele>
<time>2026-10-06T14:01:24-05:00</time>
</trkpt>
<trkpt lat="-15.487043" lon="-70.185373">
<ele>3829.4</ele>
<time>2026-10-06T14:01:26-05:00</time>
</trkpt>
<trkpt lat="-15.487041" lon="-70.185365">
<ele>3828.3</ele>
<time>2026-10-06T14:01:28-05:00</time>
</trkpt>
<trkpt lat="-15.487051" lon="-70.185358">
<ele>3828.8</ele>
<time>2026-10-06T14:01:30-05:00</time>
</trkpt>
<trkpt lat="-15.487058" lon="-70.185372">
<ele>3829.0</ele>
<time>2026-10-06T14:01:32-05:00</time>
</trkpt>
<trkpt lat="-15.48706" lon="-70.185372">
<ele>3829.9</ele>
<time>2026-10-06T14:01:34-05:00</time>
</trkpt>
<trkpt lat="-15.48707" lon="-70.185364">
<ele>3829.0</ele>
<time>2026-10-06T14:01:36-05:00</time>
</trkpt>
<trkpt lat="-15.487066" lon="-70.185308">
<ele>3829.1</ele>
<time>2026-10-06T14:01:38-05:00</time>
</trkpt>
<trkpt lat="-15.48705" lon="-70.185212">
<ele>3828.6</ele>
<time>2026-10-06T14:01:40-05:00</time>
</trkpt>
<trkpt lat="-15.487069" lon="-70.18509">
<ele>3829.4</ele>
<time>2026-10-06T14:01:42-05:00</time>
</trkpt>
<trkpt lat="-15.487077" lon="-70.184956">
<ele>3828.9</ele>
<time>2026-10-06T14:01:44-05:00</time>
</trkpt>
<trkpt lat="-15.48708" lon="-70.184829">
<ele>3828.5</ele>
<time>2026-10-06T14:01:46-05:00</time>
</trkpt>
<trkpt lat="-15.4871" lon="-70.184712">
<ele>3828.5</ele>
<time>2026-10-06T14:01:48-05:00</time>
</trkpt>
<trkpt lat="-15.487097" lon="-70.184599">
<ele>3828.6</ele>
<time>2026-10-06T14:01:50-05:00</time>
</trkpt>
<trkpt lat="-15.487086" lon="-70.184504">
<ele>3828.1</ele>
<time>2026-10-06T14:01:52-05:00</time>
</trkpt>
<trkpt lat="-15.487087" lon="-70.184417">
<ele>3828.2</ele>
<time>2026-10-06T14:01:54-05:00</time>
</trkpt>
<trkpt lat="-15.487096" lon="-70.184304">
<ele>3828.6</ele>
<time>2026-10-06T14:01:56-05:00</time>
</trkpt>
<trkpt lat="-15.487106" lon="-70.184188">
<ele>3828.4</ele>
<time>2026-10-06T14:01:58-05:00</time>
</trkpt>
<trkpt lat="-15.487103" lon="-70.18408">
<ele>3827.8</ele>
<time>2026-10-06T14:02:00-05:00</time>
</trkpt>
<trkpt lat="-15.487112" lon="-70.183967">
<ele>3828.3</ele>
<time>2026-10-06T14:02:02-05:00</time>
</trkpt>
<trkpt lat="-15.487128" lon="-70.183844">
<ele>3827.5</ele>
<time>2026-10-06T14:02:04-05:00</time>
</trkpt>
<trkpt lat="-15.487151" lon="-70.18375">
<ele>3828.3</ele>
<time>2026-10-06T14:02:06-05:00</time>
</trkpt>
<trkpt lat="-15.487167" lon="-70.183644">
<ele>3828.1</ele>
<time>2026-10-06T14:02:08-05:00</time>
</trkpt>
<trkpt lat="-15.487167" lon="-70.183569">
<ele>3828.3</ele>
<time>2026-10-06T14:02:10-05:00</time>
</trkpt>
<trkpt lat="-15.487186" lon="-70.183531">
<ele>3828.0</ele>
<time>2026-10-06T14:02:12-05:00</time>
</trkpt>
<trkpt lat="-15.487185" lon="-70.183508">
<ele>3827.8</ele>
<time>2026-10-06T14:02:14-05:00</time>
</trkpt>
<trkpt lat="-15.487197" lon="-70.183493">
<ele>3827.8</ele>
<time>2026-10-06T14:02:16-05:00</time>
</trkpt>
<trkpt lat="-15.487182" lon="-70.183489">
<ele>3828.3</ele>
<time>2026-10-06T14:02:18-05:00</time>
</trkpt>
<trkpt lat="-15.487204" lon="-70.183477">
<ele>3828.4</ele>
<time>2026-10-06T14:02:20-05:00</time>
</trkpt>
<trkpt lat="-15.487205" lon="-70.183454">
<ele>3828.2</ele>
<time>2026-10-06T14:02:22-05:00</time>
</trkpt>
<trkpt lat="-15.487211" lon="-70.183444">
<ele>3828.3</ele>
<time>2026-10-06T14:02:24-05:00</time>
</trkpt>
<trkpt lat="-15.487223" lon="-70.183439">
<ele>3827.9</ele>
<time>2026-10-06T14:02:26-05:00</time>
</trkpt>
<trkpt lat="-15.487213" lon="-70.183457">
<ele>3827.6</ele>
<time>2026-10-06T14:02:28-05:00</time>
</trkpt>
<trkpt lat="-15.48721" lon="-70.183455">
<ele>3827.8</ele>
<time>2026-10-06T14:02:30-05:00</time>
</trkpt>
<trkpt lat="-15.48722" lon="-70.183395">
<ele>3828.4</ele>
<time>2026-10-06T14:02:32-05:00</time>
</trkpt>
<trkpt lat="-15.487206" lon="-70.183284">
<ele>3828.1</ele>
<time>2026-10-06T14:02:34-05:00</time>
</trkpt>
<trkpt lat="-15.48723" lon="-70.183177">
<ele>3828.9</ele>
<time>2026-10-06T14:02:36-05:00</time>
</trkpt>
<trkpt lat="-15.487225" lon="-70.18307">
<ele>3827.6</ele>
<time>2026-10-06T14:02:38-05:00</time>
</trkpt>
<trkpt lat="-15.487243" lon="-70.182945">
<ele>3828.0</ele>
<time>2026-10-06T14:02:40-05:00</time>
</trkpt>
<trkpt lat="-15.487264" lon="-70.182839">
<ele>3828.8</ele>
<time>2026-10-06T14:02:42-05:00</time>
</trkpt>
<trkpt lat="-15.487246" lon="-70.182725">
<ele>3828.5</ele>
<time>2026-10-06T14:02:44-05:00</time>
</trkpt>
<trkpt lat="-15.487243" lon="-70.182633">
<ele>3828.4</ele>
<time>2026-10-06T14:02:46-05:00</time>
</trkpt>
<trkpt lat="-15.48726" lon="-70.182542">
<ele>3829.5</ele>
<time>2026-10-06T14:02:48-05:00</time>
</trkpt>
<trkpt lat="-15.48727" lon="-70.182437">
<ele>3829.1</ele>
<time>2026-10-06T14:02:50-05:00</time>
</trkpt>
<trkpt lat="-15.487289" lon="-70.182355">
<ele>3828.3</ele>
<time>2026-10-06T14:02:52-05:00</time>
</trkpt>
<trkpt lat="-15.487299" lon="-70.182253">
<ele>3828.1</ele>
<time>2026-10-06T14:02:54-05:00</time>
</trkpt>
<trkpt lat="-15.487311" lon="-70.18214">
<ele>3828.7</ele>
<time>2026-10-06T14:02:56-05:00</time>
</trkpt>
<trkpt lat="-15.487309" lon="-70.182027">
<ele>3829.0</ele>
<time>2026-10-06T14:02:58-05:00</time>
</trkpt>
<trkpt lat="-15.487328" lon="-70.181915">
<ele>3829.3</ele>
<time>2026-10-06T14:03:00-05:00</time>
</trkpt>
<trkpt lat="-15.487352" lon="-70.181816">
<ele>3829.1</ele>
<time>2026-10-06T14:03:02-05:00</time>
</trkpt>
<trkpt lat="-15.487363" lon="-70.181728">
<ele>3829.0</ele>
<time>2026-10-06T14:03:04-05:00</time>
</trkpt>
<trkpt lat="-15.487378" lon="-70.181628">
<ele>3829.1</ele>
<time>2026-10-06T14:03:06-05:00</time>
</trkpt>
<trkpt lat="-15.487376" lon="-70.181531">
<ele>3829.1</ele>
<time>2026-10-06T14:03:08-05:00</time>
</trkpt>
<trkpt lat="-15.487389" lon="-70.181431">
<ele>3829.1</ele>
<time>2026-10-06T14:03:10-05:00</time>
</trkpt>
<trkpt lat="-15.487417" lon="-70.181283">
<ele>3829.3</ele>
<time>2026-10-06T14:03:12-05:00</time>
</trkpt>
<trkpt lat="-15.487434" lon="-70.181122">
<ele>3828.8</ele>
<time>2026-10-06T14:03:14-05:00</time>
</trkpt>
<trkpt lat="-15.487444" lon="-70.180969">
<ele>3828.8</ele>
<time>2026-10-06T14:03:16-05:00</time>
</trkpt>
<trkpt lat="-15.487449" lon="-70.180816">
<ele>3828.4</ele>
<time>2026-10-06T14:03:18-05:00</time>
</trkpt>
<trkpt lat="-15.487441" lon="-70.180702">
<ele>3829.0</ele>
<time>2026-10-06T14:03:20-05:00</time>
</trkpt>
<trkpt lat="-15.487483" lon="-70.180642">
<ele>3829.3</ele>
<time>2026-10-06T14:03:22-05:00</time>
</trkpt>
<trkpt lat="-15.487475" lon="-70.180626">
<ele>3828.9</ele>
<time>2026-10-06T14:03:24-05:00</time>
</trkpt>
<trkpt lat="-15.487479" lon="-70.180624">
<ele>3829.3</ele>
<time>2026-10-06T14:03:26-05:00</time>
</trkpt>
<trkpt lat="-15.487492" lon="-70.180634">
<ele>3829.3</ele>
<time>2026-10-06T14:03:28-05:00</time>
</trkpt>
<trkpt lat="-15.487498" lon="-70.180641">
<ele>3829.4</ele>
<time>2026-10-06T14:03:30-05:00</time>
</trkpt>
<trkpt lat="-15.487486" lon="-70.180643">
<ele>3829.0</ele>
<time>2026-10-06T14:03:32-05:00</time>
</trkpt>
<trkpt lat="-15.487482" lon="-70.180627">
<ele>3828.9</ele>
<time>2026-10-06T14:03:34-05:00</time>
</trkpt>
<trkpt lat="-15.487473" lon="-70.180628">
<ele>3828.9</ele>
<time>2026-10-06T14:03:36-05:00</time>
</trkpt>
<trkpt lat="-15.487473" lon="-70.18062">
<ele>3828.5</ele>
<time>2026-10-06T14:03:38-05:00</time>
</trkpt>
<trkpt lat="-15.48747" lon="-70.180622">
<ele>3828.5</ele>
<time>2026-10-06T14:03:40-05:00</time>
</trkpt>
<trkpt lat="-15.487458" lon="-70.180618">
<ele>3828.3</ele>
<time>2026-10-06T14:03:42-05:00</time>
</trkpt>
<trkpt lat="-15.487461" lon="-70.180599">
<ele>3829.1</ele>
<time>2026-10-06T14:03:44-05:00</time>
</trkpt>
<trkpt lat="-15.487447" lon="-70.180525">
<ele>3829.6</ele>
<time>2026-10-06T14:03:46-05:00</time>
</trkpt>
<trkpt lat="-15.487461" lon="-70.180424">
<ele>3829.6</ele>
<time>2026-10-06T14:03:48-05:00</time>
</trkpt>
<trkpt lat="-15.487482" lon="-70.180263">
<ele>3829.1</ele>
<time>2026-10-06T14:03:50-05:00</time>
</trkpt>
<trkpt lat="-15.48752" lon="-70.18012">
<ele>3828.7</ele>
<time>2026-10-06T14:03:52-05:00</time>
</trkpt>
<trkpt lat="-15.487551" lon="-70.179954">
<ele>3828.3</ele>
<time>2026-10-06T14:03:54-05:00</time>
</trkpt>
<trkpt lat="-15.487582" lon="-70.179803">
<ele>3828.6</ele>
<time>2026-10-06T14:03:56-05:00</time>
</trkpt>
<trkpt lat="-15.487601" lon="-70.179683">
<ele>3828.2</ele>
<time>2026-10-06T14:03:58-05:00</time>
</trkpt>
<trkpt lat="-15.487609" lon="-70.1796">
<ele>3829.7</ele>
<time>2026-10-06T14:04:00-05:00</time>
</trkpt>
<trkpt lat="-15.487619" lon="-70.179554">
<ele>3829.3</ele>
<time>2026-10-06T14:04:02-05:00</time>
</trkpt>
<trkpt lat="-15.487614" lon="-70.17955">
<ele>3828.4</ele>
<time>2026-10-06T14:04:04-05:00</time>
</trkpt>
<trkpt lat="-15.487627" lon="-70.179556">
<ele>3828.9</ele>
<time>2026-10-06T14:04:06-05:00</time>
</trkpt>
<trkpt lat="-15.487633" lon="-70.179559">
<ele>3829.2</ele>
<time>2026-10-06T14:04:08-05:00</time>
</trkpt>
<trkpt lat="-15.487636" lon="-70.179555">
<ele>3829.0</ele>
<time>2026-10-06T14:04:10-05:00</time>
</trkpt>
<trkpt lat="-15.487634" lon="-70.179564">
<ele>3828.3</ele>
<time>2026-10-06T14:04:12-05:00</time>
</trkpt>
<trkpt lat="-15.487642" lon="-70.179547">
<ele>3829.2</ele>
<time>2026-10-06T14:04:14-05:00</time>
</trkpt>
<trkpt lat="-15.487634" lon="-70.179554">
<ele>3828.8</ele>
<time>2026-10-06T14:04:16-05:00</time>
</trkpt>
<trkpt lat="-15.487645" lon="-70.179567">
<ele>3829.4</ele>
<time>2026-10-06T14:04:18-05:00</time>
</trkpt>
<trkpt lat="-15.487663" lon="-70.17957">
<ele>3829.4</ele>
<time>2026-10-06T14:04:20-05:00</time>
</trkpt>
<trkpt lat="-15.487646" lon="-70.17949">
<ele>3829.8</ele>
<time>2026-10-06T14:04:22-05:00</time>
</trkpt>
<trkpt lat="-15.48767" lon="-70.179344">
<ele>3829.1</ele>
<time>2026-10-06T14:04:24-05:00</time>
</trkpt>
<trkpt lat="-15.487695" lon="-70.179219">
<ele>3829.4</ele>
<time>2026-10-06T14:04:26-05:00</time>
</trkpt>
<trkpt lat="-15.487712" lon="-70.179171">
<ele>3829.0</ele>
<time>2026-10-06T14:04:28-05:00</time>
</trkpt>
<trkpt lat="-15.487716" lon="-70.179166">
<ele>3828.9</ele>
<time>2026-10-06T14:04:30-05:00</time>
</trkpt>
<trkpt lat="-15.487714" lon="-70.179145">
<ele>3829.1</ele>
<time>2026-10-06T14:04:32-05:00</time>
</trkpt>
<trkpt lat="-15.487713" lon="-70.179131">
<ele>3829.3</ele>
<time>2026-10-06T14:04:34-05:00</time>
</trkpt>
<trkpt lat="-15.487719" lon="-70.179132">
<ele>3828.9</ele>
<time>2026-10-06T14:04:36-05:00</time>
</trkpt>
<trkpt lat="-15.487722" lon="-70.179141">
<ele>3828.6</ele>
<time>2026-10-06T14:04:38-05:00</time>
</trkpt>
<trkpt lat="-15.487713" lon="-70.179137">
<ele>3828.9</ele>
<time>2026-10-06T14:04:40-05:00</time>
</trkpt>
<trkpt lat="-15.487722" lon="-70.179125">
<ele>3828.9</ele>
<time>2026-10-06T14:04:42-05:00</time>
</trkpt>
<trkpt lat="-15.487702" lon="-70.179116">
<ele>3829.1</ele>
<time>2026-10-06T14:04:44-05:00</time>
</trkpt>
<trkpt lat="-15.487695" lon="-70.179066">
<ele>3828.8</ele>
<time>2026-10-06T14:04:46-05:00</time>
</trkpt>
<trkpt lat="-15.487696" lon="-70.179011">
<ele>3828.6</ele>
<time>2026-10-06T14:04:48-05:00</time>
</trkpt>
<trkpt lat="-15.487726" lon="-70.178893">
<ele>3828.8</ele>
<time>2026-10-06T14:04:50-05:00</time>
</trkpt>
<trkpt lat="-15.487752" lon="-70.178753">
<ele>3828.7</ele>
<time>2026-10-06T14:04:52-05:00</time>
</trkpt>
<trkpt lat="-15.487785" lon="-70.178599">
<ele>3829.1</ele>
<time>2026-10-06T14:04:54-05:00</time>
</trkpt>
<trkpt lat="-15.487825" lon="-70.17845">
<ele>3829.1</ele>
<time>2026-10-06T14:04:56-05:00</time>
</trkpt>
<trkpt lat="-15.487829" lon="-70.178331">
<ele>3828.4</ele>
<time>2026-10-06T14:04:58-05:00</time>
</trkpt>
<trkpt lat="-15.487846" lon="-70.178215">
<ele>3828.2</ele>
<time>2026-10-06T14:05:00-05:00</time>
</trkpt>
<trkpt lat="-15.487865" lon="-70.178108">
<ele>3828.6</ele>
<time>2026-10-06T14:05:02-05:00</time>
</trkpt>
<trkpt lat="-15.487886" lon="-70.178">
<ele>3828.7</ele>
<time>2026-10-06T14:05:04-05:00</time>
</trkpt>
<trkpt lat="-15.487902" lon="-70.177898">
<ele>3828.8</ele>
<time>2026-10-06T14:05:06-05:00</time>
</trkpt>
<trkpt lat="-15.48793" lon="-70.177777">
<ele>3828.9</ele>
<time>2026-10-06T14:05:08-05:00</time>
</trkpt>
<trkpt lat="-15.487941" lon="-70.177656">
<ele>3828.7</ele>
<time>2026-10-06T14:05:10-05:00</time>
</trkpt>
<trkpt lat="-15.487964" lon="-70.177534">
<ele>3829.1</ele>
<time>2026-10-06T14:05:12-05:00</time>
</trkpt>
<trkpt lat="-15.487977" lon="-70.177399">
<ele>3828.7</ele>
<time>2026-10-06T14:05:14-05:00</time>
</trkpt>
<trkpt lat="-15.488002" lon="-70.177267">
<ele>3828.1</ele>
<time>2026-10-06T14:05:16-05:00</time>
</trkpt>
<trkpt lat="-15.48802" lon="-70.177142">
<ele>3828.2</ele>
<time>2026-10-06T14:05:18-05:00</time>
</trkpt>
<trkpt lat="-15.488052" lon="-70.177024">
<ele>3828.8</ele>
<time>2026-10-06T14:05:20-05:00</time>
</trkpt>
<trkpt lat="-15.488071" lon="-70.176907">
<ele>3828.5</ele>
<time>2026-10-06T14:05:22-05:00</time>
</trkpt>
<trkpt lat="-15.488078" lon="-70.176764">
<ele>3828.5</ele>
<time>2026-10-06T14:05:24-05:00</time>
</trkpt>
<trkpt lat="-15.488096" lon="-70.176636">
<ele>3828.6</ele>
<time>2026-10-06T14:05:26-05:00</time>
</trkpt>
<trkpt lat="-15.488108" lon="-70.176512">
<ele>3828.3</ele>
<time>2026-10-06T14:05:28-05:00</time>
</trkpt>
<trkpt lat="-15.488132" lon="-70.176384">
<ele>3828.6</ele>
<time>2026-10-06T14:05:30-05:00</time>
</trkpt>
<trkpt lat="-15.488161" lon="-70.17625">
<ele>3828.8</ele>
<time>2026-10-06T14:05:32-05:00</time>
</trkpt>
<trkpt lat="-15.488173" lon="-70.176125">
<ele>3828.3</ele>
<time>2026-10-06T14:05:34-05:00</time>
</trkpt>
<trkpt lat="-15.488196" lon="-70.176029">
<ele>3827.7</ele>
<time>2026-10-06T14:05:36-05:00</time>
</trkpt>
<trkpt lat="-15.488212" lon="-70.175898">
<ele>3828.1</ele>
<time>2026-10-06T14:05:38-05:00</time>
</trkpt>
<trkpt lat="-15.48823" lon="-70.175766">
<ele>3828.5</ele>
<time>2026-10-06T14:05:40-05:00</time>
</trkpt>
<trkpt lat="-15.488266" lon="-70.17565">
<ele>3828.1</ele>
<time>2026-10-06T14:05:42-05:00</time>
</trkpt>
<trkpt lat="-15.488292" lon="-70.17553">
<ele>3828.3</ele>
<time>2026-10-06T14:05:44-05:00</time>
</trkpt>
<trkpt lat="-15.488321" lon="-70.175388">
<ele>3828.4</ele>
<time>2026-10-06T14:05:46-05:00</time>
</trkpt>
<trkpt lat="-15.488327" lon="-70.175269">
<ele>3828.3</ele>
<time>2026-10-06T14:05:48-05:00</time>
</trkpt>
<trkpt lat="-15.48834" lon="-70.175149">
<ele>3828.1</ele>
<time>2026-10-06T14:05:50-05:00</time>
</trkpt>
<trkpt lat="-15.488352" lon="-70.175005">
<ele>3828.7</ele>
<time>2026-10-06T14:05:52-05:00</time>
</trkpt>
<trkpt lat="-15.488364" lon="-70.174894">
<ele>3828.4</ele>
<time>2026-10-06T14:05:54-05:00</time>
</trkpt>
<trkpt lat="-15.488393" lon="-70.174759">
<ele>3827.8</ele>
<time>2026-10-06T14:05:56-05:00</time>
</trkpt>
<trkpt lat="-15.488401" lon="-70.174628">
<ele>3828.3</ele>
<time>2026-10-06T14:05:58-05:00</time>
</trkpt>
<trkpt lat="-15.488424" lon="-70.174499">
<ele>3828.2</ele>
<time>2026-10-06T14:06:00-05:00</time>
</trkpt>
<trkpt lat="-15.488437" lon="-70.174375">
<ele>3828.4</ele>
<time>2026-10-06T14:06:02-05:00</time>
</trkpt>
<trkpt lat="-15.488455" lon="-70.174261">
<ele>3828.3</ele>
<time>2026-10-06T14:06:04-05:00</time>
</trkpt>
<trkpt lat="-15.488492" lon="-70.17413">
<ele>3828.0</ele>
<time>2026-10-06T14:06:06-05:00</time>
</trkpt>
<trkpt lat="-15.488505" lon="-70.174008">
<ele>3828.2</ele>
<time>2026-10-06T14:06:08-05:00</time>
</trkpt>
<trkpt lat="-15.488533" lon="-70.173878">
<ele>3827.6</ele>
<time>2026-10-06T14:06:10-05:00</time>
</trkpt>
<trkpt lat="-15.488542" lon="-70.173753">
<ele>3827.3</ele>
<time>2026-10-06T14:06:12-05:00</time>
</trkpt>
<trkpt lat="-15.48858" lon="-70.173628">
<ele>3827.5</ele>
<time>2026-10-06T14:06:14-05:00</time>
</trkpt>
<trkpt lat="-15.488593" lon="-70.173505">
<ele>3828.1</ele>
<time>2026-10-06T14:06:16-05:00</time>
</trkpt>
<trkpt lat="-15.488613" lon="-70.173395">
<ele>3827.7</ele>
<time>2026-10-06T14:06:18-05:00</time>
</trkpt>
<trkpt lat="-15.48864" lon="-70.173271">
<ele>3827.8</ele>
<time>2026-10-06T14:06:20-05:00</time>
</trkpt>
<trkpt lat="-15.488655" lon="-70.173123">
<ele>3827.5</ele>
<time>2026-10-06T14:06:22-05:00</time>
</trkpt>
<trkpt lat="-15.488667" lon="-70.172996">
<ele>3828.1</ele>
<time>2026-10-06T14:06:24-05:00</time>
</trkpt>
<trkpt lat="-15.488683" lon="-70.172868">
<ele>3828.0</ele>
<time>2026-10-06T14:06:26-05:00</time>
</trkpt>
<trkpt lat="-15.488685" lon="-70.172751">
<ele>3828.0</ele>
<time>2026-10-06T14:06:28-05:00</time>
</trkpt>
<trkpt lat="-15.488711" lon="-70.172631">
<ele>3827.6</ele>
<time>2026-10-06T14:06:30-05:00</time>
</trkpt>
<trkpt lat="-15.488745" lon="-70.172501">
<ele>3827.8</ele>
<time>2026-10-06T14:06:32-05:00</time>
</trkpt>
<trkpt lat="-15.488766" lon="-70.17237">
<ele>3827.8</ele>
<time>2026-10-06T14:06:34-05:00</time>
</trkpt>
<trkpt lat="-15.488812" lon="-70.172258">
<ele>3827.6</ele>
<time>2026-10-06T14:06:36-05:00</time>
</trkpt>
<trkpt lat="-15.488831" lon="-70.172167">
<ele>3828.6</ele>
<time>2026-10-06T14:06:38-05:00</time>
</trkpt>
<trkpt lat="-15.488865" lon="-70.172106">
<ele>3828.3</ele>
<time>2026-10-06T14:06:40-05:00</time>
</trkpt>
<trkpt lat="-15.488894" lon="-70.172059">
<ele>3828.5</ele>
<time>2026-10-06T14:06:42-05:00</time>
</trkpt>
<trkpt lat="-15.488904" lon="-70.172054">
<ele>3827.9</ele>
<time>2026-10-06T14:06:44-05:00</time>
</trkpt>
<trkpt lat="-15.488921" lon="-70.172063">
<ele>3828.2</ele>
<time>2026-10-06T14:06:46-05:00</time>
</trkpt>
<trkpt lat="-15.48891" lon="-70.172054">
<ele>3827.3</ele>
<time>2026-10-06T14:06:48-05:00</time>
</trkpt>
<trkpt lat="-15.4889" lon="-70.172058">
<ele>3828.0</ele>
<time>2026-10-06T14:06:50-05:00</time>
</trkpt>
<trkpt lat="-15.488912" lon="-70.172089">
<ele>3828.4</ele>
<time>2026-10-06T14:06:52-05:00</time>
</trkpt>
<trkpt lat="-15.488914" lon="-70.172082">
<ele>3827.5</ele>
<time>2026-10-06T14:06:54-05:00</time>
</trkpt>
<trkpt lat="-15.488928" lon="-70.172085">
<ele>3828.1</ele>
<time>2026-10-06T14:06:56-05:00</time>
</trkpt>
<trkpt lat="-15.488937" lon="-70.172107">
<ele>3828.4</ele>
<time>2026-10-06T14:06:58-05:00</time>
</trkpt>
<trkpt lat="-15.488943" lon="-70.172108">
<ele>3827.2</ele>
<time>2026-10-06T14:07:00-05:00</time>
</trkpt>
<trkpt lat="-15.488951" lon="-70.172106">
<ele>3827.7</ele>
<time>2026-10-06T14:07:02-05:00</time>
</trkpt>
<trkpt lat="-15.488934" lon="-70.172113">
<ele>3827.8</ele>
<time>2026-10-06T14:07:04-05:00</time>
</trkpt>
<trkpt lat="-15.488936" lon="-70.172117">
<ele>3827.6</ele>
<time>2026-10-06T14:07:06-05:00</time>
</trkpt>
<trkpt lat="-15.488911" lon="-70.17207">
<ele>3828.1</ele>
<time>2026-10-06T14:07:08-05:00</time>
</trkpt>
<trkpt lat="-15.488889" lon="-70.172023">
<ele>3828.3</ele>
<time>2026-10-06T14:07:10-05:00</time>
</trkpt>
<trkpt lat="-15.488891" lon="-70.171928">
<ele>3828.0</ele>
<time>2026-10-06T14:07:12-05:00</time>
</trkpt>
<trkpt lat="-15.488904" lon="-70.17182">
<ele>3828.3</ele>
<time>2026-10-06T14:07:14-05:00</time>
</trkpt>
<trkpt lat="-15.488902" lon="-70.171709">
<ele>3827.9</ele>
<time>2026-10-06T14:07:16-05:00</time>
</trkpt>
<trkpt lat="-15.488901" lon="-70.171615">
<ele>3828.9</ele>
<time>2026-10-06T14:07:18-05:00</time>
</trkpt>
<trkpt lat="-15.488883" lon="-70.171488">
<ele>3827.7</ele>
<time>2026-10-06T14:07:20-05:00</time>
</trkpt>
<trkpt lat="-15.488872" lon="-70.17137">
<ele>3828.1</ele>
<time>2026-10-06T14:07:22-05:00</time>
</trkpt>
<trkpt lat="-15.488859" lon="-70.171268">
<ele>3827.7</ele>
<time>2026-10-06T14:07:24-05:00</time>
</trkpt>
<trkpt lat="-15.488842" lon="-70.171166">
<ele>3828.3</ele>
<time>2026-10-06T14:07:26-05:00</time>
</trkpt>
<trkpt lat="-15.488835" lon="-70.171078">
<ele>3827.7</ele>
<time>2026-10-06T14:07:28-05:00</time>
</trkpt>
<trkpt lat="-15.488834" lon="-70.170955">
<ele>3828.6</ele>
<time>2026-10-06T14:07:30-05:00</time>
</trkpt>
<trkpt lat="-15.488819" lon="-70.170857">
<ele>3827.8</ele>
<time>2026-10-06T14:07:32-05:00</time>
</trkpt>
<trkpt lat="-15.488813" lon="-70.170734">
<ele>3828.2</ele>
<time>2026-10-06T14:07:34-05:00</time>
</trkpt>
<trkpt lat="-15.488808" lon="-70.170614">
<ele>3828.3</ele>
<time>2026-10-06T14:07:36-05:00</time>
</trkpt>
<trkpt lat="-15.488809" lon="-70.170512">
<ele>3828.4</ele>
<time>2026-10-06T14:07:38-05:00</time>
</trkpt>
<trkpt lat="-15.488802" lon="-70.170403">
<ele>3828.0</ele>
<time>2026-10-06T14:07:40-05:00</time>
</trkpt>
<trkpt lat="-15.488809" lon="-70.170316">
<ele>3827.7</ele>
<time>2026-10-06T14:07:42-05:00</time>
</trkpt>
<trkpt lat="-15.488808" lon="-70.170215">
<ele>3828.0</ele>
<time>2026-10-06T14:07:44-05:00</time>
</trkpt>
<trkpt lat="-15.488806" lon="-70.170118">
<ele>3827.6</ele>
<time>2026-10-06T14:07:46-05:00</time>
</trkpt>
<trkpt lat="-15.488804" lon="-70.170003">
<ele>3828.5</ele>
<time>2026-10-06T14:07:48-05:00</time>
</trkpt>
<trkpt lat="-15.488795" lon="-70.169897">
<ele>3828.1</ele>
<time>2026-10-06T14:07:50-05:00</time>
</trkpt>
<trkpt lat="-15.488786" lon="-70.169788">
<ele>3828.6</ele>
<time>2026-10-06T14:07:52-05:00</time>
</trkpt>
<trkpt lat="-15.488793" lon="-70.169681">
<ele>3828.1</ele>
<time>2026-10-06T14:07:54-05:00</time>
</trkpt>
<trkpt lat="-15.488784" lon="-70.169575">
<ele>3828.4</ele>
<time>2026-10-06T14:07:56-05:00</time>
</trkpt>
<trkpt lat="-15.488777" lon="-70.169449">
<ele>3828.1</ele>
<time>2026-10-06T14:07:58-05:00</time>
</trkpt>
<trkpt lat="-15.488783" lon="-70.169342">
<ele>3828.5</ele>
<time>2026-10-06T14:08:00-05:00</time>
</trkpt>
<trkpt lat="-15.488804" lon="-70.169243">
<ele>3828.2</ele>
<time>2026-10-06T14:08:02-05:00</time>
</trkpt>
<trkpt lat="-15.488792" lon="-70.169156">
<ele>3828.0</ele>
<time>2026-10-06T14:08:04-05:00</time>
</trkpt>
<trkpt lat="-15.488792" lon="-70.169077">
<ele>3828.0</ele>
<time>2026-10-06T14:08:06-05:00</time>
</trkpt>
<trkpt lat="-15.488788" lon="-70.168967">
<ele>3827.6</ele>
<time>2026-10-06T14:08:08-05:00</time>
</trkpt>
<trkpt lat="-15.488807" lon="-70.168854">
<ele>3827.8</ele>
<time>2026-10-06T14:08:10-05:00</time>
</trkpt>
<trkpt lat="-15.488831" lon="-70.168751">
<ele>3828.3</ele>
<time>2026-10-06T14:08:12-05:00</time>
</trkpt>
<trkpt lat="-15.488839" lon="-70.16863">
<ele>3827.3</ele>
<time>2026-10-06T14:08:14-05:00</time>
</trkpt>
<trkpt lat="-15.488868" lon="-70.168502">
<ele>3827.6</ele>
<time>2026-10-06T14:08:16-05:00</time>
</trkpt>
<trkpt lat="-15.488858" lon="-70.168377">
<ele>3827.5</ele>
<time>2026-10-06T14:08:18-05:00</time>
</trkpt>
<trkpt lat="-15.488883" lon="-70.168264">
<ele>3827.2</ele>
<time>2026-10-06T14:08:20-05:00</time>
</trkpt>
<trkpt lat="-15.488883" lon="-70.168166">
<ele>3827.6</ele>
<time>2026-10-06T14:08:22-05:00</time>
</trkpt>
<trkpt lat="-15.488901" lon="-70.168068">
<ele>3827.1</ele>
<time>2026-10-06T14:08:24-05:00</time>
</trkpt>
<trkpt lat="-15.488907" lon="-70.167987">
<ele>3827.5</ele>
<time>2026-10-06T14:08:26-05:00</time>
</trkpt>
<trkpt lat="-15.488912" lon="-70.167889">
<ele>3827.3</ele>
<time>2026-10-06T14:08:28-05:00</time>
</trkpt>
<trkpt lat="-15.488931" lon="-70.1678">
<ele>3828.1</ele>
<time>2026-10-06T14:08:30-05:00</time>
</trkpt>
<trkpt lat="-15.488927" lon="-70.167701">
<ele>3827.0</ele>
<time>2026-10-06T14:08:32-05:00</time>
</trkpt>
<trkpt lat="-15.488937" lon="-70.167613">
<ele>3827.9</ele>
<time>2026-10-06T14:08:34-05:00</time>
</trkpt>
<trkpt lat="-15.488952" lon="-70.167496">
<ele>3828.2</ele>
<time>2026-10-06T14:08:36-05:00</time>
</trkpt>
<trkpt lat="-15.488962" lon="-70.16739">
<ele>3828.3</ele>
<time>2026-10-06T14:08:38-05:00</time>
</trkpt>
<trkpt lat="-15.488979" lon="-70.167294">
<ele>3828.3</ele>
<time>2026-10-06T14:08:40-05:00</time>
</trkpt>
<trkpt lat="-15.488987" lon="-70.167194">
<ele>3827.6</ele>
<time>2026-10-06T14:08:42-05:00</time>
</trkpt>
<trkpt lat="-15.489003" lon="-70.167117">
<ele>3828.4</ele>
<time>2026-10-06T14:08:44-05:00</time>
</trkpt>
<trkpt lat="-15.489004" lon="-70.167022">
<ele>3828.6</ele>
<time>2026-10-06T14:08:46-05:00</time>
</trkpt>
<trkpt lat="-15.488999" lon="-70.166948">
<ele>3828.4</ele>
<time>2026-10-06T14:08:48-05:00</time>
</trkpt>
<trkpt lat="-15.489009" lon="-70.16686">
<ele>3828.3</ele>
<time>2026-10-06T14:08:50-05:00</time>
</trkpt>
<trkpt lat="-15.489015" lon="-70.166747">
<ele>3829.0</ele>
<time>2026-10-06T14:08:52-05:00</time>
</trkpt>
<trkpt lat="-15.489048" lon="-70.166628">
<ele>3829.4</ele>
<time>2026-10-06T14:08:54-05:00</time>
</trkpt>
<trkpt lat="-15.489061" lon="-70.166534">
<ele>3828.8</ele>
<time>2026-10-06T14:08:56-05:00</time>
</trkpt>
<trkpt lat="-15.489075" lon="-70.166453">
<ele>3829.5</ele>
<time>2026-10-06T14:08:58-05:00</time>
</trkpt>
<trkpt lat="-15.4891" lon="-70.166347">
<ele>3828.3</ele>
<time>2026-10-06T14:09:00-05:00</time>
</trkpt>
<trkpt lat="-15.489119" lon="-70.166228">
<ele>3828.6</ele>
<time>2026-10-06T14:09:02-05:00</time>
</trkpt>
<trkpt lat="-15.489135" lon="-70.166104">
<ele>3829.1</ele>
<time>2026-10-06T14:09:04-05:00</time>
</trkpt>
<trkpt lat="-15.489165" lon="-70.165979">
<ele>3828.1</ele>
<time>2026-10-06T14:09:06-05:00</time>
</trkpt>
<trkpt lat="-15.489181" lon="-70.165838">
<ele>3828.4</ele>
<time>2026-10-06T14:09:08-05:00</time>
</trkpt>
<trkpt lat="-15.489209" lon="-70.165703">
<ele>3826.9</ele>
<time>2026-10-06T14:09:10-05:00</time>
</trkpt>
<trkpt lat="-15.489235" lon="-70.165594">
<ele>3827.6</ele>
<time>2026-10-06T14:09:12-05:00</time>
</trkpt>
<trkpt lat="-15.489259" lon="-70.165481">
<ele>3826.5</ele>
<time>2026-10-06T14:09:14-05:00</time>
</trkpt>
<trkpt lat="-15.489266" lon="-70.165359">
<ele>3826.4</ele>
<time>2026-10-06T14:09:16-05:00</time>
</trkpt>
<trkpt lat="-15.489279" lon="-70.165225">
<ele>3826.3</ele>
<time>2026-10-06T14:09:18-05:00</time>
</trkpt>
<trkpt lat="-15.489301" lon="-70.165109">
<ele>3826.3</ele>
<time>2026-10-06T14:09:20-05:00</time>
</trkpt>
<trkpt lat="-15.489321" lon="-70.16504">
<ele>3827.7</ele>
<time>2026-10-06T14:09:22-05:00</time>
</trkpt>
<trkpt lat="-15.489319" lon="-70.165008">
<ele>3828.0</ele>
<time>2026-10-06T14:09:24-05:00</time>
</trkpt>
<trkpt lat="-15.489312" lon="-70.165023">
<ele>3827.4</ele>
<time>2026-10-06T14:09:26-05:00</time>
</trkpt>
<trkpt lat="-15.489323" lon="-70.16503">
<ele>3826.5</ele>
<time>2026-10-06T14:09:28-05:00</time>
</trkpt>
<trkpt lat="-15.489318" lon="-70.165017">
<ele>3826.7</ele>
<time>2026-10-06T14:09:30-05:00</time>
</trkpt>
<trkpt lat="-15.489311" lon="-70.165021">
<ele>3827.1</ele>
<time>2026-10-06T14:09:32-05:00</time>
</trkpt>
<trkpt lat="-15.489306" lon="-70.165016">
<ele>3827.3</ele>
<time>2026-10-06T14:09:34-05:00</time>
</trkpt>
<trkpt lat="-15.48929" lon="-70.165028">
<ele>3827.1</ele>
<time>2026-10-06T14:09:36-05:00</time>
</trkpt>
<trkpt lat="-15.489265" lon="-70.165033">
<ele>3827.8</ele>
<time>2026-10-06T14:09:38-05:00</time>
</trkpt>
<trkpt lat="-15.489269" lon="-70.165008">
<ele>3827.2</ele>
<time>2026-10-06T14:09:40-05:00</time>
</trkpt>
<trkpt lat="-15.489246" lon="-70.165002">
<ele>3826.7</ele>
<time>2026-10-06T14:09:42-05:00</time>
</trkpt>
<trkpt lat="-15.489248" lon="-70.164991">
<ele>3826.4</ele>
<time>2026-10-06T14:09:44-05:00</time>
</trkpt>
<trkpt lat="-15.489264" lon="-70.164982">
<ele>3826.3</ele>
<time>2026-10-06T14:09:46-05:00</time>
</trkpt>
<trkpt lat="-15.489263" lon="-70.16498">
<ele>3826.6</ele>
<time>2026-10-06T14:09:48-05:00</time>
</trkpt>
<trkpt lat="-15.489267" lon="-70.16498">
<ele>3826.8</ele>
<time>2026-10-06T14:09:50-05:00</time>
</trkpt>
<trkpt lat="-15.489268" lon="-70.164985">
<ele>3826.8</ele>
<time>2026-10-06T14:09:52-05:00</time>
</trkpt>
<trkpt lat="-15.489283" lon="-70.164956">
<ele>3826.8</ele>
<time>2026-10-06T14:09:54-05:00</time>
</trkpt>
<trkpt lat="-15.48926" lon="-70.164845">
<ele>3826.7</ele>
<time>2026-10-06T14:09:56-05:00</time>
</trkpt>
<trkpt lat="-15.489264" lon="-70.164712">
<ele>3826.8</ele>
<time>2026-10-06T14:09:58-05:00</time>
</trkpt>
<trkpt lat="-15.489263" lon="-70.164582">
<ele>3827.3</ele>
<time>2026-10-06T14:10:00-05:00</time>
</trkpt>
<trkpt lat="-15.48929" lon="-70.164483">
<ele>3827.9</ele>
<time>2026-10-06T14:10:02-05:00</time>
</trkpt>
<trkpt lat="-15.4893" lon="-70.164375">
<ele>3827.3</ele>
<time>2026-10-06T14:10:04-05:00</time>
</trkpt>
<trkpt lat="-15.489319" lon="-70.164237">
<ele>3826.9</ele>
<time>2026-10-06T14:10:06-05:00</time>
</trkpt>
<trkpt lat="-15.489334" lon="-70.16414">
<ele>3828.0</ele>
<time>2026-10-06T14:10:08-05:00</time>
</trkpt>
<trkpt lat="-15.489339" lon="-70.164043">
<ele>3827.5</ele>
<time>2026-10-06T14:10:10-05:00</time>
</trkpt>
<trkpt lat="-15.489347" lon="-70.163936">
<ele>3828.2</ele>
<time>2026-10-06T14:10:12-05:00</time>
</trkpt>
<trkpt lat="-15.489366" lon="-70.163833">
<ele>3828.4</ele>
<time>2026-10-06T14:10:14-05:00</time>
</trkpt>
<trkpt lat="-15.48939" lon="-70.163719">
<ele>3827.1</ele>
<time>2026-10-06T14:10:16-05:00</time>
</trkpt>
<trkpt lat="-15.489407" lon="-70.16359">
<ele>3827.6</ele>
<time>2026-10-06T14:10:18-05:00</time>
</trkpt>
<trkpt lat="-15.489425" lon="-70.16347">
<ele>3828.6</ele>
<time>2026-10-06T14:10:20-05:00</time>
</trkpt>
<trkpt lat="-15.489428" lon="-70.163416">
<ele>3829.0</ele>
<time>2026-10-06T14:10:22-05:00</time>
</trkpt>
<trkpt lat="-15.489437" lon="-70.163389">
<ele>3828.3</ele>
<time>2026-10-06T14:10:24-05:00</time>
</trkpt>
<trkpt lat="-15.489515" lon="-70.163408">
<ele>3829.0</ele>
<time>2026-10-06T14:10:26-05:00</time>
</trkpt>
<trkpt lat="-15.48965" lon="-70.163444">
<ele>3828.4</ele>
<time>2026-10-06T14:10:28-05:00</time>
</trkpt>
<trkpt lat="-15.489807" lon="-70.163461">
<ele>3828.1</ele>
<time>2026-10-06T14:10:30-05:00</time>
</trkpt>
<trkpt lat="-15.489911" lon="-70.163486">
<ele>3828.2</ele>
<time>2026-10-06T14:10:32-05:00</time>
</trkpt>
<trkpt lat="-15.489979" lon="-70.163489">
<ele>3828.4</ele>
<time>2026-10-06T14:10:34-05:00</time>
</trkpt>
<trkpt lat="-15.489984" lon="-70.163476">
<ele>3828.2</ele>
<time>2026-10-06T14:10:36-05:00</time>
</trkpt>
<trkpt lat="-15.489994" lon="-70.163466">
<ele>3827.7</ele>
<time>2026-10-06T14:10:38-05:00</time>
</trkpt>
<trkpt lat="-15.490016" lon="-70.163456">
<ele>3828.7</ele>
<time>2026-10-06T14:10:40-05:00</time>
</trkpt>
<trkpt lat="-15.490022" lon="-70.16346">
<ele>3828.5</ele>
<time>2026-10-06T14:10:42-05:00</time>
</trkpt>
<trkpt lat="-15.490004" lon="-70.16346">
<ele>3828.1</ele>
<time>2026-10-06T14:10:44-05:00</time>
</trkpt>
<trkpt lat="-15.490004" lon="-70.163467">
<ele>3828.5</ele>
<time>2026-10-06T14:10:46-05:00</time>
</trkpt>
<trkpt lat="-15.490017" lon="-70.163449">
<ele>3828.3</ele>
<time>2026-10-06T14:10:48-05:00</time>
</trkpt>
<trkpt lat="-15.490013" lon="-70.163474">
<ele>3828.5</ele>
<time>2026-10-06T14:10:50-05:00</time>
</trkpt>
<trkpt lat="-15.490007" lon="-70.163464">
<ele>3828.3</ele>
<time>2026-10-06T14:10:52-05:00</time>
</trkpt>
<trkpt lat="-15.490008" lon="-70.163477">
<ele>3828.5</ele>
<time>2026-10-06T14:10:54-05:00</time>
</trkpt>
<trkpt lat="-15.490022" lon="-70.163437">
<ele>3828.2</ele>
<time>2026-10-06T14:10:56-05:00</time>
</trkpt>
<trkpt lat="-15.490021" lon="-70.163349">
<ele>3828.6</ele>
<time>2026-10-06T14:10:58-05:00</time>
</trkpt>
<trkpt lat="-15.490033" lon="-70.163241">
<ele>3828.2</ele>
<time>2026-10-06T14:11:00-05:00</time>
</trkpt>
<trkpt lat="-15.490052" lon="-70.163109">
<ele>3828.0</ele>
<time>2026-10-06T14:11:02-05:00</time>
</trkpt>
<trkpt lat="-15.490062" lon="-70.162973">
<ele>3829.1</ele>
<time>2026-10-06T14:11:04-05:00</time>
</trkpt>
<trkpt lat="-15.490056" lon="-70.16286">
<ele>3829.0</ele>
<time>2026-10-06T14:11:06-05:00</time>
</trkpt>
<trkpt lat="-15.490068" lon="-70.162784">
<ele>3829.3</ele>
<time>2026-10-06T14:11:08-05:00</time>
</trkpt>
<trkpt lat="-15.490059" lon="-70.162704">
<ele>3828.2</ele>
<time>2026-10-06T14:11:10-05:00</time>
</trkpt>
<trkpt lat="-15.489944" lon="-70.162673">
<ele>3829.1</ele>
<time>2026-10-06T14:11:12-05:00</time>
</trkpt>
<trkpt lat="-15.489829" lon="-70.162649">
<ele>3829.2</ele>
<time>2026-10-06T14:11:14-05:00</time>
</trkpt>
<trkpt lat="-15.489728" lon="-70.162652">
<ele>3828.9</ele>
<time>2026-10-06T14:11:16-05:00</time>
</trkpt>
<trkpt lat="-15.489643" lon="-70.162649">
<ele>3829.4</ele>
<time>2026-10-06T14:11:18-05:00</time>
</trkpt>
<trkpt lat="-15.489558" lon="-70.162636">
<ele>3828.8</ele>
<time>2026-10-06T14:11:20-05:00</time>
</trkpt>
<trkpt lat="-15.489455" lon="-70.162622">
<ele>3828.7</ele>
<time>2026-10-06T14:11:22-05:00</time>
</trkpt>
<trkpt lat="-15.489356" lon="-70.162593">
<ele>3828.5</ele>
<time>2026-10-06T14:11:24-05:00</time>
</trkpt>
<trkpt lat="-15.489346" lon="-70.16258">
<ele>3828.7</ele>
<time>2026-10-06T14:11:26-05:00</time>
</trkpt>
<trkpt lat="-15.489371" lon="-70.162508">
<ele>3829.0</ele>
<time>2026-10-06T14:11:28-05:00</time>
</trkpt>
<trkpt lat="-15.489376" lon="-70.162428">
<ele>3828.7</ele>
<time>2026-10-06T14:11:30-05:00</time>
</trkpt>
<trkpt lat="-15.489384" lon="-70.162327">
<ele>3828.6</ele>
<time>2026-10-06T14:11:32-05:00</time>
</trkpt>
<trkpt lat="-15.489413" lon="-70.162217">
<ele>3827.6</ele>
<time>2026-10-06T14:11:34-05:00</time>
</trkpt>
<trkpt lat="-15.489452" lon="-70.162102">
<ele>3828.1</ele>
<time>2026-10-06T14:11:36-05:00</time>
</trkpt>
<trkpt lat="-15.489458" lon="-70.161992">
<ele>3826.4</ele>
<time>2026-10-06T14:11:38-05:00</time>
</trkpt>
<trkpt lat="-15.489451" lon="-70.161896">
<ele>3828.0</ele>
<time>2026-10-06T14:11:40-05:00</time>
</trkpt>
<trkpt lat="-15.489454" lon="-70.161813">
<ele>3829.1</ele>
<time>2026-10-06T14:11:42-05:00</time>
</trkpt>
<trkpt lat="-15.489468" lon="-70.161724">
<ele>3828.6</ele>
<time>2026-10-06T14:11:44-05:00</time>
</trkpt>
<trkpt lat="-15.489468" lon="-70.161613">
<ele>3827.8</ele>
<time>2026-10-06T14:11:46-05:00</time>
</trkpt>
<trkpt lat="-15.489471" lon="-70.161487">
<ele>3828.5</ele>
<time>2026-10-06T14:11:48-05:00</time>
</trkpt>
<trkpt lat="-15.489463" lon="-70.161393">
<ele>3828.7</ele>
<time>2026-10-06T14:11:50-05:00</time>
</trkpt>
<trkpt lat="-15.489475" lon="-70.161289">
<ele>3827.5</ele>
<time>2026-10-06T14:11:52-05:00</time>
</trkpt>
<trkpt lat="-15.489489" lon="-70.161201">
<ele>3828.0</ele>
<time>2026-10-06T14:11:54-05:00</time>
</trkpt>
<trkpt lat="-15.489507" lon="-70.161141">
<ele>3827.7</ele>
<time>2026-10-06T14:11:56-05:00</time>
</trkpt>
<trkpt lat="-15.489483" lon="-70.161018">
<ele>3827.7</ele>
<time>2026-10-06T14:11:58-05:00</time>
</trkpt>
<trkpt lat="-15.489355" lon="-70.161012">
<ele>3827.2</ele>
<time>2026-10-06T14:12:00-05:00</time>
</trkpt>
<trkpt lat="-15.489204" lon="-70.160988">
<ele>3827.0</ele>
<time>2026-10-06T14:12:02-05:00</time>
</trkpt>
<trkpt lat="-15.489063" lon="-70.160971">
<ele>3826.9</ele>
<time>2026-10-06T14:12:04-05:00</time>
</trkpt>
<trkpt lat="-15.488979" lon="-70.160928">
<ele>3827.2</ele>
<time>2026-10-06T14:12:06-05:00</time>
</trkpt>
<trkpt lat="-15.488943" lon="-70.160922">
<ele>3827.4</ele>
<time>2026-10-06T14:12:08-05:00</time>
</trkpt>
<trkpt lat="-15.488938" lon="-70.160915">
<ele>3827.7</ele>
<time>2026-10-06T14:12:10-05:00</time>
</trkpt>
<trkpt lat="-15.488944" lon="-70.160911">
<ele>3827.3</ele>
<time>2026-10-06T14:12:12-05:00</time>
</trkpt>
<trkpt lat="-15.488939" lon="-70.160926">
<ele>3827.6</ele>
<time>2026-10-06T14:12:14-05:00</time>
</trkpt>
<trkpt lat="-15.488969" lon="-70.160928">
<ele>3827.1</ele>
<time>2026-10-06T14:12:16-05:00</time>
</trkpt>
<trkpt lat="-15.488954" lon="-70.160924">
<ele>3827.2</ele>
<time>2026-10-06T14:12:18-05:00</time>
</trkpt>
<trkpt lat="-15.488955" lon="-70.160928">
<ele>3827.3</ele>
<time>2026-10-06T14:12:20-05:00</time>
</trkpt>
<trkpt lat="-15.488957" lon="-70.160924">
<ele>3827.4</ele>
<time>2026-10-06T14:12:22-05:00</time>
</trkpt>
<trkpt lat="-15.488938" lon="-70.160919">
<ele>3827.7</ele>
<time>2026-10-06T14:12:24-05:00</time>
</trkpt>
<trkpt lat="-15.488931" lon="-70.160925">
<ele>3827.3</ele>
<time>2026-10-06T14:12:26-05:00</time>
</trkpt>
<trkpt lat="-15.48893" lon="-70.160917">
<ele>3827.1</ele>
<time>2026-10-06T14:12:28-05:00</time>
</trkpt>
<trkpt lat="-15.488935" lon="-70.16093">
<ele>3827.9</ele>
<time>2026-10-06T14:12:30-05:00</time>
</trkpt>
<trkpt lat="-15.488872" lon="-70.160926">
<ele>3827.4</ele>
<time>2026-10-06T14:12:32-05:00</time>
</trkpt>
<trkpt lat="-15.4887" lon="-70.160924">
<ele>3827.5</ele>
<time>2026-10-06T14:12:34-05:00</time>
</trkpt>
<trkpt lat="-15.488586" lon="-70.160885">
<ele>3827.5</ele>
<time>2026-10-06T14:12:36-05:00</time>
</trkpt>
<trkpt lat="-15.48858" lon="-70.160882">
<ele>3828.0</ele>
<time>2026-10-06T14:12:38-05:00</time>
</trkpt>
<trkpt lat="-15.488597" lon="-70.160881">
<ele>3828.0</ele>
<time>2026-10-06T14:12:40-05:00</time>
</trkpt>
<trkpt lat="-15.488589" lon="-70.16088">
<ele>3827.1</ele>
<time>2026-10-06T14:12:42-05:00</time>
</trkpt>
<trkpt lat="-15.488593" lon="-70.16089">
<ele>3827.4</ele>
<time>2026-10-06T14:12:44-05:00</time>
</trkpt>
<trkpt lat="-15.488578" lon="-70.160895">
<ele>3827.2</ele>
<time>2026-10-06T14:12:46-05:00</time>
</trkpt>
<trkpt lat="-15.488584" lon="-70.160902">
<ele>3827.1</ele>
<time>2026-10-06T14:12:48-05:00</time>
</trkpt>
<trkpt lat="-15.488575" lon="-70.160907">
<ele>3827.7</ele>
<time>2026-10-06T14:12:50-05:00</time>
</trkpt>
<trkpt lat="-15.48856" lon="-70.160894">
<ele>3827.6</ele>
<time>2026-10-06T14:12:52-05:00</time>
</trkpt>
<trkpt lat="-15.488546" lon="-70.160897">
<ele>3827.0</ele>
<time>2026-10-06T14:12:54-05:00</time>
</trkpt>
<trkpt lat="-15.488564" lon="-70.160912">
<ele>3826.9</ele>
<time>2026-10-06T14:12:56-05:00</time>
</trkpt>
<trkpt lat="-15.488585" lon="-70.160901">
<ele>3827.9</ele>
<time>2026-10-06T14:12:58-05:00</time>
</trkpt>
<trkpt lat="-15.488591" lon="-70.160906">
<ele>3827.3</ele>
<time>2026-10-06T14:13:00-05:00</time>
</trkpt>
<trkpt lat="-15.48859" lon="-70.160901">
<ele>3826.9</ele>
<time>2026-10-06T14:13:02-05:00</time>
</trkpt>
<trkpt lat="-15.488591" lon="-70.16089">
<ele>3827.1</ele>
<time>2026-10-06T14:13:04-05:00</time>
</trkpt>
<trkpt lat="-15.488581" lon="-70.160879">
<ele>3827.2</ele>
<time>2026-10-06T14:13:06-05:00</time>
</trkpt>
<trkpt lat="-15.488592" lon="-70.160883">
<ele>3827.5</ele>
<time>2026-10-06T14:13:08-05:00</time>
</trkpt>
<trkpt lat="-15.488593" lon="-70.160901">
<ele>3827.6</ele>
<time>2026-10-06T14:13:10-05:00</time>
</trkpt>
<trkpt lat="-15.488572" lon="-70.160904">
<ele>3826.8</ele>
<time>2026-10-06T14:13:12-05:00</time>
</trkpt>
<trkpt lat="-15.488508" lon="-70.160906">
<ele>3827.2</ele>
<time>2026-10-06T14:13:14-05:00</time>
</trkpt>
<trkpt lat="-15.488412" lon="-70.160903">
<ele>3827.4</ele>
<time>2026-10-06T14:13:16-05:00</time>
</trkpt>
<trkpt lat="-15.488264" lon="-70.160892">
<ele>3828.2</ele>
<time>2026-10-06T14:13:18-05:00</time>
</trkpt>
<trkpt lat="-15.48812" lon="-70.160859">
<ele>3827.4</ele>
<time>2026-10-06T14:13:20-05:00</time>
</trkpt>
<trkpt lat="-15.487967" lon="-70.160852">
<ele>3827.1</ele>
<time>2026-10-06T14:13:22-05:00</time>
</trkpt>
<trkpt lat="-15.487808" lon="-70.160832">
<ele>3827.4</ele>
<time>2026-10-06T14:13:24-05:00</time>
</trkpt>
<trkpt lat="-15.48768" lon="-70.16081">
<ele>3828.3</ele>
<time>2026-10-06T14:13:26-05:00</time>
</trkpt>
<trkpt lat="-15.487558" lon="-70.160805">
<ele>3827.7</ele>
<time>2026-10-06T14:13:28-05:00</time>
</trkpt>
<trkpt lat="-15.487456" lon="-70.160796">
<ele>3828.3</ele>
<time>2026-10-06T14:13:30-05:00</time>
</trkpt>
<trkpt lat="-15.487349" lon="-70.160776">
<ele>3827.6</ele>
<time>2026-10-06T14:13:32-05:00</time>
</trkpt>
<trkpt lat="-15.487225" lon="-70.160762">
<ele>3827.6</ele>
<time>2026-10-06T14:13:34-05:00</time>
</trkpt>
<trkpt lat="-15.487118" lon="-70.160753">
<ele>3828.3</ele>
<time>2026-10-06T14:13:36-05:00</time>
</trkpt>
<trkpt lat="-15.487012" lon="-70.160744">
<ele>3828.4</ele>
<time>2026-10-06T14:13:38-05:00</time>
</trkpt>
<trkpt lat="-15.486916" lon="-70.160714">
<ele>3828.6</ele>
<time>2026-10-06T14:13:40-05:00</time>
</trkpt>
<trkpt lat="-15.486804" lon="-70.160706">
<ele>3829.1</ele>
<time>2026-10-06T14:13:42-05:00</time>
</trkpt>
<trkpt lat="-15.486709" lon="-70.160706">
<ele>3828.3</ele>
<time>2026-10-06T14:13:44-05:00</time>
</trkpt>
<trkpt lat="-15.486626" lon="-70.1607">
<ele>3828.5</ele>
<time>2026-10-06T14:13:46-05:00</time>
</trkpt>
<trkpt lat="-15.486518" lon="-70.1607">
<ele>3828.0</ele>
<time>2026-10-06T14:13:48-05:00</time>
</trkpt>
<trkpt lat="-15.486403" lon="-70.160696">
<ele>3827.6</ele>
<time>2026-10-06T14:13:50-05:00</time>
</trkpt>
<trkpt lat="-15.486268" lon="-70.16068">
<ele>3828.8</ele>
<time>2026-10-06T14:13:52-05:00</time>
</trkpt>
<trkpt lat="-15.486132" lon="-70.16067">
<ele>3828.2</ele>
<time>2026-10-06T14:13:54-05:00</time>
</trkpt>
<trkpt lat="-15.485991" lon="-70.160655">
<ele>3828.4</ele>
<time>2026-10-06T14:13:56-05:00</time>
</trkpt>
<trkpt lat="-15.485905" lon="-70.160634">
<ele>3828.9</ele>
<time>2026-10-06T14:13:58-05:00</time>
</trkpt>
<trkpt lat="-15.485882" lon="-70.160642">
<ele>3829.3</ele>
<time>2026-10-06T14:14:00-05:00</time>
</trkpt>
<trkpt lat="-15.485868" lon="-70.160627">
<ele>3828.9</ele>
<time>2026-10-06T14:14:02-05:00</time>
</trkpt>
<trkpt lat="-15.485869" lon="-70.160623">
<ele>3829.4</ele>
<time>2026-10-06T14:14:04-05:00</time>
</trkpt>
<trkpt lat="-15.485872" lon="-70.16063">
<ele>3828.7</ele>
<time>2026-10-06T14:14:06-05:00</time>
</trkpt>
<trkpt lat="-15.485868" lon="-70.160644">
<ele>3829.2</ele>
<time>2026-10-06T14:14:08-05:00</time>
</trkpt>
<trkpt lat="-15.485866" lon="-70.160646">
<ele>3828.9</ele>
<time>2026-10-06T14:14:10-05:00</time>
</trkpt>
<trkpt lat="-15.485866" lon="-70.160627">
<ele>3828.4</ele>
<time>2026-10-06T14:14:12-05:00</time>
</trkpt>
<trkpt lat="-15.485858" lon="-70.160636">
<ele>3828.4</ele>
<time>2026-10-06T14:14:14-05:00</time>
</trkpt>
<trkpt lat="-15.485856" lon="-70.160637">
<ele>3829.1</ele>
<time>2026-10-06T14:14:16-05:00</time>
</trkpt>
<trkpt lat="-15.485846" lon="-70.160609">
<ele>3829.0</ele>
<time>2026-10-06T14:14:18-05:00</time>
</trkpt>
<trkpt lat="-15.485843" lon="-70.160606">
<ele>3828.6</ele>
<time>2026-10-06T14:14:20-05:00</time>
</trkpt>
<trkpt lat="-15.485844" lon="-70.160609">
<ele>3829.0</ele>
<time>2026-10-06T14:14:22-05:00</time>
</trkpt>
<trkpt lat="-15.485856" lon="-70.160615">
<ele>3828.9</ele>
<time>2026-10-06T14:14:24-05:00</time>
</trkpt>
<trkpt lat="-15.485871" lon="-70.160615">
<ele>3828.8</ele>
<time>2026-10-06T14:14:26-05:00</time>
</trkpt>
<trkpt lat="-15.48588" lon="-70.16062">
<ele>3829.2</ele>
<time>2026-10-06T14:14:28-05:00</time>
</trkpt>
<trkpt lat="-15.485886" lon="-70.160618">
<ele>3829.8</ele>
<time>2026-10-06T14:14:30-05:00</time>
</trkpt>
<trkpt lat="-15.485889" lon="-70.160614">
<ele>3829.0</ele>
<time>2026-10-06T14:14:32-05:00</time>
</trkpt>
<trkpt lat="-15.485884" lon="-70.160448">
<ele>3828.7</ele>
<time>2026-10-06T14:14:34-05:00</time>
</trkpt>
<trkpt lat="-15.485917" lon="-70.160285">
<ele>3828.3</ele>
<time>2026-10-06T14:14:36-05:00</time>
</trkpt>
<trkpt lat="-15.485924" lon="-70.160225">
<ele>3828.0</ele>
<time>2026-10-06T14:14:38-05:00</time>
</trkpt>
<trkpt lat="-15.485923" lon="-70.160232">
<ele>3828.3</ele>
<time>2026-10-06T14:14:40-05:00</time>
</trkpt>
<trkpt lat="-15.485916" lon="-70.160247">
<ele>3828.3</ele>
<time>2026-10-06T14:14:42-05:00</time>
</trkpt>
<trkpt lat="-15.485926" lon="-70.160245">
<ele>3827.6</ele>
<time>2026-10-06T14:14:44-05:00</time>
</trkpt>
<trkpt lat="-15.485935" lon="-70.160257">
<ele>3828.3</ele>
<time>2026-10-06T14:14:46-05:00</time>
</trkpt>
<trkpt lat="-15.48595" lon="-70.160259">
<ele>3827.7</ele>
<time>2026-10-06T14:14:48-05:00</time>
</trkpt>
<trkpt lat="-15.485962" lon="-70.160255">
<ele>3828.6</ele>
<time>2026-10-06T14:14:50-05:00</time>
</trkpt>
<trkpt lat="-15.485964" lon="-70.160256">
<ele>3828.3</ele>
<time>2026-10-06T14:14:52-05:00</time>
</trkpt>
<trkpt lat="-15.485973" lon="-70.160261">
<ele>3828.4</ele>
<time>2026-10-06T14:14:54-05:00</time>
</trkpt>
<trkpt lat="-15.485962" lon="-70.160259">
<ele>3828.2</ele>
<time>2026-10-06T14:14:56-05:00</time>
</trkpt>
<trkpt lat="-15.485964" lon="-70.160242">
<ele>3828.2</ele>
<time>2026-10-06T14:14:58-05:00</time>
</trkpt>
<trkpt lat="-15.48593" lon="-70.160174">
<ele>3828.1</ele>
<time>2026-10-06T14:15:00-05:00</time>
</trkpt>
<trkpt lat="-15.485939" lon="-70.160014">
<ele>3828.2</ele>
<time>2026-10-06T14:15:02-05:00</time>
</trkpt>
<trkpt lat="-15.485941" lon="-70.159888">
<ele>3828.6</ele>
<time>2026-10-06T14:15:04-05:00</time>
</trkpt>
<trkpt lat="-15.485948" lon="-70.159802">
<ele>3828.9</ele>
<time>2026-10-06T14:15:06-05:00</time>
</trkpt>
<trkpt lat="-15.485961" lon="-70.159717">
<ele>3828.9</ele>
<time>2026-10-06T14:15:08-05:00</time>
</trkpt>
<trkpt lat="-15.485985" lon="-70.15962">
<ele>3828.3</ele>
<time>2026-10-06T14:15:10-05:00</time>
</trkpt>
<trkpt lat="-15.486012" lon="-70.159508">
<ele>3827.9</ele>
<time>2026-10-06T14:15:12-05:00</time>
</trkpt>
<trkpt lat="-15.486025" lon="-70.159415">
<ele>3827.7</ele>
<time>2026-10-06T14:15:14-05:00</time>
</trkpt>
<trkpt lat="-15.486047" lon="-70.159322">
<ele>3828.2</ele>
<time>2026-10-06T14:15:16-05:00</time>
</trkpt>
<trkpt lat="-15.486057" lon="-70.159219">
<ele>3827.9</ele>
<time>2026-10-06T14:15:18-05:00</time>
</trkpt>
<trkpt lat="-15.486077" lon="-70.159076">
<ele>3828.5</ele>
<time>2026-10-06T14:15:20-05:00</time>
</trkpt>
<trkpt lat="-15.486083" lon="-70.158944">
<ele>3827.6</ele>
<time>2026-10-06T14:15:22-05:00</time>
</trkpt>
<trkpt lat="-15.486087" lon="-70.15882">
<ele>3828.2</ele>
<time>2026-10-06T14:15:24-05:00</time>
</trkpt>
<trkpt lat="-15.486089" lon="-70.158744">
<ele>3827.5</ele>
<time>2026-10-06T14:15:26-05:00</time>
</trkpt>
<trkpt lat="-15.486099" lon="-70.158664">
<ele>3827.8</ele>
<time>2026-10-06T14:15:28-05:00</time>
</trkpt>
<trkpt lat="-15.486109" lon="-70.158571">
<ele>3828.2</ele>
<time>2026-10-06T14:15:30-05:00</time>
</trkpt>
<trkpt lat="-15.486124" lon="-70.158472">
<ele>3827.7</ele>
<time>2026-10-06T14:15:32-05:00</time>
</trkpt>
<trkpt lat="-15.486139" lon="-70.158354">
<ele>3827.9</ele>
<time>2026-10-06T14:15:34-05:00</time>
</trkpt>
<trkpt lat="-15.486137" lon="-70.158274">
<ele>3827.3</ele>
<time>2026-10-06T14:15:36-05:00</time>
</trkpt>
<trkpt lat="-15.486149" lon="-70.15819">
<ele>3828.0</ele>
<time>2026-10-06T14:15:38-05:00</time>
</trkpt>
<trkpt lat="-15.486161" lon="-70.158078">
<ele>3827.1</ele>
<time>2026-10-06T14:15:40-05:00</time>
</trkpt>
<trkpt lat="-15.486181" lon="-70.15796">
<ele>3827.6</ele>
<time>2026-10-06T14:15:42-05:00</time>
</trkpt>
<trkpt lat="-15.486187" lon="-70.157811">
<ele>3828.2</ele>
<time>2026-10-06T14:15:44-05:00</time>
</trkpt>
<trkpt lat="-15.486175" lon="-70.157678">
<ele>3828.0</ele>
<time>2026-10-06T14:15:46-05:00</time>
</trkpt>
<trkpt lat="-15.486191" lon="-70.157543">
<ele>3827.8</ele>
<time>2026-10-06T14:15:48-05:00</time>
</trkpt>
<trkpt lat="-15.486208" lon="-70.157427">
<ele>3827.9</ele>
<time>2026-10-06T14:15:50-05:00</time>
</trkpt>
<trkpt lat="-15.486231" lon="-70.157315">
<ele>3827.9</ele>
<time>2026-10-06T14:15:52-05:00</time>
</trkpt>
<trkpt lat="-15.486242" lon="-70.157214">
<ele>3827.8</ele>
<time>2026-10-06T14:15:54-05:00</time>
</trkpt>
<trkpt lat="-15.48622" lon="-70.15713">
<ele>3828.6</ele>
<time>2026-10-06T14:15:56-05:00</time>
</trkpt>
<trkpt lat="-15.48624" lon="-70.157019">
<ele>3828.0</ele>
<time>2026-10-06T14:15:58-05:00</time>
</trkpt>
<trkpt lat="-15.486256" lon="-70.156921">
<ele>3827.9</ele>
<time>2026-10-06T14:16:00-05:00</time>
</trkpt>
<trkpt lat="-15.486256" lon="-70.156811">
<ele>3827.9</ele>
<time>2026-10-06T14:16:02-05:00</time>
</trkpt>
<trkpt lat="-15.486255" lon="-70.156695">
<ele>3828.0</ele>
<time>2026-10-06T14:16:04-05:00</time>
</trkpt>
<trkpt lat="-15.486275" lon="-70.156575">
<ele>3828.0</ele>
<time>2026-10-06T14:16:06-05:00</time>
</trkpt>
<trkpt lat="-15.486293" lon="-70.15644">
<ele>3827.6</ele>
<time>2026-10-06T14:16:08-05:00</time>
</trkpt>
<trkpt lat="-15.486316" lon="-70.156314">
<ele>3827.4</ele>
<time>2026-10-06T14:16:10-05:00</time>
</trkpt>
<trkpt lat="-15.486337" lon="-70.156194">
<ele>3828.1</ele>
<time>2026-10-06T14:16:12-05:00</time>
</trkpt>
<trkpt lat="-15.486356" lon="-70.156073">
<ele>3827.7</ele>
<time>2026-10-06T14:16:14-05:00</time>
</trkpt>
<trkpt lat="-15.486369" lon="-70.155936">
<ele>3828.6</ele>
<time>2026-10-06T14:16:16-05:00</time>
</trkpt>
<trkpt lat="-15.486365" lon="-70.155815">
<ele>3827.4</ele>
<time>2026-10-06T14:16:18-05:00</time>
</trkpt>
<trkpt lat="-15.486384" lon="-70.155687">
<ele>3828.0</ele>
<time>2026-10-06T14:16:20-05:00</time>
</trkpt>
<trkpt lat="-15.48639" lon="-70.155557">
<ele>3827.4</ele>
<time>2026-10-06T14:16:22-05:00</time>
</trkpt>
<trkpt lat="-15.486404" lon="-70.155421">
<ele>3829.2</ele>
<time>2026-10-06T14:16:24-05:00</time>
</trkpt>
<trkpt lat="-15.486416" lon="-70.155303">
<ele>3828.1</ele>
<time>2026-10-06T14:16:26-05:00</time>
</trkpt>
<trkpt lat="-15.486422" lon="-70.155194">
<ele>3827.6</ele>
<time>2026-10-06T14:16:28-05:00</time>
</trkpt>
<trkpt lat="-15.486412" lon="-70.155082">
<ele>3827.8</ele>
<time>2026-10-06T14:16:30-05:00</time>
</trkpt>
<trkpt lat="-15.486412" lon="-70.154976">
<ele>3827.6</ele>
<time>2026-10-06T14:16:32-05:00</time>
</trkpt>
<trkpt lat="-15.486429" lon="-70.154898">
<ele>3827.8</ele>
<time>2026-10-06T14:16:34-05:00</time>
</trkpt>
<trkpt lat="-15.486444" lon="-70.154801">
<ele>3828.0</ele>
<time>2026-10-06T14:16:36-05:00</time>
</trkpt>
<trkpt lat="-15.486443" lon="-70.154709">
<ele>3828.3</ele>
<time>2026-10-06T14:16:38-05:00</time>
</trkpt>
<trkpt lat="-15.48645" lon="-70.154615">
<ele>3827.8</ele>
<time>2026-10-06T14:16:40-05:00</time>
</trkpt>
<trkpt lat="-15.486486" lon="-70.154489">
<ele>3827.3</ele>
<time>2026-10-06T14:16:42-05:00</time>
</trkpt>
<trkpt lat="-15.486506" lon="-70.154392">
<ele>3827.8</ele>
<time>2026-10-06T14:16:44-05:00</time>
</trkpt>
<trkpt lat="-15.486517" lon="-70.154295">
<ele>3829.1</ele>
<time>2026-10-06T14:16:46-05:00</time>
</trkpt>
<trkpt lat="-15.486529" lon="-70.154189">
<ele>3828.1</ele>
<time>2026-10-06T14:16:48-05:00</time>
</trkpt>
<trkpt lat="-15.486542" lon="-70.154089">
<ele>3828.5</ele>
<time>2026-10-06T14:16:50-05:00</time>
</trkpt>
<trkpt lat="-15.48654" lon="-70.153975">
<ele>3828.3</ele>
<time>2026-10-06T14:16:52-05:00</time>
</trkpt>
<trkpt lat="-15.486546" lon="-70.153888">
<ele>3827.3</ele>
<time>2026-10-06T14:16:54-05:00</time>
</trkpt>
<trkpt lat="-15.486557" lon="-70.153789">
<ele>3828.2</ele>
<time>2026-10-06T14:16:56-05:00</time>
</trkpt>
<trkpt lat="-15.486588" lon="-70.153702">
<ele>3827.5</ele>
<time>2026-10-06T14:16:58-05:00</time>
</trkpt>
<trkpt lat="-15.486593" lon="-70.153601">
<ele>3828.0</ele>
<time>2026-10-06T14:17:00-05:00</time>
</trkpt>
<trkpt lat="-15.486601" lon="-70.153519">
<ele>3828.1</ele>
<time>2026-10-06T14:17:02-05:00</time>
</trkpt>
<trkpt lat="-15.486608" lon="-70.153416">
<ele>3827.8</ele>
<time>2026-10-06T14:17:04-05:00</time>
</trkpt>
<trkpt lat="-15.486639" lon="-70.15329">
<ele>3828.0</ele>
<time>2026-10-06T14:17:06-05:00</time>
</trkpt>
<trkpt lat="-15.486642" lon="-70.153156">
<ele>3827.6</ele>
<time>2026-10-06T14:17:08-05:00</time>
</trkpt>
<trkpt lat="-15.486667" lon="-70.153006">
<ele>3828.4</ele>
<time>2026-10-06T14:17:10-05:00</time>
</trkpt>
<trkpt lat="-15.486668" lon="-70.152903">
<ele>3827.9</ele>
<time>2026-10-06T14:17:12-05:00</time>
</trkpt>
<trkpt lat="-15.48665" lon="-70.152829">
<ele>3827.8</ele>
<time>2026-10-06T14:17:14-05:00</time>
</trkpt>
<trkpt lat="-15.486609" lon="-70.152795">
<ele>3828.4</ele>
<time>2026-10-06T14:17:16-05:00</time>
</trkpt>
<trkpt lat="-15.486542" lon="-70.152788">
<ele>3827.3</ele>
<time>2026-10-06T14:17:18-05:00</time>
</trkpt>
<trkpt lat="-15.486465" lon="-70.152828">
<ele>3827.9</ele>
<time>2026-10-06T14:17:20-05:00</time>
</trkpt>
<trkpt lat="-15.486331" lon="-70.152878">
<ele>3828.4</ele>
<time>2026-10-06T14:17:22-05:00</time>
</trkpt>
<trkpt lat="-15.486207" lon="-70.15294">
<ele>3826.4</ele>
<time>2026-10-06T14:17:24-05:00</time>
</trkpt>
<trkpt lat="-15.486056" lon="-70.152985">
<ele>3827.4</ele>
<time>2026-10-06T14:17:26-05:00</time>
</trkpt>
<trkpt lat="-15.485927" lon="-70.153045">
<ele>3826.9</ele>
<time>2026-10-06T14:17:28-05:00</time>
</trkpt>
<trkpt lat="-15.485823" lon="-70.153078">
<ele>3827.1</ele>
<time>2026-10-06T14:17:30-05:00</time>
</trkpt>
<trkpt lat="-15.485737" lon="-70.153116">
<ele>3827.6</ele>
<time>2026-10-06T14:17:32-05:00</time>
</trkpt>
<trkpt lat="-15.485689" lon="-70.153146">
<ele>3827.6</ele>
<time>2026-10-06T14:17:34-05:00</time>
</trkpt>
<trkpt lat="-15.48566" lon="-70.153153">
<ele>3827.3</ele>
<time>2026-10-06T14:17:36-05:00</time>
</trkpt>
<trkpt lat="-15.48569" lon="-70.153007">
<ele>3826.6</ele>
<time>2026-10-06T14:17:38-05:00</time>
</trkpt>
<trkpt lat="-15.485727" lon="-70.15287">
<ele>3827.2</ele>
<time>2026-10-06T14:17:40-05:00</time>
</trkpt>
<trkpt lat="-15.485756" lon="-70.152809">
<ele>3826.8</ele>
<time>2026-10-06T14:17:42-05:00</time>
</trkpt>
<trkpt lat="-15.485746" lon="-70.152809">
<ele>3828.0</ele>
<time>2026-10-06T14:17:44-05:00</time>
</trkpt>
<trkpt lat="-15.485744" lon="-70.152792">
<ele>3826.9</ele>
<time>2026-10-06T14:17:46-05:00</time>
</trkpt>
<trkpt lat="-15.485742" lon="-70.152801">
<ele>3827.1</ele>
<time>2026-10-06T14:17:48-05:00</time>
</trkpt>
<trkpt lat="-15.485743" lon="-70.152807">
<ele>3827.1</ele>
<time>2026-10-06T14:17:50-05:00</time>
</trkpt>
<trkpt lat="-15.48575" lon="-70.152802">
<ele>3826.8</ele>
<time>2026-10-06T14:17:52-05:00</time>
</trkpt>
<trkpt lat="-15.485749" lon="-70.152815">
<ele>3827.2</ele>
<time>2026-10-06T14:17:54-05:00</time>
</trkpt>
<trkpt lat="-15.485741" lon="-70.152818">
<ele>3826.6</ele>
<time>2026-10-06T14:17:56-05:00</time>
</trkpt>
<trkpt lat="-15.485717" lon="-70.152827">
<ele>3827.4</ele>
<time>2026-10-06T14:17:58-05:00</time>
</trkpt>
<trkpt lat="-15.485722" lon="-70.152833">
<ele>3826.6</ele>
<time>2026-10-06T14:18:00-05:00</time>
</trkpt>
<trkpt lat="-15.48571" lon="-70.152845">
<ele>3826.6</ele>
<time>2026-10-06T14:18:02-05:00</time>
</trkpt>
<trkpt lat="-15.485718" lon="-70.152823">
<ele>3826.8</ele>
<time>2026-10-06T14:18:04-05:00</time>
</trkpt>
<trkpt lat="-15.485701" lon="-70.152751">
<ele>3827.2</ele>
<time>2026-10-06T14:18:06-05:00</time>
</trkpt>
<trkpt lat="-15.485716" lon="-70.152664">
<ele>3827.4</ele>
<time>2026-10-06T14:18:08-05:00</time>
</trkpt>
<trkpt lat="-15.485729" lon="-70.152548">
<ele>3827.4</ele>
<time>2026-10-06T14:18:10-05:00</time>
</trkpt>
<trkpt lat="-15.485735" lon="-70.152408">
<ele>3828.4</ele>
<time>2026-10-06T14:18:12-05:00</time>
</trkpt>
<trkpt lat="-15.485739" lon="-70.152286">
<ele>3828.1</ele>
<time>2026-10-06T14:18:14-05:00</time>
</trkpt>
<trkpt lat="-15.485771" lon="-70.152176">
<ele>3827.8</ele>
<time>2026-10-06T14:18:16-05:00</time>
</trkpt>
<trkpt lat="-15.485787" lon="-70.15204">
<ele>3827.8</ele>
<time>2026-10-06T14:18:18-05:00</time>
</trkpt>
<trkpt lat="-15.485796" lon="-70.151913">
<ele>3827.1</ele>
<time>2026-10-06T14:18:20-05:00</time>
</trkpt>
<trkpt lat="-15.485809" lon="-70.151794">
<ele>3827.4</ele>
<time>2026-10-06T14:18:22-05:00</time>
</trkpt>
<trkpt lat="-15.485818" lon="-70.151659">
<ele>3827.4</ele>
<time>2026-10-06T14:18:24-05:00</time>
</trkpt>
<trkpt lat="-15.485836" lon="-70.151531">
<ele>3827.1</ele>
<time>2026-10-06T14:18:26-05:00</time>
</trkpt>
<trkpt lat="-15.485841" lon="-70.151406">
<ele>3827.0</ele>
<time>2026-10-06T14:18:28-05:00</time>
</trkpt>
<trkpt lat="-15.485864" lon="-70.151313">
<ele>3827.3</ele>
<time>2026-10-06T14:18:30-05:00</time>
</trkpt>
<trkpt lat="-15.485869" lon="-70.151226">
<ele>3827.4</ele>
<time>2026-10-06T14:18:32-05:00</time>
</trkpt>
<trkpt lat="-15.485868" lon="-70.151139">
<ele>3827.2</ele>
<time>2026-10-06T14:18:34-05:00</time>
</trkpt>
<trkpt lat="-15.485874" lon="-70.151046">
<ele>3827.4</ele>
<time>2026-10-06T14:18:36-05:00</time>
</trkpt>
<trkpt lat="-15.485891" lon="-70.150957">
<ele>3827.1</ele>
<time>2026-10-06T14:18:38-05:00</time>
</trkpt>
<trkpt lat="-15.485893" lon="-70.150879">
<ele>3827.1</ele>
<time>2026-10-06T14:18:40-05:00</time>
</trkpt>
<trkpt lat="-15.485895" lon="-70.150793">
<ele>3826.5</ele>
<time>2026-10-06T14:18:42-05:00</time>
</trkpt>
<trkpt lat="-15.485906" lon="-70.150686">
<ele>3827.0</ele>
<time>2026-10-06T14:18:44-05:00</time>
</trkpt>
<trkpt lat="-15.485908" lon="-70.150592">
<ele>3826.8</ele>
<time>2026-10-06T14:18:46-05:00</time>
</trkpt>
<trkpt lat="-15.485948" lon="-70.150489">
<ele>3827.9</ele>
<time>2026-10-06T14:18:48-05:00</time>
</trkpt>
<trkpt lat="-15.485961" lon="-70.150401">
<ele>3826.5</ele>
<time>2026-10-06T14:18:50-05:00</time>
</trkpt>
<trkpt lat="-15.485977" lon="-70.150288">
<ele>3827.4</ele>
<time>2026-10-06T14:18:52-05:00</time>
</trkpt>
<trkpt lat="-15.486" lon="-70.150169">
<ele>3827.3</ele>
<time>2026-10-06T14:18:54-05:00</time>
</trkpt>
<trkpt lat="-15.485998" lon="-70.150067">
<ele>3827.1</ele>
<time>2026-10-06T14:18:56-05:00</time>
</trkpt>
<trkpt lat="-15.486011" lon="-70.149917">
<ele>3827.2</ele>
<time>2026-10-06T14:18:58-05:00</time>
</trkpt>
<trkpt lat="-15.486025" lon="-70.149783">
<ele>3826.9</ele>
<time>2026-10-06T14:19:00-05:00</time>
</trkpt>
<trkpt lat="-15.486041" lon="-70.149652">
<ele>3826.8</ele>
<time>2026-10-06T14:19:02-05:00</time>
</trkpt>
<trkpt lat="-15.486036" lon="-70.149529">
<ele>3827.0</ele>
<time>2026-10-06T14:19:04-05:00</time>
</trkpt>
<trkpt lat="-15.486037" lon="-70.149411">
<ele>3827.2</ele>
<time>2026-10-06T14:19:06-05:00</time>
</trkpt>
<trkpt lat="-15.486059" lon="-70.149317">
<ele>3827.2</ele>
<time>2026-10-06T14:19:08-05:00</time>
</trkpt>
<trkpt lat="-15.486092" lon="-70.149208">
<ele>3827.4</ele>
<time>2026-10-06T14:19:10-05:00</time>
</trkpt>
<trkpt lat="-15.486099" lon="-70.149082">
<ele>3827.1</ele>
<time>2026-10-06T14:19:12-05:00</time>
</trkpt>
<trkpt lat="-15.486089" lon="-70.148951">
<ele>3826.6</ele>
<time>2026-10-06T14:19:14-05:00</time>
</trkpt>
<trkpt lat="-15.486103" lon="-70.148806">
<ele>3827.6</ele>
<time>2026-10-06T14:19:16-05:00</time>
</trkpt>
<trkpt lat="-15.48612" lon="-70.148684">
<ele>3827.4</ele>
<time>2026-10-06T14:19:18-05:00</time>
</trkpt>
<trkpt lat="-15.486143" lon="-70.148539">
<ele>3827.6</ele>
<time>2026-10-06T14:19:20-05:00</time>
</trkpt>
<trkpt lat="-15.486163" lon="-70.148425">
<ele>3827.6</ele>
<time>2026-10-06T14:19:22-05:00</time>
</trkpt>
<trkpt lat="-15.486171" lon="-70.148318">
<ele>3827.5</ele>
<time>2026-10-06T14:19:24-05:00</time>
</trkpt>
<trkpt lat="-15.486173" lon="-70.148207">
<ele>3827.6</ele>
<time>2026-10-06T14:19:26-05:00</time>
</trkpt>
<trkpt lat="-15.486186" lon="-70.148094">
<ele>3827.6</ele>
<time>2026-10-06T14:19:28-05:00</time>
</trkpt>
<trkpt lat="-15.486216" lon="-70.147962">
<ele>3826.5</ele>
<time>2026-10-06T14:19:30-05:00</time>
</trkpt>
<trkpt lat="-15.486208" lon="-70.147811">
<ele>3827.3</ele>
<time>2026-10-06T14:19:32-05:00</time>
</trkpt>
<trkpt lat="-15.486218" lon="-70.147658">
<ele>3828.0</ele>
<time>2026-10-06T14:19:34-05:00</time>
</trkpt>
<trkpt lat="-15.486242" lon="-70.147496">
<ele>3827.9</ele>
<time>2026-10-06T14:19:36-05:00</time>
</trkpt>
<trkpt lat="-15.486256" lon="-70.147329">
<ele>3828.4</ele>
<time>2026-10-06T14:19:38-05:00</time>
</trkpt>
<trkpt lat="-15.486277" lon="-70.147177">
<ele>3826.6</ele>
<time>2026-10-06T14:19:40-05:00</time>
</trkpt>
<trkpt lat="-15.486302" lon="-70.147055">
<ele>3827.6</ele>
<time>2026-10-06T14:19:42-05:00</time>
</trkpt>
<trkpt lat="-15.48633" lon="-70.146992">
<ele>3827.6</ele>
<time>2026-10-06T14:19:44-05:00</time>
</trkpt>
<trkpt lat="-15.486326" lon="-70.14695">
<ele>3827.3</ele>
<time>2026-10-06T14:19:46-05:00</time>
</trkpt>
<trkpt lat="-15.486315" lon="-70.146953">
<ele>3827.6</ele>
<time>2026-10-06T14:19:48-05:00</time>
</trkpt>
<trkpt lat="-15.486304" lon="-70.146956">
<ele>3827.3</ele>
<time>2026-10-06T14:19:50-05:00</time>
</trkpt>
<trkpt lat="-15.486319" lon="-70.146938">
<ele>3827.1</ele>
<time>2026-10-06T14:19:52-05:00</time>
</trkpt>
<trkpt lat="-15.486321" lon="-70.146942">
<ele>3827.1</ele>
<time>2026-10-06T14:19:54-05:00</time>
</trkpt>
<trkpt lat="-15.486339" lon="-70.146931">
<ele>3827.4</ele>
<time>2026-10-06T14:19:56-05:00</time>
</trkpt>
<trkpt lat="-15.486315" lon="-70.146932">
<ele>3827.6</ele>
<time>2026-10-06T14:19:58-05:00</time>
</trkpt>
<trkpt lat="-15.486324" lon="-70.146937">
<ele>3827.2</ele>
<time>2026-10-06T14:20:00-05:00</time>
</trkpt>
<trkpt lat="-15.486329" lon="-70.146933">
<ele>3827.7</ele>
<time>2026-10-06T14:20:02-05:00</time>
</trkpt>
<trkpt lat="-15.486317" lon="-70.14695">
<ele>3827.3</ele>
<time>2026-10-06T14:20:04-05:00</time>
</trkpt>
<trkpt lat="-15.486327" lon="-70.146969">
<ele>3828.0</ele>
<time>2026-10-06T14:20:06-05:00</time>
</trkpt>
<trkpt lat="-15.486337" lon="-70.146971">
<ele>3828.0</ele>
<time>2026-10-06T14:20:08-05:00</time>
</trkpt>
<trkpt lat="-15.486342" lon="-70.14696">
<ele>3827.0</ele>
<time>2026-10-06T14:20:10-05:00</time>
</trkpt>
<trkpt lat="-15.486328" lon="-70.146867">
<ele>3827.4</ele>
<time>2026-10-06T14:20:12-05:00</time>
</trkpt>
<trkpt lat="-15.486349" lon="-70.146719">
<ele>3827.1</ele>
<time>2026-10-06T14:20:14-05:00</time>
</trkpt>
<trkpt lat="-15.486366" lon="-70.146598">
<ele>3826.8</ele>
<time>2026-10-06T14:20:16-05:00</time>
</trkpt>
<trkpt lat="-15.486378" lon="-70.146509">
<ele>3827.2</ele>
<time>2026-10-06T14:20:18-05:00</time>
</trkpt>
<trkpt lat="-15.486392" lon="-70.146399">
<ele>3826.6</ele>
<time>2026-10-06T14:20:20-05:00</time>
</trkpt>
<trkpt lat="-15.486399" lon="-70.146308">
<ele>3826.6</ele>
<time>2026-10-06T14:20:22-05:00</time>
</trkpt>
<trkpt lat="-15.486399" lon="-70.1462">
<ele>3826.8</ele>
<time>2026-10-06T14:20:24-05:00</time>
</trkpt>
<trkpt lat="-15.486402" lon="-70.146113">
<ele>3826.2</ele>
<time>2026-10-06T14:20:26-05:00</time>
</trkpt>
<trkpt lat="-15.486407" lon="-70.146029">
<ele>3826.4</ele>
<time>2026-10-06T14:20:28-05:00</time>
</trkpt>
<trkpt lat="-15.486408" lon="-70.145926">
<ele>3826.1</ele>
<time>2026-10-06T14:20:30-05:00</time>
</trkpt>
<trkpt lat="-15.486404" lon="-70.145827">
<ele>3826.0</ele>
<time>2026-10-06T14:20:32-05:00</time>
</trkpt>
<trkpt lat="-15.486417" lon="-70.145719">
<ele>3826.4</ele>
<time>2026-10-06T14:20:34-05:00</time>
</trkpt>
<trkpt lat="-15.486455" lon="-70.145596">
<ele>3826.4</ele>
<time>2026-10-06T14:20:36-05:00</time>
</trkpt>
<trkpt lat="-15.486461" lon="-70.145496">
<ele>3825.5</ele>
<time>2026-10-06T14:20:38-05:00</time>
</trkpt>
<trkpt lat="-15.486471" lon="-70.14536">
<ele>3826.7</ele>
<time>2026-10-06T14:20:40-05:00</time>
</trkpt>
<trkpt lat="-15.486495" lon="-70.145213">
<ele>3827.0</ele>
<time>2026-10-06T14:20:42-05:00</time>
</trkpt>
<trkpt lat="-15.486496" lon="-70.145059">
<ele>3826.3</ele>
<time>2026-10-06T14:20:44-05:00</time>
</trkpt>
<trkpt lat="-15.486516" lon="-70.144886">
<ele>3826.5</ele>
<time>2026-10-06T14:20:46-05:00</time>
</trkpt>
<trkpt lat="-15.486528" lon="-70.144736">
<ele>3828.0</ele>
<time>2026-10-06T14:20:48-05:00</time>
</trkpt>
<trkpt lat="-15.48656" lon="-70.14462">
<ele>3827.7</ele>
<time>2026-10-06T14:20:50-05:00</time>
</trkpt>
<trkpt lat="-15.486575" lon="-70.144559">
<ele>3827.6</ele>
<time>2026-10-06T14:20:52-05:00</time>
</trkpt>
<trkpt lat="-15.486579" lon="-70.144522">
<ele>3827.4</ele>
<time>2026-10-06T14:20:54-05:00</time>
</trkpt>
<trkpt lat="-15.486593" lon="-70.14454">
<ele>3827.9</ele>
<time>2026-10-06T14:20:56-05:00</time>
</trkpt>
<trkpt lat="-15.486602" lon="-70.144552">
<ele>3827.8</ele>
<time>2026-10-06T14:20:58-05:00</time>
</trkpt>
<trkpt lat="-15.486604" lon="-70.144564">
<ele>3827.1</ele>
<time>2026-10-06T14:21:00-05:00</time>
</trkpt>
<trkpt lat="-15.486608" lon="-70.144547">
<ele>3828.0</ele>
<time>2026-10-06T14:21:02-05:00</time>
</trkpt>
<trkpt lat="-15.48659" lon="-70.144518">
<ele>3827.5</ele>
<time>2026-10-06T14:21:04-05:00</time>
</trkpt>
<trkpt lat="-15.486561" lon="-70.144408">
<ele>3827.3</ele>
<time>2026-10-06T14:21:06-05:00</time>
</trkpt>
<trkpt lat="-15.486554" lon="-70.144267">
<ele>3827.4</ele>
<time>2026-10-06T14:21:08-05:00</time>
</trkpt>
<trkpt lat="-15.486581" lon="-70.144102">
<ele>3828.6</ele>
<time>2026-10-06T14:21:10-05:00</time>
</trkpt>
<trkpt lat="-15.486605" lon="-70.143971">
<ele>3828.1</ele>
<time>2026-10-06T14:21:12-05:00</time>
</trkpt>
<trkpt lat="-15.486625" lon="-70.143842">
<ele>3829.0</ele>
<time>2026-10-06T14:21:14-05:00</time>
</trkpt>
<trkpt lat="-15.486637" lon="-70.143722">
<ele>3828.3</ele>
<time>2026-10-06T14:21:16-05:00</time>
</trkpt>
<trkpt lat="-15.486675" lon="-70.143592">
<ele>3827.9</ele>
<time>2026-10-06T14:21:18-05:00</time>
</trkpt>
<trkpt lat="-15.486689" lon="-70.143433">
<ele>3827.2</ele>
<time>2026-10-06T14:21:20-05:00</time>
</trkpt>
<trkpt lat="-15.486704" lon="-70.143278">
<ele>3828.2</ele>
<time>2026-10-06T14:21:22-05:00</time>
</trkpt>
<trkpt lat="-15.486711" lon="-70.143154">
<ele>3827.6</ele>
<time>2026-10-06T14:21:24-05:00</time>
</trkpt>
<trkpt lat="-15.486747" lon="-70.143073">
<ele>3827.1</ele>
<time>2026-10-06T14:21:26-05:00</time>
</trkpt>
<trkpt lat="-15.486765" lon="-70.143061">
<ele>3826.6</ele>
<time>2026-10-06T14:21:28-05:00</time>
</trkpt>
<trkpt lat="-15.486764" lon="-70.143073">
<ele>3827.1</ele>
<time>2026-10-06T14:21:30-05:00</time>
</trkpt>
<trkpt lat="-15.486772" lon="-70.143071">
<ele>3826.7</ele>
<time>2026-10-06T14:21:32-05:00</time>
</trkpt>
<trkpt lat="-15.486764" lon="-70.143081">
<ele>3826.6</ele>
<time>2026-10-06T14:21:34-05:00</time>
</trkpt>
<trkpt lat="-15.486758" lon="-70.143083">
<ele>3827.0</ele>
<time>2026-10-06T14:21:36-05:00</time>
</trkpt>
<trkpt lat="-15.486766" lon="-70.143078">
<ele>3827.4</ele>
<time>2026-10-06T14:21:38-05:00</time>
</trkpt>
<trkpt lat="-15.486768" lon="-70.143097">
<ele>3826.7</ele>
<time>2026-10-06T14:21:40-05:00</time>
</trkpt>
<trkpt lat="-15.486748" lon="-70.143015">
<ele>3827.2</ele>
<time>2026-10-06T14:21:42-05:00</time>
</trkpt>
<trkpt lat="-15.486774" lon="-70.142883">
<ele>3826.7</ele>
<time>2026-10-06T14:21:44-05:00</time>
</trkpt>
<trkpt lat="-15.486779" lon="-70.142869">
<ele>3826.7</ele>
<time>2026-10-06T14:21:46-05:00</time>
</trkpt>
<trkpt lat="-15.486775" lon="-70.142868">
<ele>3826.4</ele>
<time>2026-10-06T14:21:48-05:00</time>
</trkpt>
<trkpt lat="-15.486776" lon="-70.142875">
<ele>3826.6</ele>
<time>2026-10-06T14:21:50-05:00</time>
</trkpt>
<trkpt lat="-15.486771" lon="-70.142857">
<ele>3827.4</ele>
<time>2026-10-06T14:21:52-05:00</time>
</trkpt>
<trkpt lat="-15.486773" lon="-70.142851">
<ele>3827.3</ele>
<time>2026-10-06T14:21:54-05:00</time>
</trkpt>
<trkpt lat="-15.486767" lon="-70.142825">
<ele>3826.8</ele>
<time>2026-10-06T14:21:56-05:00</time>
</trkpt>
<trkpt lat="-15.486755" lon="-70.142743">
<ele>3826.8</ele>
<time>2026-10-06T14:21:58-05:00</time>
</trkpt>
<trkpt lat="-15.486758" lon="-70.142643">
<ele>3828.1</ele>
<time>2026-10-06T14:22:00-05:00</time>
</trkpt>
<trkpt lat="-15.486775" lon="-70.142502">
<ele>3827.4</ele>
<time>2026-10-06T14:22:02-05:00</time>
</trkpt>
<trkpt lat="-15.486774" lon="-70.142362">
<ele>3828.7</ele>
<time>2026-10-06T14:22:04-05:00</time>
</trkpt>
<trkpt lat="-15.486786" lon="-70.142198">
<ele>3829.6</ele>
<time>2026-10-06T14:22:06-05:00</time>
</trkpt>
<trkpt lat="-15.486795" lon="-70.142065">
<ele>3828.5</ele>
<time>2026-10-06T14:22:08-05:00</time>
</trkpt>
<trkpt lat="-15.48681" lon="-70.141902">
<ele>3828.5</ele>
<time>2026-10-06T14:22:10-05:00</time>
</trkpt>
<trkpt lat="-15.486825" lon="-70.141745">
<ele>3828.8</ele>
<time>2026-10-06T14:22:12-05:00</time>
</trkpt>
<trkpt lat="-15.486851" lon="-70.141617">
<ele>3827.3</ele>
<time>2026-10-06T14:22:14-05:00</time>
</trkpt>
<trkpt lat="-15.48687" lon="-70.141524">
<ele>3827.8</ele>
<time>2026-10-06T14:22:16-05:00</time>
</trkpt>
<trkpt lat="-15.486898" lon="-70.141469">
<ele>3827.6</ele>
<time>2026-10-06T14:22:18-05:00</time>
</trkpt>
<trkpt lat="-15.486889" lon="-70.141433">
<ele>3827.4</ele>
<time>2026-10-06T14:22:20-05:00</time>
</trkpt>
<trkpt lat="-15.486911" lon="-70.141413">
<ele>3827.1</ele>
<time>2026-10-06T14:22:22-05:00</time>
</trkpt>
<trkpt lat="-15.486909" lon="-70.141396">
<ele>3826.6</ele>
<time>2026-10-06T14:22:24-05:00</time>
</trkpt>
<trkpt lat="-15.486905" lon="-70.141381">
<ele>3827.4</ele>
<time>2026-10-06T14:22:26-05:00</time>
</trkpt>
<trkpt lat="-15.486888" lon="-70.141387">
<ele>3827.8</ele>
<time>2026-10-06T14:22:28-05:00</time>
</trkpt>
<trkpt lat="-15.486892" lon="-70.14139">
<ele>3827.1</ele>
<time>2026-10-06T14:22:30-05:00</time>
</trkpt>
<trkpt lat="-15.486904" lon="-70.141374">
<ele>3827.3</ele>
<time>2026-10-06T14:22:32-05:00</time>
</trkpt>
<trkpt lat="-15.486911" lon="-70.141372">
<ele>3827.1</ele>
<time>2026-10-06T14:22:34-05:00</time>
</trkpt>
<trkpt lat="-15.486914" lon="-70.141375">
<ele>3827.4</ele>
<time>2026-10-06T14:22:36-05:00</time>
</trkpt>
<trkpt lat="-15.486905" lon="-70.14138">
<ele>3827.8</ele>
<time>2026-10-06T14:22:38-05:00</time>
</trkpt>
<trkpt lat="-15.486918" lon="-70.141374">
<ele>3827.6</ele>
<time>2026-10-06T14:22:40-05:00</time>
</trkpt>
<trkpt lat="-15.48692" lon="-70.141382">
<ele>3827.4</ele>
<time>2026-10-06T14:22:42-05:00</time>
</trkpt>
<trkpt lat="-15.486913" lon="-70.14139">
<ele>3826.8</ele>
<time>2026-10-06T14:22:44-05:00</time>
</trkpt>
<trkpt lat="-15.486905" lon="-70.141374">
<ele>3828.0</ele>
<time>2026-10-06T14:22:46-05:00</time>
</trkpt>
<trkpt lat="-15.486915" lon="-70.141344">
<ele>3827.2</ele>
<time>2026-10-06T14:22:48-05:00</time>
</trkpt>
<trkpt lat="-15.486892" lon="-70.141289">
<ele>3826.9</ele>
<time>2026-10-06T14:22:50-05:00</time>
</trkpt>
<trkpt lat="-15.486897" lon="-70.141185">
<ele>3826.4</ele>
<time>2026-10-06T14:22:52-05:00</time>
</trkpt>
<trkpt lat="-15.486909" lon="-70.141058">
<ele>3827.0</ele>
<time>2026-10-06T14:22:54-05:00</time>
</trkpt>
<trkpt lat="-15.486925" lon="-70.140909">
<ele>3826.8</ele>
<time>2026-10-06T14:22:56-05:00</time>
</trkpt>
<trkpt lat="-15.486951" lon="-70.140755">
<ele>3827.0</ele>
<time>2026-10-06T14:22:58-05:00</time>
</trkpt>
<trkpt lat="-15.486966" lon="-70.14064">
<ele>3826.9</ele>
<time>2026-10-06T14:23:00-05:00</time>
</trkpt>
<trkpt lat="-15.48699" lon="-70.14049">
<ele>3827.4</ele>
<time>2026-10-06T14:23:02-05:00</time>
</trkpt>
<trkpt lat="-15.487013" lon="-70.140395">
<ele>3827.1</ele>
<time>2026-10-06T14:23:04-05:00</time>
</trkpt>
<trkpt lat="-15.487042" lon="-70.140336">
<ele>3827.4</ele>
<time>2026-10-06T14:23:06-05:00</time>
</trkpt>
<trkpt lat="-15.487046" lon="-70.140325">
<ele>3826.7</ele>
<time>2026-10-06T14:23:08-05:00</time>
</trkpt>
<trkpt lat="-15.48705" lon="-70.140317">
<ele>3827.1</ele>
<time>2026-10-06T14:23:10-05:00</time>
</trkpt>
<trkpt lat="-15.487051" lon="-70.140311">
<ele>3827.3</ele>
<time>2026-10-06T14:23:12-05:00</time>
</trkpt>
<trkpt lat="-15.487053" lon="-70.14031">
<ele>3827.3</ele>
<time>2026-10-06T14:23:14-05:00</time>
</trkpt>
<trkpt lat="-15.487051" lon="-70.140308">
<ele>3827.8</ele>
<time>2026-10-06T14:23:16-05:00</time>
</trkpt>
<trkpt lat="-15.487037" lon="-70.140296">
<ele>3827.3</ele>
<time>2026-10-06T14:23:18-05:00</time>
</trkpt>
<trkpt lat="-15.487037" lon="-70.140289">
<ele>3826.8</ele>
<time>2026-10-06T14:23:20-05:00</time>
</trkpt>
<trkpt lat="-15.487022" lon="-70.140213">
<ele>3827.2</ele>
<time>2026-10-06T14:23:22-05:00</time>
</trkpt>
<trkpt lat="-15.487023" lon="-70.140081">
<ele>3826.8</ele>
<time>2026-10-06T14:23:24-05:00</time>
</trkpt>
<trkpt lat="-15.487032" lon="-70.13991">
<ele>3827.1</ele>
<time>2026-10-06T14:23:26-05:00</time>
</trkpt>
<trkpt lat="-15.487058" lon="-70.139742">
<ele>3826.8</ele>
<time>2026-10-06T14:23:28-05:00</time>
</trkpt>
<trkpt lat="-15.487066" lon="-70.139605">
<ele>3826.9</ele>
<time>2026-10-06T14:23:30-05:00</time>
</trkpt>
<trkpt lat="-15.487067" lon="-70.139494">
<ele>3827.4</ele>
<time>2026-10-06T14:23:32-05:00</time>
</trkpt>
<trkpt lat="-15.487072" lon="-70.139414">
<ele>3826.6</ele>
<time>2026-10-06T14:23:34-05:00</time>
</trkpt>
<trkpt lat="-15.487076" lon="-70.139332">
<ele>3827.2</ele>
<time>2026-10-06T14:23:36-05:00</time>
</trkpt>
<trkpt lat="-15.487079" lon="-70.139239">
<ele>3827.3</ele>
<time>2026-10-06T14:23:38-05:00</time>
</trkpt>
<trkpt lat="-15.487109" lon="-70.139131">
<ele>3826.9</ele>
<time>2026-10-06T14:23:40-05:00</time>
</trkpt>
<trkpt lat="-15.487128" lon="-70.13903">
<ele>3828.3</ele>
<time>2026-10-06T14:23:42-05:00</time>
</trkpt>
<trkpt lat="-15.487115" lon="-70.138919">
<ele>3827.6</ele>
<time>2026-10-06T14:23:44-05:00</time>
</trkpt>
<trkpt lat="-15.487126" lon="-70.138804">
<ele>3827.4</ele>
<time>2026-10-06T14:23:46-05:00</time>
</trkpt>
<trkpt lat="-15.487135" lon="-70.138688">
<ele>3827.1</ele>
<time>2026-10-06T14:23:48-05:00</time>
</trkpt>
<trkpt lat="-15.487139" lon="-70.138591">
<ele>3827.2</ele>
<time>2026-10-06T14:23:50-05:00</time>
</trkpt>
<trkpt lat="-15.487163" lon="-70.138465">
<ele>3827.6</ele>
<time>2026-10-06T14:23:52-05:00</time>
</trkpt>
<trkpt lat="-15.487177" lon="-70.138353">
<ele>3827.7</ele>
<time>2026-10-06T14:23:54-05:00</time>
</trkpt>
<trkpt lat="-15.487201" lon="-70.138225">
<ele>3828.3</ele>
<time>2026-10-06T14:23:56-05:00</time>
</trkpt>
<trkpt lat="-15.487225" lon="-70.138117">
<ele>3827.3</ele>
<time>2026-10-06T14:23:58-05:00</time>
</trkpt>
<trkpt lat="-15.487245" lon="-70.138026">
<ele>3827.2</ele>
<time>2026-10-06T14:24:00-05:00</time>
</trkpt>
<trkpt lat="-15.487255" lon="-70.137972">
<ele>3827.6</ele>
<time>2026-10-06T14:24:02-05:00</time>
</trkpt>
<trkpt lat="-15.487263" lon="-70.137967">
<ele>3828.0</ele>
<time>2026-10-06T14:24:04-05:00</time>
</trkpt>
<trkpt lat="-15.487288" lon="-70.137963">
<ele>3828.0</ele>
<time>2026-10-06T14:24:06-05:00</time>
</trkpt>
<trkpt lat="-15.487297" lon="-70.137977">
<ele>3827.7</ele>
<time>2026-10-06T14:24:08-05:00</time>
</trkpt>
<trkpt lat="-15.487295" lon="-70.137961">
<ele>3828.5</ele>
<time>2026-10-06T14:24:10-05:00</time>
</trkpt>
<trkpt lat="-15.487298" lon="-70.137955">
<ele>3827.9</ele>
<time>2026-10-06T14:24:12-05:00</time>
</trkpt>
<trkpt lat="-15.487299" lon="-70.137967">
<ele>3827.2</ele>
<time>2026-10-06T14:24:14-05:00</time>
</trkpt>
<trkpt lat="-15.487281" lon="-70.137957">
<ele>3828.1</ele>
<time>2026-10-06T14:24:16-05:00</time>
</trkpt>
<trkpt lat="-15.487265" lon="-70.13797">
<ele>3827.4</ele>
<time>2026-10-06T14:24:18-05:00</time>
</trkpt>
<trkpt lat="-15.487255" lon="-70.137963">
<ele>3827.2</ele>
<time>2026-10-06T14:24:20-05:00</time>
</trkpt>
<trkpt lat="-15.487261" lon="-70.137969">
<ele>3828.0</ele>
<time>2026-10-06T14:24:22-05:00</time>
</trkpt>
<trkpt lat="-15.487275" lon="-70.13796">
<ele>3827.5</ele>
<time>2026-10-06T14:24:24-05:00</time>
</trkpt>
<trkpt lat="-15.487267" lon="-70.137949">
<ele>3827.7</ele>
<time>2026-10-06T14:24:26-05:00</time>
</trkpt>
<trkpt lat="-15.487274" lon="-70.13795">
<ele>3827.2</ele>
<time>2026-10-06T14:24:28-05:00</time>
</trkpt>
<trkpt lat="-15.487276" lon="-70.137954">
<ele>3827.6</ele>
<time>2026-10-06T14:24:30-05:00</time>
</trkpt>
<trkpt lat="-15.487278" lon="-70.137947">
<ele>3827.6</ele>
<time>2026-10-06T14:24:32-05:00</time>
</trkpt>
<trkpt lat="-15.487334" lon="-70.13795">
<ele>3827.1</ele>
<time>2026-10-06T14:24:34-05:00</time>
</trkpt>
<trkpt lat="-15.487405" lon="-70.137959">
<ele>3827.0</ele>
<time>2026-10-06T14:24:36-05:00</time>
</trkpt>
<trkpt lat="-15.487511" lon="-70.137982">
<ele>3827.5</ele>
<time>2026-10-06T14:24:38-05:00</time>
</trkpt>
<trkpt lat="-15.487621" lon="-70.138012">
<ele>3826.6</ele>
<time>2026-10-06T14:24:40-05:00</time>
</trkpt>
<trkpt lat="-15.487727" lon="-70.138057">
<ele>3825.7</ele>
<time>2026-10-06T14:24:42-05:00</time>
</trkpt>
<trkpt lat="-15.487851" lon="-70.138082">
<ele>3825.6</ele>
<time>2026-10-06T14:24:44-05:00</time>
</trkpt>
<trkpt lat="-15.487965" lon="-70.138099">
<ele>3826.1</ele>
<time>2026-10-06T14:24:46-05:00</time>
</trkpt>
<trkpt lat="-15.488072" lon="-70.138108">
<ele>3825.8</ele>
<time>2026-10-06T14:24:48-05:00</time>
</trkpt>
<trkpt lat="-15.488182" lon="-70.138115">
<ele>3825.5</ele>
<time>2026-10-06T14:24:50-05:00</time>
</trkpt>
<trkpt lat="-15.488283" lon="-70.138129">
<ele>3825.1</ele>
<time>2026-10-06T14:24:52-05:00</time>
</trkpt>
<trkpt lat="-15.488377" lon="-70.138154">
<ele>3825.0</ele>
<time>2026-10-06T14:24:54-05:00</time>
</trkpt>
<trkpt lat="-15.488471" lon="-70.138156">
<ele>3825.4</ele>
<time>2026-10-06T14:24:56-05:00</time>
</trkpt>
<trkpt lat="-15.488534" lon="-70.138176">
<ele>3825.3</ele>
<time>2026-10-06T14:24:58-05:00</time>
</trkpt>
<trkpt lat="-15.488617" lon="-70.138208">
<ele>3825.6</ele>
<time>2026-10-06T14:25:00-05:00</time>
</trkpt>
<trkpt lat="-15.48862" lon="-70.138107">
<ele>3827.0</ele>
<time>2026-10-06T14:25:02-05:00</time>
</trkpt>
<trkpt lat="-15.488649" lon="-70.138007">
<ele>3826.5</ele>
<time>2026-10-06T14:25:04-05:00</time>
</trkpt>
<trkpt lat="-15.488676" lon="-70.137911">
<ele>3826.5</ele>
<time>2026-10-06T14:25:06-05:00</time>
</trkpt>
<trkpt lat="-15.488708" lon="-70.137791">
<ele>3826.9</ele>
<time>2026-10-06T14:25:08-05:00</time>
</trkpt>
<trkpt lat="-15.488723" lon="-70.137674">
<ele>3826.4</ele>
<time>2026-10-06T14:25:10-05:00</time>
</trkpt>
<trkpt lat="-15.488748" lon="-70.137553">
<ele>3827.3</ele>
<time>2026-10-06T14:25:12-05:00</time>
</trkpt>
<trkpt lat="-15.488794" lon="-70.137448">
<ele>3827.6</ele>
<time>2026-10-06T14:25:14-05:00</time>
</trkpt>
<trkpt lat="-15.488809" lon="-70.137345">
<ele>3827.0</ele>
<time>2026-10-06T14:25:16-05:00</time>
</trkpt>
<trkpt lat="-15.488831" lon="-70.137235">
<ele>3827.2</ele>
<time>2026-10-06T14:25:18-05:00</time>
</trkpt>
<trkpt lat="-15.488864" lon="-70.137155">
<ele>3827.8</ele>
<time>2026-10-06T14:25:20-05:00</time>
</trkpt>
<trkpt lat="-15.488888" lon="-70.137088">
<ele>3827.2</ele>
<time>2026-10-06T14:25:22-05:00</time>
</trkpt>
<trkpt lat="-15.488908" lon="-70.137023">
<ele>3826.8</ele>
<time>2026-10-06T14:25:24-05:00</time>
</trkpt>
<trkpt lat="-15.488914" lon="-70.136974">
<ele>3827.7</ele>
<time>2026-10-06T14:25:26-05:00</time>
</trkpt>
<trkpt lat="-15.488896" lon="-70.136912">
<ele>3827.1</ele>
<time>2026-10-06T14:25:28-05:00</time>
</trkpt>
<trkpt lat="-15.488903" lon="-70.136836">
<ele>3826.8</ele>
<time>2026-10-06T14:25:30-05:00</time>
</trkpt>
<trkpt lat="-15.488913" lon="-70.136763">
<ele>3826.8</ele>
<time>2026-10-06T14:25:32-05:00</time>
</trkpt>
<trkpt lat="-15.488951" lon="-70.136676">
<ele>3827.2</ele>
<time>2026-10-06T14:25:34-05:00</time>
</trkpt>
<trkpt lat="-15.488967" lon="-70.1366">
<ele>3826.9</ele>
<time>2026-10-06T14:25:36-05:00</time>
</trkpt>
<trkpt lat="-15.488976" lon="-70.136528">
<ele>3827.2</ele>
<time>2026-10-06T14:25:38-05:00</time>
</trkpt>
<trkpt lat="-15.489007" lon="-70.136458">
<ele>3827.6</ele>
<time>2026-10-06T14:25:40-05:00</time>
</trkpt>
<trkpt lat="-15.489003" lon="-70.136402">
<ele>3827.9</ele>
<time>2026-10-06T14:25:42-05:00</time>
</trkpt>
<trkpt lat="-15.489019" lon="-70.136327">
<ele>3827.6</ele>
<time>2026-10-06T14:25:44-05:00</time>
</trkpt>
<trkpt lat="-15.489047" lon="-70.136255">
<ele>3827.7</ele>
<time>2026-10-06T14:25:46-05:00</time>
</trkpt>
<trkpt lat="-15.489065" lon="-70.136178">
<ele>3828.1</ele>
<time>2026-10-06T14:25:48-05:00</time>
</trkpt>
<trkpt lat="-15.489077" lon="-70.136085">
<ele>3827.6</ele>
<time>2026-10-06T14:25:50-05:00</time>
</trkpt>
<trkpt lat="-15.489077" lon="-70.136025">
<ele>3828.2</ele>
<time>2026-10-06T14:25:52-05:00</time>
</trkpt>
<trkpt lat="-15.48909" lon="-70.135958">
<ele>3828.0</ele>
<time>2026-10-06T14:25:54-05:00</time>
</trkpt>
<trkpt lat="-15.489115" lon="-70.135893">
<ele>3828.2</ele>
<time>2026-10-06T14:25:56-05:00</time>
</trkpt>
<trkpt lat="-15.489131" lon="-70.135824">
<ele>3828.8</ele>
<time>2026-10-06T14:25:58-05:00</time>
</trkpt>
<trkpt lat="-15.489167" lon="-70.135755">
<ele>3827.8</ele>
<time>2026-10-06T14:26:00-05:00</time>
</trkpt>
<trkpt lat="-15.48921" lon="-70.135678">
<ele>3827.5</ele>
<time>2026-10-06T14:26:02-05:00</time>
</trkpt>
<trkpt lat="-15.489203" lon="-70.135597">
<ele>3828.8</ele>
<time>2026-10-06T14:26:04-05:00</time>
</trkpt>
<trkpt lat="-15.489221" lon="-70.135507">
<ele>3828.2</ele>
<time>2026-10-06T14:26:06-05:00</time>
</trkpt>
<trkpt lat="-15.489241" lon="-70.135428">
<ele>3827.9</ele>
<time>2026-10-06T14:26:08-05:00</time>
</trkpt>
<trkpt lat="-15.48926" lon="-70.135332">
<ele>3827.4</ele>
<time>2026-10-06T14:26:10-05:00</time>
</trkpt>
<trkpt lat="-15.489284" lon="-70.135273">
<ele>3826.4</ele>
<time>2026-10-06T14:26:12-05:00</time>
</trkpt>
<trkpt lat="-15.489308" lon="-70.135185">
<ele>3827.6</ele>
<time>2026-10-06T14:26:14-05:00</time>
</trkpt>
<trkpt lat="-15.489336" lon="-70.135117">
<ele>3827.0</ele>
<time>2026-10-06T14:26:16-05:00</time>
</trkpt>
<trkpt lat="-15.489354" lon="-70.135037">
<ele>3827.1</ele>
<time>2026-10-06T14:26:18-05:00</time>
</trkpt>
<trkpt lat="-15.48938" lon="-70.134996">
<ele>3827.3</ele>
<time>2026-10-06T14:26:20-05:00</time>
</trkpt>
<trkpt lat="-15.489398" lon="-70.134954">
<ele>3826.7</ele>
<time>2026-10-06T14:26:22-05:00</time>
</trkpt>
<trkpt lat="-15.489406" lon="-70.134959">
<ele>3827.3</ele>
<time>2026-10-06T14:26:24-05:00</time>
</trkpt>
<trkpt lat="-15.489407" lon="-70.134969">
<ele>3827.5</ele>
<time>2026-10-06T14:26:26-05:00</time>
</trkpt>
<trkpt lat="-15.489416" lon="-70.134969">
<ele>3826.6</ele>
<time>2026-10-06T14:26:28-05:00</time>
</trkpt>
<trkpt lat="-15.489401" lon="-70.134968">
<ele>3827.1</ele>
<time>2026-10-06T14:26:30-05:00</time>
</trkpt>
<trkpt lat="-15.489401" lon="-70.134956">
<ele>3827.0</ele>
<time>2026-10-06T14:26:32-05:00</time>
</trkpt>
<trkpt lat="-15.489394" lon="-70.134887">
<ele>3827.2</ele>
<time>2026-10-06T14:26:34-05:00</time>
</trkpt>
<trkpt lat="-15.489354" lon="-70.134821">
<ele>3826.5</ele>
<time>2026-10-06T14:26:36-05:00</time>
</trkpt>
<trkpt lat="-15.48933" lon="-70.134742">
<ele>3827.3</ele>
<time>2026-10-06T14:26:38-05:00</time>
</trkpt>
<trkpt lat="-15.489317" lon="-70.134704">
<ele>3827.1</ele>
<time>2026-10-06T14:26:40-05:00</time>
</trkpt>
<trkpt lat="-15.489337" lon="-70.134694">
<ele>3827.7</ele>
<time>2026-10-06T14:26:42-05:00</time>
</trkpt>
<trkpt lat="-15.489381" lon="-70.134675">
<ele>3827.3</ele>
<time>2026-10-06T14:26:44-05:00</time>
</trkpt>
<trkpt lat="-15.489432" lon="-70.13465">
<ele>3826.6</ele>
<time>2026-10-06T14:26:46-05:00</time>
</trkpt>
<trkpt lat="-15.489505" lon="-70.134635">
<ele>3827.3</ele>
<time>2026-10-06T14:26:48-05:00</time>
</trkpt>
<trkpt lat="-15.489578" lon="-70.134611">
<ele>3827.3</ele>
<time>2026-10-06T14:26:50-05:00</time>
</trkpt>
<trkpt lat="-15.489661" lon="-70.13458">
<ele>3826.3</ele>
<time>2026-10-06T14:26:52-05:00</time>
</trkpt>
<trkpt lat="-15.489733" lon="-70.134546">
<ele>3827.0</ele>
<time>2026-10-06T14:26:54-05:00</time>
</trkpt>
<trkpt lat="-15.489811" lon="-70.134519">
<ele>3826.4</ele>
<time>2026-10-06T14:26:56-05:00</time>
</trkpt>
<trkpt lat="-15.489875" lon="-70.134483">
<ele>3827.5</ele>
<time>2026-10-06T14:26:58-05:00</time>
</trkpt>
<trkpt lat="-15.489935" lon="-70.134444">
<ele>3826.5</ele>
<time>2026-10-06T14:27:00-05:00</time>
</trkpt>
<trkpt lat="-15.489995" lon="-70.13443">
<ele>3826.8</ele>
<time>2026-10-06T14:27:02-05:00</time>
</trkpt>
<trkpt lat="-15.490063" lon="-70.134418">
<ele>3827.4</ele>
<time>2026-10-06T14:27:04-05:00</time>
</trkpt>
<trkpt lat="-15.490133" lon="-70.134391">
<ele>3825.9</ele>
<time>2026-10-06T14:27:06-05:00</time>
</trkpt>
<trkpt lat="-15.490192" lon="-70.134368">
<ele>3827.3</ele>
<time>2026-10-06T14:27:08-05:00</time>
</trkpt>
<trkpt lat="-15.490256" lon="-70.134342">
<ele>3826.7</ele>
<time>2026-10-06T14:27:10-05:00</time>
</trkpt>
<trkpt lat="-15.490316" lon="-70.134326">
<ele>3826.8</ele>
<time>2026-10-06T14:27:12-05:00</time>
</trkpt>
<trkpt lat="-15.490368" lon="-70.134305">
<ele>3827.1</ele>
<time>2026-10-06T14:27:14-05:00</time>
</trkpt>
<trkpt lat="-15.490415" lon="-70.13428">
<ele>3828.1</ele>
<time>2026-10-06T14:27:16-05:00</time>
</trkpt>
<trkpt lat="-15.490463" lon="-70.134248">
<ele>3827.3</ele>
<time>2026-10-06T14:27:18-05:00</time>
</trkpt>
<trkpt lat="-15.490535" lon="-70.134212">
<ele>3827.8</ele>
<time>2026-10-06T14:27:20-05:00</time>
</trkpt>
<trkpt lat="-15.490598" lon="-70.134186">
<ele>3826.8</ele>
<time>2026-10-06T14:27:22-05:00</time>
</trkpt>
<trkpt lat="-15.490651" lon="-70.134185">
<ele>3827.3</ele>
<time>2026-10-06T14:27:24-05:00</time>
</trkpt>
<trkpt lat="-15.490685" lon="-70.134152">
<ele>3827.5</ele>
<time>2026-10-06T14:27:26-05:00</time>
</trkpt>
<trkpt lat="-15.49075" lon="-70.134117">
<ele>3827.7</ele>
<time>2026-10-06T14:27:28-05:00</time>
</trkpt>
<trkpt lat="-15.49081" lon="-70.134108">
<ele>3827.5</ele>
<time>2026-10-06T14:27:30-05:00</time>
</trkpt>
<trkpt lat="-15.490851" lon="-70.134115">
<ele>3827.6</ele>
<time>2026-10-06T14:27:32-05:00</time>
</trkpt>
<trkpt lat="-15.490902" lon="-70.134082">
<ele>3827.7</ele>
<time>2026-10-06T14:27:34-05:00</time>
</trkpt>
<trkpt lat="-15.490961" lon="-70.134063">
<ele>3827.9</ele>
<time>2026-10-06T14:27:36-05:00</time>
</trkpt>
<trkpt lat="-15.491021" lon="-70.134048">
<ele>3828.3</ele>
<time>2026-10-06T14:27:38-05:00</time>
</trkpt>
<trkpt lat="-15.491086" lon="-70.134019">
<ele>3827.8</ele>
<time>2026-10-06T14:27:40-05:00</time>
</trkpt>
<trkpt lat="-15.491143" lon="-70.134008">
<ele>3827.8</ele>
<time>2026-10-06T14:27:42-05:00</time>
</trkpt>
<trkpt lat="-15.491206" lon="-70.133971">
<ele>3827.9</ele>
<time>2026-10-06T14:27:44-05:00</time>
</trkpt>
<trkpt lat="-15.491276" lon="-70.133939">
<ele>3828.1</ele>
<time>2026-10-06T14:27:46-05:00</time>
</trkpt>
<trkpt lat="-15.491347" lon="-70.13392">
<ele>3828.3</ele>
<time>2026-10-06T14:27:48-05:00</time>
</trkpt>
<trkpt lat="-15.491407" lon="-70.133894">
<ele>3828.2</ele>
<time>2026-10-06T14:27:50-05:00</time>
</trkpt>
<trkpt lat="-15.49146" lon="-70.133856">
<ele>3827.9</ele>
<time>2026-10-06T14:27:52-05:00</time>
</trkpt>
<trkpt lat="-15.491531" lon="-70.13384">
<ele>3828.3</ele>
<time>2026-10-06T14:27:54-05:00</time>
</trkpt>
<trkpt lat="-15.491578" lon="-70.133836">
<ele>3828.4</ele>
<time>2026-10-06T14:27:56-05:00</time>
</trkpt>
<trkpt lat="-15.491638" lon="-70.133815">
<ele>3827.8</ele>
<time>2026-10-06T14:27:58-05:00</time>
</trkpt>
<trkpt lat="-15.491692" lon="-70.133806">
<ele>3828.8</ele>
<time>2026-10-06T14:28:00-05:00</time>
</trkpt>
<trkpt lat="-15.491749" lon="-70.133777">
<ele>3828.5</ele>
<time>2026-10-06T14:28:02-05:00</time>
</trkpt>
<trkpt lat="-15.491794" lon="-70.133751">
<ele>3828.3</ele>
<time>2026-10-06T14:28:04-05:00</time>
</trkpt>
<trkpt lat="-15.491859" lon="-70.13372">
<ele>3827.3</ele>
<time>2026-10-06T14:28:06-05:00</time>
</trkpt>
<trkpt lat="-15.491913" lon="-70.13368">
<ele>3828.8</ele>
<time>2026-10-06T14:28:08-05:00</time>
</trkpt>
<trkpt lat="-15.491966" lon="-70.13366">
<ele>3828.1</ele>
<time>2026-10-06T14:28:10-05:00</time>
</trkpt>
<trkpt lat="-15.492038" lon="-70.133628">
<ele>3829.1</ele>
<time>2026-10-06T14:28:12-05:00</time>
</trkpt>
<trkpt lat="-15.492109" lon="-70.133621">
<ele>3828.7</ele>
<time>2026-10-06T14:28:14-05:00</time>
</trkpt>
<trkpt lat="-15.492169" lon="-70.133582">
<ele>3828.8</ele>
<time>2026-10-06T14:28:16-05:00</time>
</trkpt>
<trkpt lat="-15.492205" lon="-70.133564">
<ele>3828.7</ele>
<time>2026-10-06T14:28:18-05:00</time>
</trkpt>
<trkpt lat="-15.492257" lon="-70.133528">
<ele>3829.4</ele>
<time>2026-10-06T14:28:20-05:00</time>
</trkpt>
<trkpt lat="-15.492331" lon="-70.133505">
<ele>3829.3</ele>
<time>2026-10-06T14:28:22-05:00</time>
</trkpt>
<trkpt lat="-15.492389" lon="-70.133484">
<ele>3828.9</ele>
<time>2026-10-06T14:28:24-05:00</time>
</trkpt>
<trkpt lat="-15.492464" lon="-70.133462">
<ele>3829.8</ele>
<time>2026-10-06T14:28:26-05:00</time>
</trkpt>
<trkpt lat="-15.492518" lon="-70.13344">
<ele>3829.2</ele>
<time>2026-10-06T14:28:28-05:00</time>
</trkpt>
<trkpt lat="-15.492558" lon="-70.133427">
<ele>3829.5</ele>
<time>2026-10-06T14:28:30-05:00</time>
</trkpt>
<trkpt lat="-15.492608" lon="-70.133404">
<ele>3828.6</ele>
<time>2026-10-06T14:28:32-05:00</time>
</trkpt>
<trkpt lat="-15.492662" lon="-70.133386">
<ele>3829.2</ele>
<time>2026-10-06T14:28:34-05:00</time>
</trkpt>
<trkpt lat="-15.492717" lon="-70.133367">
<ele>3829.3</ele>
<time>2026-10-06T14:28:36-05:00</time>
</trkpt>
<trkpt lat="-15.492784" lon="-70.133355">
<ele>3829.3</ele>
<time>2026-10-06T14:28:38-05:00</time>
</trkpt>
<trkpt lat="-15.492837" lon="-70.133335">
<ele>3830.3</ele>
<time>2026-10-06T14:28:40-05:00</time>
</trkpt>
<trkpt lat="-15.4929" lon="-70.133311">
<ele>3829.6</ele>
<time>2026-10-06T14:28:42-05:00</time>
</trkpt>
<trkpt lat="-15.49298" lon="-70.13326">
<ele>3830.1</ele>
<time>2026-10-06T14:28:44-05:00</time>
</trkpt>
<trkpt lat="-15.493052" lon="-70.133236">
<ele>3830.1</ele>
<time>2026-10-06T14:28:46-05:00</time>
</trkpt>
<trkpt lat="-15.493103" lon="-70.133192">
<ele>3832.0</ele>
<time>2026-10-06T14:28:48-05:00</time>
</trkpt>
<trkpt lat="-15.493157" lon="-70.133193">
<ele>3831.1</ele>
<time>2026-10-06T14:28:50-05:00</time>
</trkpt>
<trkpt lat="-15.493192" lon="-70.133181">
<ele>3831.5</ele>
<time>2026-10-06T14:28:52-05:00</time>
</trkpt>
<trkpt lat="-15.493238" lon="-70.13316">
<ele>3832.2</ele>
<time>2026-10-06T14:28:54-05:00</time>
</trkpt>
<trkpt lat="-15.493294" lon="-70.133144">
<ele>3832.4</ele>
<time>2026-10-06T14:28:56-05:00</time>
</trkpt>
<trkpt lat="-15.493342" lon="-70.133119">
<ele>3832.3</ele>
<time>2026-10-06T14:28:58-05:00</time>
</trkpt>
<trkpt lat="-15.493404" lon="-70.133102">
<ele>3832.0</ele>
<time>2026-10-06T14:29:00-05:00</time>
</trkpt>
<trkpt lat="-15.493463" lon="-70.133066">
<ele>3832.4</ele>
<time>2026-10-06T14:29:02-05:00</time>
</trkpt>
<trkpt lat="-15.493527" lon="-70.133056">
<ele>3832.1</ele>
<time>2026-10-06T14:29:04-05:00</time>
</trkpt>
<trkpt lat="-15.493592" lon="-70.133009">
<ele>3832.0</ele>
<time>2026-10-06T14:29:06-05:00</time>
</trkpt>
<trkpt lat="-15.493632" lon="-70.133">
<ele>3831.5</ele>
<time>2026-10-06T14:29:08-05:00</time>
</trkpt>
<trkpt lat="-15.493687" lon="-70.132978">
<ele>3831.1</ele>
<time>2026-10-06T14:29:10-05:00</time>
</trkpt>
<trkpt lat="-15.493741" lon="-70.13294">
<ele>3831.5</ele>
<time>2026-10-06T14:29:12-05:00</time>
</trkpt>
<trkpt lat="-15.493786" lon="-70.132928">
<ele>3831.8</ele>
<time>2026-10-06T14:29:14-05:00</time>
</trkpt>
<trkpt lat="-15.493835" lon="-70.132901">
<ele>3832.0</ele>
<time>2026-10-06T14:29:16-05:00</time>
</trkpt>
<trkpt lat="-15.493913" lon="-70.132873">
<ele>3831.2</ele>
<time>2026-10-06T14:29:18-05:00</time>
</trkpt>
<trkpt lat="-15.493971" lon="-70.132838">
<ele>3831.2</ele>
<time>2026-10-06T14:29:20-05:00</time>
</trkpt>
<trkpt lat="-15.494045" lon="-70.132809">
<ele>3831.9</ele>
<time>2026-10-06T14:29:22-05:00</time>
</trkpt>
<trkpt lat="-15.494122" lon="-70.132796">
<ele>3830.6</ele>
<time>2026-10-06T14:29:24-05:00</time>
</trkpt>
<trkpt lat="-15.494209" lon="-70.13276">
<ele>3831.0</ele>
<time>2026-10-06T14:29:26-05:00</time>
</trkpt>
<trkpt lat="-15.494283" lon="-70.132723">
<ele>3830.4</ele>
<time>2026-10-06T14:29:28-05:00</time>
</trkpt>
<trkpt lat="-15.49436" lon="-70.132682">
<ele>3831.1</ele>
<time>2026-10-06T14:29:30-05:00</time>
</trkpt>
<trkpt lat="-15.494442" lon="-70.132642">
<ele>3830.7</ele>
<time>2026-10-06T14:29:32-05:00</time>
</trkpt>
<trkpt lat="-15.49452" lon="-70.132599">
<ele>3829.5</ele>
<time>2026-10-06T14:29:34-05:00</time>
</trkpt>
<trkpt lat="-15.494573" lon="-70.132609">
<ele>3830.0</ele>
<time>2026-10-06T14:29:36-05:00</time>
</trkpt>
<trkpt lat="-15.494645" lon="-70.132589">
<ele>3830.0</ele>
<time>2026-10-06T14:29:38-05:00</time>
</trkpt>
<trkpt lat="-15.494665" lon="-70.132587">
<ele>3830.3</ele>
<time>2026-10-06T14:29:40-05:00</time>
</trkpt>
<trkpt lat="-15.49467" lon="-70.1326">
<ele>3830.3</ele>
<time>2026-10-06T14:29:42-05:00</time>
</trkpt>
<trkpt lat="-15.494667" lon="-70.132605">
<ele>3830.0</ele>
<time>2026-10-06T14:29:44-05:00</time>
</trkpt>
<trkpt lat="-15.494668" lon="-70.132608">
<ele>3830.2</ele>
<time>2026-10-06T14:29:46-05:00</time>
</trkpt>
<trkpt lat="-15.494692" lon="-70.132612">
<ele>3829.8</ele>
<time>2026-10-06T14:29:48-05:00</time>
</trkpt>
<trkpt lat="-15.494675" lon="-70.132625">
<ele>3829.6</ele>
<time>2026-10-06T14:29:50-05:00</time>
</trkpt>
<trkpt lat="-15.494685" lon="-70.132629">
<ele>3829.9</ele>
<time>2026-10-06T14:29:52-05:00</time>
</trkpt>
<trkpt lat="-15.494696" lon="-70.132635">
<ele>3830.3</ele>
<time>2026-10-06T14:29:54-05:00</time>
</trkpt>
<trkpt lat="-15.49467" lon="-70.132624">
<ele>3829.4</ele>
<time>2026-10-06T14:29:56-05:00</time>
</trkpt>
<trkpt lat="-15.494679" lon="-70.1326">
<ele>3830.3</ele>
<time>2026-10-06T14:29:58-05:00</time>
</trkpt>
<trkpt lat="-15.494658" lon="-70.132601">
<ele>3829.9</ele>
<time>2026-10-06T14:30:00-05:00</time>
</trkpt>
<trkpt lat="-15.494664" lon="-70.132597">
<ele>3829.8</ele>
<time>2026-10-06T14:30:02-05:00</time>
</trkpt>
<trkpt lat="-15.494665" lon="-70.132605">
<ele>3829.6</ele>
<time>2026-10-06T14:30:04-05:00</time>
</trkpt>
<trkpt lat="-15.494674" lon="-70.132608">
<ele>3829.8</ele>
<time>2026-10-06T14:30:06-05:00</time>
</trkpt>
<trkpt lat="-15.494667" lon="-70.132586">
<ele>3829.8</ele>
<time>2026-10-06T14:30:08-05:00</time>
</trkpt>
<trkpt lat="-15.494649" lon="-70.132552">
<ele>3830.6</ele>
<time>2026-10-06T14:30:10-05:00</time>
</trkpt>
<trkpt lat="-15.494626" lon="-70.132512">
<ele>3830.1</ele>
<time>2026-10-06T14:30:12-05:00</time>
</trkpt>
<trkpt lat="-15.494579" lon="-70.132446">
<ele>3829.7</ele>
<time>2026-10-06T14:30:14-05:00</time>
</trkpt>
<trkpt lat="-15.494523" lon="-70.132359">
<ele>3830.2</ele>
<time>2026-10-06T14:30:16-05:00</time>
</trkpt>
<trkpt lat="-15.494495" lon="-70.132275">
<ele>3829.8</ele>
<time>2026-10-06T14:30:18-05:00</time>
</trkpt>
<trkpt lat="-15.494446" lon="-70.132164">
<ele>3829.5</ele>
<time>2026-10-06T14:30:20-05:00</time>
</trkpt>
<trkpt lat="-15.494422" lon="-70.132086">
<ele>3829.8</ele>
<time>2026-10-06T14:30:22-05:00</time>
</trkpt>
<trkpt lat="-15.494386" lon="-70.132007">
<ele>3828.5</ele>
<time>2026-10-06T14:30:24-05:00</time>
</trkpt>
<trkpt lat="-15.494364" lon="-70.131919">
<ele>3828.1</ele>
<time>2026-10-06T14:30:26-05:00</time>
</trkpt>
<trkpt lat="-15.494355" lon="-70.131863">
<ele>3827.8</ele>
<time>2026-10-06T14:30:28-05:00</time>
</trkpt>
<trkpt lat="-15.494342" lon="-70.131812">
<ele>3828.0</ele>
<time>2026-10-06T14:30:30-05:00</time>
</trkpt>
<trkpt lat="-15.494309" lon="-70.131769">
<ele>3828.3</ele>
<time>2026-10-06T14:30:32-05:00</time>
</trkpt>
<trkpt lat="-15.4943" lon="-70.131695">
<ele>3827.9</ele>
<time>2026-10-06T14:30:34-05:00</time>
</trkpt>
<trkpt lat="-15.494273" lon="-70.131616">
<ele>3827.1</ele>
<time>2026-10-06T14:30:36-05:00</time>
</trkpt>
<trkpt lat="-15.494247" lon="-70.131561">
<ele>3827.0</ele>
<time>2026-10-06T14:30:38-05:00</time>
</trkpt>
<trkpt lat="-15.494229" lon="-70.131495">
<ele>3827.9</ele>
<time>2026-10-06T14:30:40-05:00</time>
</trkpt>
<trkpt lat="-15.494205" lon="-70.131435">
<ele>3827.0</ele>
<time>2026-10-06T14:30:42-05:00</time>
</trkpt>
<trkpt lat="-15.494193" lon="-70.13137">
<ele>3827.3</ele>
<time>2026-10-06T14:30:44-05:00</time>
</trkpt>
<trkpt lat="-15.494184" lon="-70.131311">
<ele>3827.8</ele>
<time>2026-10-06T14:30:46-05:00</time>
</trkpt>
<trkpt lat="-15.494164" lon="-70.131259">
<ele>3827.3</ele>
<time>2026-10-06T14:30:48-05:00</time>
</trkpt>
<trkpt lat="-15.494152" lon="-70.1312">
<ele>3827.0</ele>
<time>2026-10-06T14:30:50-05:00</time>
</trkpt>
<trkpt lat="-15.494147" lon="-70.131137">
<ele>3827.4</ele>
<time>2026-10-06T14:30:52-05:00</time>
</trkpt>
<trkpt lat="-15.494123" lon="-70.131089">
<ele>3827.1</ele>
<time>2026-10-06T14:30:54-05:00</time>
</trkpt>
<trkpt lat="-15.494096" lon="-70.131031">
<ele>3827.8</ele>
<time>2026-10-06T14:30:56-05:00</time>
</trkpt>
<trkpt lat="-15.494066" lon="-70.130979">
<ele>3828.1</ele>
<time>2026-10-06T14:30:58-05:00</time>
</trkpt>
<trkpt lat="-15.494036" lon="-70.130928">
<ele>3827.8</ele>
<time>2026-10-06T14:31:00-05:00</time>
</trkpt>
<trkpt lat="-15.494015" lon="-70.130864">
<ele>3827.8</ele>
<time>2026-10-06T14:31:02-05:00</time>
</trkpt>
<trkpt lat="-15.494001" lon="-70.130809">
<ele>3827.8</ele>
<time>2026-10-06T14:31:04-05:00</time>
</trkpt>
<trkpt lat="-15.493996" lon="-70.130774">
<ele>3828.7</ele>
<time>2026-10-06T14:31:06-05:00</time>
</trkpt>
<trkpt lat="-15.493983" lon="-70.130715">
<ele>3829.0</ele>
<time>2026-10-06T14:31:08-05:00</time>
</trkpt>
<trkpt lat="-15.493952" lon="-70.130653">
<ele>3829.2</ele>
<time>2026-10-06T14:31:10-05:00</time>
</trkpt>
<trkpt lat="-15.49393" lon="-70.130583">
<ele>3828.7</ele>
<time>2026-10-06T14:31:12-05:00</time>
</trkpt>
<trkpt lat="-15.493904" lon="-70.130507">
<ele>3829.4</ele>
<time>2026-10-06T14:31:14-05:00</time>
</trkpt>
<trkpt lat="-15.493893" lon="-70.130436">
<ele>3829.2</ele>
<time>2026-10-06T14:31:16-05:00</time>
</trkpt>
<trkpt lat="-15.493865" lon="-70.130368">
<ele>3828.6</ele>
<time>2026-10-06T14:31:18-05:00</time>
</trkpt>
<trkpt lat="-15.493848" lon="-70.130299">
<ele>3828.7</ele>
<time>2026-10-06T14:31:20-05:00</time>
</trkpt>
<trkpt lat="-15.493823" lon="-70.130248">
<ele>3828.8</ele>
<time>2026-10-06T14:31:22-05:00</time>
</trkpt>
<trkpt lat="-15.493781" lon="-70.130185">
<ele>3828.3</ele>
<time>2026-10-06T14:31:24-05:00</time>
</trkpt>
<trkpt lat="-15.493764" lon="-70.130129">
<ele>3828.8</ele>
<time>2026-10-06T14:31:26-05:00</time>
</trkpt>
<trkpt lat="-15.493739" lon="-70.13007">
<ele>3828.2</ele>
<time>2026-10-06T14:31:28-05:00</time>
</trkpt>
<trkpt lat="-15.493707" lon="-70.130009">
<ele>3828.1</ele>
<time>2026-10-06T14:31:30-05:00</time>
</trkpt>
<trkpt lat="-15.49369" lon="-70.129956">
<ele>3827.4</ele>
<time>2026-10-06T14:31:32-05:00</time>
</trkpt>
<trkpt lat="-15.49368" lon="-70.129923">
<ele>3827.8</ele>
<time>2026-10-06T14:31:34-05:00</time>
</trkpt>
<trkpt lat="-15.493665" lon="-70.129865">
<ele>3828.0</ele>
<time>2026-10-06T14:31:36-05:00</time>
</trkpt>
<trkpt lat="-15.493637" lon="-70.129805">
<ele>3828.3</ele>
<time>2026-10-06T14:31:38-05:00</time>
</trkpt>
<trkpt lat="-15.493596" lon="-70.129749">
<ele>3828.7</ele>
<time>2026-10-06T14:31:40-05:00</time>
</trkpt>
<trkpt lat="-15.493559" lon="-70.129695">
<ele>3828.0</ele>
<time>2026-10-06T14:31:42-05:00</time>
</trkpt>
<trkpt lat="-15.493535" lon="-70.129626">
<ele>3827.8</ele>
<time>2026-10-06T14:31:44-05:00</time>
</trkpt>
<trkpt lat="-15.493505" lon="-70.129581">
<ele>3827.5</ele>
<time>2026-10-06T14:31:46-05:00</time>
</trkpt>
<trkpt lat="-15.493492" lon="-70.129523">
<ele>3827.4</ele>
<time>2026-10-06T14:31:48-05:00</time>
</trkpt>
<trkpt lat="-15.493475" lon="-70.129483">
<ele>3828.1</ele>
<time>2026-10-06T14:31:50-05:00</time>
</trkpt>
<trkpt lat="-15.493472" lon="-70.129421">
<ele>3827.4</ele>
<time>2026-10-06T14:31:52-05:00</time>
</trkpt>
<trkpt lat="-15.493455" lon="-70.129367">
<ele>3827.6</ele>
<time>2026-10-06T14:31:54-05:00</time>
</trkpt>
<trkpt lat="-15.493439" lon="-70.1293">
<ele>3827.0</ele>
<time>2026-10-06T14:31:56-05:00</time>
</trkpt>
<trkpt lat="-15.493406" lon="-70.129247">
<ele>3827.3</ele>
<time>2026-10-06T14:31:58-05:00</time>
</trkpt>
<trkpt lat="-15.493376" lon="-70.129187">
<ele>3827.2</ele>
<time>2026-10-06T14:32:00-05:00</time>
</trkpt>
<trkpt lat="-15.493355" lon="-70.129143">
<ele>3827.4</ele>
<time>2026-10-06T14:32:02-05:00</time>
</trkpt>
<trkpt lat="-15.493329" lon="-70.129093">
<ele>3826.5</ele>
<time>2026-10-06T14:32:04-05:00</time>
</trkpt>
<trkpt lat="-15.493316" lon="-70.129038">
<ele>3826.7</ele>
<time>2026-10-06T14:32:06-05:00</time>
</trkpt>
<trkpt lat="-15.493299" lon="-70.128997">
<ele>3826.9</ele>
<time>2026-10-06T14:32:08-05:00</time>
</trkpt>
<trkpt lat="-15.493284" lon="-70.128944">
<ele>3828.1</ele>
<time>2026-10-06T14:32:10-05:00</time>
</trkpt>
<trkpt lat="-15.493242" lon="-70.128869">
<ele>3827.2</ele>
<time>2026-10-06T14:32:12-05:00</time>
</trkpt>
<trkpt lat="-15.493221" lon="-70.128797">
<ele>3826.8</ele>
<time>2026-10-06T14:32:14-05:00</time>
</trkpt>
<trkpt lat="-15.493191" lon="-70.128734">
<ele>3828.0</ele>
<time>2026-10-06T14:32:16-05:00</time>
</trkpt>
<trkpt lat="-15.493176" lon="-70.128666">
<ele>3827.2</ele>
<time>2026-10-06T14:32:18-05:00</time>
</trkpt>
<trkpt lat="-15.493151" lon="-70.128603">
<ele>3827.6</ele>
<time>2026-10-06T14:32:20-05:00</time>
</trkpt>
<trkpt lat="-15.493141" lon="-70.128529">
<ele>3827.6</ele>
<time>2026-10-06T14:32:22-05:00</time>
</trkpt>
<trkpt lat="-15.493108" lon="-70.128468">
<ele>3828.1</ele>
<time>2026-10-06T14:32:24-05:00</time>
</trkpt>
<trkpt lat="-15.49309" lon="-70.128405">
<ele>3827.7</ele>
<time>2026-10-06T14:32:26-05:00</time>
</trkpt>
<trkpt lat="-15.493054" lon="-70.128304">
<ele>3827.9</ele>
<time>2026-10-06T14:32:28-05:00</time>
</trkpt>
<trkpt lat="-15.493028" lon="-70.128223">
<ele>3829.0</ele>
<time>2026-10-06T14:32:30-05:00</time>
</trkpt>
<trkpt lat="-15.493021" lon="-70.128152">
<ele>3828.3</ele>
<time>2026-10-06T14:32:32-05:00</time>
</trkpt>
<trkpt lat="-15.492981" lon="-70.128094">
<ele>3829.3</ele>
<time>2026-10-06T14:32:34-05:00</time>
</trkpt>
<trkpt lat="-15.492966" lon="-70.128038">
<ele>3829.2</ele>
<time>2026-10-06T14:32:36-05:00</time>
</trkpt>
<trkpt lat="-15.492934" lon="-70.127984">
<ele>3828.7</ele>
<time>2026-10-06T14:32:38-05:00</time>
</trkpt>
<trkpt lat="-15.492882" lon="-70.12794">
<ele>3828.4</ele>
<time>2026-10-06T14:32:40-05:00</time>
</trkpt>
<trkpt lat="-15.492857" lon="-70.127874">
<ele>3828.9</ele>
<time>2026-10-06T14:32:42-05:00</time>
</trkpt>
<trkpt lat="-15.492834" lon="-70.127801">
<ele>3828.7</ele>
<time>2026-10-06T14:32:44-05:00</time>
</trkpt>
<trkpt lat="-15.49282" lon="-70.127729">
<ele>3828.9</ele>
<time>2026-10-06T14:32:46-05:00</time>
</trkpt>
<trkpt lat="-15.492787" lon="-70.127667">
<ele>3827.9</ele>
<time>2026-10-06T14:32:48-05:00</time>
</trkpt>
<trkpt lat="-15.492748" lon="-70.127584">
<ele>3828.4</ele>
<time>2026-10-06T14:32:50-05:00</time>
</trkpt>
<trkpt lat="-15.492734" lon="-70.127494">
<ele>3828.7</ele>
<time>2026-10-06T14:32:52-05:00</time>
</trkpt>
<trkpt lat="-15.492698" lon="-70.127422">
<ele>3827.7</ele>
<time>2026-10-06T14:32:54-05:00</time>
</trkpt>
<trkpt lat="-15.492683" lon="-70.12735">
<ele>3827.9</ele>
<time>2026-10-06T14:32:56-05:00</time>
</trkpt>
<trkpt lat="-15.492661" lon="-70.127268">
<ele>3828.1</ele>
<time>2026-10-06T14:32:58-05:00</time>
</trkpt>
<trkpt lat="-15.492617" lon="-70.127207">
<ele>3828.3</ele>
<time>2026-10-06T14:33:00-05:00</time>
</trkpt>
<trkpt lat="-15.492604" lon="-70.127138">
<ele>3828.3</ele>
<time>2026-10-06T14:33:02-05:00</time>
</trkpt>
<trkpt lat="-15.492569" lon="-70.127084">
<ele>3828.0</ele>
<time>2026-10-06T14:33:04-05:00</time>
</trkpt>
<trkpt lat="-15.492549" lon="-70.127036">
<ele>3828.5</ele>
<time>2026-10-06T14:33:06-05:00</time>
</trkpt>
<trkpt lat="-15.49254" lon="-70.126976">
<ele>3828.0</ele>
<time>2026-10-06T14:33:08-05:00</time>
</trkpt>
<trkpt lat="-15.492517" lon="-70.126931">
<ele>3827.6</ele>
<time>2026-10-06T14:33:10-05:00</time>
</trkpt>
<trkpt lat="-15.492495" lon="-70.12686">
<ele>3827.7</ele>
<time>2026-10-06T14:33:12-05:00</time>
</trkpt>
<trkpt lat="-15.492473" lon="-70.126816">
<ele>3827.8</ele>
<time>2026-10-06T14:33:14-05:00</time>
</trkpt>
<trkpt lat="-15.492449" lon="-70.126755">
<ele>3827.0</ele>
<time>2026-10-06T14:33:16-05:00</time>
</trkpt>
<trkpt lat="-15.492436" lon="-70.126699">
<ele>3827.0</ele>
<time>2026-10-06T14:33:18-05:00</time>
</trkpt>
<trkpt lat="-15.492424" lon="-70.126632">
<ele>3827.0</ele>
<time>2026-10-06T14:33:20-05:00</time>
</trkpt>
<trkpt lat="-15.492399" lon="-70.126572">
<ele>3826.7</ele>
<time>2026-10-06T14:33:22-05:00</time>
</trkpt>
<trkpt lat="-15.492386" lon="-70.12651">
<ele>3826.7</ele>
<time>2026-10-06T14:33:24-05:00</time>
</trkpt>
<trkpt lat="-15.492365" lon="-70.126437">
<ele>3826.6</ele>
<time>2026-10-06T14:33:26-05:00</time>
</trkpt>
<trkpt lat="-15.492344" lon="-70.126388">
<ele>3826.7</ele>
<time>2026-10-06T14:33:28-05:00</time>
</trkpt>
<trkpt lat="-15.492322" lon="-70.126321">
<ele>3826.9</ele>
<time>2026-10-06T14:33:30-05:00</time>
</trkpt>
<trkpt lat="-15.492311" lon="-70.126277">
<ele>3826.4</ele>
<time>2026-10-06T14:33:32-05:00</time>
</trkpt>
<trkpt lat="-15.492287" lon="-70.126203">
<ele>3827.0</ele>
<time>2026-10-06T14:33:34-05:00</time>
</trkpt>
<trkpt lat="-15.492259" lon="-70.126162">
<ele>3825.7</ele>
<time>2026-10-06T14:33:36-05:00</time>
</trkpt>
<trkpt lat="-15.492244" lon="-70.126109">
<ele>3825.2</ele>
<time>2026-10-06T14:33:38-05:00</time>
</trkpt>
<trkpt lat="-15.492232" lon="-70.126037">
<ele>3826.2</ele>
<time>2026-10-06T14:33:40-05:00</time>
</trkpt>
<trkpt lat="-15.492211" lon="-70.12596">
<ele>3826.2</ele>
<time>2026-10-06T14:33:42-05:00</time>
</trkpt>
<trkpt lat="-15.49219" lon="-70.125908">
<ele>3825.6</ele>
<time>2026-10-06T14:33:44-05:00</time>
</trkpt>
<trkpt lat="-15.492157" lon="-70.125836">
<ele>3826.1</ele>
<time>2026-10-06T14:33:46-05:00</time>
</trkpt>
<trkpt lat="-15.492124" lon="-70.125779">
<ele>3826.3</ele>
<time>2026-10-06T14:33:48-05:00</time>
</trkpt>
<trkpt lat="-15.4921" lon="-70.125721">
<ele>3825.8</ele>
<time>2026-10-06T14:33:50-05:00</time>
</trkpt>
<trkpt lat="-15.492085" lon="-70.125639">
<ele>3825.8</ele>
<time>2026-10-06T14:33:52-05:00</time>
</trkpt>
<trkpt lat="-15.492053" lon="-70.125563">
<ele>3825.8</ele>
<time>2026-10-06T14:33:54-05:00</time>
</trkpt>
<trkpt lat="-15.492012" lon="-70.125495">
<ele>3825.9</ele>
<time>2026-10-06T14:33:56-05:00</time>
</trkpt>
<trkpt lat="-15.491976" lon="-70.125428">
<ele>3825.8</ele>
<time>2026-10-06T14:33:58-05:00</time>
</trkpt>
<trkpt lat="-15.49195" lon="-70.125362">
<ele>3826.4</ele>
<time>2026-10-06T14:34:00-05:00</time>
</trkpt>
<trkpt lat="-15.491933" lon="-70.125287">
<ele>3825.9</ele>
<time>2026-10-06T14:34:02-05:00</time>
</trkpt>
<trkpt lat="-15.491894" lon="-70.125212">
<ele>3826.3</ele>
<time>2026-10-06T14:34:04-05:00</time>
</trkpt>
<trkpt lat="-15.491887" lon="-70.125157">
<ele>3826.2</ele>
<time>2026-10-06T14:34:06-05:00</time>
</trkpt>
<trkpt lat="-15.491839" lon="-70.125096">
<ele>3826.1</ele>
<time>2026-10-06T14:34:08-05:00</time>
</trkpt>
<trkpt lat="-15.49184" lon="-70.125029">
<ele>3825.8</ele>
<time>2026-10-06T14:34:10-05:00</time>
</trkpt>
<trkpt lat="-15.491823" lon="-70.124973">
<ele>3826.8</ele>
<time>2026-10-06T14:34:12-05:00</time>
</trkpt>
<trkpt lat="-15.49179" lon="-70.124917">
<ele>3826.0</ele>
<time>2026-10-06T14:34:14-05:00</time>
</trkpt>
<trkpt lat="-15.491761" lon="-70.124857">
<ele>3825.7</ele>
<time>2026-10-06T14:34:16-05:00</time>
</trkpt>
<trkpt lat="-15.491754" lon="-70.124803">
<ele>3825.5</ele>
<time>2026-10-06T14:34:18-05:00</time>
</trkpt>
<trkpt lat="-15.49173" lon="-70.124743">
<ele>3826.9</ele>
<time>2026-10-06T14:34:20-05:00</time>
</trkpt>
<trkpt lat="-15.491707" lon="-70.124681">
<ele>3825.7</ele>
<time>2026-10-06T14:34:22-05:00</time>
</trkpt>
<trkpt lat="-15.491696" lon="-70.12463">
<ele>3826.4</ele>
<time>2026-10-06T14:34:24-05:00</time>
</trkpt>
<trkpt lat="-15.491646" lon="-70.124578">
<ele>3825.9</ele>
<time>2026-10-06T14:34:26-05:00</time>
</trkpt>
<trkpt lat="-15.491636" lon="-70.124517">
<ele>3826.1</ele>
<time>2026-10-06T14:34:28-05:00</time>
</trkpt>
<trkpt lat="-15.491624" lon="-70.124491">
<ele>3826.0</ele>
<time>2026-10-06T14:34:30-05:00</time>
</trkpt>
<trkpt lat="-15.491608" lon="-70.124437">
<ele>3825.9</ele>
<time>2026-10-06T14:34:32-05:00</time>
</trkpt>
<trkpt lat="-15.491595" lon="-70.124378">
<ele>3826.2</ele>
<time>2026-10-06T14:34:34-05:00</time>
</trkpt>
<trkpt lat="-15.491585" lon="-70.124299">
<ele>3825.8</ele>
<time>2026-10-06T14:34:36-05:00</time>
</trkpt>
<trkpt lat="-15.491555" lon="-70.124238">
<ele>3825.2</ele>
<time>2026-10-06T14:34:38-05:00</time>
</trkpt>
<trkpt lat="-15.491553" lon="-70.124179">
<ele>3825.5</ele>
<time>2026-10-06T14:34:40-05:00</time>
</trkpt>
<trkpt lat="-15.491529" lon="-70.124122">
<ele>3825.5</ele>
<time>2026-10-06T14:34:42-05:00</time>
</trkpt>
<trkpt lat="-15.4915" lon="-70.124065">
<ele>3825.5</ele>
<time>2026-10-06T14:34:44-05:00</time>
</trkpt>
<trkpt lat="-15.491467" lon="-70.123984">
<ele>3826.2</ele>
<time>2026-10-06T14:34:46-05:00</time>
</trkpt>
<trkpt lat="-15.491461" lon="-70.123915">
<ele>3826.0</ele>
<time>2026-10-06T14:34:48-05:00</time>
</trkpt>
<trkpt lat="-15.491435" lon="-70.123866">
<ele>3825.8</ele>
<time>2026-10-06T14:34:50-05:00</time>
</trkpt>
<trkpt lat="-15.491421" lon="-70.123787">
<ele>3825.3</ele>
<time>2026-10-06T14:34:52-05:00</time>
</trkpt>
<trkpt lat="-15.491391" lon="-70.123724">
<ele>3825.7</ele>
<time>2026-10-06T14:34:54-05:00</time>
</trkpt>
<trkpt lat="-15.491351" lon="-70.123667">
<ele>3826.6</ele>
<time>2026-10-06T14:34:56-05:00</time>
</trkpt>
<trkpt lat="-15.491319" lon="-70.12361">
<ele>3825.9</ele>
<time>2026-10-06T14:34:58-05:00</time>
</trkpt>
<trkpt lat="-15.491302" lon="-70.123569">
<ele>3825.7</ele>
<time>2026-10-06T14:35:00-05:00</time>
</trkpt>
<trkpt lat="-15.49129" lon="-70.123524">
<ele>3825.2</ele>
<time>2026-10-06T14:35:02-05:00</time>
</trkpt>
<trkpt lat="-15.491277" lon="-70.123452">
<ele>3824.9</ele>
<time>2026-10-06T14:35:04-05:00</time>
</trkpt>
<trkpt lat="-15.491249" lon="-70.123402">
<ele>3824.9</ele>
<time>2026-10-06T14:35:06-05:00</time>
</trkpt>
<trkpt lat="-15.491221" lon="-70.123351">
<ele>3824.7</ele>
<time>2026-10-06T14:35:08-05:00</time>
</trkpt>
<trkpt lat="-15.491193" lon="-70.123293">
<ele>3826.0</ele>
<time>2026-10-06T14:35:10-05:00</time>
</trkpt>
<trkpt lat="-15.491153" lon="-70.123242">
<ele>3825.3</ele>
<time>2026-10-06T14:35:12-05:00</time>
</trkpt>
<trkpt lat="-15.49113" lon="-70.123174">
<ele>3825.0</ele>
<time>2026-10-06T14:35:14-05:00</time>
</trkpt>
<trkpt lat="-15.49111" lon="-70.1231">
<ele>3825.6</ele>
<time>2026-10-06T14:35:16-05:00</time>
</trkpt>
<trkpt lat="-15.49107" lon="-70.123034">
<ele>3826.1</ele>
<time>2026-10-06T14:35:18-05:00</time>
</trkpt>
<trkpt lat="-15.491042" lon="-70.122966">
<ele>3825.2</ele>
<time>2026-10-06T14:35:20-05:00</time>
</trkpt>
<trkpt lat="-15.491022" lon="-70.122921">
<ele>3824.7</ele>
<time>2026-10-06T14:35:22-05:00</time>
</trkpt>
<trkpt lat="-15.490987" lon="-70.122838">
<ele>3825.4</ele>
<time>2026-10-06T14:35:24-05:00</time>
</trkpt>
<trkpt lat="-15.49097" lon="-70.122787">
<ele>3825.7</ele>
<time>2026-10-06T14:35:26-05:00</time>
</trkpt>
<trkpt lat="-15.490949" lon="-70.12272">
<ele>3825.8</ele>
<time>2026-10-06T14:35:28-05:00</time>
</trkpt>
<trkpt lat="-15.490912" lon="-70.122656">
<ele>3825.5</ele>
<time>2026-10-06T14:35:30-05:00</time>
</trkpt>
<trkpt lat="-15.490884" lon="-70.122594">
<ele>3825.8</ele>
<time>2026-10-06T14:35:32-05:00</time>
</trkpt>
<trkpt lat="-15.49086" lon="-70.122527">
<ele>3824.9</ele>
<time>2026-10-06T14:35:34-05:00</time>
</trkpt>
<trkpt lat="-15.490827" lon="-70.122477">
<ele>3825.1</ele>
<time>2026-10-06T14:35:36-05:00</time>
</trkpt>
<trkpt lat="-15.490814" lon="-70.122434">
<ele>3825.3</ele>
<time>2026-10-06T14:35:38-05:00</time>
</trkpt>
<trkpt lat="-15.490813" lon="-70.122395">
<ele>3825.5</ele>
<time>2026-10-06T14:35:40-05:00</time>
</trkpt>
<trkpt lat="-15.490805" lon="-70.12239">
<ele>3825.2</ele>
<time>2026-10-06T14:35:42-05:00</time>
</trkpt>
<trkpt lat="-15.490838" lon="-70.122387">
<ele>3825.2</ele>
<time>2026-10-06T14:35:44-05:00</time>
</trkpt>
<trkpt lat="-15.490898" lon="-70.122369">
<ele>3825.3</ele>
<time>2026-10-06T14:35:46-05:00</time>
</trkpt>
<trkpt lat="-15.490933" lon="-70.122321">
<ele>3826.2</ele>
<time>2026-10-06T14:35:48-05:00</time>
</trkpt>
<trkpt lat="-15.490932" lon="-70.122229">
<ele>3826.6</ele>
<time>2026-10-06T14:35:50-05:00</time>
</trkpt>
<trkpt lat="-15.490922" lon="-70.122157">
<ele>3826.4</ele>
<time>2026-10-06T14:35:52-05:00</time>
</trkpt>
<trkpt lat="-15.490893" lon="-70.12213">
<ele>3826.5</ele>
<time>2026-10-06T14:35:54-05:00</time>
</trkpt>
<trkpt lat="-15.490842" lon="-70.122106">
<ele>3827.1</ele>
<time>2026-10-06T14:35:56-05:00</time>
</trkpt>
<trkpt lat="-15.490757" lon="-70.122103">
<ele>3826.5</ele>
<time>2026-10-06T14:35:58-05:00</time>
</trkpt>
<trkpt lat="-15.490659" lon="-70.122137">
<ele>3825.7</ele>
<time>2026-10-06T14:36:00-05:00</time>
</trkpt>
<trkpt lat="-15.490641" lon="-70.122191">
<ele>3825.7</ele>
<time>2026-10-06T14:36:02-05:00</time>
</trkpt>
<trkpt lat="-15.490592" lon="-70.122193">
<ele>3825.9</ele>
<time>2026-10-06T14:36:04-05:00</time>
</trkpt>
<trkpt lat="-15.490542" lon="-70.122201">
<ele>3825.4</ele>
<time>2026-10-06T14:36:06-05:00</time>
</trkpt>
<trkpt lat="-15.490499" lon="-70.12222">
<ele>3826.7</ele>
<time>2026-10-06T14:36:08-05:00</time>
</trkpt>
<trkpt lat="-15.490426" lon="-70.122248">
<ele>3825.6</ele>
<time>2026-10-06T14:36:10-05:00</time>
</trkpt>
<trkpt lat="-15.490364" lon="-70.122275">
<ele>3825.9</ele>
<time>2026-10-06T14:36:12-05:00</time>
</trkpt>
<trkpt lat="-15.490285" lon="-70.122305">
<ele>3826.3</ele>
<time>2026-10-06T14:36:14-05:00</time>
</trkpt>
<trkpt lat="-15.49022" lon="-70.122312">
<ele>3826.6</ele>
<time>2026-10-06T14:36:16-05:00</time>
</trkpt>
<trkpt lat="-15.490145" lon="-70.12233">
<ele>3826.9</ele>
<time>2026-10-06T14:36:18-05:00</time>
</trkpt>
<trkpt lat="-15.49009" lon="-70.122338">
<ele>3826.4</ele>
<time>2026-10-06T14:36:20-05:00</time>
</trkpt>
<trkpt lat="-15.490027" lon="-70.122361">
<ele>3826.2</ele>
<time>2026-10-06T14:36:22-05:00</time>
</trkpt>
<trkpt lat="-15.489981" lon="-70.122384">
<ele>3827.5</ele>
<time>2026-10-06T14:36:24-05:00</time>
</trkpt>
<trkpt lat="-15.489919" lon="-70.12241">
<ele>3827.1</ele>
<time>2026-10-06T14:36:26-05:00</time>
</trkpt>
<trkpt lat="-15.489867" lon="-70.122429">
<ele>3826.8</ele>
<time>2026-10-06T14:36:28-05:00</time>
</trkpt>
<trkpt lat="-15.489824" lon="-70.122446">
<ele>3827.4</ele>
<time>2026-10-06T14:36:30-05:00</time>
</trkpt>
<trkpt lat="-15.48976" lon="-70.122458">
<ele>3826.6</ele>
<time>2026-10-06T14:36:32-05:00</time>
</trkpt>
<trkpt lat="-15.489703" lon="-70.122485">
<ele>3826.9</ele>
<time>2026-10-06T14:36:34-05:00</time>
</trkpt>
<trkpt lat="-15.489645" lon="-70.122512">
<ele>3827.4</ele>
<time>2026-10-06T14:36:36-05:00</time>
</trkpt>
<trkpt lat="-15.489589" lon="-70.122531">
<ele>3827.5</ele>
<time>2026-10-06T14:36:38-05:00</time>
</trkpt>
<trkpt lat="-15.489546" lon="-70.122554">
<ele>3826.5</ele>
<time>2026-10-06T14:36:40-05:00</time>
</trkpt>
<trkpt lat="-15.489485" lon="-70.122582">
<ele>3826.7</ele>
<time>2026-10-06T14:36:42-05:00</time>
</trkpt>
<trkpt lat="-15.489408" lon="-70.122596">
<ele>3826.7</ele>
<time>2026-10-06T14:36:44-05:00</time>
</trkpt>
<trkpt lat="-15.48936" lon="-70.122618">
<ele>3826.8</ele>
<time>2026-10-06T14:36:46-05:00</time>
</trkpt>
<trkpt lat="-15.489297" lon="-70.12264">
<ele>3826.1</ele>
<time>2026-10-06T14:36:48-05:00</time>
</trkpt>
<trkpt lat="-15.489232" lon="-70.12265">
<ele>3826.3</ele>
<time>2026-10-06T14:36:50-05:00</time>
</trkpt>
<trkpt lat="-15.489186" lon="-70.122675">
<ele>3826.5</ele>
<time>2026-10-06T14:36:52-05:00</time>
</trkpt>
<trkpt lat="-15.48912" lon="-70.122692">
<ele>3826.4</ele>
<time>2026-10-06T14:36:54-05:00</time>
</trkpt>
<trkpt lat="-15.489045" lon="-70.122718">
<ele>3826.1</ele>
<time>2026-10-06T14:36:56-05:00</time>
</trkpt>
<trkpt lat="-15.488976" lon="-70.122746">
<ele>3826.4</ele>
<time>2026-10-06T14:36:58-05:00</time>
</trkpt>
<trkpt lat="-15.488941" lon="-70.122751">
<ele>3826.5</ele>
<time>2026-10-06T14:37:00-05:00</time>
</trkpt>
<trkpt lat="-15.488903" lon="-70.122774">
<ele>3825.9</ele>
<time>2026-10-06T14:37:02-05:00</time>
</trkpt>
<trkpt lat="-15.488842" lon="-70.122807">
<ele>3826.2</ele>
<time>2026-10-06T14:37:04-05:00</time>
</trkpt>
<trkpt lat="-15.488798" lon="-70.122818">
<ele>3826.6</ele>
<time>2026-10-06T14:37:06-05:00</time>
</trkpt>
<trkpt lat="-15.488744" lon="-70.122856">
<ele>3826.7</ele>
<time>2026-10-06T14:37:08-05:00</time>
</trkpt>
<trkpt lat="-15.488697" lon="-70.122858">
<ele>3826.5</ele>
<time>2026-10-06T14:37:10-05:00</time>
</trkpt>
<trkpt lat="-15.488651" lon="-70.122893">
<ele>3826.6</ele>
<time>2026-10-06T14:37:12-05:00</time>
</trkpt>
<trkpt lat="-15.488587" lon="-70.122922">
<ele>3825.7</ele>
<time>2026-10-06T14:37:14-05:00</time>
</trkpt>
<trkpt lat="-15.48854" lon="-70.122954">
<ele>3827.0</ele>
<time>2026-10-06T14:37:16-05:00</time>
</trkpt>
<trkpt lat="-15.488478" lon="-70.122965">
<ele>3826.3</ele>
<time>2026-10-06T14:37:18-05:00</time>
</trkpt>
<trkpt lat="-15.488426" lon="-70.123003">
<ele>3826.6</ele>
<time>2026-10-06T14:37:20-05:00</time>
</trkpt>
<trkpt lat="-15.488366" lon="-70.123018">
<ele>3826.5</ele>
<time>2026-10-06T14:37:22-05:00</time>
</trkpt>
<trkpt lat="-15.488319" lon="-70.123066">
<ele>3825.9</ele>
<time>2026-10-06T14:37:24-05:00</time>
</trkpt>
<trkpt lat="-15.48826" lon="-70.123088">
<ele>3826.2</ele>
<time>2026-10-06T14:37:26-05:00</time>
</trkpt>
<trkpt lat="-15.488202" lon="-70.12311">
<ele>3825.5</ele>
<time>2026-10-06T14:37:28-05:00</time>
</trkpt>
<trkpt lat="-15.488161" lon="-70.123138">
<ele>3826.7</ele>
<time>2026-10-06T14:37:30-05:00</time>
</trkpt>
<trkpt lat="-15.488103" lon="-70.12314">
<ele>3826.4</ele>
<time>2026-10-06T14:37:32-05:00</time>
</trkpt>
<trkpt lat="-15.488048" lon="-70.123161">
<ele>3826.7</ele>
<time>2026-10-06T14:37:34-05:00</time>
</trkpt>
<trkpt lat="-15.487994" lon="-70.123197">
<ele>3826.1</ele>
<time>2026-10-06T14:37:36-05:00</time>
</trkpt>
<trkpt lat="-15.487941" lon="-70.123206">
<ele>3825.7</ele>
<time>2026-10-06T14:37:38-05:00</time>
</trkpt>
<trkpt lat="-15.487852" lon="-70.123223">
<ele>3826.2</ele>
<time>2026-10-06T14:37:40-05:00</time>
</trkpt>
<trkpt lat="-15.48776" lon="-70.123259">
<ele>3826.8</ele>
<time>2026-10-06T14:37:42-05:00</time>
</trkpt>
<trkpt lat="-15.487683" lon="-70.123304">
<ele>3825.9</ele>
<time>2026-10-06T14:37:44-05:00</time>
</trkpt>
<trkpt lat="-15.487589" lon="-70.123351">
<ele>3826.3</ele>
<time>2026-10-06T14:37:46-05:00</time>
</trkpt>
<trkpt lat="-15.487497" lon="-70.123382">
<ele>3826.3</ele>
<time>2026-10-06T14:37:48-05:00</time>
</trkpt>
<trkpt lat="-15.487413" lon="-70.123418">
<ele>3826.6</ele>
<time>2026-10-06T14:37:50-05:00</time>
</trkpt>
<trkpt lat="-15.487344" lon="-70.123449">
<ele>3827.0</ele>
<time>2026-10-06T14:37:52-05:00</time>
</trkpt>
<trkpt lat="-15.487254" lon="-70.123488">
<ele>3826.0</ele>
<time>2026-10-06T14:37:54-05:00</time>
</trkpt>
<trkpt lat="-15.487164" lon="-70.123525">
<ele>3826.0</ele>
<time>2026-10-06T14:37:56-05:00</time>
</trkpt>
<trkpt lat="-15.487091" lon="-70.12356">
<ele>3826.8</ele>
<time>2026-10-06T14:37:58-05:00</time>
</trkpt>
<trkpt lat="-15.487014" lon="-70.123587">
<ele>3827.1</ele>
<time>2026-10-06T14:38:00-05:00</time>
</trkpt>
<trkpt lat="-15.486912" lon="-70.123624">
<ele>3825.7</ele>
<time>2026-10-06T14:38:02-05:00</time>
</trkpt>
<trkpt lat="-15.486826" lon="-70.123653">
<ele>3826.4</ele>
<time>2026-10-06T14:38:04-05:00</time>
</trkpt>
<trkpt lat="-15.486727" lon="-70.123665">
<ele>3826.3</ele>
<time>2026-10-06T14:38:06-05:00</time>
</trkpt>
<trkpt lat="-15.48663" lon="-70.123697">
<ele>3825.5</ele>
<time>2026-10-06T14:38:08-05:00</time>
</trkpt>
<trkpt lat="-15.486524" lon="-70.123729">
<ele>3826.2</ele>
<time>2026-10-06T14:38:10-05:00</time>
</trkpt>
<trkpt lat="-15.486418" lon="-70.123764">
<ele>3826.9</ele>
<time>2026-10-06T14:38:12-05:00</time>
</trkpt>
<trkpt lat="-15.486323" lon="-70.12381">
<ele>3826.2</ele>
<time>2026-10-06T14:38:14-05:00</time>
</trkpt>
<trkpt lat="-15.486232" lon="-70.123847">
<ele>3826.2</ele>
<time>2026-10-06T14:38:16-05:00</time>
</trkpt>
<trkpt lat="-15.48615" lon="-70.123899">
<ele>3826.2</ele>
<time>2026-10-06T14:38:18-05:00</time>
</trkpt>
<trkpt lat="-15.486066" lon="-70.123928">
<ele>3825.8</ele>
<time>2026-10-06T14:38:20-05:00</time>
</trkpt>
<trkpt lat="-15.485956" lon="-70.123967">
<ele>3826.0</ele>
<time>2026-10-06T14:38:22-05:00</time>
</trkpt>
<trkpt lat="-15.485856" lon="-70.124011">
<ele>3826.4</ele>
<time>2026-10-06T14:38:24-05:00</time>
</trkpt>
<trkpt lat="-15.485751" lon="-70.124042">
<ele>3826.1</ele>
<time>2026-10-06T14:38:26-05:00</time>
</trkpt>
<trkpt lat="-15.485627" lon="-70.124091">
<ele>3825.9</ele>
<time>2026-10-06T14:38:28-05:00</time>
</trkpt>
<trkpt lat="-15.485504" lon="-70.124148">
<ele>3826.2</ele>
<time>2026-10-06T14:38:30-05:00</time>
</trkpt>
<trkpt lat="-15.485393" lon="-70.124203">
<ele>3826.5</ele>
<time>2026-10-06T14:38:32-05:00</time>
</trkpt>
<trkpt lat="-15.485291" lon="-70.124239">
<ele>3826.4</ele>
<time>2026-10-06T14:38:34-05:00</time>
</trkpt>
<trkpt lat="-15.485219" lon="-70.124293">
<ele>3826.5</ele>
<time>2026-10-06T14:38:36-05:00</time>
</trkpt>
<trkpt lat="-15.485112" lon="-70.124336">
<ele>3826.1</ele>
<time>2026-10-06T14:38:38-05:00</time>
</trkpt>
<trkpt lat="-15.484977" lon="-70.124366">
<ele>3825.8</ele>
<time>2026-10-06T14:38:40-05:00</time>
</trkpt>
<trkpt lat="-15.484858" lon="-70.124406">
<ele>3825.8</ele>
<time>2026-10-06T14:38:42-05:00</time>
</trkpt>
<trkpt lat="-15.484814" lon="-70.124413">
<ele>3826.3</ele>
<time>2026-10-06T14:38:44-05:00</time>
</trkpt>
<trkpt lat="-15.484773" lon="-70.124369">
<ele>3826.4</ele>
<time>2026-10-06T14:38:46-05:00</time>
</trkpt>
<trkpt lat="-15.484715" lon="-70.124324">
<ele>3826.0</ele>
<time>2026-10-06T14:38:48-05:00</time>
</trkpt>
<trkpt lat="-15.484639" lon="-70.124243">
<ele>3826.5</ele>
<time>2026-10-06T14:38:50-05:00</time>
</trkpt>
<trkpt lat="-15.484542" lon="-70.124151">
<ele>3826.6</ele>
<time>2026-10-06T14:38:52-05:00</time>
</trkpt>
<trkpt lat="-15.484455" lon="-70.124071">
<ele>3825.1</ele>
<time>2026-10-06T14:38:54-05:00</time>
</trkpt>
<trkpt lat="-15.484359" lon="-70.123979">
<ele>3826.1</ele>
<time>2026-10-06T14:38:56-05:00</time>
</trkpt>
<trkpt lat="-15.484289" lon="-70.123886">
<ele>3827.0</ele>
<time>2026-10-06T14:38:58-05:00</time>
</trkpt>
<trkpt lat="-15.484224" lon="-70.123811">
<ele>3827.0</ele>
<time>2026-10-06T14:39:00-05:00</time>
</trkpt>
<trkpt lat="-15.484179" lon="-70.123756">
<ele>3827.3</ele>
<time>2026-10-06T14:39:02-05:00</time>
</trkpt>
<trkpt lat="-15.484161" lon="-70.123713">
<ele>3826.9</ele>
<time>2026-10-06T14:39:04-05:00</time>
</trkpt>
<trkpt lat="-15.484163" lon="-70.12372">
<ele>3826.8</ele>
<time>2026-10-06T14:39:06-05:00</time>
</trkpt>
<trkpt lat="-15.484154" lon="-70.123697">
<ele>3826.7</ele>
<time>2026-10-06T14:39:08-05:00</time>
</trkpt>
<trkpt lat="-15.484148" lon="-70.123682">
<ele>3827.0</ele>
<time>2026-10-06T14:39:10-05:00</time>
</trkpt>
<trkpt lat="-15.484151" lon="-70.123709">
<ele>3827.4</ele>
<time>2026-10-06T14:39:12-05:00</time>
</trkpt>
<trkpt lat="-15.484154" lon="-70.123697">
<ele>3826.5</ele>
<time>2026-10-06T14:39:14-05:00</time>
</trkpt>
<trkpt lat="-15.484161" lon="-70.123698">
<ele>3826.9</ele>
<time>2026-10-06T14:39:16-05:00</time>
</trkpt>
<trkpt lat="-15.484168" lon="-70.123699">
<ele>3827.5</ele>
<time>2026-10-06T14:39:18-05:00</time>
</trkpt>
<trkpt lat="-15.484168" lon="-70.123721">
<ele>3827.2</ele>
<time>2026-10-06T14:39:20-05:00</time>
</trkpt>
<trkpt lat="-15.484174" lon="-70.123742">
<ele>3827.2</ele>
<time>2026-10-06T14:39:22-05:00</time>
</trkpt>
<trkpt lat="-15.484179" lon="-70.123712">
<ele>3827.1</ele>
<time>2026-10-06T14:39:24-05:00</time>
</trkpt>
<trkpt lat="-15.48414" lon="-70.123678">
<ele>3826.5</ele>
<time>2026-10-06T14:39:26-05:00</time>
</trkpt>
<trkpt lat="-15.484075" lon="-70.123651">
<ele>3827.5</ele>
<time>2026-10-06T14:39:28-05:00</time>
</trkpt>
<trkpt lat="-15.483992" lon="-70.123552">
<ele>3827.2</ele>
<time>2026-10-06T14:39:30-05:00</time>
</trkpt>
<trkpt lat="-15.483882" lon="-70.123451">
<ele>3827.0</ele>
<time>2026-10-06T14:39:32-05:00</time>
</trkpt>
<trkpt lat="-15.483807" lon="-70.123371">
<ele>3828.4</ele>
<time>2026-10-06T14:39:34-05:00</time>
</trkpt>
<trkpt lat="-15.483697" lon="-70.123301">
<ele>3827.7</ele>
<time>2026-10-06T14:39:36-05:00</time>
</trkpt>
<trkpt lat="-15.483618" lon="-70.123215">
<ele>3827.1</ele>
<time>2026-10-06T14:39:38-05:00</time>
</trkpt>
<trkpt lat="-15.483551" lon="-70.123128">
<ele>3827.7</ele>
<time>2026-10-06T14:39:40-05:00</time>
</trkpt>
<trkpt lat="-15.48349" lon="-70.123097">
<ele>3827.7</ele>
<time>2026-10-06T14:39:42-05:00</time>
</trkpt>
<trkpt lat="-15.483422" lon="-70.123045">
<ele>3827.1</ele>
<time>2026-10-06T14:39:44-05:00</time>
</trkpt>
<trkpt lat="-15.483333" lon="-70.122972">
<ele>3827.4</ele>
<time>2026-10-06T14:39:46-05:00</time>
</trkpt>
<trkpt lat="-15.48328" lon="-70.122907">
<ele>3827.4</ele>
<time>2026-10-06T14:39:48-05:00</time>
</trkpt>
<trkpt lat="-15.483206" lon="-70.122809">
<ele>3826.9</ele>
<time>2026-10-06T14:39:50-05:00</time>
</trkpt>
<trkpt lat="-15.483131" lon="-70.12273">
<ele>3827.2</ele>
<time>2026-10-06T14:39:52-05:00</time>
</trkpt>
<trkpt lat="-15.483069" lon="-70.122649">
<ele>3827.3</ele>
<time>2026-10-06T14:39:54-05:00</time>
</trkpt>
<trkpt lat="-15.482996" lon="-70.122566">
<ele>3827.3</ele>
<time>2026-10-06T14:39:56-05:00</time>
</trkpt>
<trkpt lat="-15.482919" lon="-70.122502">
<ele>3827.0</ele>
<time>2026-10-06T14:39:58-05:00</time>
</trkpt>
<trkpt lat="-15.48286" lon="-70.122441">
<ele>3826.4</ele>
<time>2026-10-06T14:40:00-05:00</time>
</trkpt>
<trkpt lat="-15.482811" lon="-70.122366">
<ele>3826.8</ele>
<time>2026-10-06T14:40:02-05:00</time>
</trkpt>
<trkpt lat="-15.482752" lon="-70.122322">
<ele>3826.4</ele>
<time>2026-10-06T14:40:04-05:00</time>
</trkpt>
<trkpt lat="-15.482685" lon="-70.122266">
<ele>3827.0</ele>
<time>2026-10-06T14:40:06-05:00</time>
</trkpt>
<trkpt lat="-15.482607" lon="-70.122191">
<ele>3827.2</ele>
<time>2026-10-06T14:40:08-05:00</time>
</trkpt>
<trkpt lat="-15.482574" lon="-70.122123">
<ele>3826.0</ele>
<time>2026-10-06T14:40:10-05:00</time>
</trkpt>
<trkpt lat="-15.482494" lon="-70.122062">
<ele>3826.9</ele>
<time>2026-10-06T14:40:12-05:00</time>
</trkpt>
<trkpt lat="-15.482405" lon="-70.122005">
<ele>3827.0</ele>
<time>2026-10-06T14:40:14-05:00</time>
</trkpt>
<trkpt lat="-15.482333" lon="-70.12193">
<ele>3826.5</ele>
<time>2026-10-06T14:40:16-05:00</time>
</trkpt>
<trkpt lat="-15.482253" lon="-70.121858">
<ele>3826.6</ele>
<time>2026-10-06T14:40:18-05:00</time>
</trkpt>
<trkpt lat="-15.482168" lon="-70.121788">
<ele>3827.0</ele>
<time>2026-10-06T14:40:20-05:00</time>
</trkpt>
<trkpt lat="-15.482092" lon="-70.121706">
<ele>3826.7</ele>
<time>2026-10-06T14:40:22-05:00</time>
</trkpt>
<trkpt lat="-15.482024" lon="-70.121639">
<ele>3826.5</ele>
<time>2026-10-06T14:40:24-05:00</time>
</trkpt>
<trkpt lat="-15.481947" lon="-70.121549">
<ele>3825.8</ele>
<time>2026-10-06T14:40:26-05:00</time>
</trkpt>
<trkpt lat="-15.481882" lon="-70.121502">
<ele>3825.4</ele>
<time>2026-10-06T14:40:28-05:00</time>
</trkpt>
<trkpt lat="-15.481808" lon="-70.121431">
<ele>3825.8</ele>
<time>2026-10-06T14:40:30-05:00</time>
</trkpt>
<trkpt lat="-15.481708" lon="-70.121338">
<ele>3825.6</ele>
<time>2026-10-06T14:40:32-05:00</time>
</trkpt>
<trkpt lat="-15.481599" lon="-70.121225">
<ele>3825.9</ele>
<time>2026-10-06T14:40:34-05:00</time>
</trkpt>
<trkpt lat="-15.48151" lon="-70.121134">
<ele>3825.4</ele>
<time>2026-10-06T14:40:36-05:00</time>
</trkpt>
<trkpt lat="-15.481411" lon="-70.121037">
<ele>3825.5</ele>
<time>2026-10-06T14:40:38-05:00</time>
</trkpt>
<trkpt lat="-15.481321" lon="-70.120959">
<ele>3825.8</ele>
<time>2026-10-06T14:40:40-05:00</time>
</trkpt>
<trkpt lat="-15.481313" lon="-70.12088">
<ele>3825.5</ele>
<time>2026-10-06T14:40:42-05:00</time>
</trkpt>
<trkpt lat="-15.481308" lon="-70.120877">
<ele>3826.7</ele>
<time>2026-10-06T14:40:44-05:00</time>
</trkpt>
<trkpt lat="-15.481321" lon="-70.120871">
<ele>3825.9</ele>
<time>2026-10-06T14:40:46-05:00</time>
</trkpt>
<trkpt lat="-15.481318" lon="-70.120866">
<ele>3825.3</ele>
<time>2026-10-06T14:40:48-05:00</time>
</trkpt>
<trkpt lat="-15.481322" lon="-70.120867">
<ele>3826.4</ele>
<time>2026-10-06T14:40:50-05:00</time>
</trkpt>
<trkpt lat="-15.481318" lon="-70.120871">
<ele>3825.4</ele>
<time>2026-10-06T14:40:52-05:00</time>
</trkpt>
<trkpt lat="-15.481306" lon="-70.120882">
<ele>3825.0</ele>
<time>2026-10-06T14:40:54-05:00</time>
</trkpt>
<trkpt lat="-15.48133" lon="-70.120883">
<ele>3826.1</ele>
<time>2026-10-06T14:40:56-05:00</time>
</trkpt>
<trkpt lat="-15.48135" lon="-70.120886">
<ele>3825.0</ele>
<time>2026-10-06T14:40:58-05:00</time>
</trkpt>
<trkpt lat="-15.481329" lon="-70.120854">
<ele>3824.7</ele>
<time>2026-10-06T14:41:00-05:00</time>
</trkpt>
<trkpt lat="-15.481237" lon="-70.120791">
<ele>3825.7</ele>
<time>2026-10-06T14:41:02-05:00</time>
</trkpt>
<trkpt lat="-15.48113" lon="-70.120678">
<ele>3826.2</ele>
<time>2026-10-06T14:41:04-05:00</time>
</trkpt>
<trkpt lat="-15.481067" lon="-70.12061">
<ele>3825.5</ele>
<time>2026-10-06T14:41:06-05:00</time>
</trkpt>
<trkpt lat="-15.481044" lon="-70.120589">
<ele>3825.2</ele>
<time>2026-10-06T14:41:08-05:00</time>
</trkpt>
<trkpt lat="-15.481063" lon="-70.12059">
<ele>3825.2</ele>
<time>2026-10-06T14:41:10-05:00</time>
</trkpt>
<trkpt lat="-15.481053" lon="-70.120584">
<ele>3825.2</ele>
<time>2026-10-06T14:41:12-05:00</time>
</trkpt>
<trkpt lat="-15.481057" lon="-70.120567">
<ele>3825.3</ele>
<time>2026-10-06T14:41:14-05:00</time>
</trkpt>
<trkpt lat="-15.481023" lon="-70.12055">
<ele>3826.0</ele>
<time>2026-10-06T14:41:16-05:00</time>
</trkpt>
<trkpt lat="-15.480949" lon="-70.120507">
<ele>3824.9</ele>
<time>2026-10-06T14:41:18-05:00</time>
</trkpt>
<trkpt lat="-15.480863" lon="-70.120421">
<ele>3825.6</ele>
<time>2026-10-06T14:41:20-05:00</time>
</trkpt>
<trkpt lat="-15.480741" lon="-70.12029">
<ele>3825.7</ele>
<time>2026-10-06T14:41:22-05:00</time>
</trkpt>
<trkpt lat="-15.48063" lon="-70.120183">
<ele>3825.7</ele>
<time>2026-10-06T14:41:24-05:00</time>
</trkpt>
<trkpt lat="-15.480535" lon="-70.120098">
<ele>3825.7</ele>
<time>2026-10-06T14:41:26-05:00</time>
</trkpt>
<trkpt lat="-15.480439" lon="-70.120001">
<ele>3825.7</ele>
<time>2026-10-06T14:41:28-05:00</time>
</trkpt>
<trkpt lat="-15.480328" lon="-70.119929">
<ele>3826.3</ele>
<time>2026-10-06T14:41:30-05:00</time>
</trkpt>
<trkpt lat="-15.480255" lon="-70.119847">
<ele>3826.7</ele>
<time>2026-10-06T14:41:32-05:00</time>
</trkpt>
<trkpt lat="-15.480178" lon="-70.119757">
<ele>3826.5</ele>
<time>2026-10-06T14:41:34-05:00</time>
</trkpt>
<trkpt lat="-15.480087" lon="-70.119668">
<ele>3826.3</ele>
<time>2026-10-06T14:41:36-05:00</time>
</trkpt>
<trkpt lat="-15.48002" lon="-70.119601">
<ele>3827.1</ele>
<time>2026-10-06T14:41:38-05:00</time>
</trkpt>
<trkpt lat="-15.479941" lon="-70.119536">
<ele>3827.7</ele>
<time>2026-10-06T14:41:40-05:00</time>
</trkpt>
<trkpt lat="-15.479853" lon="-70.119465">
<ele>3828.4</ele>
<time>2026-10-06T14:41:42-05:00</time>
</trkpt>
<trkpt lat="-15.479778" lon="-70.119381">
<ele>3828.0</ele>
<time>2026-10-06T14:41:44-05:00</time>
</trkpt>
<trkpt lat="-15.479704" lon="-70.119314">
<ele>3828.7</ele>
<time>2026-10-06T14:41:46-05:00</time>
</trkpt>
<trkpt lat="-15.479638" lon="-70.119241">
<ele>3828.7</ele>
<time>2026-10-06T14:41:48-05:00</time>
</trkpt>
<trkpt lat="-15.479566" lon="-70.119169">
<ele>3827.4</ele>
<time>2026-10-06T14:41:50-05:00</time>
</trkpt>
<trkpt lat="-15.479504" lon="-70.119092">
<ele>3827.3</ele>
<time>2026-10-06T14:41:52-05:00</time>
</trkpt>
<trkpt lat="-15.479442" lon="-70.119038">
<ele>3827.4</ele>
<time>2026-10-06T14:41:54-05:00</time>
</trkpt>
<trkpt lat="-15.479361" lon="-70.11897">
<ele>3826.7</ele>
<time>2026-10-06T14:41:56-05:00</time>
</trkpt>
<trkpt lat="-15.479299" lon="-70.118889">
<ele>3826.6</ele>
<time>2026-10-06T14:41:58-05:00</time>
</trkpt>
<trkpt lat="-15.479216" lon="-70.118802">
<ele>3826.5</ele>
<time>2026-10-06T14:42:00-05:00</time>
</trkpt>
<trkpt lat="-15.479144" lon="-70.118715">
<ele>3826.9</ele>
<time>2026-10-06T14:42:02-05:00</time>
</trkpt>
<trkpt lat="-15.479053" lon="-70.11863">
<ele>3826.1</ele>
<time>2026-10-06T14:42:04-05:00</time>
</trkpt>
<trkpt lat="-15.478974" lon="-70.118552">
<ele>3826.6</ele>
<time>2026-10-06T14:42:06-05:00</time>
</trkpt>
<trkpt lat="-15.478908" lon="-70.11844">
<ele>3826.9</ele>
<time>2026-10-06T14:42:08-05:00</time>
</trkpt>
<trkpt lat="-15.478808" lon="-70.118337">
<ele>3826.8</ele>
<time>2026-10-06T14:42:10-05:00</time>
</trkpt>
<trkpt lat="-15.478714" lon="-70.118257">
<ele>3825.8</ele>
<time>2026-10-06T14:42:12-05:00</time>
</trkpt>
<trkpt lat="-15.478637" lon="-70.118168">
<ele>3825.9</ele>
<time>2026-10-06T14:42:14-05:00</time>
</trkpt>
<trkpt lat="-15.478573" lon="-70.118104">
<ele>3826.0</ele>
<time>2026-10-06T14:42:16-05:00</time>
</trkpt>
<trkpt lat="-15.478512" lon="-70.118062">
<ele>3825.9</ele>
<time>2026-10-06T14:42:18-05:00</time>
</trkpt>
<trkpt lat="-15.478445" lon="-70.117995">
<ele>3825.8</ele>
<time>2026-10-06T14:42:20-05:00</time>
</trkpt>
<trkpt lat="-15.478359" lon="-70.117923">
<ele>3825.9</ele>
<time>2026-10-06T14:42:22-05:00</time>
</trkpt>
<trkpt lat="-15.478295" lon="-70.117857">
<ele>3825.8</ele>
<time>2026-10-06T14:42:24-05:00</time>
</trkpt>
<trkpt lat="-15.478208" lon="-70.117782">
<ele>3825.4</ele>
<time>2026-10-06T14:42:26-05:00</time>
</trkpt>
<trkpt lat="-15.478161" lon="-70.1177">
<ele>3826.3</ele>
<time>2026-10-06T14:42:28-05:00</time>
</trkpt>
<trkpt lat="-15.478093" lon="-70.117636">
<ele>3825.3</ele>
<time>2026-10-06T14:42:30-05:00</time>
</trkpt>
<trkpt lat="-15.478031" lon="-70.117591">
<ele>3825.6</ele>
<time>2026-10-06T14:42:32-05:00</time>
</trkpt>
<trkpt lat="-15.477946" lon="-70.117502">
<ele>3825.7</ele>
<time>2026-10-06T14:42:34-05:00</time>
</trkpt>
<trkpt lat="-15.477872" lon="-70.117428">
<ele>3826.2</ele>
<time>2026-10-06T14:42:36-05:00</time>
</trkpt>
<trkpt lat="-15.477815" lon="-70.117365">
<ele>3826.6</ele>
<time>2026-10-06T14:42:38-05:00</time>
</trkpt>
<trkpt lat="-15.477748" lon="-70.117303">
<ele>3826.3</ele>
<time>2026-10-06T14:42:40-05:00</time>
</trkpt>
<trkpt lat="-15.477661" lon="-70.11724">
<ele>3826.1</ele>
<time>2026-10-06T14:42:42-05:00</time>
</trkpt>
<trkpt lat="-15.477595" lon="-70.117173">
<ele>3826.5</ele>
<time>2026-10-06T14:42:44-05:00</time>
</trkpt>
<trkpt lat="-15.477535" lon="-70.117107">
<ele>3826.1</ele>
<time>2026-10-06T14:42:46-05:00</time>
</trkpt>
<trkpt lat="-15.477482" lon="-70.117042">
<ele>3825.9</ele>
<time>2026-10-06T14:42:48-05:00</time>
</trkpt>
<trkpt lat="-15.477429" lon="-70.116976">
<ele>3825.8</ele>
<time>2026-10-06T14:42:50-05:00</time>
</trkpt>
<trkpt lat="-15.477361" lon="-70.11691">
<ele>3826.1</ele>
<time>2026-10-06T14:42:52-05:00</time>
</trkpt>
<trkpt lat="-15.477291" lon="-70.116845">
<ele>3826.6</ele>
<time>2026-10-06T14:42:54-05:00</time>
</trkpt>
<trkpt lat="-15.477188" lon="-70.11676">
<ele>3826.6</ele>
<time>2026-10-06T14:42:56-05:00</time>
</trkpt>
<trkpt lat="-15.477102" lon="-70.116697">
<ele>3826.1</ele>
<time>2026-10-06T14:42:58-05:00</time>
</trkpt>
<trkpt lat="-15.477033" lon="-70.116624">
<ele>3826.6</ele>
<time>2026-10-06T14:43:00-05:00</time>
</trkpt>
<trkpt lat="-15.476953" lon="-70.116536">
<ele>3826.3</ele>
<time>2026-10-06T14:43:02-05:00</time>
</trkpt>
<trkpt lat="-15.476886" lon="-70.116455">
<ele>3826.6</ele>
<time>2026-10-06T14:43:04-05:00</time>
</trkpt>
<trkpt lat="-15.476806" lon="-70.11637">
<ele>3826.6</ele>
<time>2026-10-06T14:43:06-05:00</time>
</trkpt>
<trkpt lat="-15.476725" lon="-70.116308">
<ele>3826.0</ele>
<time>2026-10-06T14:43:08-05:00</time>
</trkpt>
<trkpt lat="-15.476645" lon="-70.116244">
<ele>3826.4</ele>
<time>2026-10-06T14:43:10-05:00</time>
</trkpt>
<trkpt lat="-15.476567" lon="-70.116169">
<ele>3826.3</ele>
<time>2026-10-06T14:43:12-05:00</time>
</trkpt>
<trkpt lat="-15.476498" lon="-70.11613">
<ele>3825.7</ele>
<time>2026-10-06T14:43:14-05:00</time>
</trkpt>
<trkpt lat="-15.476421" lon="-70.116037">
<ele>3825.5</ele>
<time>2026-10-06T14:43:16-05:00</time>
</trkpt>
<trkpt lat="-15.47637" lon="-70.115979">
<ele>3825.4</ele>
<time>2026-10-06T14:43:18-05:00</time>
</trkpt>
<trkpt lat="-15.476307" lon="-70.115928">
<ele>3826.1</ele>
<time>2026-10-06T14:43:20-05:00</time>
</trkpt>
<trkpt lat="-15.47625" lon="-70.115855">
<ele>3826.3</ele>
<time>2026-10-06T14:43:22-05:00</time>
</trkpt>
<trkpt lat="-15.476191" lon="-70.115784">
<ele>3825.4</ele>
<time>2026-10-06T14:43:24-05:00</time>
</trkpt>
<trkpt lat="-15.476113" lon="-70.115707">
<ele>3825.4</ele>
<time>2026-10-06T14:43:26-05:00</time>
</trkpt>
<trkpt lat="-15.476026" lon="-70.115636">
<ele>3825.8</ele>
<time>2026-10-06T14:43:28-05:00</time>
</trkpt>
<trkpt lat="-15.475941" lon="-70.115537">
<ele>3825.9</ele>
<time>2026-10-06T14:43:30-05:00</time>
</trkpt>
<trkpt lat="-15.475873" lon="-70.115452">
<ele>3825.7</ele>
<time>2026-10-06T14:43:32-05:00</time>
</trkpt>
<trkpt lat="-15.475786" lon="-70.115378">
<ele>3825.8</ele>
<time>2026-10-06T14:43:34-05:00</time>
</trkpt>
<trkpt lat="-15.475712" lon="-70.115308">
<ele>3825.9</ele>
<time>2026-10-06T14:43:36-05:00</time>
</trkpt>
<trkpt lat="-15.47563" lon="-70.115224">
<ele>3825.9</ele>
<time>2026-10-06T14:43:38-05:00</time>
</trkpt>
<trkpt lat="-15.475562" lon="-70.115153">
<ele>3826.1</ele>
<time>2026-10-06T14:43:40-05:00</time>
</trkpt>
<trkpt lat="-15.475499" lon="-70.115084">
<ele>3825.7</ele>
<time>2026-10-06T14:43:42-05:00</time>
</trkpt>
<trkpt lat="-15.475444" lon="-70.115033">
<ele>3825.3</ele>
<time>2026-10-06T14:43:44-05:00</time>
</trkpt>
<trkpt lat="-15.475388" lon="-70.114955">
<ele>3825.9</ele>
<time>2026-10-06T14:43:46-05:00</time>
</trkpt>
<trkpt lat="-15.475327" lon="-70.114892">
<ele>3825.7</ele>
<time>2026-10-06T14:43:48-05:00</time>
</trkpt>
<trkpt lat="-15.475261" lon="-70.114805">
<ele>3825.4</ele>
<time>2026-10-06T14:43:50-05:00</time>
</trkpt>
<trkpt lat="-15.475199" lon="-70.114736">
<ele>3825.9</ele>
<time>2026-10-06T14:43:52-05:00</time>
</trkpt>
<trkpt lat="-15.475124" lon="-70.114655">
<ele>3826.0</ele>
<time>2026-10-06T14:43:54-05:00</time>
</trkpt>
<trkpt lat="-15.475051" lon="-70.114596">
<ele>3825.9</ele>
<time>2026-10-06T14:43:56-05:00</time>
</trkpt>
<trkpt lat="-15.475006" lon="-70.114543">
<ele>3825.7</ele>
<time>2026-10-06T14:43:58-05:00</time>
</trkpt>
<trkpt lat="-15.474948" lon="-70.114489">
<ele>3826.3</ele>
<time>2026-10-06T14:44:00-05:00</time>
</trkpt>
<trkpt lat="-15.474882" lon="-70.114448">
<ele>3826.3</ele>
<time>2026-10-06T14:44:02-05:00</time>
</trkpt>
<trkpt lat="-15.474808" lon="-70.114372">
<ele>3825.9</ele>
<time>2026-10-06T14:44:04-05:00</time>
</trkpt>
<trkpt lat="-15.474742" lon="-70.114309">
<ele>3826.1</ele>
<time>2026-10-06T14:44:06-05:00</time>
</trkpt>
<trkpt lat="-15.474665" lon="-70.114254">
<ele>3826.0</ele>
<time>2026-10-06T14:44:08-05:00</time>
</trkpt>
<trkpt lat="-15.474591" lon="-70.114202">
<ele>3826.7</ele>
<time>2026-10-06T14:44:10-05:00</time>
</trkpt>
<trkpt lat="-15.47453" lon="-70.114142">
<ele>3826.5</ele>
<time>2026-10-06T14:44:12-05:00</time>
</trkpt>
<trkpt lat="-15.474481" lon="-70.114089">
<ele>3826.7</ele>
<time>2026-10-06T14:44:14-05:00</time>
</trkpt>
<trkpt lat="-15.474407" lon="-70.11401">
<ele>3826.9</ele>
<time>2026-10-06T14:44:16-05:00</time>
</trkpt>
<trkpt lat="-15.474335" lon="-70.113951">
<ele>3826.9</ele>
<time>2026-10-06T14:44:18-05:00</time>
</trkpt>
<trkpt lat="-15.474254" lon="-70.113887">
<ele>3826.3</ele>
<time>2026-10-06T14:44:20-05:00</time>
</trkpt>
<trkpt lat="-15.474182" lon="-70.113822">
<ele>3826.5</ele>
<time>2026-10-06T14:44:22-05:00</time>
</trkpt>
<trkpt lat="-15.474098" lon="-70.113739">
<ele>3825.8</ele>
<time>2026-10-06T14:44:24-05:00</time>
</trkpt>
<trkpt lat="-15.474029" lon="-70.113687">
<ele>3825.8</ele>
<time>2026-10-06T14:44:26-05:00</time>
</trkpt>
<trkpt lat="-15.473956" lon="-70.113625">
<ele>3826.6</ele>
<time>2026-10-06T14:44:28-05:00</time>
</trkpt>
<trkpt lat="-15.473903" lon="-70.113546">
<ele>3825.1</ele>
<time>2026-10-06T14:44:30-05:00</time>
</trkpt>
<trkpt lat="-15.473832" lon="-70.113466">
<ele>3825.3</ele>
<time>2026-10-06T14:44:32-05:00</time>
</trkpt>
<trkpt lat="-15.473724" lon="-70.113362">
<ele>3825.6</ele>
<time>2026-10-06T14:44:34-05:00</time>
</trkpt>
<trkpt lat="-15.473619" lon="-70.113251">
<ele>3825.5</ele>
<time>2026-10-06T14:44:36-05:00</time>
</trkpt>
<trkpt lat="-15.473567" lon="-70.113162">
<ele>3825.7</ele>
<time>2026-10-06T14:44:38-05:00</time>
</trkpt>
<trkpt lat="-15.473553" lon="-70.113157">
<ele>3825.2</ele>
<time>2026-10-06T14:44:40-05:00</time>
</trkpt>
<trkpt lat="-15.473552" lon="-70.113151">
<ele>3825.8</ele>
<time>2026-10-06T14:44:42-05:00</time>
</trkpt>
<trkpt lat="-15.47356" lon="-70.113144">
<ele>3825.5</ele>
<time>2026-10-06T14:44:44-05:00</time>
</trkpt>
<trkpt lat="-15.473565" lon="-70.113149">
<ele>3825.6</ele>
<time>2026-10-06T14:44:46-05:00</time>
</trkpt>
<trkpt lat="-15.473546" lon="-70.113156">
<ele>3826.3</ele>
<time>2026-10-06T14:44:48-05:00</time>
</trkpt>
<trkpt lat="-15.473544" lon="-70.113142">
<ele>3826.0</ele>
<time>2026-10-06T14:44:50-05:00</time>
</trkpt>
<trkpt lat="-15.473551" lon="-70.113136">
<ele>3825.6</ele>
<time>2026-10-06T14:44:52-05:00</time>
</trkpt>
<trkpt lat="-15.473503" lon="-70.113119">
<ele>3826.1</ele>
<time>2026-10-06T14:44:54-05:00</time>
</trkpt>
<trkpt lat="-15.473408" lon="-70.113039">
<ele>3826.3</ele>
<time>2026-10-06T14:44:56-05:00</time>
</trkpt>
<trkpt lat="-15.473301" lon="-70.11292">
<ele>3825.2</ele>
<time>2026-10-06T14:44:58-05:00</time>
</trkpt>
<trkpt lat="-15.473205" lon="-70.11281">
<ele>3825.1</ele>
<time>2026-10-06T14:45:00-05:00</time>
</trkpt>
<trkpt lat="-15.473116" lon="-70.112738">
<ele>3825.4</ele>
<time>2026-10-06T14:45:02-05:00</time>
</trkpt>
<trkpt lat="-15.473027" lon="-70.112663">
<ele>3825.7</ele>
<time>2026-10-06T14:45:04-05:00</time>
</trkpt>
<trkpt lat="-15.472936" lon="-70.1126">
<ele>3825.9</ele>
<time>2026-10-06T14:45:06-05:00</time>
</trkpt>
<trkpt lat="-15.472846" lon="-70.1125">
<ele>3825.7</ele>
<time>2026-10-06T14:45:08-05:00</time>
</trkpt>
<trkpt lat="-15.47276" lon="-70.112418">
<ele>3826.2</ele>
<time>2026-10-06T14:45:10-05:00</time>
</trkpt>
<trkpt lat="-15.472681" lon="-70.112304">
<ele>3826.6</ele>
<time>2026-10-06T14:45:12-05:00</time>
</trkpt>
<trkpt lat="-15.472604" lon="-70.112197">
<ele>3825.6</ele>
<time>2026-10-06T14:45:14-05:00</time>
</trkpt>
<trkpt lat="-15.472537" lon="-70.112125">
<ele>3825.8</ele>
<time>2026-10-06T14:45:16-05:00</time>
</trkpt>
<trkpt lat="-15.472472" lon="-70.112062">
<ele>3826.0</ele>
<time>2026-10-06T14:45:18-05:00</time>
</trkpt>
<trkpt lat="-15.472384" lon="-70.111999">
<ele>3826.1</ele>
<time>2026-10-06T14:45:20-05:00</time>
</trkpt>
<trkpt lat="-15.472313" lon="-70.111932">
<ele>3826.3</ele>
<time>2026-10-06T14:45:22-05:00</time>
</trkpt>
<trkpt lat="-15.472234" lon="-70.111883">
<ele>3825.8</ele>
<time>2026-10-06T14:45:24-05:00</time>
</trkpt>
<trkpt lat="-15.472135" lon="-70.111839">
<ele>3825.4</ele>
<time>2026-10-06T14:45:26-05:00</time>
</trkpt>
<trkpt lat="-15.472052" lon="-70.111781">
<ele>3825.9</ele>
<time>2026-10-06T14:45:28-05:00</time>
</trkpt>
<trkpt lat="-15.471955" lon="-70.111723">
<ele>3825.8</ele>
<time>2026-10-06T14:45:30-05:00</time>
</trkpt>
<trkpt lat="-15.47188" lon="-70.111667">
<ele>3825.6</ele>
<time>2026-10-06T14:45:32-05:00</time>
</trkpt>
<trkpt lat="-15.471796" lon="-70.111615">
<ele>3825.6</ele>
<time>2026-10-06T14:45:34-05:00</time>
</trkpt>
<trkpt lat="-15.471702" lon="-70.111556">
<ele>3825.1</ele>
<time>2026-10-06T14:45:36-05:00</time>
</trkpt>
<trkpt lat="-15.471636" lon="-70.111501">
<ele>3825.2</ele>
<time>2026-10-06T14:45:38-05:00</time>
</trkpt>
<trkpt lat="-15.471544" lon="-70.111463">
<ele>3824.4</ele>
<time>2026-10-06T14:45:40-05:00</time>
</trkpt>
<trkpt lat="-15.471457" lon="-70.111401">
<ele>3824.5</ele>
<time>2026-10-06T14:45:42-05:00</time>
</trkpt>
<trkpt lat="-15.471384" lon="-70.111354">
<ele>3824.9</ele>
<time>2026-10-06T14:45:44-05:00</time>
</trkpt>
<trkpt lat="-15.47129" lon="-70.111312">
<ele>3824.4</ele>
<time>2026-10-06T14:45:46-05:00</time>
</trkpt>
<trkpt lat="-15.471194" lon="-70.111259">
<ele>3825.0</ele>
<time>2026-10-06T14:45:48-05:00</time>
</trkpt>
<trkpt lat="-15.471124" lon="-70.1112">
<ele>3825.5</ele>
<time>2026-10-06T14:45:50-05:00</time>
</trkpt>
<trkpt lat="-15.471047" lon="-70.111151">
<ele>3824.9</ele>
<time>2026-10-06T14:45:52-05:00</time>
</trkpt>
<trkpt lat="-15.470952" lon="-70.111115">
<ele>3825.1</ele>
<time>2026-10-06T14:45:54-05:00</time>
</trkpt>
<trkpt lat="-15.470868" lon="-70.11106">
<ele>3824.8</ele>
<time>2026-10-06T14:45:56-05:00</time>
</trkpt>
<trkpt lat="-15.470811" lon="-70.111024">
<ele>3825.2</ele>
<time>2026-10-06T14:45:58-05:00</time>
</trkpt>
<trkpt lat="-15.47072" lon="-70.110961">
<ele>3825.4</ele>
<time>2026-10-06T14:46:00-05:00</time>
</trkpt>
<trkpt lat="-15.470609" lon="-70.1109">
<ele>3825.9</ele>
<time>2026-10-06T14:46:02-05:00</time>
</trkpt>
<trkpt lat="-15.470485" lon="-70.110845">
<ele>3826.1</ele>
<time>2026-10-06T14:46:04-05:00</time>
</trkpt>
<trkpt lat="-15.470412" lon="-70.110791">
<ele>3826.2</ele>
<time>2026-10-06T14:46:06-05:00</time>
</trkpt>
<trkpt lat="-15.470371" lon="-70.110753">
<ele>3825.8</ele>
<time>2026-10-06T14:46:08-05:00</time>
</trkpt>
<trkpt lat="-15.470365" lon="-70.110749">
<ele>3826.1</ele>
<time>2026-10-06T14:46:10-05:00</time>
</trkpt>
<trkpt lat="-15.47038" lon="-70.11075">
<ele>3825.7</ele>
<time>2026-10-06T14:46:12-05:00</time>
</trkpt>
<trkpt lat="-15.470363" lon="-70.110753">
<ele>3825.7</ele>
<time>2026-10-06T14:46:14-05:00</time>
</trkpt>
<trkpt lat="-15.470367" lon="-70.110739">
<ele>3826.4</ele>
<time>2026-10-06T14:46:16-05:00</time>
</trkpt>
<trkpt lat="-15.470381" lon="-70.110746">
<ele>3826.1</ele>
<time>2026-10-06T14:46:18-05:00</time>
</trkpt>
<trkpt lat="-15.470379" lon="-70.110745">
<ele>3825.8</ele>
<time>2026-10-06T14:46:20-05:00</time>
</trkpt>
<trkpt lat="-15.470387" lon="-70.110747">
<ele>3825.3</ele>
<time>2026-10-06T14:46:22-05:00</time>
</trkpt>
<trkpt lat="-15.470375" lon="-70.110749">
<ele>3825.4</ele>
<time>2026-10-06T14:46:24-05:00</time>
</trkpt>
<trkpt lat="-15.470367" lon="-70.110748">
<ele>3826.2</ele>
<time>2026-10-06T14:46:26-05:00</time>
</trkpt>
<trkpt lat="-15.470379" lon="-70.110732">
<ele>3826.0</ele>
<time>2026-10-06T14:46:28-05:00</time>
</trkpt>
<trkpt lat="-15.470338" lon="-70.110725">
<ele>3826.0</ele>
<time>2026-10-06T14:46:30-05:00</time>
</trkpt>
<trkpt lat="-15.47019" lon="-70.110786">
<ele>3824.5</ele>
<time>2026-10-06T14:46:32-05:00</time>
</trkpt>
<trkpt lat="-15.470086" lon="-70.110888">
<ele>3825.4</ele>
<time>2026-10-06T14:46:34-05:00</time>
</trkpt>
<trkpt lat="-15.470016" lon="-70.110947">
<ele>3824.6</ele>
<time>2026-10-06T14:46:36-05:00</time>
</trkpt>
<trkpt lat="-15.469946" lon="-70.111054">
<ele>3824.4</ele>
<time>2026-10-06T14:46:38-05:00</time>
</trkpt>
<trkpt lat="-15.469863" lon="-70.111126">
<ele>3825.2</ele>
<time>2026-10-06T14:46:40-05:00</time>
</trkpt>
<trkpt lat="-15.469799" lon="-70.111203">
<ele>3824.9</ele>
<time>2026-10-06T14:46:42-05:00</time>
</trkpt>
<trkpt lat="-15.469727" lon="-70.111297">
<ele>3824.8</ele>
<time>2026-10-06T14:46:44-05:00</time>
</trkpt>
<trkpt lat="-15.469647" lon="-70.111399">
<ele>3825.4</ele>
<time>2026-10-06T14:46:46-05:00</time>
</trkpt>
<trkpt lat="-15.469569" lon="-70.111472">
<ele>3825.6</ele>
<time>2026-10-06T14:46:48-05:00</time>
</trkpt>
<trkpt lat="-15.4695" lon="-70.111545">
<ele>3824.6</ele>
<time>2026-10-06T14:46:50-05:00</time>
</trkpt>
<trkpt lat="-15.469428" lon="-70.111635">
<ele>3824.7</ele>
<time>2026-10-06T14:46:52-05:00</time>
</trkpt>
<trkpt lat="-15.469356" lon="-70.111734">
<ele>3825.8</ele>
<time>2026-10-06T14:46:54-05:00</time>
</trkpt>
<trkpt lat="-15.469275" lon="-70.111826">
<ele>3825.6</ele>
<time>2026-10-06T14:46:56-05:00</time>
</trkpt>
<trkpt lat="-15.469195" lon="-70.111896">
<ele>3825.3</ele>
<time>2026-10-06T14:46:58-05:00</time>
</trkpt>
<trkpt lat="-15.46913" lon="-70.111955">
<ele>3825.5</ele>
<time>2026-10-06T14:47:00-05:00</time>
</trkpt>
<trkpt lat="-15.469043" lon="-70.112026">
<ele>3825.1</ele>
<time>2026-10-06T14:47:02-05:00</time>
</trkpt>
<trkpt lat="-15.468993" lon="-70.1121">
<ele>3825.2</ele>
<time>2026-10-06T14:47:04-05:00</time>
</trkpt>
<trkpt lat="-15.468922" lon="-70.112167">
<ele>3825.5</ele>
<time>2026-10-06T14:47:06-05:00</time>
</trkpt>
<trkpt lat="-15.468869" lon="-70.112231">
<ele>3825.6</ele>
<time>2026-10-06T14:47:08-05:00</time>
</trkpt>
<trkpt lat="-15.468805" lon="-70.112302">
<ele>3826.1</ele>
<time>2026-10-06T14:47:10-05:00</time>
</trkpt>
<trkpt lat="-15.468734" lon="-70.112398">
<ele>3825.6</ele>
<time>2026-10-06T14:47:12-05:00</time>
</trkpt>
<trkpt lat="-15.468664" lon="-70.112479">
<ele>3825.8</ele>
<time>2026-10-06T14:47:14-05:00</time>
</trkpt>
<trkpt lat="-15.468582" lon="-70.112561">
<ele>3825.9</ele>
<time>2026-10-06T14:47:16-05:00</time>
</trkpt>
<trkpt lat="-15.468501" lon="-70.112678">
<ele>3825.8</ele>
<time>2026-10-06T14:47:18-05:00</time>
</trkpt>
<trkpt lat="-15.468416" lon="-70.112747">
<ele>3826.2</ele>
<time>2026-10-06T14:47:20-05:00</time>
</trkpt>
<trkpt lat="-15.468385" lon="-70.112796">
<ele>3826.5</ele>
<time>2026-10-06T14:47:22-05:00</time>
</trkpt>
<trkpt lat="-15.468363" lon="-70.112811">
<ele>3826.0</ele>
<time>2026-10-06T14:47:24-05:00</time>
</trkpt>
<trkpt lat="-15.46836" lon="-70.112819">
<ele>3825.9</ele>
<time>2026-10-06T14:47:26-05:00</time>
</trkpt>
<trkpt lat="-15.468348" lon="-70.112815">
<ele>3826.1</ele>
<time>2026-10-06T14:47:28-05:00</time>
</trkpt>
<trkpt lat="-15.468336" lon="-70.112824">
<ele>3826.2</ele>
<time>2026-10-06T14:47:30-05:00</time>
</trkpt>
<trkpt lat="-15.468329" lon="-70.112815">
<ele>3825.7</ele>
<time>2026-10-06T14:47:32-05:00</time>
</trkpt>
<trkpt lat="-15.468308" lon="-70.112812">
<ele>3826.0</ele>
<time>2026-10-06T14:47:34-05:00</time>
</trkpt>
<trkpt lat="-15.468284" lon="-70.112849">
<ele>3826.0</ele>
<time>2026-10-06T14:47:36-05:00</time>
</trkpt>
<trkpt lat="-15.468202" lon="-70.112969">
<ele>3825.9</ele>
<time>2026-10-06T14:47:38-05:00</time>
</trkpt>
<trkpt lat="-15.468061" lon="-70.11313">
<ele>3825.7</ele>
<time>2026-10-06T14:47:40-05:00</time>
</trkpt>
<trkpt lat="-15.467944" lon="-70.113257">
<ele>3824.7</ele>
<time>2026-10-06T14:47:42-05:00</time>
</trkpt>
<trkpt lat="-15.467864" lon="-70.113316">
<ele>3824.2</ele>
<time>2026-10-06T14:47:44-05:00</time>
</trkpt>
<trkpt lat="-15.46787" lon="-70.113314">
<ele>3825.2</ele>
<time>2026-10-06T14:47:46-05:00</time>
</trkpt>
<trkpt lat="-15.467855" lon="-70.11332">
<ele>3826.0</ele>
<time>2026-10-06T14:47:48-05:00</time>
</trkpt>
<trkpt lat="-15.467848" lon="-70.113309">
<ele>3824.8</ele>
<time>2026-10-06T14:47:50-05:00</time>
</trkpt>
<trkpt lat="-15.467855" lon="-70.113317">
<ele>3825.0</ele>
<time>2026-10-06T14:47:52-05:00</time>
</trkpt>
<trkpt lat="-15.467863" lon="-70.1133">
<ele>3825.4</ele>
<time>2026-10-06T14:47:54-05:00</time>
</trkpt>
<trkpt lat="-15.467877" lon="-70.113291">
<ele>3824.8</ele>
<time>2026-10-06T14:47:56-05:00</time>
</trkpt>
<trkpt lat="-15.467867" lon="-70.113293">
<ele>3825.3</ele>
<time>2026-10-06T14:47:58-05:00</time>
</trkpt>
<trkpt lat="-15.467873" lon="-70.113292">
<ele>3824.3</ele>
<time>2026-10-06T14:48:00-05:00</time>
</trkpt>
<trkpt lat="-15.467881" lon="-70.113293">
<ele>3824.6</ele>
<time>2026-10-06T14:48:02-05:00</time>
</trkpt>
<trkpt lat="-15.467859" lon="-70.11335">
<ele>3825.0</ele>
<time>2026-10-06T14:48:04-05:00</time>
</trkpt>
<trkpt lat="-15.467835" lon="-70.113439">
<ele>3824.7</ele>
<time>2026-10-06T14:48:06-05:00</time>
</trkpt>
<trkpt lat="-15.46776" lon="-70.113519">
<ele>3825.6</ele>
<time>2026-10-06T14:48:08-05:00</time>
</trkpt>
<trkpt lat="-15.467672" lon="-70.113617">
<ele>3826.1</ele>
<time>2026-10-06T14:48:10-05:00</time>
</trkpt>
<trkpt lat="-15.467598" lon="-70.113711">
<ele>3825.5</ele>
<time>2026-10-06T14:48:12-05:00</time>
</trkpt>
<trkpt lat="-15.467516" lon="-70.113775">
<ele>3825.8</ele>
<time>2026-10-06T14:48:14-05:00</time>
</trkpt>
<trkpt lat="-15.467456" lon="-70.113857">
<ele>3825.8</ele>
<time>2026-10-06T14:48:16-05:00</time>
</trkpt>
<trkpt lat="-15.467378" lon="-70.113946">
<ele>3826.2</ele>
<time>2026-10-06T14:48:18-05:00</time>
</trkpt>
<trkpt lat="-15.4673" lon="-70.114014">
<ele>3825.9</ele>
<time>2026-10-06T14:48:20-05:00</time>
</trkpt>
<trkpt lat="-15.467225" lon="-70.114088">
<ele>3825.4</ele>
<time>2026-10-06T14:48:22-05:00</time>
</trkpt>
<trkpt lat="-15.467143" lon="-70.114163">
<ele>3825.3</ele>
<time>2026-10-06T14:48:24-05:00</time>
</trkpt>
<trkpt lat="-15.467067" lon="-70.114245">
<ele>3825.7</ele>
<time>2026-10-06T14:48:26-05:00</time>
</trkpt>
<trkpt lat="-15.466994" lon="-70.114343">
<ele>3825.9</ele>
<time>2026-10-06T14:48:28-05:00</time>
</trkpt>
<trkpt lat="-15.466924" lon="-70.114418">
<ele>3824.4</ele>
<time>2026-10-06T14:48:30-05:00</time>
</trkpt>
<trkpt lat="-15.466863" lon="-70.114472">
<ele>3825.4</ele>
<time>2026-10-06T14:48:32-05:00</time>
</trkpt>
<trkpt lat="-15.466818" lon="-70.114547">
<ele>3823.7</ele>
<time>2026-10-06T14:48:34-05:00</time>
</trkpt>
<trkpt lat="-15.46675" lon="-70.114605">
<ele>3824.7</ele>
<time>2026-10-06T14:48:36-05:00</time>
</trkpt>
<trkpt lat="-15.466693" lon="-70.114683">
<ele>3824.4</ele>
<time>2026-10-06T14:48:38-05:00</time>
</trkpt>
<trkpt lat="-15.466617" lon="-70.114726">
<ele>3824.4</ele>
<time>2026-10-06T14:48:40-05:00</time>
</trkpt>
<trkpt lat="-15.466546" lon="-70.114811">
<ele>3824.0</ele>
<time>2026-10-06T14:48:42-05:00</time>
</trkpt>
<trkpt lat="-15.466482" lon="-70.114881">
<ele>3824.3</ele>
<time>2026-10-06T14:48:44-05:00</time>
</trkpt>
<trkpt lat="-15.466392" lon="-70.114948">
<ele>3824.6</ele>
<time>2026-10-06T14:48:46-05:00</time>
</trkpt>
<trkpt lat="-15.466343" lon="-70.115018">
<ele>3823.9</ele>
<time>2026-10-06T14:48:48-05:00</time>
</trkpt>
<trkpt lat="-15.466262" lon="-70.115091">
<ele>3823.8</ele>
<time>2026-10-06T14:48:50-05:00</time>
</trkpt>
<trkpt lat="-15.466181" lon="-70.115195">
<ele>3824.7</ele>
<time>2026-10-06T14:48:52-05:00</time>
</trkpt>
<trkpt lat="-15.466092" lon="-70.115281">
<ele>3824.5</ele>
<time>2026-10-06T14:48:54-05:00</time>
</trkpt>
<trkpt lat="-15.466001" lon="-70.115347">
<ele>3824.1</ele>
<time>2026-10-06T14:48:56-05:00</time>
</trkpt>
<trkpt lat="-15.465963" lon="-70.115386">
<ele>3823.9</ele>
<time>2026-10-06T14:48:58-05:00</time>
</trkpt>
<trkpt lat="-15.46595" lon="-70.115396">
<ele>3824.2</ele>
<time>2026-10-06T14:49:00-05:00</time>
</trkpt>
<trkpt lat="-15.465955" lon="-70.115402">
<ele>3823.8</ele>
<time>2026-10-06T14:49:02-05:00</time>
</trkpt>
<trkpt lat="-15.465949" lon="-70.115387">
<ele>3823.6</ele>
<time>2026-10-06T14:49:04-05:00</time>
</trkpt>
<trkpt lat="-15.465967" lon="-70.115372">
<ele>3824.3</ele>
<time>2026-10-06T14:49:06-05:00</time>
</trkpt>
<trkpt lat="-15.465957" lon="-70.115372">
<ele>3824.2</ele>
<time>2026-10-06T14:49:08-05:00</time>
</trkpt>
<trkpt lat="-15.465957" lon="-70.115366">
<ele>3823.7</ele>
<time>2026-10-06T14:49:10-05:00</time>
</trkpt>
<trkpt lat="-15.465928" lon="-70.115367">
<ele>3824.2</ele>
<time>2026-10-06T14:49:12-05:00</time>
</trkpt>
<trkpt lat="-15.465921" lon="-70.115393">
<ele>3824.0</ele>
<time>2026-10-06T14:49:14-05:00</time>
</trkpt>
<trkpt lat="-15.465931" lon="-70.115459">
<ele>3824.8</ele>
<time>2026-10-06T14:49:16-05:00</time>
</trkpt>
<trkpt lat="-15.465842" lon="-70.115502">
<ele>3823.7</ele>
<time>2026-10-06T14:49:18-05:00</time>
</trkpt>
<trkpt lat="-15.465705" lon="-70.115526">
<ele>3823.6</ele>
<time>2026-10-06T14:49:20-05:00</time>
</trkpt>
<trkpt lat="-15.46555" lon="-70.115547">
<ele>3823.7</ele>
<time>2026-10-06T14:49:22-05:00</time>
</trkpt>
<trkpt lat="-15.46541" lon="-70.115554">
<ele>3823.2</ele>
<time>2026-10-06T14:49:24-05:00</time>
</trkpt>
<trkpt lat="-15.465292" lon="-70.115569">
<ele>3823.7</ele>
<time>2026-10-06T14:49:26-05:00</time>
</trkpt>
<trkpt lat="-15.46517" lon="-70.115576">
<ele>3824.0</ele>
<time>2026-10-06T14:49:28-05:00</time>
</trkpt>
<trkpt lat="-15.465072" lon="-70.115578">
<ele>3824.2</ele>
<time>2026-10-06T14:49:30-05:00</time>
</trkpt>
<trkpt lat="-15.46497" lon="-70.115594">
<ele>3824.9</ele>
<time>2026-10-06T14:49:32-05:00</time>
</trkpt>
<trkpt lat="-15.464865" lon="-70.115595">
<ele>3823.6</ele>
<time>2026-10-06T14:49:34-05:00</time>
</trkpt>
<trkpt lat="-15.464744" lon="-70.115603">
<ele>3823.7</ele>
<time>2026-10-06T14:49:36-05:00</time>
</trkpt>
<trkpt lat="-15.464596" lon="-70.115624">
<ele>3824.1</ele>
<time>2026-10-06T14:49:38-05:00</time>
</trkpt>
<trkpt lat="-15.464478" lon="-70.11562">
<ele>3824.1</ele>
<time>2026-10-06T14:49:40-05:00</time>
</trkpt>
<trkpt lat="-15.464375" lon="-70.115625">
<ele>3824.2</ele>
<time>2026-10-06T14:49:42-05:00</time>
</trkpt>
<trkpt lat="-15.464274" lon="-70.115621">
<ele>3823.8</ele>
<time>2026-10-06T14:49:44-05:00</time>
</trkpt>
<trkpt lat="-15.464186" lon="-70.11563">
<ele>3824.6</ele>
<time>2026-10-06T14:49:46-05:00</time>
</trkpt>
<trkpt lat="-15.4641" lon="-70.115634">
<ele>3824.7</ele>
<time>2026-10-06T14:49:48-05:00</time>
</trkpt>
<trkpt lat="-15.464028" lon="-70.115637">
<ele>3824.0</ele>
<time>2026-10-06T14:49:50-05:00</time>
</trkpt>
<trkpt lat="-15.463977" lon="-70.115584">
<ele>3823.9</ele>
<time>2026-10-06T14:49:52-05:00</time>
</trkpt>
<trkpt lat="-15.463964" lon="-70.115444">
<ele>3824.2</ele>
<time>2026-10-06T14:49:54-05:00</time>
</trkpt>
<trkpt lat="-15.463953" lon="-70.115294">
<ele>3823.5</ele>
<time>2026-10-06T14:49:56-05:00</time>
</trkpt>
<trkpt lat="-15.463947" lon="-70.115157">
<ele>3824.0</ele>
<time>2026-10-06T14:49:58-05:00</time>
</trkpt>
<trkpt lat="-15.463935" lon="-70.115047">
<ele>3824.0</ele>
<time>2026-10-06T14:50:00-05:00</time>
</trkpt>
<trkpt lat="-15.463948" lon="-70.114967">
<ele>3823.3</ele>
<time>2026-10-06T14:50:02-05:00</time>
</trkpt>
<trkpt lat="-15.463899" lon="-70.114959">
<ele>3824.4</ele>
<time>2026-10-06T14:50:04-05:00</time>
</trkpt>
<trkpt lat="-15.463821" lon="-70.11496">
<ele>3823.7</ele>
<time>2026-10-06T14:50:06-05:00</time>
</trkpt>
<trkpt lat="-15.463726" lon="-70.114991">
<ele>3823.4</ele>
<time>2026-10-06T14:50:08-05:00</time>
</trkpt>
<trkpt lat="-15.463582" lon="-70.115003">
<ele>3825.0</ele>
<time>2026-10-06T14:50:10-05:00</time>
</trkpt>
<trkpt lat="-15.463465" lon="-70.115022">
<ele>3823.5</ele>
<time>2026-10-06T14:50:12-05:00</time>
</trkpt>
<trkpt lat="-15.463382" lon="-70.115036">
<ele>3824.2</ele>
<time>2026-10-06T14:50:14-05:00</time>
</trkpt>
<trkpt lat="-15.463327" lon="-70.115057">
<ele>3824.2</ele>
<time>2026-10-06T14:50:16-05:00</time>
</trkpt>
<trkpt lat="-15.463333" lon="-70.115002">
<ele>3824.6</ele>
<time>2026-10-06T14:50:18-05:00</time>
</trkpt>
<trkpt lat="-15.463316" lon="-70.114903">
<ele>3823.6</ele>
<time>2026-10-06T14:50:20-05:00</time>
</trkpt>
<trkpt lat="-15.463314" lon="-70.11475">
<ele>3824.5</ele>
<time>2026-10-06T14:50:22-05:00</time>
</trkpt>
<trkpt lat="-15.463306" lon="-70.114591">
<ele>3824.7</ele>
<time>2026-10-06T14:50:24-05:00</time>
</trkpt>
<trkpt lat="-15.463294" lon="-70.114473">
<ele>3824.7</ele>
<time>2026-10-06T14:50:26-05:00</time>
</trkpt>
<trkpt lat="-15.463284" lon="-70.114389">
<ele>3825.4</ele>
<time>2026-10-06T14:50:28-05:00</time>
</trkpt>
<trkpt lat="-15.463226" lon="-70.114377">
<ele>3824.6</ele>
<time>2026-10-06T14:50:30-05:00</time>
</trkpt>
<trkpt lat="-15.463152" lon="-70.114381">
<ele>3824.9</ele>
<time>2026-10-06T14:50:32-05:00</time>
</trkpt>
<trkpt lat="-15.463059" lon="-70.114378">
<ele>3825.1</ele>
<time>2026-10-06T14:50:34-05:00</time>
</trkpt>
<trkpt lat="-15.462926" lon="-70.114401">
<ele>3824.8</ele>
<time>2026-10-06T14:50:36-05:00</time>
</trkpt>
<trkpt lat="-15.462777" lon="-70.114427">
<ele>3824.8</ele>
<time>2026-10-06T14:50:38-05:00</time>
</trkpt>
<trkpt lat="-15.462629" lon="-70.114441">
<ele>3824.2</ele>
<time>2026-10-06T14:50:40-05:00</time>
</trkpt>
<trkpt lat="-15.462484" lon="-70.114456">
<ele>3824.7</ele>
<time>2026-10-06T14:50:42-05:00</time>
</trkpt>
<trkpt lat="-15.46236" lon="-70.114464">
<ele>3824.9</ele>
<time>2026-10-06T14:50:44-05:00</time>
</trkpt>
<trkpt lat="-15.462242" lon="-70.114477">
<ele>3825.3</ele>
<time>2026-10-06T14:50:46-05:00</time>
</trkpt>
<trkpt lat="-15.462146" lon="-70.114491">
<ele>3825.1</ele>
<time>2026-10-06T14:50:48-05:00</time>
</trkpt>
<trkpt lat="-15.462038" lon="-70.114502">
<ele>3824.7</ele>
<time>2026-10-06T14:50:50-05:00</time>
</trkpt>
<trkpt lat="-15.461906" lon="-70.114522">
<ele>3824.8</ele>
<time>2026-10-06T14:50:52-05:00</time>
</trkpt>
<trkpt lat="-15.461765" lon="-70.114538">
<ele>3824.4</ele>
<time>2026-10-06T14:50:54-05:00</time>
</trkpt>
<trkpt lat="-15.461649" lon="-70.114546">
<ele>3824.6</ele>
<time>2026-10-06T14:50:56-05:00</time>
</trkpt>
<trkpt lat="-15.461537" lon="-70.114543">
<ele>3824.7</ele>
<time>2026-10-06T14:50:58-05:00</time>
</trkpt>
<trkpt lat="-15.461437" lon="-70.114548">
<ele>3823.8</ele>
<time>2026-10-06T14:51:00-05:00</time>
</trkpt>
<trkpt lat="-15.461361" lon="-70.114532">
<ele>3823.7</ele>
<time>2026-10-06T14:51:02-05:00</time>
</trkpt>
<trkpt lat="-15.46124" lon="-70.114452">
<ele>3823.9</ele>
<time>2026-10-06T14:51:04-05:00</time>
</trkpt>
<trkpt lat="-15.461163" lon="-70.114393">
<ele>3823.6</ele>
<time>2026-10-06T14:51:06-05:00</time>
</trkpt>
<trkpt lat="-15.461155" lon="-70.114354">
<ele>3824.2</ele>
<time>2026-10-06T14:51:08-05:00</time>
</trkpt>
<trkpt lat="-15.461166" lon="-70.114284">
<ele>3824.2</ele>
<time>2026-10-06T14:51:10-05:00</time>
</trkpt>
<trkpt lat="-15.461172" lon="-70.114156">
<ele>3824.2</ele>
<time>2026-10-06T14:51:12-05:00</time>
</trkpt>
<trkpt lat="-15.461191" lon="-70.114041">
<ele>3824.7</ele>
<time>2026-10-06T14:51:14-05:00</time>
</trkpt>
<trkpt lat="-15.461202" lon="-70.113953">
<ele>3823.5</ele>
<time>2026-10-06T14:51:16-05:00</time>
</trkpt>
<trkpt lat="-15.461215" lon="-70.113864">
<ele>3824.2</ele>
<time>2026-10-06T14:51:18-05:00</time>
</trkpt>
<trkpt lat="-15.461249" lon="-70.113722">
<ele>3823.9</ele>
<time>2026-10-06T14:51:20-05:00</time>
</trkpt>
<trkpt lat="-15.46129" lon="-70.113577">
<ele>3824.0</ele>
<time>2026-10-06T14:51:22-05:00</time>
</trkpt>
<trkpt lat="-15.461318" lon="-70.113454">
<ele>3824.0</ele>
<time>2026-10-06T14:51:24-05:00</time>
</trkpt>
<trkpt lat="-15.46135" lon="-70.113341">
<ele>3823.9</ele>
<time>2026-10-06T14:51:26-05:00</time>
</trkpt>
<trkpt lat="-15.461376" lon="-70.113235">
<ele>3824.5</ele>
<time>2026-10-06T14:51:28-05:00</time>
</trkpt>
<trkpt lat="-15.461405" lon="-70.113111">
<ele>3823.4</ele>
<time>2026-10-06T14:51:30-05:00</time>
</trkpt>
<trkpt lat="-15.461502" lon="-70.113034">
<ele>3823.3</ele>
<time>2026-10-06T14:51:32-05:00</time>
</trkpt>
<trkpt lat="-15.461559" lon="-70.112997">
<ele>3823.5</ele>
<time>2026-10-06T14:51:34-05:00</time>
</trkpt>
<trkpt lat="-15.461543" lon="-70.113002">
<ele>3823.7</ele>
<time>2026-10-06T14:51:36-05:00</time>
</trkpt>
<trkpt lat="-15.461553" lon="-70.113003">
<ele>3823.9</ele>
<time>2026-10-06T14:51:38-05:00</time>
</trkpt>
<trkpt lat="-15.461551" lon="-70.113012">
<ele>3823.6</ele>
<time>2026-10-06T14:51:40-05:00</time>
</trkpt>
<trkpt lat="-15.461547" lon="-70.113018">
<ele>3824.3</ele>
<time>2026-10-06T14:51:42-05:00</time>
</trkpt>
<trkpt lat="-15.461551" lon="-70.113012">
<ele>3824.2</ele>
<time>2026-10-06T14:51:44-05:00</time>
</trkpt>
<trkpt lat="-15.461538" lon="-70.11299">
<ele>3823.9</ele>
<time>2026-10-06T14:51:46-05:00</time>
</trkpt>
<trkpt lat="-15.461546" lon="-70.112981">
<ele>3823.9</ele>
<time>2026-10-06T14:51:48-05:00</time>
</trkpt>
<trkpt lat="-15.461539" lon="-70.112981">
<ele>3823.7</ele>
<time>2026-10-06T14:51:50-05:00</time>
</trkpt>
<trkpt lat="-15.461548" lon="-70.11297">
<ele>3824.1</ele>
<time>2026-10-06T14:51:52-05:00</time>
</trkpt>
<trkpt lat="-15.461574" lon="-70.112975">
<ele>3823.9</ele>
<time>2026-10-06T14:51:54-05:00</time>
</trkpt>
<trkpt lat="-15.461644" lon="-70.112887">
<ele>3824.0</ele>
<time>2026-10-06T14:51:56-05:00</time>
</trkpt>
<trkpt lat="-15.461791" lon="-70.112761">
<ele>3823.5</ele>
<time>2026-10-06T14:51:58-05:00</time>
</trkpt>
<trkpt lat="-15.461897" lon="-70.112672">
<ele>3824.2</ele>
<time>2026-10-06T14:52:00-05:00</time>
</trkpt>
<trkpt lat="-15.461942" lon="-70.112621">
<ele>3824.3</ele>
<time>2026-10-06T14:52:02-05:00</time>
</trkpt>
<trkpt lat="-15.4619" lon="-70.112564">
<ele>3824.2</ele>
<time>2026-10-06T14:52:04-05:00</time>
</trkpt>
<trkpt lat="-15.46181" lon="-70.112497">
<ele>3824.1</ele>
<time>2026-10-06T14:52:06-05:00</time>
</trkpt>
<trkpt lat="-15.461714" lon="-70.112426">
<ele>3824.0</ele>
<time>2026-10-06T14:52:08-05:00</time>
</trkpt>
<trkpt lat="-15.461622" lon="-70.112329">
<ele>3824.1</ele>
<time>2026-10-06T14:52:10-05:00</time>
</trkpt>
<trkpt lat="-15.461539" lon="-70.11225">
<ele>3824.2</ele>
<time>2026-10-06T14:52:12-05:00</time>
</trkpt>
<trkpt lat="-15.461465" lon="-70.112201">
<ele>3824.1</ele>
<time>2026-10-06T14:52:14-05:00</time>
</trkpt>
<trkpt lat="-15.461373" lon="-70.112132">
<ele>3824.1</ele>
<time>2026-10-06T14:52:16-05:00</time>
</trkpt>
<trkpt lat="-15.461285" lon="-70.112055">
<ele>3824.1</ele>
<time>2026-10-06T14:52:18-05:00</time>
</trkpt>
<trkpt lat="-15.461184" lon="-70.111991">
<ele>3824.4</ele>
<time>2026-10-06T14:52:20-05:00</time>
</trkpt>
<trkpt lat="-15.461081" lon="-70.111922">
<ele>3824.2</ele>
<time>2026-10-06T14:52:22-05:00</time>
</trkpt>
<trkpt lat="-15.460961" lon="-70.111863">
<ele>3823.7</ele>
<time>2026-10-06T14:52:24-05:00</time>
</trkpt>
<trkpt lat="-15.460852" lon="-70.111793">
<ele>3823.9</ele>
<time>2026-10-06T14:52:26-05:00</time>
</trkpt>
<trkpt lat="-15.460761" lon="-70.111734">
<ele>3823.1</ele>
<time>2026-10-06T14:52:28-05:00</time>
</trkpt>
<trkpt lat="-15.460676" lon="-70.111682">
<ele>3824.2</ele>
<time>2026-10-06T14:52:30-05:00</time>
</trkpt>
<trkpt lat="-15.460583" lon="-70.111632">
<ele>3823.2</ele>
<time>2026-10-06T14:52:32-05:00</time>
</trkpt>
<trkpt lat="-15.460497" lon="-70.111592">
<ele>3824.3</ele>
<time>2026-10-06T14:52:34-05:00</time>
</trkpt>
<trkpt lat="-15.460427" lon="-70.111535">
<ele>3823.4</ele>
<time>2026-10-06T14:52:36-05:00</time>
</trkpt>
<trkpt lat="-15.460381" lon="-70.111472">
<ele>3824.5</ele>
<time>2026-10-06T14:52:38-05:00</time>
</trkpt>
<trkpt lat="-15.460309" lon="-70.111386">
<ele>3823.9</ele>
<time>2026-10-06T14:52:40-05:00</time>
</trkpt>
<trkpt lat="-15.460235" lon="-70.111337">
<ele>3823.6</ele>
<time>2026-10-06T14:52:42-05:00</time>
</trkpt>
<trkpt lat="-15.460174" lon="-70.111277">
<ele>3824.2</ele>
<time>2026-10-06T14:52:44-05:00</time>
</trkpt>
<trkpt lat="-15.460118" lon="-70.111216">
<ele>3823.8</ele>
<time>2026-10-06T14:52:46-05:00</time>
</trkpt>
<trkpt lat="-15.460026" lon="-70.111147">
<ele>3823.9</ele>
<time>2026-10-06T14:52:48-05:00</time>
</trkpt>
<trkpt lat="-15.459972" lon="-70.111107">
<ele>3823.8</ele>
<time>2026-10-06T14:52:50-05:00</time>
</trkpt>
<trkpt lat="-15.45988" lon="-70.111056">
<ele>3824.8</ele>
<time>2026-10-06T14:52:52-05:00</time>
</trkpt>
<trkpt lat="-15.459792" lon="-70.111">
<ele>3824.6</ele>
<time>2026-10-06T14:52:54-05:00</time>
</trkpt>
<trkpt lat="-15.459704" lon="-70.110944">
<ele>3823.9</ele>
<time>2026-10-06T14:52:56-05:00</time>
</trkpt>
<trkpt lat="-15.459619" lon="-70.11092">
<ele>3824.3</ele>
<time>2026-10-06T14:52:58-05:00</time>
</trkpt>
<trkpt lat="-15.459534" lon="-70.110853">
<ele>3824.4</ele>
<time>2026-10-06T14:53:00-05:00</time>
</trkpt>
<trkpt lat="-15.459446" lon="-70.110801">
<ele>3825.2</ele>
<time>2026-10-06T14:53:02-05:00</time>
</trkpt>
<trkpt lat="-15.459379" lon="-70.110754">
<ele>3824.6</ele>
<time>2026-10-06T14:53:04-05:00</time>
</trkpt>
<trkpt lat="-15.459309" lon="-70.110703">
<ele>3824.0</ele>
<time>2026-10-06T14:53:06-05:00</time>
</trkpt>
<trkpt lat="-15.459226" lon="-70.110661">
<ele>3824.2</ele>
<time>2026-10-06T14:53:08-05:00</time>
</trkpt>
<trkpt lat="-15.459147" lon="-70.110626">
<ele>3824.6</ele>
<time>2026-10-06T14:53:10-05:00</time>
</trkpt>
<trkpt lat="-15.45907" lon="-70.110579">
<ele>3823.7</ele>
<time>2026-10-06T14:53:12-05:00</time>
</trkpt>
<trkpt lat="-15.458997" lon="-70.110556">
<ele>3824.2</ele>
<time>2026-10-06T14:53:14-05:00</time>
</trkpt>
<trkpt lat="-15.458921" lon="-70.110505">
<ele>3824.0</ele>
<time>2026-10-06T14:53:16-05:00</time>
</trkpt>
<trkpt lat="-15.458836" lon="-70.110442">
<ele>3825.2</ele>
<time>2026-10-06T14:53:18-05:00</time>
</trkpt>
<trkpt lat="-15.458738" lon="-70.110396">
<ele>3824.4</ele>
<time>2026-10-06T14:53:20-05:00</time>
</trkpt>
<trkpt lat="-15.458647" lon="-70.110349">
<ele>3823.9</ele>
<time>2026-10-06T14:53:22-05:00</time>
</trkpt>
<trkpt lat="-15.458563" lon="-70.110312">
<ele>3824.6</ele>
<time>2026-10-06T14:53:24-05:00</time>
</trkpt>
<trkpt lat="-15.458484" lon="-70.110245">
<ele>3824.2</ele>
<time>2026-10-06T14:53:26-05:00</time>
</trkpt>
<trkpt lat="-15.458421" lon="-70.110208">
<ele>3824.7</ele>
<time>2026-10-06T14:53:28-05:00</time>
</trkpt>
<trkpt lat="-15.458328" lon="-70.110175">
<ele>3824.4</ele>
<time>2026-10-06T14:53:30-05:00</time>
</trkpt>
<trkpt lat="-15.458233" lon="-70.110124">
<ele>3824.7</ele>
<time>2026-10-06T14:53:32-05:00</time>
</trkpt>
<trkpt lat="-15.458166" lon="-70.110057">
<ele>3825.1</ele>
<time>2026-10-06T14:53:34-05:00</time>
</trkpt>
<trkpt lat="-15.458088" lon="-70.110018">
<ele>3825.1</ele>
<time>2026-10-06T14:53:36-05:00</time>
</trkpt>
<trkpt lat="-15.457982" lon="-70.109932">
<ele>3824.9</ele>
<time>2026-10-06T14:53:38-05:00</time>
</trkpt>
<trkpt lat="-15.457892" lon="-70.109839">
<ele>3824.7</ele>
<time>2026-10-06T14:53:40-05:00</time>
</trkpt>
<trkpt lat="-15.457788" lon="-70.109745">
<ele>3824.6</ele>
<time>2026-10-06T14:53:42-05:00</time>
</trkpt>
<trkpt lat="-15.457674" lon="-70.109674">
<ele>3824.5</ele>
<time>2026-10-06T14:53:44-05:00</time>
</trkpt>
<trkpt lat="-15.457579" lon="-70.109581">
<ele>3824.6</ele>
<time>2026-10-06T14:53:46-05:00</time>
</trkpt>
<trkpt lat="-15.457459" lon="-70.109493">
<ele>3824.4</ele>
<time>2026-10-06T14:53:48-05:00</time>
</trkpt>
<trkpt lat="-15.457335" lon="-70.109414">
<ele>3824.8</ele>
<time>2026-10-06T14:53:50-05:00</time>
</trkpt>
<trkpt lat="-15.45721" lon="-70.10934">
<ele>3824.2</ele>
<time>2026-10-06T14:53:52-05:00</time>
</trkpt>
<trkpt lat="-15.457098" lon="-70.10926">
<ele>3824.3</ele>
<time>2026-10-06T14:53:54-05:00</time>
</trkpt>
<trkpt lat="-15.457024" lon="-70.109204">
<ele>3824.5</ele>
<time>2026-10-06T14:53:56-05:00</time>
</trkpt>
<trkpt lat="-15.456987" lon="-70.109175">
<ele>3824.7</ele>
<time>2026-10-06T14:53:58-05:00</time>
</trkpt>
<trkpt lat="-15.456959" lon="-70.109169">
<ele>3824.2</ele>
<time>2026-10-06T14:54:00-05:00</time>
</trkpt>
</trkseg>
</trk>
</gpx>