<?xml version="1.0" encoding="UTF-8"?>
<gpx xmlns="http://www.topografix.com/GPX/1/1" xmlns:xsi="http://www.w3.org/2001/XMLSchema-instance" xsi:schemaLocation="http://www.topografix.com/GPX/1/1 http://www.topografix.com/GPX/1/1/gpx.xsd" version="1.1" creator="JuliacaBus-DS">
<metadata>
<name>RINCONADA-GUADALUPE-L1</name>
<time>2026-10-06T18:00:00-05:00</time>
<keywords>linea L1, ida</keywords>
</metadata>
<trk>
<name>RINCONADA-GUADALUPE-L1</name>
<trkseg>
<trkpt lat="-15.505875" lon="-70.139993">
<ele>3851.1</ele>
<time>2026-10-06T18:00:00-05:00</time>
</trkpt>
<trkpt lat="-15.505872" lon="-70.139994">
<ele>3851.4</ele>
<time>2026-10-06T18:00:02-05:00</time>
</trkpt>
<trkpt lat="-15.50589" lon="-70.139987">
<ele>3851.3</ele>
<time>2026-10-06T18:00:04-05:00</time>
</trkpt>
<trkpt lat="-15.505909" lon="-70.139977">
<ele>3852.0</ele>
<time>2026-10-06T18:00:06-05:00</time>
</trkpt>
<trkpt lat="-15.5059" lon="-70.139981">
<ele>3850.7</ele>
<time>2026-10-06T18:00:08-05:00</time>
</trkpt>
<trkpt lat="-15.505901" lon="-70.139995">
<ele>3851.5</ele>
<time>2026-10-06T18:00:10-05:00</time>
</trkpt>
<trkpt lat="-15.505912" lon="-70.139979">
<ele>3851.2</ele>
<time>2026-10-06T18:00:12-05:00</time>
</trkpt>
<trkpt lat="-15.505908" lon="-70.139997">
<ele>3850.5</ele>
<time>2026-10-06T18:00:14-05:00</time>
</trkpt>
<trkpt lat="-15.505897" lon="-70.139996">
<ele>3851.7</ele>
<time>2026-10-06T18:00:16-05:00</time>
</trkpt>
<trkpt lat="-15.505889" lon="-70.139974">
<ele>3852.2</ele>
<time>2026-10-06T18:00:18-05:00</time>
</trkpt>
<trkpt lat="-15.505888" lon="-70.139987">
<ele>3851.4</ele>
<time>2026-10-06T18:00:20-05:00</time>
</trkpt>
<trkpt lat="-15.50588" lon="-70.139982">
<ele>3850.8</ele>
<time>2026-10-06T18:00:22-05:00</time>
</trkpt>
<trkpt lat="-15.505935" lon="-70.139869">
<ele>3850.3</ele>
<time>2026-10-06T18:00:24-05:00</time>
</trkpt>
<trkpt lat="-15.505887" lon="-70.139766">
<ele>3850.3</ele>
<time>2026-10-06T18:00:26-05:00</time>
</trkpt>
<trkpt lat="-15.505856" lon="-70.139649">
<ele>3848.8</ele>
<time>2026-10-06T18:00:28-05:00</time>
</trkpt>
<trkpt lat="-15.505839" lon="-70.139565">
<ele>3848.7</ele>
<time>2026-10-06T18:00:30-05:00</time>
</trkpt>
<trkpt lat="-15.50582" lon="-70.139498">
<ele>3848.0</ele>
<time>2026-10-06T18:00:32-05:00</time>
</trkpt>
<trkpt lat="-15.505797" lon="-70.139403">
<ele>3847.8</ele>
<time>2026-10-06T18:00:34-05:00</time>
</trkpt>
<trkpt lat="-15.505788" lon="-70.139307">
<ele>3847.5</ele>
<time>2026-10-06T18:00:36-05:00</time>
</trkpt>
<trkpt lat="-15.505779" lon="-70.139225">
<ele>3847.7</ele>
<time>2026-10-06T18:00:38-05:00</time>
</trkpt>
<trkpt lat="-15.505773" lon="-70.139167">
<ele>3847.0</ele>
<time>2026-10-06T18:00:40-05:00</time>
</trkpt>
<trkpt lat="-15.505778" lon="-70.139141">
<ele>3847.4</ele>
<time>2026-10-06T18:00:42-05:00</time>
</trkpt>
<trkpt lat="-15.505755" lon="-70.139143">
<ele>3847.0</ele>
<time>2026-10-06T18:00:44-05:00</time>
</trkpt>
<trkpt lat="-15.50575" lon="-70.139136">
<ele>3846.9</ele>
<time>2026-10-06T18:00:46-05:00</time>
</trkpt>
<trkpt lat="-15.505745" lon="-70.13914">
<ele>3847.5</ele>
<time>2026-10-06T18:00:48-05:00</time>
</trkpt>
<trkpt lat="-15.505753" lon="-70.139118">
<ele>3847.4</ele>
<time>2026-10-06T18:00:50-05:00</time>
</trkpt>
<trkpt lat="-15.50576" lon="-70.139146">
<ele>3847.6</ele>
<time>2026-10-06T18:00:52-05:00</time>
</trkpt>
<trkpt lat="-15.505773" lon="-70.139142">
<ele>3846.9</ele>
<time>2026-10-06T18:00:54-05:00</time>
</trkpt>
<trkpt lat="-15.505784" lon="-70.139138">
<ele>3847.3</ele>
<time>2026-10-06T18:00:56-05:00</time>
</trkpt>
<trkpt lat="-15.505787" lon="-70.139136">
<ele>3846.7</ele>
<time>2026-10-06T18:00:58-05:00</time>
</trkpt>
<trkpt lat="-15.505773" lon="-70.139142">
<ele>3848.4</ele>
<time>2026-10-06T18:01:00-05:00</time>
</trkpt>
<trkpt lat="-15.505781" lon="-70.139161">
<ele>3847.3</ele>
<time>2026-10-06T18:01:02-05:00</time>
</trkpt>
<trkpt lat="-15.505776" lon="-70.139149">
<ele>3846.7</ele>
<time>2026-10-06T18:01:04-05:00</time>
</trkpt>
<trkpt lat="-15.505785" lon="-70.13916">
<ele>3847.6</ele>
<time>2026-10-06T18:01:06-05:00</time>
</trkpt>
<trkpt lat="-15.505789" lon="-70.139152">
<ele>3846.8</ele>
<time>2026-10-06T18:01:08-05:00</time>
</trkpt>
<trkpt lat="-15.505782" lon="-70.139146">
<ele>3847.8</ele>
<time>2026-10-06T18:01:10-05:00</time>
</trkpt>
<trkpt lat="-15.505788" lon="-70.139164">
<ele>3847.1</ele>
<time>2026-10-06T18:01:12-05:00</time>
</trkpt>
<trkpt lat="-15.505789" lon="-70.139158">
<ele>3847.3</ele>
<time>2026-10-06T18:01:14-05:00</time>
</trkpt>
<trkpt lat="-15.505783" lon="-70.13915">
<ele>3847.4</ele>
<time>2026-10-06T18:01:16-05:00</time>
</trkpt>
<trkpt lat="-15.50576" lon="-70.139109">
<ele>3847.4</ele>
<time>2026-10-06T18:01:18-05:00</time>
</trkpt>
<trkpt lat="-15.505731" lon="-70.13902">
<ele>3846.3</ele>
<time>2026-10-06T18:01:20-05:00</time>
</trkpt>
<trkpt lat="-15.505731" lon="-70.138906">
<ele>3846.5</ele>
<time>2026-10-06T18:01:22-05:00</time>
</trkpt>
<trkpt lat="-15.505727" lon="-70.138802">
<ele>3846.9</ele>
<time>2026-10-06T18:01:24-05:00</time>
</trkpt>
<trkpt lat="-15.505712" lon="-70.138704">
<ele>3846.4</ele>
<time>2026-10-06T18:01:26-05:00</time>
</trkpt>
<trkpt lat="-15.505702" lon="-70.13864">
<ele>3845.8</ele>
<time>2026-10-06T18:01:28-05:00</time>
</trkpt>
<trkpt lat="-15.505697" lon="-70.138567">
<ele>3845.0</ele>
<time>2026-10-06T18:01:30-05:00</time>
</trkpt>
<trkpt lat="-15.505705" lon="-70.138489">
<ele>3845.2</ele>
<time>2026-10-06T18:01:32-05:00</time>
</trkpt>
<trkpt lat="-15.50569" lon="-70.138408">
<ele>3844.4</ele>
<time>2026-10-06T18:01:34-05:00</time>
</trkpt>
<trkpt lat="-15.505683" lon="-70.138327">
<ele>3844.2</ele>
<time>2026-10-06T18:01:36-05:00</time>
</trkpt>
<trkpt lat="-15.50566" lon="-70.138249">
<ele>3844.0</ele>
<time>2026-10-06T18:01:38-05:00</time>
</trkpt>
<trkpt lat="-15.505638" lon="-70.13819">
<ele>3843.4</ele>
<time>2026-10-06T18:01:40-05:00</time>
</trkpt>
<trkpt lat="-15.505613" lon="-70.138113">
<ele>3843.4</ele>
<time>2026-10-06T18:01:42-05:00</time>
</trkpt>
<trkpt lat="-15.505596" lon="-70.138026">
<ele>3843.0</ele>
<time>2026-10-06T18:01:44-05:00</time>
</trkpt>
<trkpt lat="-15.505572" lon="-70.137951">
<ele>3843.1</ele>
<time>2026-10-06T18:01:46-05:00</time>
</trkpt>
<trkpt lat="-15.505549" lon="-70.137867">
<ele>3843.0</ele>
<time>2026-10-06T18:01:48-05:00</time>
</trkpt>
<trkpt lat="-15.505535" lon="-70.137787">
<ele>3842.8</ele>
<time>2026-10-06T18:01:50-05:00</time>
</trkpt>
<trkpt lat="-15.505505" lon="-70.137698">
<ele>3841.5</ele>
<time>2026-10-06T18:01:52-05:00</time>
</trkpt>
<trkpt lat="-15.50549" lon="-70.137602">
<ele>3841.8</ele>
<time>2026-10-06T18:01:54-05:00</time>
</trkpt>
<trkpt lat="-15.50547" lon="-70.137526">
<ele>3841.3</ele>
<time>2026-10-06T18:01:56-05:00</time>
</trkpt>
<trkpt lat="-15.505434" lon="-70.137464">
<ele>3841.4</ele>
<time>2026-10-06T18:01:58-05:00</time>
</trkpt>
<trkpt lat="-15.505388" lon="-70.137403">
<ele>3840.7</ele>
<time>2026-10-06T18:02:00-05:00</time>
</trkpt>
<trkpt lat="-15.505332" lon="-70.137336">
<ele>3840.6</ele>
<time>2026-10-06T18:02:02-05:00</time>
</trkpt>
<trkpt lat="-15.505282" lon="-70.137244">
<ele>3840.1</ele>
<time>2026-10-06T18:02:04-05:00</time>
</trkpt>
<trkpt lat="-15.505266" lon="-70.137181">
<ele>3839.7</ele>
<time>2026-10-06T18:02:06-05:00</time>
</trkpt>
<trkpt lat="-15.505258" lon="-70.137165">
<ele>3839.7</ele>
<time>2026-10-06T18:02:08-05:00</time>
</trkpt>
<trkpt lat="-15.505259" lon="-70.137156">
<ele>3840.4</ele>
<time>2026-10-06T18:02:10-05:00</time>
</trkpt>
<trkpt lat="-15.505265" lon="-70.137153">
<ele>3839.1</ele>
<time>2026-10-06T18:02:12-05:00</time>
</trkpt>
<trkpt lat="-15.505272" lon="-70.137163">
<ele>3840.1</ele>
<time>2026-10-06T18:02:14-05:00</time>
</trkpt>
<trkpt lat="-15.50526" lon="-70.137165">
<ele>3839.0</ele>
<time>2026-10-06T18:02:16-05:00</time>
</trkpt>
<trkpt lat="-15.505245" lon="-70.137176">
<ele>3839.5</ele>
<time>2026-10-06T18:02:18-05:00</time>
</trkpt>
<trkpt lat="-15.505227" lon="-70.13718">
<ele>3840.1</ele>
<time>2026-10-06T18:02:20-05:00</time>
</trkpt>
<trkpt lat="-15.505221" lon="-70.137173">
<ele>3839.4</ele>
<time>2026-10-06T18:02:22-05:00</time>
</trkpt>
<trkpt lat="-15.505179" lon="-70.137149">
<ele>3838.9</ele>
<time>2026-10-06T18:02:24-05:00</time>
</trkpt>
<trkpt lat="-15.50512" lon="-70.137081">
<ele>3838.7</ele>
<time>2026-10-06T18:02:26-05:00</time>
</trkpt>
<trkpt lat="-15.505049" lon="-70.136994">
<ele>3838.0</ele>
<time>2026-10-06T18:02:28-05:00</time>
</trkpt>
<trkpt lat="-15.504985" lon="-70.136929">
<ele>3837.9</ele>
<time>2026-10-06T18:02:30-05:00</time>
</trkpt>
<trkpt lat="-15.50491" lon="-70.13685">
<ele>3837.0</ele>
<time>2026-10-06T18:02:32-05:00</time>
</trkpt>
<trkpt lat="-15.504843" lon="-70.136782">
<ele>3837.2</ele>
<time>2026-10-06T18:02:34-05:00</time>
</trkpt>
<trkpt lat="-15.50475" lon="-70.136698">
<ele>3837.2</ele>
<time>2026-10-06T18:02:36-05:00</time>
</trkpt>
<trkpt lat="-15.50469" lon="-70.136631">
<ele>3837.0</ele>
<time>2026-10-06T18:02:38-05:00</time>
</trkpt>
<trkpt lat="-15.504641" lon="-70.136544">
<ele>3837.2</ele>
<time>2026-10-06T18:02:40-05:00</time>
</trkpt>
<trkpt lat="-15.504606" lon="-70.136502">
<ele>3836.9</ele>
<time>2026-10-06T18:02:42-05:00</time>
</trkpt>
<trkpt lat="-15.504609" lon="-70.136504">
<ele>3837.8</ele>
<time>2026-10-06T18:02:44-05:00</time>
</trkpt>
<trkpt lat="-15.504602" lon="-70.13651">
<ele>3837.1</ele>
<time>2026-10-06T18:02:46-05:00</time>
</trkpt>
<trkpt lat="-15.50461" lon="-70.136508">
<ele>3836.6</ele>
<time>2026-10-06T18:02:48-05:00</time>
</trkpt>
<trkpt lat="-15.504618" lon="-70.136519">
<ele>3837.1</ele>
<time>2026-10-06T18:02:50-05:00</time>
</trkpt>
<trkpt lat="-15.504608" lon="-70.136516">
<ele>3836.9</ele>
<time>2026-10-06T18:02:52-05:00</time>
</trkpt>
<trkpt lat="-15.504594" lon="-70.136532">
<ele>3836.9</ele>
<time>2026-10-06T18:02:54-05:00</time>
</trkpt>
<trkpt lat="-15.504599" lon="-70.136523">
<ele>3836.8</ele>
<time>2026-10-06T18:02:56-05:00</time>
</trkpt>
<trkpt lat="-15.5046" lon="-70.136527">
<ele>3836.4</ele>
<time>2026-10-06T18:02:58-05:00</time>
</trkpt>
<trkpt lat="-15.504612" lon="-70.136526">
<ele>3837.2</ele>
<time>2026-10-06T18:03:00-05:00</time>
</trkpt>
<trkpt lat="-15.504605" lon="-70.136519">
<ele>3837.1</ele>
<time>2026-10-06T18:03:02-05:00</time>
</trkpt>
<trkpt lat="-15.504548" lon="-70.136486">
<ele>3837.2</ele>
<time>2026-10-06T18:03:04-05:00</time>
</trkpt>
<trkpt lat="-15.504425" lon="-70.136416">
<ele>3837.3</ele>
<time>2026-10-06T18:03:06-05:00</time>
</trkpt>
<trkpt lat="-15.504315" lon="-70.136318">
<ele>3836.4</ele>
<time>2026-10-06T18:03:08-05:00</time>
</trkpt>
<trkpt lat="-15.504256" lon="-70.136223">
<ele>3835.5</ele>
<time>2026-10-06T18:03:10-05:00</time>
</trkpt>
<trkpt lat="-15.50422" lon="-70.1362">
<ele>3836.8</ele>
<time>2026-10-06T18:03:12-05:00</time>
</trkpt>
<trkpt lat="-15.504215" lon="-70.136199">
<ele>3835.6</ele>
<time>2026-10-06T18:03:14-05:00</time>
</trkpt>
<trkpt lat="-15.504229" lon="-70.136197">
<ele>3836.0</ele>
<time>2026-10-06T18:03:16-05:00</time>
</trkpt>
<trkpt lat="-15.504238" lon="-70.136214">
<ele>3836.7</ele>
<time>2026-10-06T18:03:18-05:00</time>
</trkpt>
<trkpt lat="-15.504232" lon="-70.136224">
<ele>3836.1</ele>
<time>2026-10-06T18:03:20-05:00</time>
</trkpt>
<trkpt lat="-15.504235" lon="-70.13622">
<ele>3836.1</ele>
<time>2026-10-06T18:03:22-05:00</time>
</trkpt>
<trkpt lat="-15.504253" lon="-70.136213">
<ele>3836.1</ele>
<time>2026-10-06T18:03:24-05:00</time>
</trkpt>
<trkpt lat="-15.504236" lon="-70.13622">
<ele>3836.5</ele>
<time>2026-10-06T18:03:26-05:00</time>
</trkpt>
<trkpt lat="-15.504245" lon="-70.136213">
<ele>3837.1</ele>
<time>2026-10-06T18:03:28-05:00</time>
</trkpt>
<trkpt lat="-15.504257" lon="-70.136223">
<ele>3836.3</ele>
<time>2026-10-06T18:03:30-05:00</time>
</trkpt>
<trkpt lat="-15.504274" lon="-70.136216">
<ele>3836.7</ele>
<time>2026-10-06T18:03:32-05:00</time>
</trkpt>
<trkpt lat="-15.504275" lon="-70.136222">
<ele>3836.5</ele>
<time>2026-10-06T18:03:34-05:00</time>
</trkpt>
<trkpt lat="-15.50428" lon="-70.13622">
<ele>3837.4</ele>
<time>2026-10-06T18:03:36-05:00</time>
</trkpt>
<trkpt lat="-15.504256" lon="-70.136207">
<ele>3836.2</ele>
<time>2026-10-06T18:03:38-05:00</time>
</trkpt>
<trkpt lat="-15.50424" lon="-70.136196">
<ele>3836.1</ele>
<time>2026-10-06T18:03:40-05:00</time>
</trkpt>
<trkpt lat="-15.504236" lon="-70.136196">
<ele>3836.7</ele>
<time>2026-10-06T18:03:42-05:00</time>
</trkpt>
<trkpt lat="-15.504225" lon="-70.136212">
<ele>3835.6</ele>
<time>2026-10-06T18:03:44-05:00</time>
</trkpt>
<trkpt lat="-15.504215" lon="-70.136225">
<ele>3836.2</ele>
<time>2026-10-06T18:03:46-05:00</time>
</trkpt>
<trkpt lat="-15.504184" lon="-70.13626">
<ele>3836.1</ele>
<time>2026-10-06T18:03:48-05:00</time>
</trkpt>
<trkpt lat="-15.504155" lon="-70.136258">
<ele>3836.3</ele>
<time>2026-10-06T18:03:50-05:00</time>
</trkpt>
<trkpt lat="-15.504057" lon="-70.13615">
<ele>3834.9</ele>
<time>2026-10-06T18:03:52-05:00</time>
</trkpt>
<trkpt lat="-15.503967" lon="-70.13605">
<ele>3835.3</ele>
<time>2026-10-06T18:03:54-05:00</time>
</trkpt>
<trkpt lat="-15.503899" lon="-70.135977">
<ele>3834.6</ele>
<time>2026-10-06T18:03:56-05:00</time>
</trkpt>
<trkpt lat="-15.503818" lon="-70.135914">
<ele>3834.0</ele>
<time>2026-10-06T18:03:58-05:00</time>
</trkpt>
<trkpt lat="-15.50375" lon="-70.135847">
<ele>3833.9</ele>
<time>2026-10-06T18:04:00-05:00</time>
</trkpt>
<trkpt lat="-15.503705" lon="-70.135759">
<ele>3833.8</ele>
<time>2026-10-06T18:04:02-05:00</time>
</trkpt>
<trkpt lat="-15.50365" lon="-70.135647">
<ele>3834.0</ele>
<time>2026-10-06T18:04:04-05:00</time>
</trkpt>
<trkpt lat="-15.503583" lon="-70.135553">
<ele>3832.9</ele>
<time>2026-10-06T18:04:06-05:00</time>
</trkpt>
<trkpt lat="-15.503522" lon="-70.135447">
<ele>3833.5</ele>
<time>2026-10-06T18:04:08-05:00</time>
</trkpt>
<trkpt lat="-15.503469" lon="-70.135366">
<ele>3833.4</ele>
<time>2026-10-06T18:04:10-05:00</time>
</trkpt>
<trkpt lat="-15.503446" lon="-70.135317">
<ele>3834.1</ele>
<time>2026-10-06T18:04:12-05:00</time>
</trkpt>
<trkpt lat="-15.503423" lon="-70.135278">
<ele>3833.6</ele>
<time>2026-10-06T18:04:14-05:00</time>
</trkpt>
<trkpt lat="-15.503415" lon="-70.135267">
<ele>3833.0</ele>
<time>2026-10-06T18:04:16-05:00</time>
</trkpt>
<trkpt lat="-15.503417" lon="-70.135265">
<ele>3833.2</ele>
<time>2026-10-06T18:04:18-05:00</time>
</trkpt>
<trkpt lat="-15.503417" lon="-70.135246">
<ele>3833.6</ele>
<time>2026-10-06T18:04:20-05:00</time>
</trkpt>
<trkpt lat="-15.503406" lon="-70.135248">
<ele>3833.5</ele>
<time>2026-10-06T18:04:22-05:00</time>
</trkpt>
<trkpt lat="-15.503396" lon="-70.135229">
<ele>3833.3</ele>
<time>2026-10-06T18:04:24-05:00</time>
</trkpt>
<trkpt lat="-15.503385" lon="-70.135235">
<ele>3832.6</ele>
<time>2026-10-06T18:04:26-05:00</time>
</trkpt>
<trkpt lat="-15.503391" lon="-70.135226">
<ele>3833.0</ele>
<time>2026-10-06T18:04:28-05:00</time>
</trkpt>
<trkpt lat="-15.503399" lon="-70.135242">
<ele>3833.1</ele>
<time>2026-10-06T18:04:30-05:00</time>
</trkpt>
<trkpt lat="-15.503373" lon="-70.135254">
<ele>3833.2</ele>
<time>2026-10-06T18:04:32-05:00</time>
</trkpt>
<trkpt lat="-15.503381" lon="-70.135239">
<ele>3833.9</ele>
<time>2026-10-06T18:04:34-05:00</time>
</trkpt>
<trkpt lat="-15.503384" lon="-70.135247">
<ele>3833.6</ele>
<time>2026-10-06T18:04:36-05:00</time>
</trkpt>
<trkpt lat="-15.503393" lon="-70.135232">
<ele>3833.5</ele>
<time>2026-10-06T18:04:38-05:00</time>
</trkpt>
<trkpt lat="-15.503381" lon="-70.135227">
<ele>3833.3</ele>
<time>2026-10-06T18:04:40-05:00</time>
</trkpt>
<trkpt lat="-15.503363" lon="-70.135205">
<ele>3832.5</ele>
<time>2026-10-06T18:04:42-05:00</time>
</trkpt>
<trkpt lat="-15.50332" lon="-70.135129">
<ele>3833.2</ele>
<time>2026-10-06T18:04:44-05:00</time>
</trkpt>
<trkpt lat="-15.503241" lon="-70.135038">
<ele>3832.2</ele>
<time>2026-10-06T18:04:46-05:00</time>
</trkpt>
<trkpt lat="-15.503153" lon="-70.134956">
<ele>3832.6</ele>
<time>2026-10-06T18:04:48-05:00</time>
</trkpt>
<trkpt lat="-15.503098" lon="-70.134908">
<ele>3831.5</ele>
<time>2026-10-06T18:04:50-05:00</time>
</trkpt>
<trkpt lat="-15.503062" lon="-70.134904">
<ele>3831.8</ele>
<time>2026-10-06T18:04:52-05:00</time>
</trkpt>
<trkpt lat="-15.503056" lon="-70.134933">
<ele>3832.1</ele>
<time>2026-10-06T18:04:54-05:00</time>
</trkpt>
<trkpt lat="-15.503044" lon="-70.13495">
<ele>3831.1</ele>
<time>2026-10-06T18:04:56-05:00</time>
</trkpt>
<trkpt lat="-15.503005" lon="-70.134963">
<ele>3832.1</ele>
<time>2026-10-06T18:04:58-05:00</time>
</trkpt>
<trkpt lat="-15.502975" lon="-70.134971">
<ele>3832.2</ele>
<time>2026-10-06T18:05:00-05:00</time>
</trkpt>
<trkpt lat="-15.502928" lon="-70.134983">
<ele>3832.2</ele>
<time>2026-10-06T18:05:02-05:00</time>
</trkpt>
<trkpt lat="-15.502889" lon="-70.135011">
<ele>3832.2</ele>
<time>2026-10-06T18:05:04-05:00</time>
</trkpt>
<trkpt lat="-15.502848" lon="-70.135056">
<ele>3832.0</ele>
<time>2026-10-06T18:05:06-05:00</time>
</trkpt>
<trkpt lat="-15.502823" lon="-70.135105">
<ele>3831.9</ele>
<time>2026-10-06T18:05:08-05:00</time>
</trkpt>
<trkpt lat="-15.502798" lon="-70.135129">
<ele>3832.0</ele>
<time>2026-10-06T18:05:10-05:00</time>
</trkpt>
<trkpt lat="-15.502772" lon="-70.13514">
<ele>3831.4</ele>
<time>2026-10-06T18:05:12-05:00</time>
</trkpt>
<trkpt lat="-15.502736" lon="-70.135157">
<ele>3832.9</ele>
<time>2026-10-06T18:05:14-05:00</time>
</trkpt>
<trkpt lat="-15.502705" lon="-70.135192">
<ele>3832.0</ele>
<time>2026-10-06T18:05:16-05:00</time>
</trkpt>
<trkpt lat="-15.502651" lon="-70.135231">
<ele>3831.3</ele>
<time>2026-10-06T18:05:18-05:00</time>
</trkpt>
<trkpt lat="-15.502608" lon="-70.135268">
<ele>3831.6</ele>
<time>2026-10-06T18:05:20-05:00</time>
</trkpt>
<trkpt lat="-15.502587" lon="-70.135296">
<ele>3831.8</ele>
<time>2026-10-06T18:05:22-05:00</time>
</trkpt>
<trkpt lat="-15.502557" lon="-70.135337">
<ele>3832.1</ele>
<time>2026-10-06T18:05:24-05:00</time>
</trkpt>
<trkpt lat="-15.502522" lon="-70.135372">
<ele>3831.2</ele>
<time>2026-10-06T18:05:26-05:00</time>
</trkpt>
<trkpt lat="-15.502483" lon="-70.135402">
<ele>3832.7</ele>
<time>2026-10-06T18:05:28-05:00</time>
</trkpt>
<trkpt lat="-15.502436" lon="-70.135446">
<ele>3831.8</ele>
<time>2026-10-06T18:05:30-05:00</time>
</trkpt>
<trkpt lat="-15.502416" lon="-70.135472">
<ele>3831.3</ele>
<time>2026-10-06T18:05:32-05:00</time>
</trkpt>
<trkpt lat="-15.502371" lon="-70.135487">
<ele>3831.9</ele>
<time>2026-10-06T18:05:34-05:00</time>
</trkpt>
<trkpt lat="-15.502334" lon="-70.135516">
<ele>3831.8</ele>
<time>2026-10-06T18:05:36-05:00</time>
</trkpt>
<trkpt lat="-15.502294" lon="-70.135558">
<ele>3831.9</ele>
<time>2026-10-06T18:05:38-05:00</time>
</trkpt>
<trkpt lat="-15.502243" lon="-70.135574">
<ele>3832.9</ele>
<time>2026-10-06T18:05:40-05:00</time>
</trkpt>
<trkpt lat="-15.502202" lon="-70.135599">
<ele>3831.4</ele>
<time>2026-10-06T18:05:42-05:00</time>
</trkpt>
<trkpt lat="-15.50217" lon="-70.135625">
<ele>3831.7</ele>
<time>2026-10-06T18:05:44-05:00</time>
</trkpt>
<trkpt lat="-15.502131" lon="-70.135654">
<ele>3832.0</ele>
<time>2026-10-06T18:05:46-05:00</time>
</trkpt>
<trkpt lat="-15.502086" lon="-70.135657">
<ele>3832.6</ele>
<time>2026-10-06T18:05:48-05:00</time>
</trkpt>
<trkpt lat="-15.502033" lon="-70.135675">
<ele>3832.1</ele>
<time>2026-10-06T18:05:50-05:00</time>
</trkpt>
<trkpt lat="-15.501978" lon="-70.135695">
<ele>3831.8</ele>
<time>2026-10-06T18:05:52-05:00</time>
</trkpt>
<trkpt lat="-15.50194" lon="-70.135719">
<ele>3831.5</ele>
<time>2026-10-06T18:05:54-05:00</time>
</trkpt>
<trkpt lat="-15.501891" lon="-70.135749">
<ele>3831.3</ele>
<time>2026-10-06T18:05:56-05:00</time>
</trkpt>
<trkpt lat="-15.501874" lon="-70.13578">
<ele>3831.5</ele>
<time>2026-10-06T18:05:58-05:00</time>
</trkpt>
<trkpt lat="-15.501862" lon="-70.135776">
<ele>3832.0</ele>
<time>2026-10-06T18:06:00-05:00</time>
</trkpt>
<trkpt lat="-15.501862" lon="-70.135768">
<ele>3830.7</ele>
<time>2026-10-06T18:06:02-05:00</time>
</trkpt>
<trkpt lat="-15.501865" lon="-70.135777">
<ele>3831.4</ele>
<time>2026-10-06T18:06:04-05:00</time>
</trkpt>
<trkpt lat="-15.501852" lon="-70.135773">
<ele>3831.2</ele>
<time>2026-10-06T18:06:06-05:00</time>
</trkpt>
<trkpt lat="-15.501849" lon="-70.13577">
<ele>3831.7</ele>
<time>2026-10-06T18:06:08-05:00</time>
</trkpt>
<trkpt lat="-15.501853" lon="-70.13577">
<ele>3831.3</ele>
<time>2026-10-06T18:06:10-05:00</time>
</trkpt>
<trkpt lat="-15.501865" lon="-70.13578">
<ele>3831.2</ele>
<time>2026-10-06T18:06:12-05:00</time>
</trkpt>
<trkpt lat="-15.501875" lon="-70.135774">
<ele>3831.3</ele>
<time>2026-10-06T18:06:14-05:00</time>
</trkpt>
<trkpt lat="-15.501869" lon="-70.135757">
<ele>3831.0</ele>
<time>2026-10-06T18:06:16-05:00</time>
</trkpt>
<trkpt lat="-15.501867" lon="-70.135758">
<ele>3830.5</ele>
<time>2026-10-06T18:06:18-05:00</time>
</trkpt>
<trkpt lat="-15.501846" lon="-70.135742">
<ele>3830.8</ele>
<time>2026-10-06T18:06:20-05:00</time>
</trkpt>
<trkpt lat="-15.501844" lon="-70.135741">
<ele>3831.4</ele>
<time>2026-10-06T18:06:22-05:00</time>
</trkpt>
<trkpt lat="-15.501843" lon="-70.13575">
<ele>3830.7</ele>
<time>2026-10-06T18:06:24-05:00</time>
</trkpt>
<trkpt lat="-15.501848" lon="-70.135768">
<ele>3830.4</ele>
<time>2026-10-06T18:06:26-05:00</time>
</trkpt>
<trkpt lat="-15.501852" lon="-70.135769">
<ele>3831.2</ele>
<time>2026-10-06T18:06:28-05:00</time>
</trkpt>
<trkpt lat="-15.501859" lon="-70.135773">
<ele>3831.0</ele>
<time>2026-10-06T18:06:30-05:00</time>
</trkpt>
<trkpt lat="-15.501866" lon="-70.13578">
<ele>3831.6</ele>
<time>2026-10-06T18:06:32-05:00</time>
</trkpt>
<trkpt lat="-15.501866" lon="-70.135761">
<ele>3830.6</ele>
<time>2026-10-06T18:06:34-05:00</time>
</trkpt>
<trkpt lat="-15.501865" lon="-70.135773">
<ele>3832.1</ele>
<time>2026-10-06T18:06:36-05:00</time>
</trkpt>
<trkpt lat="-15.501878" lon="-70.135775">
<ele>3831.0</ele>
<time>2026-10-06T18:06:38-05:00</time>
</trkpt>
<trkpt lat="-15.501876" lon="-70.135748">
<ele>3830.9</ele>
<time>2026-10-06T18:06:40-05:00</time>
</trkpt>
<trkpt lat="-15.501861" lon="-70.135719">
<ele>3831.9</ele>
<time>2026-10-06T18:06:42-05:00</time>
</trkpt>
<trkpt lat="-15.501856" lon="-70.135732">
<ele>3831.0</ele>
<time>2026-10-06T18:06:44-05:00</time>
</trkpt>
<trkpt lat="-15.501833" lon="-70.135732">
<ele>3831.0</ele>
<time>2026-10-06T18:06:46-05:00</time>
</trkpt>
<trkpt lat="-15.501773" lon="-70.13576">
<ele>3830.9</ele>
<time>2026-10-06T18:06:48-05:00</time>
</trkpt>
<trkpt lat="-15.501715" lon="-70.135752">
<ele>3830.9</ele>
<time>2026-10-06T18:06:50-05:00</time>
</trkpt>
<trkpt lat="-15.501673" lon="-70.135773">
<ele>3830.9</ele>
<time>2026-10-06T18:06:52-05:00</time>
</trkpt>
<trkpt lat="-15.501624" lon="-70.13577">
<ele>3830.3</ele>
<time>2026-10-06T18:06:54-05:00</time>
</trkpt>
<trkpt lat="-15.501583" lon="-70.135777">
<ele>3831.1</ele>
<time>2026-10-06T18:06:56-05:00</time>
</trkpt>
<trkpt lat="-15.501535" lon="-70.135784">
<ele>3830.4</ele>
<time>2026-10-06T18:06:58-05:00</time>
</trkpt>
<trkpt lat="-15.501529" lon="-70.135829">
<ele>3830.8</ele>
<time>2026-10-06T18:07:00-05:00</time>
</trkpt>
<trkpt lat="-15.501504" lon="-70.13585">
<ele>3831.6</ele>
<time>2026-10-06T18:07:02-05:00</time>
</trkpt>
<trkpt lat="-15.501457" lon="-70.135878">
<ele>3831.0</ele>
<time>2026-10-06T18:07:04-05:00</time>
</trkpt>
<trkpt lat="-15.501437" lon="-70.135907">
<ele>3830.4</ele>
<time>2026-10-06T18:07:06-05:00</time>
</trkpt>
<trkpt lat="-15.501403" lon="-70.13594">
<ele>3830.9</ele>
<time>2026-10-06T18:07:08-05:00</time>
</trkpt>
<trkpt lat="-15.501393" lon="-70.135976">
<ele>3830.6</ele>
<time>2026-10-06T18:07:10-05:00</time>
</trkpt>
<trkpt lat="-15.501373" lon="-70.136008">
<ele>3830.3</ele>
<time>2026-10-06T18:07:12-05:00</time>
</trkpt>
<trkpt lat="-15.501329" lon="-70.136051">
<ele>3830.7</ele>
<time>2026-10-06T18:07:14-05:00</time>
</trkpt>
<trkpt lat="-15.501289" lon="-70.136089">
<ele>3831.0</ele>
<time>2026-10-06T18:07:16-05:00</time>
</trkpt>
<trkpt lat="-15.501248" lon="-70.136125">
<ele>3831.2</ele>
<time>2026-10-06T18:07:18-05:00</time>
</trkpt>
<trkpt lat="-15.501206" lon="-70.136159">
<ele>3831.1</ele>
<time>2026-10-06T18:07:20-05:00</time>
</trkpt>
<trkpt lat="-15.501177" lon="-70.136188">
<ele>3831.6</ele>
<time>2026-10-06T18:07:22-05:00</time>
</trkpt>
<trkpt lat="-15.501157" lon="-70.136221">
<ele>3831.4</ele>
<time>2026-10-06T18:07:24-05:00</time>
</trkpt>
<trkpt lat="-15.501128" lon="-70.13625">
<ele>3830.2</ele>
<time>2026-10-06T18:07:26-05:00</time>
</trkpt>
<trkpt lat="-15.501106" lon="-70.136265">
<ele>3830.6</ele>
<time>2026-10-06T18:07:28-05:00</time>
</trkpt>
<trkpt lat="-15.501084" lon="-70.136284">
<ele>3831.5</ele>
<time>2026-10-06T18:07:30-05:00</time>
</trkpt>
<trkpt lat="-15.501077" lon="-70.136296">
<ele>3831.1</ele>
<time>2026-10-06T18:07:32-05:00</time>
</trkpt>
<trkpt lat="-15.501063" lon="-70.136292">
<ele>3830.9</ele>
<time>2026-10-06T18:07:34-05:00</time>
</trkpt>
<trkpt lat="-15.50103" lon="-70.136298">
<ele>3830.7</ele>
<time>2026-10-06T18:07:36-05:00</time>
</trkpt>
<trkpt lat="-15.500987" lon="-70.13627">
<ele>3830.9</ele>
<time>2026-10-06T18:07:38-05:00</time>
</trkpt>
<trkpt lat="-15.500926" lon="-70.136255">
<ele>3830.7</ele>
<time>2026-10-06T18:07:40-05:00</time>
</trkpt>
<trkpt lat="-15.500866" lon="-70.136222">
<ele>3829.8</ele>
<time>2026-10-06T18:07:42-05:00</time>
</trkpt>
<trkpt lat="-15.500834" lon="-70.136213">
<ele>3830.4</ele>
<time>2026-10-06T18:07:44-05:00</time>
</trkpt>
<trkpt lat="-15.500797" lon="-70.136195">
<ele>3829.7</ele>
<time>2026-10-06T18:07:46-05:00</time>
</trkpt>
<trkpt lat="-15.500729" lon="-70.136186">
<ele>3830.2</ele>
<time>2026-10-06T18:07:48-05:00</time>
</trkpt>
<trkpt lat="-15.500658" lon="-70.136156">
<ele>3828.9</ele>
<time>2026-10-06T18:07:50-05:00</time>
</trkpt>
<trkpt lat="-15.500611" lon="-70.136113">
<ele>3830.0</ele>
<time>2026-10-06T18:07:52-05:00</time>
</trkpt>
<trkpt lat="-15.500581" lon="-70.136094">
<ele>3829.2</ele>
<time>2026-10-06T18:07:54-05:00</time>
</trkpt>
<trkpt lat="-15.500541" lon="-70.13606">
<ele>3829.1</ele>
<time>2026-10-06T18:07:56-05:00</time>
</trkpt>
<trkpt lat="-15.500494" lon="-70.136051">
<ele>3829.2</ele>
<time>2026-10-06T18:07:58-05:00</time>
</trkpt>
<trkpt lat="-15.500492" lon="-70.136058">
<ele>3828.9</ele>
<time>2026-10-06T18:08:00-05:00</time>
</trkpt>
<trkpt lat="-15.500507" lon="-70.136087">
<ele>3828.8</ele>
<time>2026-10-06T18:08:02-05:00</time>
</trkpt>
<trkpt lat="-15.500524" lon="-70.136062">
<ele>3828.8</ele>
<time>2026-10-06T18:08:04-05:00</time>
</trkpt>
<trkpt lat="-15.500548" lon="-70.136034">
<ele>3828.1</ele>
<time>2026-10-06T18:08:06-05:00</time>
</trkpt>
<trkpt lat="-15.500585" lon="-70.135996">
<ele>3829.1</ele>
<time>2026-10-06T18:08:08-05:00</time>
</trkpt>
<trkpt lat="-15.500609" lon="-70.135952">
<ele>3828.6</ele>
<time>2026-10-06T18:08:10-05:00</time>
</trkpt>
<trkpt lat="-15.500628" lon="-70.135917">
<ele>3828.7</ele>
<time>2026-10-06T18:08:12-05:00</time>
</trkpt>
<trkpt lat="-15.500654" lon="-70.135878">
<ele>3829.1</ele>
<time>2026-10-06T18:08:14-05:00</time>
</trkpt>
<trkpt lat="-15.50069" lon="-70.135848">
<ele>3829.0</ele>
<time>2026-10-06T18:08:16-05:00</time>
</trkpt>
<trkpt lat="-15.500722" lon="-70.135826">
<ele>3829.0</ele>
<time>2026-10-06T18:08:18-05:00</time>
</trkpt>
<trkpt lat="-15.500748" lon="-70.135794">
<ele>3829.5</ele>
<time>2026-10-06T18:08:20-05:00</time>
</trkpt>
<trkpt lat="-15.500791" lon="-70.135768">
<ele>3828.9</ele>
<time>2026-10-06T18:08:22-05:00</time>
</trkpt>
<trkpt lat="-15.500822" lon="-70.135734">
<ele>3829.1</ele>
<time>2026-10-06T18:08:24-05:00</time>
</trkpt>
<trkpt lat="-15.500861" lon="-70.135708">
<ele>3829.6</ele>
<time>2026-10-06T18:08:26-05:00</time>
</trkpt>
<trkpt lat="-15.50091" lon="-70.135682">
<ele>3828.8</ele>
<time>2026-10-06T18:08:28-05:00</time>
</trkpt>
<trkpt lat="-15.500961" lon="-70.13564">
<ele>3829.1</ele>
<time>2026-10-06T18:08:30-05:00</time>
</trkpt>
<trkpt lat="-15.501019" lon="-70.135595">
<ele>3830.0</ele>
<time>2026-10-06T18:08:32-05:00</time>
</trkpt>
<trkpt lat="-15.501068" lon="-70.135563">
<ele>3829.7</ele>
<time>2026-10-06T18:08:34-05:00</time>
</trkpt>
<trkpt lat="-15.501101" lon="-70.135534">
<ele>3829.1</ele>
<time>2026-10-06T18:08:36-05:00</time>
</trkpt>
<trkpt lat="-15.50114" lon="-70.135508">
<ele>3830.2</ele>
<time>2026-10-06T18:08:38-05:00</time>
</trkpt>
<trkpt lat="-15.501168" lon="-70.135482">
<ele>3829.6</ele>
<time>2026-10-06T18:08:40-05:00</time>
</trkpt>
<trkpt lat="-15.501199" lon="-70.135456">
<ele>3830.3</ele>
<time>2026-10-06T18:08:42-05:00</time>
</trkpt>
<trkpt lat="-15.501227" lon="-70.13541">
<ele>3830.2</ele>
<time>2026-10-06T18:08:44-05:00</time>
</trkpt>
<trkpt lat="-15.501262" lon="-70.13538">
<ele>3830.5</ele>
<time>2026-10-06T18:08:46-05:00</time>
</trkpt>
<trkpt lat="-15.501279" lon="-70.135351">
<ele>3831.0</ele>
<time>2026-10-06T18:08:48-05:00</time>
</trkpt>
<trkpt lat="-15.501285" lon="-70.135312">
<ele>3830.1</ele>
<time>2026-10-06T18:08:50-05:00</time>
</trkpt>
<trkpt lat="-15.501338" lon="-70.135268">
<ele>3830.4</ele>
<time>2026-10-06T18:08:52-05:00</time>
</trkpt>
<trkpt lat="-15.501379" lon="-70.135236">
<ele>3829.9</ele>
<time>2026-10-06T18:08:54-05:00</time>
</trkpt>
<trkpt lat="-15.501424" lon="-70.135214">
<ele>3830.4</ele>
<time>2026-10-06T18:08:56-05:00</time>
</trkpt>
<trkpt lat="-15.501454" lon="-70.135191">
<ele>3830.7</ele>
<time>2026-10-06T18:08:58-05:00</time>
</trkpt>
<trkpt lat="-15.501477" lon="-70.135181">
<ele>3830.2</ele>
<time>2026-10-06T18:09:00-05:00</time>
</trkpt>
<trkpt lat="-15.501506" lon="-70.13517">
<ele>3831.7</ele>
<time>2026-10-06T18:09:02-05:00</time>
</trkpt>
<trkpt lat="-15.501532" lon="-70.135134">
<ele>3829.2</ele>
<time>2026-10-06T18:09:04-05:00</time>
</trkpt>
<trkpt lat="-15.501576" lon="-70.135106">
<ele>3830.7</ele>
<time>2026-10-06T18:09:06-05:00</time>
</trkpt>
<trkpt lat="-15.501595" lon="-70.135068">
<ele>3830.6</ele>
<time>2026-10-06T18:09:08-05:00</time>
</trkpt>
<trkpt lat="-15.501634" lon="-70.135036">
<ele>3830.7</ele>
<time>2026-10-06T18:09:10-05:00</time>
</trkpt>
<trkpt lat="-15.501646" lon="-70.135004">
<ele>3830.1</ele>
<time>2026-10-06T18:09:12-05:00</time>
</trkpt>
<trkpt lat="-15.501676" lon="-70.134985">
<ele>3829.8</ele>
<time>2026-10-06T18:09:14-05:00</time>
</trkpt>
<trkpt lat="-15.501703" lon="-70.134951">
<ele>3830.1</ele>
<time>2026-10-06T18:09:16-05:00</time>
</trkpt>
<trkpt lat="-15.501728" lon="-70.134904">
<ele>3830.4</ele>
<time>2026-10-06T18:09:18-05:00</time>
</trkpt>
<trkpt lat="-15.501761" lon="-70.134871">
<ele>3830.3</ele>
<time>2026-10-06T18:09:20-05:00</time>
</trkpt>
<trkpt lat="-15.501793" lon="-70.134843">
<ele>3830.4</ele>
<time>2026-10-06T18:09:22-05:00</time>
</trkpt>
<trkpt lat="-15.501811" lon="-70.134816">
<ele>3830.4</ele>
<time>2026-10-06T18:09:24-05:00</time>
</trkpt>
<trkpt lat="-15.501839" lon="-70.134794">
<ele>3829.8</ele>
<time>2026-10-06T18:09:26-05:00</time>
</trkpt>
<trkpt lat="-15.501828" lon="-70.134776">
<ele>3829.7</ele>
<time>2026-10-06T18:09:28-05:00</time>
</trkpt>
<trkpt lat="-15.501807" lon="-70.134732">
<ele>3830.4</ele>
<time>2026-10-06T18:09:30-05:00</time>
</trkpt>
<trkpt lat="-15.501769" lon="-70.134708">
<ele>3830.5</ele>
<time>2026-10-06T18:09:32-05:00</time>
</trkpt>
<trkpt lat="-15.501728" lon="-70.134663">
<ele>3829.3</ele>
<time>2026-10-06T18:09:34-05:00</time>
</trkpt>
<trkpt lat="-15.501686" lon="-70.134626">
<ele>3829.7</ele>
<time>2026-10-06T18:09:36-05:00</time>
</trkpt>
<trkpt lat="-15.501654" lon="-70.134601">
<ele>3830.6</ele>
<time>2026-10-06T18:09:38-05:00</time>
</trkpt>
<trkpt lat="-15.501673" lon="-70.134564">
<ele>3829.8</ele>
<time>2026-10-06T18:09:40-05:00</time>
</trkpt>
<trkpt lat="-15.501724" lon="-70.134517">
<ele>3829.9</ele>
<time>2026-10-06T18:09:42-05:00</time>
</trkpt>
<trkpt lat="-15.501762" lon="-70.13445">
<ele>3829.8</ele>
<time>2026-10-06T18:09:44-05:00</time>
</trkpt>
<trkpt lat="-15.501728" lon="-70.134417">
<ele>3830.6</ele>
<time>2026-10-06T18:09:46-05:00</time>
</trkpt>
<trkpt lat="-15.501706" lon="-70.134384">
<ele>3830.1</ele>
<time>2026-10-06T18:09:48-05:00</time>
</trkpt>
<trkpt lat="-15.501736" lon="-70.134353">
<ele>3829.9</ele>
<time>2026-10-06T18:09:50-05:00</time>
</trkpt>
<trkpt lat="-15.501758" lon="-70.134309">
<ele>3830.5</ele>
<time>2026-10-06T18:09:52-05:00</time>
</trkpt>
<trkpt lat="-15.501791" lon="-70.13429">
<ele>3829.8</ele>
<time>2026-10-06T18:09:54-05:00</time>
</trkpt>
<trkpt lat="-15.501821" lon="-70.134271">
<ele>3830.4</ele>
<time>2026-10-06T18:09:56-05:00</time>
</trkpt>
<trkpt lat="-15.501807" lon="-70.134236">
<ele>3829.9</ele>
<time>2026-10-06T18:09:58-05:00</time>
</trkpt>
<trkpt lat="-15.50179" lon="-70.134224">
<ele>3830.2</ele>
<time>2026-10-06T18:10:00-05:00</time>
</trkpt>
<trkpt lat="-15.501775" lon="-70.134193">
<ele>3830.2</ele>
<time>2026-10-06T18:10:02-05:00</time>
</trkpt>
<trkpt lat="-15.50175" lon="-70.134187">
<ele>3830.5</ele>
<time>2026-10-06T18:10:04-05:00</time>
</trkpt>
<trkpt lat="-15.501713" lon="-70.134167">
<ele>3830.3</ele>
<time>2026-10-06T18:10:06-05:00</time>
</trkpt>
<trkpt lat="-15.501686" lon="-70.134121">
<ele>3829.8</ele>
<time>2026-10-06T18:10:08-05:00</time>
</trkpt>
<trkpt lat="-15.501642" lon="-70.134086">
<ele>3830.3</ele>
<time>2026-10-06T18:10:10-05:00</time>
</trkpt>
<trkpt lat="-15.501599" lon="-70.134061">
<ele>3830.1</ele>
<time>2026-10-06T18:10:12-05:00</time>
</trkpt>
<trkpt lat="-15.501564" lon="-70.134023">
<ele>3830.0</ele>
<time>2026-10-06T18:10:14-05:00</time>
</trkpt>
<trkpt lat="-15.501535" lon="-70.133988">
<ele>3830.3</ele>
<time>2026-10-06T18:10:16-05:00</time>
</trkpt>
<trkpt lat="-15.501494" lon="-70.133952">
<ele>3830.0</ele>
<time>2026-10-06T18:10:18-05:00</time>
</trkpt>
<trkpt lat="-15.501466" lon="-70.133917">
<ele>3830.5</ele>
<time>2026-10-06T18:10:20-05:00</time>
</trkpt>
<trkpt lat="-15.501446" lon="-70.133885">
<ele>3829.7</ele>
<time>2026-10-06T18:10:22-05:00</time>
</trkpt>
<trkpt lat="-15.501448" lon="-70.133873">
<ele>3829.7</ele>
<time>2026-10-06T18:10:24-05:00</time>
</trkpt>
<trkpt lat="-15.501424" lon="-70.133878">
<ele>3830.7</ele>
<time>2026-10-06T18:10:26-05:00</time>
</trkpt>
<trkpt lat="-15.501387" lon="-70.133919">
<ele>3830.4</ele>
<time>2026-10-06T18:10:28-05:00</time>
</trkpt>
<trkpt lat="-15.501368" lon="-70.133926">
<ele>3830.4</ele>
<time>2026-10-06T18:10:30-05:00</time>
</trkpt>
<trkpt lat="-15.50132" lon="-70.133952">
<ele>3830.7</ele>
<time>2026-10-06T18:10:32-05:00</time>
</trkpt>
<trkpt lat="-15.501277" lon="-70.134002">
<ele>3829.2</ele>
<time>2026-10-06T18:10:34-05:00</time>
</trkpt>
<trkpt lat="-15.501248" lon="-70.134043">
<ele>3829.7</ele>
<time>2026-10-06T18:10:36-05:00</time>
</trkpt>
<trkpt lat="-15.501213" lon="-70.134053">
<ele>3830.3</ele>
<time>2026-10-06T18:10:38-05:00</time>
</trkpt>
<trkpt lat="-15.501179" lon="-70.134088">
<ele>3830.3</ele>
<time>2026-10-06T18:10:40-05:00</time>
</trkpt>
<trkpt lat="-15.501144" lon="-70.134108">
<ele>3830.1</ele>
<time>2026-10-06T18:10:42-05:00</time>
</trkpt>
<trkpt lat="-15.50112" lon="-70.134142">
<ele>3829.9</ele>
<time>2026-10-06T18:10:44-05:00</time>
</trkpt>
<trkpt lat="-15.501099" lon="-70.134151">
<ele>3830.1</ele>
<time>2026-10-06T18:10:46-05:00</time>
</trkpt>
<trkpt lat="-15.501056" lon="-70.134166">
<ele>3830.0</ele>
<time>2026-10-06T18:10:48-05:00</time>
</trkpt>
<trkpt lat="-15.501013" lon="-70.134182">
<ele>3829.6</ele>
<time>2026-10-06T18:10:50-05:00</time>
</trkpt>
<trkpt lat="-15.501001" lon="-70.134207">
<ele>3830.2</ele>
<time>2026-10-06T18:10:52-05:00</time>
</trkpt>
<trkpt lat="-15.500946" lon="-70.134233">
<ele>3830.2</ele>
<time>2026-10-06T18:10:54-05:00</time>
</trkpt>
<trkpt lat="-15.500906" lon="-70.134255">
<ele>3829.9</ele>
<time>2026-10-06T18:10:56-05:00</time>
</trkpt>
<trkpt lat="-15.500858" lon="-70.134263">
<ele>3829.8</ele>
<time>2026-10-06T18:10:58-05:00</time>
</trkpt>
<trkpt lat="-15.500821" lon="-70.134285">
<ele>3829.3</ele>
<time>2026-10-06T18:11:00-05:00</time>
</trkpt>
<trkpt lat="-15.500789" lon="-70.134304">
<ele>3829.8</ele>
<time>2026-10-06T18:11:02-05:00</time>
</trkpt>
<trkpt lat="-15.500767" lon="-70.134314">
<ele>3829.6</ele>
<time>2026-10-06T18:11:04-05:00</time>
</trkpt>
<trkpt lat="-15.500731" lon="-70.134327">
<ele>3830.1</ele>
<time>2026-10-06T18:11:06-05:00</time>
</trkpt>
<trkpt lat="-15.500684" lon="-70.134338">
<ele>3829.5</ele>
<time>2026-10-06T18:11:08-05:00</time>
</trkpt>
<trkpt lat="-15.500653" lon="-70.134366">
<ele>3830.5</ele>
<time>2026-10-06T18:11:10-05:00</time>
</trkpt>
<trkpt lat="-15.500614" lon="-70.134381">
<ele>3830.8</ele>
<time>2026-10-06T18:11:12-05:00</time>
</trkpt>
<trkpt lat="-15.50056" lon="-70.134393">
<ele>3830.0</ele>
<time>2026-10-06T18:11:14-05:00</time>
</trkpt>
<trkpt lat="-15.500508" lon="-70.134399">
<ele>3829.9</ele>
<time>2026-10-06T18:11:16-05:00</time>
</trkpt>
<trkpt lat="-15.500474" lon="-70.134415">
<ele>3830.1</ele>
<time>2026-10-06T18:11:18-05:00</time>
</trkpt>
<trkpt lat="-15.500424" lon="-70.134439">
<ele>3830.5</ele>
<time>2026-10-06T18:11:20-05:00</time>
</trkpt>
<trkpt lat="-15.500363" lon="-70.134457">
<ele>3829.8</ele>
<time>2026-10-06T18:11:22-05:00</time>
</trkpt>
<trkpt lat="-15.500317" lon="-70.134468">
<ele>3830.3</ele>
<time>2026-10-06T18:11:24-05:00</time>
</trkpt>
<trkpt lat="-15.500263" lon="-70.134489">
<ele>3829.5</ele>
<time>2026-10-06T18:11:26-05:00</time>
</trkpt>
<trkpt lat="-15.500219" lon="-70.134496">
<ele>3829.9</ele>
<time>2026-10-06T18:11:28-05:00</time>
</trkpt>
<trkpt lat="-15.500169" lon="-70.134514">
<ele>3830.0</ele>
<time>2026-10-06T18:11:30-05:00</time>
</trkpt>
<trkpt lat="-15.500117" lon="-70.134536">
<ele>3829.7</ele>
<time>2026-10-06T18:11:32-05:00</time>
</trkpt>
<trkpt lat="-15.500071" lon="-70.134551">
<ele>3830.7</ele>
<time>2026-10-06T18:11:34-05:00</time>
</trkpt>
<trkpt lat="-15.500006" lon="-70.134583">
<ele>3829.6</ele>
<time>2026-10-06T18:11:36-05:00</time>
</trkpt>
<trkpt lat="-15.49994" lon="-70.134587">
<ele>3829.5</ele>
<time>2026-10-06T18:11:38-05:00</time>
</trkpt>
<trkpt lat="-15.499893" lon="-70.134598">
<ele>3829.3</ele>
<time>2026-10-06T18:11:40-05:00</time>
</trkpt>
<trkpt lat="-15.499864" lon="-70.134625">
<ele>3829.7</ele>
<time>2026-10-06T18:11:42-05:00</time>
</trkpt>
<trkpt lat="-15.499862" lon="-70.134643">
<ele>3829.0</ele>
<time>2026-10-06T18:11:44-05:00</time>
</trkpt>
<trkpt lat="-15.499865" lon="-70.134664">
<ele>3828.9</ele>
<time>2026-10-06T18:11:46-05:00</time>
</trkpt>
<trkpt lat="-15.499861" lon="-70.13464">
<ele>3828.8</ele>
<time>2026-10-06T18:11:48-05:00</time>
</trkpt>
<trkpt lat="-15.499853" lon="-70.134606">
<ele>3829.0</ele>
<time>2026-10-06T18:11:50-05:00</time>
</trkpt>
<trkpt lat="-15.499851" lon="-70.134582">
<ele>3829.0</ele>
<time>2026-10-06T18:11:52-05:00</time>
</trkpt>
<trkpt lat="-15.499833" lon="-70.134543">
<ele>3828.7</ele>
<time>2026-10-06T18:11:54-05:00</time>
</trkpt>
<trkpt lat="-15.499809" lon="-70.134497">
<ele>3829.3</ele>
<time>2026-10-06T18:11:56-05:00</time>
</trkpt>
<trkpt lat="-15.4998" lon="-70.134431">
<ele>3829.2</ele>
<time>2026-10-06T18:11:58-05:00</time>
</trkpt>
<trkpt lat="-15.499778" lon="-70.134377">
<ele>3829.9</ele>
<time>2026-10-06T18:12:00-05:00</time>
</trkpt>
<trkpt lat="-15.499757" lon="-70.134334">
<ele>3829.3</ele>
<time>2026-10-06T18:12:02-05:00</time>
</trkpt>
<trkpt lat="-15.499734" lon="-70.134285">
<ele>3829.5</ele>
<time>2026-10-06T18:12:04-05:00</time>
</trkpt>
<trkpt lat="-15.499734" lon="-70.134245">
<ele>3828.3</ele>
<time>2026-10-06T18:12:06-05:00</time>
</trkpt>
<trkpt lat="-15.499721" lon="-70.134193">
<ele>3828.7</ele>
<time>2026-10-06T18:12:08-05:00</time>
</trkpt>
<trkpt lat="-15.499709" lon="-70.134125">
<ele>3828.6</ele>
<time>2026-10-06T18:12:10-05:00</time>
</trkpt>
<trkpt lat="-15.49971" lon="-70.134088">
<ele>3828.6</ele>
<time>2026-10-06T18:12:12-05:00</time>
</trkpt>
<trkpt lat="-15.49968" lon="-70.134052">
<ele>3828.0</ele>
<time>2026-10-06T18:12:14-05:00</time>
</trkpt>
<trkpt lat="-15.499663" lon="-70.134022">
<ele>3828.2</ele>
<time>2026-10-06T18:12:16-05:00</time>
</trkpt>
<trkpt lat="-15.499635" lon="-70.133992">
<ele>3828.0</ele>
<time>2026-10-06T18:12:18-05:00</time>
</trkpt>
<trkpt lat="-15.499636" lon="-70.13396">
<ele>3828.2</ele>
<time>2026-10-06T18:12:20-05:00</time>
</trkpt>
<trkpt lat="-15.499617" lon="-70.133936">
<ele>3828.2</ele>
<time>2026-10-06T18:12:22-05:00</time>
</trkpt>
<trkpt lat="-15.499585" lon="-70.133877">
<ele>3827.1</ele>
<time>2026-10-06T18:12:24-05:00</time>
</trkpt>
<trkpt lat="-15.499558" lon="-70.13384">
<ele>3827.6</ele>
<time>2026-10-06T18:12:26-05:00</time>
</trkpt>
<trkpt lat="-15.499539" lon="-70.13379">
<ele>3827.5</ele>
<time>2026-10-06T18:12:28-05:00</time>
</trkpt>
<trkpt lat="-15.499514" lon="-70.133757">
<ele>3827.5</ele>
<time>2026-10-06T18:12:30-05:00</time>
</trkpt>
<trkpt lat="-15.499499" lon="-70.133692">
<ele>3827.7</ele>
<time>2026-10-06T18:12:32-05:00</time>
</trkpt>
<trkpt lat="-15.499485" lon="-70.133638">
<ele>3827.4</ele>
<time>2026-10-06T18:12:34-05:00</time>
</trkpt>
<trkpt lat="-15.499465" lon="-70.133589">
<ele>3827.1</ele>
<time>2026-10-06T18:12:36-05:00</time>
</trkpt>
<trkpt lat="-15.499451" lon="-70.133561">
<ele>3827.7</ele>
<time>2026-10-06T18:12:38-05:00</time>
</trkpt>
<trkpt lat="-15.499457" lon="-70.133534">
<ele>3827.0</ele>
<time>2026-10-06T18:12:40-05:00</time>
</trkpt>
<trkpt lat="-15.499449" lon="-70.133505">
<ele>3827.2</ele>
<time>2026-10-06T18:12:42-05:00</time>
</trkpt>
<trkpt lat="-15.499435" lon="-70.13348">
<ele>3827.4</ele>
<time>2026-10-06T18:12:44-05:00</time>
</trkpt>
<trkpt lat="-15.499413" lon="-70.133453">
<ele>3827.1</ele>
<time>2026-10-06T18:12:46-05:00</time>
</trkpt>
<trkpt lat="-15.499398" lon="-70.133459">
<ele>3827.0</ele>
<time>2026-10-06T18:12:48-05:00</time>
</trkpt>
<trkpt lat="-15.49938" lon="-70.133474">
<ele>3826.5</ele>
<time>2026-10-06T18:12:50-05:00</time>
</trkpt>
<trkpt lat="-15.499342" lon="-70.133475">
<ele>3827.1</ele>
<time>2026-10-06T18:12:52-05:00</time>
</trkpt>
<trkpt lat="-15.499311" lon="-70.133504">
<ele>3827.7</ele>
<time>2026-10-06T18:12:54-05:00</time>
</trkpt>
<trkpt lat="-15.499266" lon="-70.133535">
<ele>3827.4</ele>
<time>2026-10-06T18:12:56-05:00</time>
</trkpt>
<trkpt lat="-15.499204" lon="-70.133557">
<ele>3827.3</ele>
<time>2026-10-06T18:12:58-05:00</time>
</trkpt>
<trkpt lat="-15.499189" lon="-70.133585">
<ele>3827.0</ele>
<time>2026-10-06T18:13:00-05:00</time>
</trkpt>
<trkpt lat="-15.499146" lon="-70.133593">
<ele>3826.7</ele>
<time>2026-10-06T18:13:02-05:00</time>
</trkpt>
<trkpt lat="-15.499104" lon="-70.133608">
<ele>3827.5</ele>
<time>2026-10-06T18:13:04-05:00</time>
</trkpt>
<trkpt lat="-15.499058" lon="-70.133624">
<ele>3827.5</ele>
<time>2026-10-06T18:13:06-05:00</time>
</trkpt>
<trkpt lat="-15.499013" lon="-70.133638">
<ele>3827.2</ele>
<time>2026-10-06T18:13:08-05:00</time>
</trkpt>
<trkpt lat="-15.498969" lon="-70.133668">
<ele>3827.9</ele>
<time>2026-10-06T18:13:10-05:00</time>
</trkpt>
<trkpt lat="-15.498939" lon="-70.133699">
<ele>3827.9</ele>
<time>2026-10-06T18:13:12-05:00</time>
</trkpt>
<trkpt lat="-15.498904" lon="-70.133735">
<ele>3828.2</ele>
<time>2026-10-06T18:13:14-05:00</time>
</trkpt>
<trkpt lat="-15.498869" lon="-70.133766">
<ele>3828.0</ele>
<time>2026-10-06T18:13:16-05:00</time>
</trkpt>
<trkpt lat="-15.498831" lon="-70.133798">
<ele>3827.6</ele>
<time>2026-10-06T18:13:18-05:00</time>
</trkpt>
<trkpt lat="-15.498802" lon="-70.133807">
<ele>3827.4</ele>
<time>2026-10-06T18:13:20-05:00</time>
</trkpt>
<trkpt lat="-15.498752" lon="-70.133821">
<ele>3828.5</ele>
<time>2026-10-06T18:13:22-05:00</time>
</trkpt>
<trkpt lat="-15.498718" lon="-70.13384">
<ele>3827.8</ele>
<time>2026-10-06T18:13:24-05:00</time>
</trkpt>
<trkpt lat="-15.498687" lon="-70.133874">
<ele>3829.2</ele>
<time>2026-10-06T18:13:26-05:00</time>
</trkpt>
<trkpt lat="-15.498631" lon="-70.133911">
<ele>3828.7</ele>
<time>2026-10-06T18:13:28-05:00</time>
</trkpt>
<trkpt lat="-15.498594" lon="-70.133954">
<ele>3827.8</ele>
<time>2026-10-06T18:13:30-05:00</time>
</trkpt>
<trkpt lat="-15.498538" lon="-70.133963">
<ele>3829.0</ele>
<time>2026-10-06T18:13:32-05:00</time>
</trkpt>
<trkpt lat="-15.498484" lon="-70.133986">
<ele>3829.0</ele>
<time>2026-10-06T18:13:34-05:00</time>
</trkpt>
<trkpt lat="-15.498436" lon="-70.134016">
<ele>3828.7</ele>
<time>2026-10-06T18:13:36-05:00</time>
</trkpt>
<trkpt lat="-15.498399" lon="-70.134041">
<ele>3828.6</ele>
<time>2026-10-06T18:13:38-05:00</time>
</trkpt>
<trkpt lat="-15.498382" lon="-70.134052">
<ele>3828.6</ele>
<time>2026-10-06T18:13:40-05:00</time>
</trkpt>
<trkpt lat="-15.498384" lon="-70.134059">
<ele>3829.0</ele>
<time>2026-10-06T18:13:42-05:00</time>
</trkpt>
<trkpt lat="-15.498377" lon="-70.134033">
<ele>3828.6</ele>
<time>2026-10-06T18:13:44-05:00</time>
</trkpt>
<trkpt lat="-15.498373" lon="-70.134019">
<ele>3829.2</ele>
<time>2026-10-06T18:13:46-05:00</time>
</trkpt>
<trkpt lat="-15.498369" lon="-70.133981">
<ele>3829.5</ele>
<time>2026-10-06T18:13:48-05:00</time>
</trkpt>
<trkpt lat="-15.498362" lon="-70.133931">
<ele>3829.9</ele>
<time>2026-10-06T18:13:50-05:00</time>
</trkpt>
<trkpt lat="-15.498316" lon="-70.133896">
<ele>3829.7</ele>
<time>2026-10-06T18:13:52-05:00</time>
</trkpt>
<trkpt lat="-15.498283" lon="-70.133856">
<ele>3828.7</ele>
<time>2026-10-06T18:13:54-05:00</time>
</trkpt>
<trkpt lat="-15.498253" lon="-70.133822">
<ele>3829.3</ele>
<time>2026-10-06T18:13:56-05:00</time>
</trkpt>
<trkpt lat="-15.498226" lon="-70.133799">
<ele>3830.1</ele>
<time>2026-10-06T18:13:58-05:00</time>
</trkpt>
<trkpt lat="-15.498206" lon="-70.133754">
<ele>3829.2</ele>
<time>2026-10-06T18:14:00-05:00</time>
</trkpt>
<trkpt lat="-15.498184" lon="-70.13372">
<ele>3829.8</ele>
<time>2026-10-06T18:14:02-05:00</time>
</trkpt>
<trkpt lat="-15.49817" lon="-70.133687">
<ele>3829.3</ele>
<time>2026-10-06T18:14:04-05:00</time>
</trkpt>
<trkpt lat="-15.498137" lon="-70.133644">
<ele>3829.2</ele>
<time>2026-10-06T18:14:06-05:00</time>
</trkpt>
<trkpt lat="-15.498125" lon="-70.133596">
<ele>3829.1</ele>
<time>2026-10-06T18:14:08-05:00</time>
</trkpt>
<trkpt lat="-15.498097" lon="-70.133564">
<ele>3829.6</ele>
<time>2026-10-06T18:14:10-05:00</time>
</trkpt>
<trkpt lat="-15.498066" lon="-70.133528">
<ele>3830.2</ele>
<time>2026-10-06T18:14:12-05:00</time>
</trkpt>
<trkpt lat="-15.498043" lon="-70.133493">
<ele>3830.0</ele>
<time>2026-10-06T18:14:14-05:00</time>
</trkpt>
<trkpt lat="-15.498002" lon="-70.133444">
<ele>3829.9</ele>
<time>2026-10-06T18:14:16-05:00</time>
</trkpt>
<trkpt lat="-15.497987" lon="-70.133394">
<ele>3829.9</ele>
<time>2026-10-06T18:14:18-05:00</time>
</trkpt>
<trkpt lat="-15.497944" lon="-70.133369">
<ele>3830.1</ele>
<time>2026-10-06T18:14:20-05:00</time>
</trkpt>
<trkpt lat="-15.497928" lon="-70.133346">
<ele>3830.1</ele>
<time>2026-10-06T18:14:22-05:00</time>
</trkpt>
<trkpt lat="-15.497909" lon="-70.133333">
<ele>3828.7</ele>
<time>2026-10-06T18:14:24-05:00</time>
</trkpt>
<trkpt lat="-15.497896" lon="-70.133293">
<ele>3829.3</ele>
<time>2026-10-06T18:14:26-05:00</time>
</trkpt>
<trkpt lat="-15.497876" lon="-70.133246">
<ele>3829.1</ele>
<time>2026-10-06T18:14:28-05:00</time>
</trkpt>
<trkpt lat="-15.497848" lon="-70.133213">
<ele>3829.9</ele>
<time>2026-10-06T18:14:30-05:00</time>
</trkpt>
<trkpt lat="-15.497808" lon="-70.133168">
<ele>3829.2</ele>
<time>2026-10-06T18:14:32-05:00</time>
</trkpt>
<trkpt lat="-15.497799" lon="-70.133131">
<ele>3829.1</ele>
<time>2026-10-06T18:14:34-05:00</time>
</trkpt>
<trkpt lat="-15.497787" lon="-70.133126">
<ele>3829.1</ele>
<time>2026-10-06T18:14:36-05:00</time>
</trkpt>
<trkpt lat="-15.497759" lon="-70.13308">
<ele>3829.1</ele>
<time>2026-10-06T18:14:38-05:00</time>
</trkpt>
<trkpt lat="-15.497739" lon="-70.13306">
<ele>3829.7</ele>
<time>2026-10-06T18:14:40-05:00</time>
</trkpt>
<trkpt lat="-15.497719" lon="-70.13303">
<ele>3829.7</ele>
<time>2026-10-06T18:14:42-05:00</time>
</trkpt>
<trkpt lat="-15.497711" lon="-70.132986">
<ele>3829.8</ele>
<time>2026-10-06T18:14:44-05:00</time>
</trkpt>
<trkpt lat="-15.497699" lon="-70.132965">
<ele>3828.8</ele>
<time>2026-10-06T18:14:46-05:00</time>
</trkpt>
<trkpt lat="-15.497674" lon="-70.132928">
<ele>3828.3</ele>
<time>2026-10-06T18:14:48-05:00</time>
</trkpt>
<trkpt lat="-15.497661" lon="-70.132907">
<ele>3828.2</ele>
<time>2026-10-06T18:14:50-05:00</time>
</trkpt>
<trkpt lat="-15.497639" lon="-70.132858">
<ele>3828.9</ele>
<time>2026-10-06T18:14:52-05:00</time>
</trkpt>
<trkpt lat="-15.497621" lon="-70.132817">
<ele>3828.3</ele>
<time>2026-10-06T18:14:54-05:00</time>
</trkpt>
<trkpt lat="-15.497574" lon="-70.132787">
<ele>3829.0</ele>
<time>2026-10-06T18:14:56-05:00</time>
</trkpt>
<trkpt lat="-15.497544" lon="-70.132766">
<ele>3828.5</ele>
<time>2026-10-06T18:14:58-05:00</time>
</trkpt>
<trkpt lat="-15.497536" lon="-70.132737">
<ele>3828.5</ele>
<time>2026-10-06T18:15:00-05:00</time>
</trkpt>
<trkpt lat="-15.497509" lon="-70.132709">
<ele>3828.5</ele>
<time>2026-10-06T18:15:02-05:00</time>
</trkpt>
<trkpt lat="-15.4975" lon="-70.132685">
<ele>3828.3</ele>
<time>2026-10-06T18:15:04-05:00</time>
</trkpt>
<trkpt lat="-15.497494" lon="-70.132643">
<ele>3828.6</ele>
<time>2026-10-06T18:15:06-05:00</time>
</trkpt>
<trkpt lat="-15.497449" lon="-70.132598">
<ele>3829.0</ele>
<time>2026-10-06T18:15:08-05:00</time>
</trkpt>
<trkpt lat="-15.497421" lon="-70.132573">
<ele>3828.8</ele>
<time>2026-10-06T18:15:10-05:00</time>
</trkpt>
<trkpt lat="-15.497403" lon="-70.132538">
<ele>3829.6</ele>
<time>2026-10-06T18:15:12-05:00</time>
</trkpt>
<trkpt lat="-15.497404" lon="-70.132514">
<ele>3827.9</ele>
<time>2026-10-06T18:15:14-05:00</time>
</trkpt>
<trkpt lat="-15.497388" lon="-70.132487">
<ele>3828.4</ele>
<time>2026-10-06T18:15:16-05:00</time>
</trkpt>
<trkpt lat="-15.497356" lon="-70.132442">
<ele>3828.6</ele>
<time>2026-10-06T18:15:18-05:00</time>
</trkpt>
<trkpt lat="-15.497325" lon="-70.13241">
<ele>3828.8</ele>
<time>2026-10-06T18:15:20-05:00</time>
</trkpt>
<trkpt lat="-15.497298" lon="-70.132368">
<ele>3829.0</ele>
<time>2026-10-06T18:15:22-05:00</time>
</trkpt>
<trkpt lat="-15.497279" lon="-70.132319">
<ele>3829.5</ele>
<time>2026-10-06T18:15:24-05:00</time>
</trkpt>
<trkpt lat="-15.497245" lon="-70.132311">
<ele>3828.9</ele>
<time>2026-10-06T18:15:26-05:00</time>
</trkpt>
<trkpt lat="-15.497227" lon="-70.132257">
<ele>3829.6</ele>
<time>2026-10-06T18:15:28-05:00</time>
</trkpt>
<trkpt lat="-15.497206" lon="-70.132205">
<ele>3829.5</ele>
<time>2026-10-06T18:15:30-05:00</time>
</trkpt>
<trkpt lat="-15.497188" lon="-70.132172">
<ele>3830.1</ele>
<time>2026-10-06T18:15:32-05:00</time>
</trkpt>
<trkpt lat="-15.497144" lon="-70.132131">
<ele>3830.6</ele>
<time>2026-10-06T18:15:34-05:00</time>
</trkpt>
<trkpt lat="-15.497138" lon="-70.132095">
<ele>3829.4</ele>
<time>2026-10-06T18:15:36-05:00</time>
</trkpt>
<trkpt lat="-15.497108" lon="-70.13204">
<ele>3829.8</ele>
<time>2026-10-06T18:15:38-05:00</time>
</trkpt>
<trkpt lat="-15.497081" lon="-70.132017">
<ele>3829.5</ele>
<time>2026-10-06T18:15:40-05:00</time>
</trkpt>
<trkpt lat="-15.497045" lon="-70.131979">
<ele>3829.7</ele>
<time>2026-10-06T18:15:42-05:00</time>
</trkpt>
<trkpt lat="-15.497038" lon="-70.131944">
<ele>3829.5</ele>
<time>2026-10-06T18:15:44-05:00</time>
</trkpt>
<trkpt lat="-15.497032" lon="-70.131892">
<ele>3830.1</ele>
<time>2026-10-06T18:15:46-05:00</time>
</trkpt>
<trkpt lat="-15.497002" lon="-70.131827">
<ele>3829.1</ele>
<time>2026-10-06T18:15:48-05:00</time>
</trkpt>
<trkpt lat="-15.49698" lon="-70.131793">
<ele>3829.7</ele>
<time>2026-10-06T18:15:50-05:00</time>
</trkpt>
<trkpt lat="-15.496963" lon="-70.131754">
<ele>3829.3</ele>
<time>2026-10-06T18:15:52-05:00</time>
</trkpt>
<trkpt lat="-15.496937" lon="-70.131716">
<ele>3829.5</ele>
<time>2026-10-06T18:15:54-05:00</time>
</trkpt>
<trkpt lat="-15.496926" lon="-70.131672">
<ele>3828.9</ele>
<time>2026-10-06T18:15:56-05:00</time>
</trkpt>
<trkpt lat="-15.496877" lon="-70.131638">
<ele>3829.0</ele>
<time>2026-10-06T18:15:58-05:00</time>
</trkpt>
<trkpt lat="-15.496862" lon="-70.131609">
<ele>3828.9</ele>
<time>2026-10-06T18:16:00-05:00</time>
</trkpt>
<trkpt lat="-15.496852" lon="-70.131577">
<ele>3828.5</ele>
<time>2026-10-06T18:16:02-05:00</time>
</trkpt>
<trkpt lat="-15.496851" lon="-70.131557">
<ele>3828.2</ele>
<time>2026-10-06T18:16:04-05:00</time>
</trkpt>
<trkpt lat="-15.496836" lon="-70.131554">
<ele>3828.6</ele>
<time>2026-10-06T18:16:06-05:00</time>
</trkpt>
<trkpt lat="-15.496839" lon="-70.131542">
<ele>3829.0</ele>
<time>2026-10-06T18:16:08-05:00</time>
</trkpt>
<trkpt lat="-15.496846" lon="-70.13153">
<ele>3828.6</ele>
<time>2026-10-06T18:16:10-05:00</time>
</trkpt>
<trkpt lat="-15.496834" lon="-70.131549">
<ele>3829.1</ele>
<time>2026-10-06T18:16:12-05:00</time>
</trkpt>
<trkpt lat="-15.496825" lon="-70.131545">
<ele>3828.6</ele>
<time>2026-10-06T18:16:14-05:00</time>
</trkpt>
<trkpt lat="-15.496834" lon="-70.131536">
<ele>3828.7</ele>
<time>2026-10-06T18:16:16-05:00</time>
</trkpt>
<trkpt lat="-15.496841" lon="-70.131531">
<ele>3829.1</ele>
<time>2026-10-06T18:16:18-05:00</time>
</trkpt>
<trkpt lat="-15.49683" lon="-70.131548">
<ele>3828.8</ele>
<time>2026-10-06T18:16:20-05:00</time>
</trkpt>
<trkpt lat="-15.496815" lon="-70.131545">
<ele>3827.8</ele>
<time>2026-10-06T18:16:22-05:00</time>
</trkpt>
<trkpt lat="-15.496815" lon="-70.131534">
<ele>3828.7</ele>
<time>2026-10-06T18:16:24-05:00</time>
</trkpt>
<trkpt lat="-15.496787" lon="-70.131536">
<ele>3829.4</ele>
<time>2026-10-06T18:16:26-05:00</time>
</trkpt>
<trkpt lat="-15.496795" lon="-70.131548">
<ele>3828.5</ele>
<time>2026-10-06T18:16:28-05:00</time>
</trkpt>
<trkpt lat="-15.496792" lon="-70.131554">
<ele>3828.8</ele>
<time>2026-10-06T18:16:30-05:00</time>
</trkpt>
<trkpt lat="-15.496801" lon="-70.131536">
<ele>3828.5</ele>
<time>2026-10-06T18:16:32-05:00</time>
</trkpt>
<trkpt lat="-15.496791" lon="-70.131533">
<ele>3828.5</ele>
<time>2026-10-06T18:16:34-05:00</time>
</trkpt>
<trkpt lat="-15.496788" lon="-70.131518">
<ele>3829.1</ele>
<time>2026-10-06T18:16:36-05:00</time>
</trkpt>
<trkpt lat="-15.496787" lon="-70.131528">
<ele>3828.5</ele>
<time>2026-10-06T18:16:38-05:00</time>
</trkpt>
<trkpt lat="-15.496792" lon="-70.131522">
<ele>3828.8</ele>
<time>2026-10-06T18:16:40-05:00</time>
</trkpt>
<trkpt lat="-15.496803" lon="-70.131512">
<ele>3828.5</ele>
<time>2026-10-06T18:16:42-05:00</time>
</trkpt>
<trkpt lat="-15.496809" lon="-70.131506">
<ele>3828.5</ele>
<time>2026-10-06T18:16:44-05:00</time>
</trkpt>
<trkpt lat="-15.496822" lon="-70.131498">
<ele>3829.5</ele>
<time>2026-10-06T18:16:46-05:00</time>
</trkpt>
<trkpt lat="-15.496801" lon="-70.131501">
<ele>3829.0</ele>
<time>2026-10-06T18:16:48-05:00</time>
</trkpt>
<trkpt lat="-15.496794" lon="-70.131486">
<ele>3829.0</ele>
<time>2026-10-06T18:16:50-05:00</time>
</trkpt>
<trkpt lat="-15.496794" lon="-70.131502">
<ele>3828.8</ele>
<time>2026-10-06T18:16:52-05:00</time>
</trkpt>
<trkpt lat="-15.496795" lon="-70.131513">
<ele>3828.1</ele>
<time>2026-10-06T18:16:54-05:00</time>
</trkpt>
<trkpt lat="-15.496774" lon="-70.131495">
<ele>3829.3</ele>
<time>2026-10-06T18:16:56-05:00</time>
</trkpt>
<trkpt lat="-15.496764" lon="-70.13147">
<ele>3828.6</ele>
<time>2026-10-06T18:16:58-05:00</time>
</trkpt>
<trkpt lat="-15.49674" lon="-70.13146">
<ele>3828.3</ele>
<time>2026-10-06T18:17:00-05:00</time>
</trkpt>
<trkpt lat="-15.496704" lon="-70.131424">
<ele>3828.7</ele>
<time>2026-10-06T18:17:02-05:00</time>
</trkpt>
<trkpt lat="-15.496665" lon="-70.13137">
<ele>3829.1</ele>
<time>2026-10-06T18:17:04-05:00</time>
</trkpt>
<trkpt lat="-15.496647" lon="-70.131306">
<ele>3828.4</ele>
<time>2026-10-06T18:17:06-05:00</time>
</trkpt>
<trkpt lat="-15.496613" lon="-70.131268">
<ele>3827.6</ele>
<time>2026-10-06T18:17:08-05:00</time>
</trkpt>
<trkpt lat="-15.496597" lon="-70.131219">
<ele>3826.8</ele>
<time>2026-10-06T18:17:10-05:00</time>
</trkpt>
<trkpt lat="-15.496569" lon="-70.131191">
<ele>3827.8</ele>
<time>2026-10-06T18:17:12-05:00</time>
</trkpt>
<trkpt lat="-15.496549" lon="-70.131143">
<ele>3828.5</ele>
<time>2026-10-06T18:17:14-05:00</time>
</trkpt>
<trkpt lat="-15.496527" lon="-70.131098">
<ele>3827.3</ele>
<time>2026-10-06T18:17:16-05:00</time>
</trkpt>
<trkpt lat="-15.496512" lon="-70.131061">
<ele>3826.6</ele>
<time>2026-10-06T18:17:18-05:00</time>
</trkpt>
<trkpt lat="-15.4965" lon="-70.131036">
<ele>3826.4</ele>
<time>2026-10-06T18:17:20-05:00</time>
</trkpt>
<trkpt lat="-15.496496" lon="-70.131014">
<ele>3826.8</ele>
<time>2026-10-06T18:17:22-05:00</time>
</trkpt>
<trkpt lat="-15.496472" lon="-70.131018">
<ele>3827.1</ele>
<time>2026-10-06T18:17:24-05:00</time>
</trkpt>
<trkpt lat="-15.49645" lon="-70.131052">
<ele>3826.8</ele>
<time>2026-10-06T18:17:26-05:00</time>
</trkpt>
<trkpt lat="-15.496396" lon="-70.131069">
<ele>3827.6</ele>
<time>2026-10-06T18:17:28-05:00</time>
</trkpt>
<trkpt lat="-15.496347" lon="-70.13108">
<ele>3827.6</ele>
<time>2026-10-06T18:17:30-05:00</time>
</trkpt>
<trkpt lat="-15.496297" lon="-70.13111">
<ele>3827.3</ele>
<time>2026-10-06T18:17:32-05:00</time>
</trkpt>
<trkpt lat="-15.496249" lon="-70.131131">
<ele>3827.2</ele>
<time>2026-10-06T18:17:34-05:00</time>
</trkpt>
<trkpt lat="-15.496205" lon="-70.131148">
<ele>3827.2</ele>
<time>2026-10-06T18:17:36-05:00</time>
</trkpt>
<trkpt lat="-15.496159" lon="-70.131175">
<ele>3827.4</ele>
<time>2026-10-06T18:17:38-05:00</time>
</trkpt>
<trkpt lat="-15.496119" lon="-70.131182">
<ele>3827.0</ele>
<time>2026-10-06T18:17:40-05:00</time>
</trkpt>
<trkpt lat="-15.496084" lon="-70.131207">
<ele>3827.8</ele>
<time>2026-10-06T18:17:42-05:00</time>
</trkpt>
<trkpt lat="-15.496038" lon="-70.131222">
<ele>3827.8</ele>
<time>2026-10-06T18:17:44-05:00</time>
</trkpt>
<trkpt lat="-15.496" lon="-70.131243">
<ele>3827.7</ele>
<time>2026-10-06T18:17:46-05:00</time>
</trkpt>
<trkpt lat="-15.495957" lon="-70.131276">
<ele>3828.1</ele>
<time>2026-10-06T18:17:48-05:00</time>
</trkpt>
<trkpt lat="-15.495911" lon="-70.131252">
<ele>3828.5</ele>
<time>2026-10-06T18:17:50-05:00</time>
</trkpt>
<trkpt lat="-15.495883" lon="-70.131266">
<ele>3827.3</ele>
<time>2026-10-06T18:17:52-05:00</time>
</trkpt>
<trkpt lat="-15.49588" lon="-70.131262">
<ele>3828.0</ele>
<time>2026-10-06T18:17:54-05:00</time>
</trkpt>
<trkpt lat="-15.495877" lon="-70.131256">
<ele>3827.3</ele>
<time>2026-10-06T18:17:56-05:00</time>
</trkpt>
<trkpt lat="-15.495865" lon="-70.13127">
<ele>3827.5</ele>
<time>2026-10-06T18:17:58-05:00</time>
</trkpt>
<trkpt lat="-15.49586" lon="-70.131257">
<ele>3828.0</ele>
<time>2026-10-06T18:18:00-05:00</time>
</trkpt>
<trkpt lat="-15.495844" lon="-70.131266">
<ele>3827.8</ele>
<time>2026-10-06T18:18:02-05:00</time>
</trkpt>
<trkpt lat="-15.495851" lon="-70.131265">
<ele>3828.1</ele>
<time>2026-10-06T18:18:04-05:00</time>
</trkpt>
<trkpt lat="-15.495857" lon="-70.131261">
<ele>3827.7</ele>
<time>2026-10-06T18:18:06-05:00</time>
</trkpt>
<trkpt lat="-15.495863" lon="-70.131256">
<ele>3827.8</ele>
<time>2026-10-06T18:18:08-05:00</time>
</trkpt>
<trkpt lat="-15.495878" lon="-70.131263">
<ele>3827.6</ele>
<time>2026-10-06T18:18:10-05:00</time>
</trkpt>
<trkpt lat="-15.495867" lon="-70.131268">
<ele>3827.6</ele>
<time>2026-10-06T18:18:12-05:00</time>
</trkpt>
<trkpt lat="-15.495856" lon="-70.131285">
<ele>3828.4</ele>
<time>2026-10-06T18:18:14-05:00</time>
</trkpt>
<trkpt lat="-15.495845" lon="-70.13128">
<ele>3827.8</ele>
<time>2026-10-06T18:18:16-05:00</time>
</trkpt>
<trkpt lat="-15.495841" lon="-70.131277">
<ele>3828.0</ele>
<time>2026-10-06T18:18:18-05:00</time>
</trkpt>
<trkpt lat="-15.49585" lon="-70.131283">
<ele>3827.6</ele>
<time>2026-10-06T18:18:20-05:00</time>
</trkpt>
<trkpt lat="-15.495855" lon="-70.131289">
<ele>3827.9</ele>
<time>2026-10-06T18:18:22-05:00</time>
</trkpt>
<trkpt lat="-15.495862" lon="-70.13127">
<ele>3827.7</ele>
<time>2026-10-06T18:18:24-05:00</time>
</trkpt>
<trkpt lat="-15.495871" lon="-70.131258">
<ele>3828.1</ele>
<time>2026-10-06T18:18:26-05:00</time>
</trkpt>
<trkpt lat="-15.495873" lon="-70.131258">
<ele>3827.6</ele>
<time>2026-10-06T18:18:28-05:00</time>
</trkpt>
<trkpt lat="-15.495871" lon="-70.131275">
<ele>3827.5</ele>
<time>2026-10-06T18:18:30-05:00</time>
</trkpt>
<trkpt lat="-15.495864" lon="-70.131255">
<ele>3827.7</ele>
<time>2026-10-06T18:18:32-05:00</time>
</trkpt>
<trkpt lat="-15.495879" lon="-70.13125">
<ele>3828.8</ele>
<time>2026-10-06T18:18:34-05:00</time>
</trkpt>
<trkpt lat="-15.495882" lon="-70.131251">
<ele>3827.9</ele>
<time>2026-10-06T18:18:36-05:00</time>
</trkpt>
<trkpt lat="-15.495896" lon="-70.131245">
<ele>3827.9</ele>
<time>2026-10-06T18:18:38-05:00</time>
</trkpt>
<trkpt lat="-15.495891" lon="-70.131255">
<ele>3828.3</ele>
<time>2026-10-06T18:18:40-05:00</time>
</trkpt>
<trkpt lat="-15.495873" lon="-70.131261">
<ele>3828.1</ele>
<time>2026-10-06T18:18:42-05:00</time>
</trkpt>
<trkpt lat="-15.495826" lon="-70.131279">
<ele>3828.1</ele>
<time>2026-10-06T18:18:44-05:00</time>
</trkpt>
<trkpt lat="-15.495787" lon="-70.131297">
<ele>3827.5</ele>
<time>2026-10-06T18:18:46-05:00</time>
</trkpt>
<trkpt lat="-15.495764" lon="-70.131336">
<ele>3828.9</ele>
<time>2026-10-06T18:18:48-05:00</time>
</trkpt>
<trkpt lat="-15.495724" lon="-70.131344">
<ele>3828.1</ele>
<time>2026-10-06T18:18:50-05:00</time>
</trkpt>
<trkpt lat="-15.495679" lon="-70.131371">
<ele>3829.1</ele>
<time>2026-10-06T18:18:52-05:00</time>
</trkpt>
<trkpt lat="-15.495654" lon="-70.13139">
<ele>3828.4</ele>
<time>2026-10-06T18:18:54-05:00</time>
</trkpt>
<trkpt lat="-15.495615" lon="-70.131379">
<ele>3828.3</ele>
<time>2026-10-06T18:18:56-05:00</time>
</trkpt>
<trkpt lat="-15.495588" lon="-70.131395">
<ele>3828.1</ele>
<time>2026-10-06T18:18:58-05:00</time>
</trkpt>
<trkpt lat="-15.49555" lon="-70.131407">
<ele>3829.0</ele>
<time>2026-10-06T18:19:00-05:00</time>
</trkpt>
<trkpt lat="-15.495506" lon="-70.131434">
<ele>3829.2</ele>
<time>2026-10-06T18:19:02-05:00</time>
</trkpt>
<trkpt lat="-15.495472" lon="-70.131443">
<ele>3828.6</ele>
<time>2026-10-06T18:19:04-05:00</time>
</trkpt>
<trkpt lat="-15.495429" lon="-70.13144">
<ele>3827.9</ele>
<time>2026-10-06T18:19:06-05:00</time>
</trkpt>
<trkpt lat="-15.495388" lon="-70.131446">
<ele>3828.4</ele>
<time>2026-10-06T18:19:08-05:00</time>
</trkpt>
<trkpt lat="-15.495358" lon="-70.131477">
<ele>3828.2</ele>
<time>2026-10-06T18:19:10-05:00</time>
</trkpt>
<trkpt lat="-15.495317" lon="-70.131499">
<ele>3828.2</ele>
<time>2026-10-06T18:19:12-05:00</time>
</trkpt>
<trkpt lat="-15.495281" lon="-70.131521">
<ele>3829.0</ele>
<time>2026-10-06T18:19:14-05:00</time>
</trkpt>
<trkpt lat="-15.495247" lon="-70.131549">
<ele>3828.4</ele>
<time>2026-10-06T18:19:16-05:00</time>
</trkpt>
<trkpt lat="-15.495204" lon="-70.131562">
<ele>3827.9</ele>
<time>2026-10-06T18:19:18-05:00</time>
</trkpt>
<trkpt lat="-15.495189" lon="-70.131567">
<ele>3827.6</ele>
<time>2026-10-06T18:19:20-05:00</time>
</trkpt>
<trkpt lat="-15.495131" lon="-70.131581">
<ele>3828.3</ele>
<time>2026-10-06T18:19:22-05:00</time>
</trkpt>
<trkpt lat="-15.495098" lon="-70.13159">
<ele>3828.4</ele>
<time>2026-10-06T18:19:24-05:00</time>
</trkpt>
<trkpt lat="-15.495059" lon="-70.131601">
<ele>3827.8</ele>
<time>2026-10-06T18:19:26-05:00</time>
</trkpt>
<trkpt lat="-15.495003" lon="-70.131621">
<ele>3827.8</ele>
<time>2026-10-06T18:19:28-05:00</time>
</trkpt>
<trkpt lat="-15.494974" lon="-70.131627">
<ele>3829.5</ele>
<time>2026-10-06T18:19:30-05:00</time>
</trkpt>
<trkpt lat="-15.494937" lon="-70.13166">
<ele>3829.0</ele>
<time>2026-10-06T18:19:32-05:00</time>
</trkpt>
<trkpt lat="-15.494892" lon="-70.13168">
<ele>3828.9</ele>
<time>2026-10-06T18:19:34-05:00</time>
</trkpt>
<trkpt lat="-15.494846" lon="-70.131686">
<ele>3828.9</ele>
<time>2026-10-06T18:19:36-05:00</time>
</trkpt>
<trkpt lat="-15.494804" lon="-70.131694">
<ele>3830.0</ele>
<time>2026-10-06T18:19:38-05:00</time>
</trkpt>
<trkpt lat="-15.494755" lon="-70.131724">
<ele>3829.4</ele>
<time>2026-10-06T18:19:40-05:00</time>
</trkpt>
<trkpt lat="-15.494718" lon="-70.131752">
<ele>3829.1</ele>
<time>2026-10-06T18:19:42-05:00</time>
</trkpt>
<trkpt lat="-15.49469" lon="-70.13179">
<ele>3830.4</ele>
<time>2026-10-06T18:19:44-05:00</time>
</trkpt>
<trkpt lat="-15.494642" lon="-70.131797">
<ele>3829.0</ele>
<time>2026-10-06T18:19:46-05:00</time>
</trkpt>
<trkpt lat="-15.494602" lon="-70.131796">
<ele>3829.4</ele>
<time>2026-10-06T18:19:48-05:00</time>
</trkpt>
<trkpt lat="-15.49455" lon="-70.131817">
<ele>3828.8</ele>
<time>2026-10-06T18:19:50-05:00</time>
</trkpt>
<trkpt lat="-15.494505" lon="-70.131832">
<ele>3828.7</ele>
<time>2026-10-06T18:19:52-05:00</time>
</trkpt>
<trkpt lat="-15.494466" lon="-70.131852">
<ele>3828.3</ele>
<time>2026-10-06T18:19:54-05:00</time>
</trkpt>
<trkpt lat="-15.49443" lon="-70.131867">
<ele>3827.8</ele>
<time>2026-10-06T18:19:56-05:00</time>
</trkpt>
<trkpt lat="-15.494397" lon="-70.131867">
<ele>3827.7</ele>
<time>2026-10-06T18:19:58-05:00</time>
</trkpt>
<trkpt lat="-15.494375" lon="-70.131895">
<ele>3828.9</ele>
<time>2026-10-06T18:20:00-05:00</time>
</trkpt>
<trkpt lat="-15.494366" lon="-70.131894">
<ele>3828.6</ele>
<time>2026-10-06T18:20:02-05:00</time>
</trkpt>
<trkpt lat="-15.494374" lon="-70.131885">
<ele>3827.7</ele>
<time>2026-10-06T18:20:04-05:00</time>
</trkpt>
<trkpt lat="-15.494359" lon="-70.13184">
<ele>3828.0</ele>
<time>2026-10-06T18:20:06-05:00</time>
</trkpt>
<trkpt lat="-15.494344" lon="-70.13183">
<ele>3827.4</ele>
<time>2026-10-06T18:20:08-05:00</time>
</trkpt>
<trkpt lat="-15.494308" lon="-70.131787">
<ele>3827.5</ele>
<time>2026-10-06T18:20:10-05:00</time>
</trkpt>
<trkpt lat="-15.49429" lon="-70.131732">
<ele>3828.0</ele>
<time>2026-10-06T18:20:12-05:00</time>
</trkpt>
<trkpt lat="-15.494277" lon="-70.131711">
<ele>3827.7</ele>
<time>2026-10-06T18:20:14-05:00</time>
</trkpt>
<trkpt lat="-15.494263" lon="-70.131644">
<ele>3828.5</ele>
<time>2026-10-06T18:20:16-05:00</time>
</trkpt>
<trkpt lat="-15.494233" lon="-70.131581">
<ele>3827.9</ele>
<time>2026-10-06T18:20:18-05:00</time>
</trkpt>
<trkpt lat="-15.494228" lon="-70.131518">
<ele>3826.9</ele>
<time>2026-10-06T18:20:20-05:00</time>
</trkpt>
<trkpt lat="-15.494217" lon="-70.131448">
<ele>3827.0</ele>
<time>2026-10-06T18:20:22-05:00</time>
</trkpt>
<trkpt lat="-15.494204" lon="-70.131404">
<ele>3827.2</ele>
<time>2026-10-06T18:20:24-05:00</time>
</trkpt>
<trkpt lat="-15.494176" lon="-70.131356">
<ele>3827.3</ele>
<time>2026-10-06T18:20:26-05:00</time>
</trkpt>
<trkpt lat="-15.49416" lon="-70.131307">
<ele>3827.5</ele>
<time>2026-10-06T18:20:28-05:00</time>
</trkpt>
<trkpt lat="-15.49414" lon="-70.131267">
<ele>3827.1</ele>
<time>2026-10-06T18:20:30-05:00</time>
</trkpt>
<trkpt lat="-15.494119" lon="-70.13123">
<ele>3827.2</ele>
<time>2026-10-06T18:20:32-05:00</time>
</trkpt>
<trkpt lat="-15.494106" lon="-70.13118">
<ele>3827.8</ele>
<time>2026-10-06T18:20:34-05:00</time>
</trkpt>
<trkpt lat="-15.494106" lon="-70.131121">
<ele>3827.4</ele>
<time>2026-10-06T18:20:36-05:00</time>
</trkpt>
<trkpt lat="-15.494088" lon="-70.131093">
<ele>3827.5</ele>
<time>2026-10-06T18:20:38-05:00</time>
</trkpt>
<trkpt lat="-15.494063" lon="-70.131045">
<ele>3827.2</ele>
<time>2026-10-06T18:20:40-05:00</time>
</trkpt>
<trkpt lat="-15.494036" lon="-70.130977">
<ele>3827.8</ele>
<time>2026-10-06T18:20:42-05:00</time>
</trkpt>
<trkpt lat="-15.494008" lon="-70.130917">
<ele>3827.5</ele>
<time>2026-10-06T18:20:44-05:00</time>
</trkpt>
<trkpt lat="-15.493977" lon="-70.130883">
<ele>3827.9</ele>
<time>2026-10-06T18:20:46-05:00</time>
</trkpt>
<trkpt lat="-15.493964" lon="-70.13085">
<ele>3827.8</ele>
<time>2026-10-06T18:20:48-05:00</time>
</trkpt>
<trkpt lat="-15.493958" lon="-70.130806">
<ele>3828.1</ele>
<time>2026-10-06T18:20:50-05:00</time>
</trkpt>
<trkpt lat="-15.493937" lon="-70.130767">
<ele>3828.3</ele>
<time>2026-10-06T18:20:52-05:00</time>
</trkpt>
<trkpt lat="-15.493927" lon="-70.13072">
<ele>3828.6</ele>
<time>2026-10-06T18:20:54-05:00</time>
</trkpt>
<trkpt lat="-15.49392" lon="-70.130686">
<ele>3828.0</ele>
<time>2026-10-06T18:20:56-05:00</time>
</trkpt>
<trkpt lat="-15.493894" lon="-70.130644">
<ele>3828.8</ele>
<time>2026-10-06T18:20:58-05:00</time>
</trkpt>
<trkpt lat="-15.493888" lon="-70.130601">
<ele>3828.8</ele>
<time>2026-10-06T18:21:00-05:00</time>
</trkpt>
<trkpt lat="-15.493865" lon="-70.130558">
<ele>3829.0</ele>
<time>2026-10-06T18:21:02-05:00</time>
</trkpt>
<trkpt lat="-15.493851" lon="-70.130507">
<ele>3829.1</ele>
<time>2026-10-06T18:21:04-05:00</time>
</trkpt>
<trkpt lat="-15.493829" lon="-70.130471">
<ele>3828.9</ele>
<time>2026-10-06T18:21:06-05:00</time>
</trkpt>
<trkpt lat="-15.493801" lon="-70.130409">
<ele>3828.9</ele>
<time>2026-10-06T18:21:08-05:00</time>
</trkpt>
<trkpt lat="-15.493784" lon="-70.130349">
<ele>3827.8</ele>
<time>2026-10-06T18:21:10-05:00</time>
</trkpt>
<trkpt lat="-15.493768" lon="-70.130275">
<ele>3829.6</ele>
<time>2026-10-06T18:21:12-05:00</time>
</trkpt>
<trkpt lat="-15.493744" lon="-70.13023">
<ele>3828.6</ele>
<time>2026-10-06T18:21:14-05:00</time>
</trkpt>
<trkpt lat="-15.493723" lon="-70.130163">
<ele>3828.3</ele>
<time>2026-10-06T18:21:16-05:00</time>
</trkpt>
<trkpt lat="-15.493702" lon="-70.130112">
<ele>3828.6</ele>
<time>2026-10-06T18:21:18-05:00</time>
</trkpt>
<trkpt lat="-15.493688" lon="-70.130063">
<ele>3828.8</ele>
<time>2026-10-06T18:21:20-05:00</time>
</trkpt>
<trkpt lat="-15.493678" lon="-70.129988">
<ele>3829.0</ele>
<time>2026-10-06T18:21:22-05:00</time>
</trkpt>
<trkpt lat="-15.493686" lon="-70.129948">
<ele>3828.4</ele>
<time>2026-10-06T18:21:24-05:00</time>
</trkpt>
<trkpt lat="-15.493704" lon="-70.129927">
<ele>3827.0</ele>
<time>2026-10-06T18:21:26-05:00</time>
</trkpt>
<trkpt lat="-15.49371" lon="-70.129927">
<ele>3828.4</ele>
<time>2026-10-06T18:21:28-05:00</time>
</trkpt>
<trkpt lat="-15.493706" lon="-70.129922">
<ele>3829.0</ele>
<time>2026-10-06T18:21:30-05:00</time>
</trkpt>
<trkpt lat="-15.493715" lon="-70.129922">
<ele>3828.2</ele>
<time>2026-10-06T18:21:32-05:00</time>
</trkpt>
<trkpt lat="-15.493712" lon="-70.129928">
<ele>3827.5</ele>
<time>2026-10-06T18:21:34-05:00</time>
</trkpt>
<trkpt lat="-15.493717" lon="-70.12993">
<ele>3828.2</ele>
<time>2026-10-06T18:21:36-05:00</time>
</trkpt>
<trkpt lat="-15.493697" lon="-70.129939">
<ele>3828.6</ele>
<time>2026-10-06T18:21:38-05:00</time>
</trkpt>
<trkpt lat="-15.493705" lon="-70.129943">
<ele>3827.6</ele>
<time>2026-10-06T18:21:40-05:00</time>
</trkpt>
<trkpt lat="-15.493718" lon="-70.12996">
<ele>3827.9</ele>
<time>2026-10-06T18:21:42-05:00</time>
</trkpt>
<trkpt lat="-15.493712" lon="-70.129948">
<ele>3827.7</ele>
<time>2026-10-06T18:21:44-05:00</time>
</trkpt>
<trkpt lat="-15.493704" lon="-70.12995">
<ele>3828.6</ele>
<time>2026-10-06T18:21:46-05:00</time>
</trkpt>
<trkpt lat="-15.493697" lon="-70.129943">
<ele>3827.0</ele>
<time>2026-10-06T18:21:48-05:00</time>
</trkpt>
<trkpt lat="-15.493713" lon="-70.12994">
<ele>3828.2</ele>
<time>2026-10-06T18:21:50-05:00</time>
</trkpt>
<trkpt lat="-15.493711" lon="-70.129934">
<ele>3829.1</ele>
<time>2026-10-06T18:21:52-05:00</time>
</trkpt>
<trkpt lat="-15.493713" lon="-70.129934">
<ele>3828.0</ele>
<time>2026-10-06T18:21:54-05:00</time>
</trkpt>
<trkpt lat="-15.493724" lon="-70.129926">
<ele>3827.3</ele>
<time>2026-10-06T18:21:56-05:00</time>
</trkpt>
<trkpt lat="-15.493732" lon="-70.129929">
<ele>3828.4</ele>
<time>2026-10-06T18:21:58-05:00</time>
</trkpt>
<trkpt lat="-15.493737" lon="-70.129946">
<ele>3828.2</ele>
<time>2026-10-06T18:22:00-05:00</time>
</trkpt>
<trkpt lat="-15.493727" lon="-70.129937">
<ele>3828.1</ele>
<time>2026-10-06T18:22:02-05:00</time>
</trkpt>
<trkpt lat="-15.493713" lon="-70.129912">
<ele>3827.8</ele>
<time>2026-10-06T18:22:04-05:00</time>
</trkpt>
<trkpt lat="-15.493709" lon="-70.129895">
<ele>3827.8</ele>
<time>2026-10-06T18:22:06-05:00</time>
</trkpt>
<trkpt lat="-15.493667" lon="-70.129867">
<ele>3827.2</ele>
<time>2026-10-06T18:22:08-05:00</time>
</trkpt>
<trkpt lat="-15.493643" lon="-70.12983">
<ele>3828.4</ele>
<time>2026-10-06T18:22:10-05:00</time>
</trkpt>
<trkpt lat="-15.493626" lon="-70.129776">
<ele>3827.2</ele>
<time>2026-10-06T18:22:12-05:00</time>
</trkpt>
<trkpt lat="-15.493606" lon="-70.129724">
<ele>3827.5</ele>
<time>2026-10-06T18:22:14-05:00</time>
</trkpt>
<trkpt lat="-15.493587" lon="-70.129683">
<ele>3828.3</ele>
<time>2026-10-06T18:22:16-05:00</time>
</trkpt>
<trkpt lat="-15.493587" lon="-70.129637">
<ele>3827.1</ele>
<time>2026-10-06T18:22:18-05:00</time>
</trkpt>
<trkpt lat="-15.493586" lon="-70.129606">
<ele>3827.4</ele>
<time>2026-10-06T18:22:20-05:00</time>
</trkpt>
<trkpt lat="-15.493594" lon="-70.129571">
<ele>3828.3</ele>
<time>2026-10-06T18:22:22-05:00</time>
</trkpt>
<trkpt lat="-15.493578" lon="-70.129539">
<ele>3827.7</ele>
<time>2026-10-06T18:22:24-05:00</time>
</trkpt>
<trkpt lat="-15.493563" lon="-70.129499">
<ele>3827.9</ele>
<time>2026-10-06T18:22:26-05:00</time>
</trkpt>
<trkpt lat="-15.493542" lon="-70.129471">
<ele>3827.3</ele>
<time>2026-10-06T18:22:28-05:00</time>
</trkpt>
<trkpt lat="-15.493545" lon="-70.129428">
<ele>3827.4</ele>
<time>2026-10-06T18:22:30-05:00</time>
</trkpt>
<trkpt lat="-15.493507" lon="-70.129369">
<ele>3828.0</ele>
<time>2026-10-06T18:22:32-05:00</time>
</trkpt>
<trkpt lat="-15.49348" lon="-70.12934">
<ele>3827.8</ele>
<time>2026-10-06T18:22:34-05:00</time>
</trkpt>
<trkpt lat="-15.493465" lon="-70.129307">
<ele>3827.6</ele>
<time>2026-10-06T18:22:36-05:00</time>
</trkpt>
<trkpt lat="-15.493468" lon="-70.129262">
<ele>3826.7</ele>
<time>2026-10-06T18:22:38-05:00</time>
</trkpt>
<trkpt lat="-15.493435" lon="-70.129233">
<ele>3827.6</ele>
<time>2026-10-06T18:22:40-05:00</time>
</trkpt>
<trkpt lat="-15.4934" lon="-70.129197">
<ele>3827.4</ele>
<time>2026-10-06T18:22:42-05:00</time>
</trkpt>
<trkpt lat="-15.4934" lon="-70.129167">
<ele>3827.1</ele>
<time>2026-10-06T18:22:44-05:00</time>
</trkpt>
<trkpt lat="-15.493396" lon="-70.129112">
<ele>3827.3</ele>
<time>2026-10-06T18:22:46-05:00</time>
</trkpt>
<trkpt lat="-15.493368" lon="-70.129071">
<ele>3826.5</ele>
<time>2026-10-06T18:22:48-05:00</time>
</trkpt>
<trkpt lat="-15.493349" lon="-70.129028">
<ele>3827.4</ele>
<time>2026-10-06T18:22:50-05:00</time>
</trkpt>
<trkpt lat="-15.493333" lon="-70.12899">
<ele>3827.7</ele>
<time>2026-10-06T18:22:52-05:00</time>
</trkpt>
<trkpt lat="-15.493327" lon="-70.128971">
<ele>3827.3</ele>
<time>2026-10-06T18:22:54-05:00</time>
</trkpt>
<trkpt lat="-15.493316" lon="-70.128931">
<ele>3826.5</ele>
<time>2026-10-06T18:22:56-05:00</time>
</trkpt>
<trkpt lat="-15.493312" lon="-70.128895">
<ele>3826.7</ele>
<time>2026-10-06T18:22:58-05:00</time>
</trkpt>
<trkpt lat="-15.493285" lon="-70.128846">
<ele>3827.5</ele>
<time>2026-10-06T18:23:00-05:00</time>
</trkpt>
<trkpt lat="-15.493278" lon="-70.12881">
<ele>3827.5</ele>
<time>2026-10-06T18:23:02-05:00</time>
</trkpt>
<trkpt lat="-15.493264" lon="-70.12877">
<ele>3827.4</ele>
<time>2026-10-06T18:23:04-05:00</time>
</trkpt>
<trkpt lat="-15.49325" lon="-70.128747">
<ele>3827.7</ele>
<time>2026-10-06T18:23:06-05:00</time>
</trkpt>
<trkpt lat="-15.493242" lon="-70.128717">
<ele>3827.5</ele>
<time>2026-10-06T18:23:08-05:00</time>
</trkpt>
<trkpt lat="-15.493227" lon="-70.128681">
<ele>3827.3</ele>
<time>2026-10-06T18:23:10-05:00</time>
</trkpt>
<trkpt lat="-15.493215" lon="-70.128632">
<ele>3828.3</ele>
<time>2026-10-06T18:23:12-05:00</time>
</trkpt>
<trkpt lat="-15.493198" lon="-70.128599">
<ele>3827.5</ele>
<time>2026-10-06T18:23:14-05:00</time>
</trkpt>
<trkpt lat="-15.493158" lon="-70.128567">
<ele>3827.9</ele>
<time>2026-10-06T18:23:16-05:00</time>
</trkpt>
<trkpt lat="-15.493153" lon="-70.128546">
<ele>3827.5</ele>
<time>2026-10-06T18:23:18-05:00</time>
</trkpt>
<trkpt lat="-15.493139" lon="-70.128507">
<ele>3828.2</ele>
<time>2026-10-06T18:23:20-05:00</time>
</trkpt>
<trkpt lat="-15.493149" lon="-70.128471">
<ele>3828.3</ele>
<time>2026-10-06T18:23:22-05:00</time>
</trkpt>
<trkpt lat="-15.493108" lon="-70.128445">
<ele>3827.8</ele>
<time>2026-10-06T18:23:24-05:00</time>
</trkpt>
<trkpt lat="-15.493099" lon="-70.128403">
<ele>3829.0</ele>
<time>2026-10-06T18:23:26-05:00</time>
</trkpt>
<trkpt lat="-15.493081" lon="-70.12836">
<ele>3827.9</ele>
<time>2026-10-06T18:23:28-05:00</time>
</trkpt>
<trkpt lat="-15.493076" lon="-70.128322">
<ele>3828.4</ele>
<time>2026-10-06T18:23:30-05:00</time>
</trkpt>
<trkpt lat="-15.493056" lon="-70.128273">
<ele>3827.8</ele>
<time>2026-10-06T18:23:32-05:00</time>
</trkpt>
<trkpt lat="-15.493051" lon="-70.128231">
<ele>3829.5</ele>
<time>2026-10-06T18:23:34-05:00</time>
</trkpt>
<trkpt lat="-15.493037" lon="-70.12821">
<ele>3828.4</ele>
<time>2026-10-06T18:23:36-05:00</time>
</trkpt>
<trkpt lat="-15.493022" lon="-70.128176">
<ele>3829.2</ele>
<time>2026-10-06T18:23:38-05:00</time>
</trkpt>
<trkpt lat="-15.493004" lon="-70.128152">
<ele>3828.9</ele>
<time>2026-10-06T18:23:40-05:00</time>
</trkpt>
<trkpt lat="-15.493" lon="-70.128127">
<ele>3828.9</ele>
<time>2026-10-06T18:23:42-05:00</time>
</trkpt>
<trkpt lat="-15.492999" lon="-70.128095">
<ele>3829.2</ele>
<time>2026-10-06T18:23:44-05:00</time>
</trkpt>
<trkpt lat="-15.492983" lon="-70.12807">
<ele>3829.1</ele>
<time>2026-10-06T18:23:46-05:00</time>
</trkpt>
<trkpt lat="-15.492961" lon="-70.128028">
<ele>3828.9</ele>
<time>2026-10-06T18:23:48-05:00</time>
</trkpt>
<trkpt lat="-15.492948" lon="-70.127993">
<ele>3828.9</ele>
<time>2026-10-06T18:23:50-05:00</time>
</trkpt>
<trkpt lat="-15.492935" lon="-70.127943">
<ele>3829.1</ele>
<time>2026-10-06T18:23:52-05:00</time>
</trkpt>
<trkpt lat="-15.492929" lon="-70.127901">
<ele>3828.4</ele>
<time>2026-10-06T18:23:54-05:00</time>
</trkpt>
<trkpt lat="-15.492909" lon="-70.127853">
<ele>3828.8</ele>
<time>2026-10-06T18:23:56-05:00</time>
</trkpt>
<trkpt lat="-15.4929" lon="-70.127814">
<ele>3828.7</ele>
<time>2026-10-06T18:23:58-05:00</time>
</trkpt>
<trkpt lat="-15.49288" lon="-70.127769">
<ele>3828.6</ele>
<time>2026-10-06T18:24:00-05:00</time>
</trkpt>
<trkpt lat="-15.492863" lon="-70.12773">
<ele>3828.2</ele>
<time>2026-10-06T18:24:02-05:00</time>
</trkpt>
<trkpt lat="-15.492848" lon="-70.127715">
<ele>3828.3</ele>
<time>2026-10-06T18:24:04-05:00</time>
</trkpt>
<trkpt lat="-15.492841" lon="-70.127685">
<ele>3828.5</ele>
<time>2026-10-06T18:24:06-05:00</time>
</trkpt>
<trkpt lat="-15.492818" lon="-70.127636">
<ele>3828.3</ele>
<time>2026-10-06T18:24:08-05:00</time>
</trkpt>
<trkpt lat="-15.49279" lon="-70.127609">
<ele>3828.2</ele>
<time>2026-10-06T18:24:10-05:00</time>
</trkpt>
<trkpt lat="-15.49276" lon="-70.127552">
<ele>3828.0</ele>
<time>2026-10-06T18:24:12-05:00</time>
</trkpt>
<trkpt lat="-15.492757" lon="-70.127509">
<ele>3828.1</ele>
<time>2026-10-06T18:24:14-05:00</time>
</trkpt>
<trkpt lat="-15.492749" lon="-70.127477">
<ele>3828.7</ele>
<time>2026-10-06T18:24:16-05:00</time>
</trkpt>
<trkpt lat="-15.492723" lon="-70.12745">
<ele>3827.9</ele>
<time>2026-10-06T18:24:18-05:00</time>
</trkpt>
<trkpt lat="-15.492736" lon="-70.127409">
<ele>3828.8</ele>
<time>2026-10-06T18:24:20-05:00</time>
</trkpt>
<trkpt lat="-15.492727" lon="-70.127374">
<ele>3828.4</ele>
<time>2026-10-06T18:24:22-05:00</time>
</trkpt>
<trkpt lat="-15.492708" lon="-70.127319">
<ele>3828.3</ele>
<time>2026-10-06T18:24:24-05:00</time>
</trkpt>
<trkpt lat="-15.492682" lon="-70.127278">
<ele>3827.8</ele>
<time>2026-10-06T18:24:26-05:00</time>
</trkpt>
<trkpt lat="-15.492669" lon="-70.127238">
<ele>3828.3</ele>
<time>2026-10-06T18:24:28-05:00</time>
</trkpt>
<trkpt lat="-15.492646" lon="-70.127187">
<ele>3828.1</ele>
<time>2026-10-06T18:24:30-05:00</time>
</trkpt>
<trkpt lat="-15.492632" lon="-70.127154">
<ele>3828.4</ele>
<time>2026-10-06T18:24:32-05:00</time>
</trkpt>
<trkpt lat="-15.492642" lon="-70.127109">
<ele>3828.0</ele>
<time>2026-10-06T18:24:34-05:00</time>
</trkpt>
<trkpt lat="-15.492635" lon="-70.127067">
<ele>3827.6</ele>
<time>2026-10-06T18:24:36-05:00</time>
</trkpt>
<trkpt lat="-15.49262" lon="-70.127041">
<ele>3827.8</ele>
<time>2026-10-06T18:24:38-05:00</time>
</trkpt>
<trkpt lat="-15.492616" lon="-70.127008">
<ele>3827.8</ele>
<time>2026-10-06T18:24:40-05:00</time>
</trkpt>
<trkpt lat="-15.492592" lon="-70.126973">
<ele>3827.8</ele>
<time>2026-10-06T18:24:42-05:00</time>
</trkpt>
<trkpt lat="-15.492574" lon="-70.126913">
<ele>3826.5</ele>
<time>2026-10-06T18:24:44-05:00</time>
</trkpt>
<trkpt lat="-15.492553" lon="-70.126862">
<ele>3827.3</ele>
<time>2026-10-06T18:24:46-05:00</time>
</trkpt>
<trkpt lat="-15.492549" lon="-70.12682">
<ele>3827.1</ele>
<time>2026-10-06T18:24:48-05:00</time>
</trkpt>
<trkpt lat="-15.492533" lon="-70.126767">
<ele>3827.3</ele>
<time>2026-10-06T18:24:50-05:00</time>
</trkpt>
<trkpt lat="-15.492519" lon="-70.126737">
<ele>3827.7</ele>
<time>2026-10-06T18:24:52-05:00</time>
</trkpt>
<trkpt lat="-15.492499" lon="-70.126702">
<ele>3827.0</ele>
<time>2026-10-06T18:24:54-05:00</time>
</trkpt>
<trkpt lat="-15.492468" lon="-70.126672">
<ele>3827.3</ele>
<time>2026-10-06T18:24:56-05:00</time>
</trkpt>
<trkpt lat="-15.492456" lon="-70.126624">
<ele>3827.2</ele>
<time>2026-10-06T18:24:58-05:00</time>
</trkpt>
<trkpt lat="-15.492452" lon="-70.126575">
<ele>3827.4</ele>
<time>2026-10-06T18:25:00-05:00</time>
</trkpt>
<trkpt lat="-15.492438" lon="-70.126524">
<ele>3827.1</ele>
<time>2026-10-06T18:25:02-05:00</time>
</trkpt>
<trkpt lat="-15.492438" lon="-70.126477">
<ele>3827.2</ele>
<time>2026-10-06T18:25:04-05:00</time>
</trkpt>
<trkpt lat="-15.492416" lon="-70.126442">
<ele>3827.3</ele>
<time>2026-10-06T18:25:06-05:00</time>
</trkpt>
<trkpt lat="-15.492382" lon="-70.126399">
<ele>3826.8</ele>
<time>2026-10-06T18:25:08-05:00</time>
</trkpt>
<trkpt lat="-15.492359" lon="-70.126366">
<ele>3826.3</ele>
<time>2026-10-06T18:25:10-05:00</time>
</trkpt>
<trkpt lat="-15.492333" lon="-70.126317">
<ele>3826.8</ele>
<time>2026-10-06T18:25:12-05:00</time>
</trkpt>
<trkpt lat="-15.492325" lon="-70.12628">
<ele>3825.7</ele>
<time>2026-10-06T18:25:14-05:00</time>
</trkpt>
<trkpt lat="-15.492299" lon="-70.126232">
<ele>3826.6</ele>
<time>2026-10-06T18:25:16-05:00</time>
</trkpt>
<trkpt lat="-15.492281" lon="-70.126198">
<ele>3826.4</ele>
<time>2026-10-06T18:25:18-05:00</time>
</trkpt>
<trkpt lat="-15.492261" lon="-70.126146">
<ele>3826.1</ele>
<time>2026-10-06T18:25:20-05:00</time>
</trkpt>
<trkpt lat="-15.492257" lon="-70.126136">
<ele>3825.5</ele>
<time>2026-10-06T18:25:22-05:00</time>
</trkpt>
<trkpt lat="-15.492245" lon="-70.126079">
<ele>3825.9</ele>
<time>2026-10-06T18:25:24-05:00</time>
</trkpt>
<trkpt lat="-15.492229" lon="-70.126049">
<ele>3826.2</ele>
<time>2026-10-06T18:25:26-05:00</time>
</trkpt>
<trkpt lat="-15.492208" lon="-70.126013">
<ele>3826.5</ele>
<time>2026-10-06T18:25:28-05:00</time>
</trkpt>
<trkpt lat="-15.49219" lon="-70.125959">
<ele>3825.9</ele>
<time>2026-10-06T18:25:30-05:00</time>
</trkpt>
<trkpt lat="-15.492168" lon="-70.125924">
<ele>3826.1</ele>
<time>2026-10-06T18:25:32-05:00</time>
</trkpt>
<trkpt lat="-15.492141" lon="-70.125893">
<ele>3826.1</ele>
<time>2026-10-06T18:25:34-05:00</time>
</trkpt>
<trkpt lat="-15.492134" lon="-70.125849">
<ele>3825.7</ele>
<time>2026-10-06T18:25:36-05:00</time>
</trkpt>
<trkpt lat="-15.49212" lon="-70.125818">
<ele>3825.7</ele>
<time>2026-10-06T18:25:38-05:00</time>
</trkpt>
<trkpt lat="-15.492105" lon="-70.125779">
<ele>3825.8</ele>
<time>2026-10-06T18:25:40-05:00</time>
</trkpt>
<trkpt lat="-15.492084" lon="-70.125737">
<ele>3826.4</ele>
<time>2026-10-06T18:25:42-05:00</time>
</trkpt>
<trkpt lat="-15.492073" lon="-70.125703">
<ele>3826.1</ele>
<time>2026-10-06T18:25:44-05:00</time>
</trkpt>
<trkpt lat="-15.492047" lon="-70.125694">
<ele>3825.6</ele>
<time>2026-10-06T18:25:46-05:00</time>
</trkpt>
<trkpt lat="-15.492054" lon="-70.125659">
<ele>3825.4</ele>
<time>2026-10-06T18:25:48-05:00</time>
</trkpt>
<trkpt lat="-15.492038" lon="-70.125602">
<ele>3825.5</ele>
<time>2026-10-06T18:25:50-05:00</time>
</trkpt>
<trkpt lat="-15.492033" lon="-70.125573">
<ele>3825.8</ele>
<time>2026-10-06T18:25:52-05:00</time>
</trkpt>
<trkpt lat="-15.492011" lon="-70.125515">
<ele>3826.2</ele>
<time>2026-10-06T18:25:54-05:00</time>
</trkpt>
<trkpt lat="-15.492012" lon="-70.125481">
<ele>3825.7</ele>
<time>2026-10-06T18:25:56-05:00</time>
</trkpt>
<trkpt lat="-15.492011" lon="-70.125434">
<ele>3826.2</ele>
<time>2026-10-06T18:25:58-05:00</time>
</trkpt>
<trkpt lat="-15.491981" lon="-70.125393">
<ele>3826.2</ele>
<time>2026-10-06T18:26:00-05:00</time>
</trkpt>
<trkpt lat="-15.491972" lon="-70.125382">
<ele>3826.4</ele>
<time>2026-10-06T18:26:02-05:00</time>
</trkpt>
<trkpt lat="-15.491964" lon="-70.125346">
<ele>3826.1</ele>
<time>2026-10-06T18:26:04-05:00</time>
</trkpt>
<trkpt lat="-15.491955" lon="-70.125311">
<ele>3826.2</ele>
<time>2026-10-06T18:26:06-05:00</time>
</trkpt>
<trkpt lat="-15.491942" lon="-70.125273">
<ele>3826.5</ele>
<time>2026-10-06T18:26:08-05:00</time>
</trkpt>
<trkpt lat="-15.491936" lon="-70.125229">
<ele>3826.1</ele>
<time>2026-10-06T18:26:10-05:00</time>
</trkpt>
<trkpt lat="-15.491922" lon="-70.125192">
<ele>3826.0</ele>
<time>2026-10-06T18:26:12-05:00</time>
</trkpt>
<trkpt lat="-15.491889" lon="-70.125153">
<ele>3826.1</ele>
<time>2026-10-06T18:26:14-05:00</time>
</trkpt>
<trkpt lat="-15.491885" lon="-70.125122">
<ele>3826.0</ele>
<time>2026-10-06T18:26:16-05:00</time>
</trkpt>
<trkpt lat="-15.49187" lon="-70.125093">
<ele>3824.9</ele>
<time>2026-10-06T18:26:18-05:00</time>
</trkpt>
<trkpt lat="-15.491844" lon="-70.125059">
<ele>3825.9</ele>
<time>2026-10-06T18:26:20-05:00</time>
</trkpt>
<trkpt lat="-15.491831" lon="-70.125011">
<ele>3825.8</ele>
<time>2026-10-06T18:26:22-05:00</time>
</trkpt>
<trkpt lat="-15.491813" lon="-70.12498">
<ele>3826.5</ele>
<time>2026-10-06T18:26:24-05:00</time>
</trkpt>
<trkpt lat="-15.491817" lon="-70.12497">
<ele>3825.7</ele>
<time>2026-10-06T18:26:26-05:00</time>
</trkpt>
<trkpt lat="-15.491804" lon="-70.124929">
<ele>3825.7</ele>
<time>2026-10-06T18:26:28-05:00</time>
</trkpt>
<trkpt lat="-15.491794" lon="-70.124875">
<ele>3825.5</ele>
<time>2026-10-06T18:26:30-05:00</time>
</trkpt>
<trkpt lat="-15.491778" lon="-70.124863">
<ele>3825.5</ele>
<time>2026-10-06T18:26:32-05:00</time>
</trkpt>
<trkpt lat="-15.491756" lon="-70.124835">
<ele>3826.6</ele>
<time>2026-10-06T18:26:34-05:00</time>
</trkpt>
<trkpt lat="-15.491736" lon="-70.124785">
<ele>3825.5</ele>
<time>2026-10-06T18:26:36-05:00</time>
</trkpt>
<trkpt lat="-15.491721" lon="-70.124736">
<ele>3825.3</ele>
<time>2026-10-06T18:26:38-05:00</time>
</trkpt>
<trkpt lat="-15.491703" lon="-70.124707">
<ele>3825.6</ele>
<time>2026-10-06T18:26:40-05:00</time>
</trkpt>
<trkpt lat="-15.491699" lon="-70.124669">
<ele>3825.7</ele>
<time>2026-10-06T18:26:42-05:00</time>
</trkpt>
<trkpt lat="-15.491671" lon="-70.124627">
<ele>3825.4</ele>
<time>2026-10-06T18:26:44-05:00</time>
</trkpt>
<trkpt lat="-15.491661" lon="-70.124592">
<ele>3826.0</ele>
<time>2026-10-06T18:26:46-05:00</time>
</trkpt>
<trkpt lat="-15.491659" lon="-70.124545">
<ele>3825.7</ele>
<time>2026-10-06T18:26:48-05:00</time>
</trkpt>
<trkpt lat="-15.49164" lon="-70.124511">
<ele>3826.2</ele>
<time>2026-10-06T18:26:50-05:00</time>
</trkpt>
<trkpt lat="-15.491625" lon="-70.124478">
<ele>3825.9</ele>
<time>2026-10-06T18:26:52-05:00</time>
</trkpt>
<trkpt lat="-15.491616" lon="-70.124429">
<ele>3825.9</ele>
<time>2026-10-06T18:26:54-05:00</time>
</trkpt>
<trkpt lat="-15.49161" lon="-70.124401">
<ele>3825.7</ele>
<time>2026-10-06T18:26:56-05:00</time>
</trkpt>
<trkpt lat="-15.491601" lon="-70.124361">
<ele>3826.5</ele>
<time>2026-10-06T18:26:58-05:00</time>
</trkpt>
<trkpt lat="-15.491579" lon="-70.124314">
<ele>3825.9</ele>
<time>2026-10-06T18:27:00-05:00</time>
</trkpt>
<trkpt lat="-15.491561" lon="-70.124279">
<ele>3825.7</ele>
<time>2026-10-06T18:27:02-05:00</time>
</trkpt>
<trkpt lat="-15.491541" lon="-70.124216">
<ele>3826.4</ele>
<time>2026-10-06T18:27:04-05:00</time>
</trkpt>
<trkpt lat="-15.491514" lon="-70.124153">
<ele>3825.7</ele>
<time>2026-10-06T18:27:06-05:00</time>
</trkpt>
<trkpt lat="-15.491501" lon="-70.124098">
<ele>3825.3</ele>
<time>2026-10-06T18:27:08-05:00</time>
</trkpt>
<trkpt lat="-15.491485" lon="-70.124039">
<ele>3826.1</ele>
<time>2026-10-06T18:27:10-05:00</time>
</trkpt>
<trkpt lat="-15.491478" lon="-70.123993">
<ele>3825.2</ele>
<time>2026-10-06T18:27:12-05:00</time>
</trkpt>
<trkpt lat="-15.491454" lon="-70.123937">
<ele>3825.9</ele>
<time>2026-10-06T18:27:14-05:00</time>
</trkpt>
<trkpt lat="-15.491439" lon="-70.123889">
<ele>3825.1</ele>
<time>2026-10-06T18:27:16-05:00</time>
</trkpt>
<trkpt lat="-15.491395" lon="-70.123842">
<ele>3825.3</ele>
<time>2026-10-06T18:27:18-05:00</time>
</trkpt>
<trkpt lat="-15.491382" lon="-70.123789">
<ele>3825.5</ele>
<time>2026-10-06T18:27:20-05:00</time>
</trkpt>
<trkpt lat="-15.491356" lon="-70.12374">
<ele>3825.1</ele>
<time>2026-10-06T18:27:22-05:00</time>
</trkpt>
<trkpt lat="-15.49135" lon="-70.123676">
<ele>3825.5</ele>
<time>2026-10-06T18:27:24-05:00</time>
</trkpt>
<trkpt lat="-15.49134" lon="-70.12364">
<ele>3825.1</ele>
<time>2026-10-06T18:27:26-05:00</time>
</trkpt>
<trkpt lat="-15.491312" lon="-70.123601">
<ele>3825.2</ele>
<time>2026-10-06T18:27:28-05:00</time>
</trkpt>
<trkpt lat="-15.491277" lon="-70.123544">
<ele>3825.1</ele>
<time>2026-10-06T18:27:30-05:00</time>
</trkpt>
<trkpt lat="-15.491259" lon="-70.123489">
<ele>3825.4</ele>
<time>2026-10-06T18:27:32-05:00</time>
</trkpt>
<trkpt lat="-15.491245" lon="-70.123454">
<ele>3824.9</ele>
<time>2026-10-06T18:27:34-05:00</time>
</trkpt>
<trkpt lat="-15.49122" lon="-70.123406">
<ele>3826.0</ele>
<time>2026-10-06T18:27:36-05:00</time>
</trkpt>
<trkpt lat="-15.491228" lon="-70.12337">
<ele>3825.6</ele>
<time>2026-10-06T18:27:38-05:00</time>
</trkpt>
<trkpt lat="-15.491216" lon="-70.123335">
<ele>3825.3</ele>
<time>2026-10-06T18:27:40-05:00</time>
</trkpt>
<trkpt lat="-15.491189" lon="-70.123309">
<ele>3824.8</ele>
<time>2026-10-06T18:27:42-05:00</time>
</trkpt>
<trkpt lat="-15.491148" lon="-70.123259">
<ele>3825.5</ele>
<time>2026-10-06T18:27:44-05:00</time>
</trkpt>
<trkpt lat="-15.491134" lon="-70.1232">
<ele>3825.4</ele>
<time>2026-10-06T18:27:46-05:00</time>
</trkpt>
<trkpt lat="-15.491101" lon="-70.123148">
<ele>3825.4</ele>
<time>2026-10-06T18:27:48-05:00</time>
</trkpt>
<trkpt lat="-15.491082" lon="-70.123069">
<ele>3825.9</ele>
<time>2026-10-06T18:27:50-05:00</time>
</trkpt>
<trkpt lat="-15.491061" lon="-70.123015">
<ele>3825.4</ele>
<time>2026-10-06T18:27:52-05:00</time>
</trkpt>
<trkpt lat="-15.491043" lon="-70.122982">
<ele>3825.0</ele>
<time>2026-10-06T18:27:54-05:00</time>
</trkpt>
<trkpt lat="-15.49103" lon="-70.122941">
<ele>3825.4</ele>
<time>2026-10-06T18:27:56-05:00</time>
</trkpt>
<trkpt lat="-15.490996" lon="-70.122883">
<ele>3826.2</ele>
<time>2026-10-06T18:27:58-05:00</time>
</trkpt>
<trkpt lat="-15.490977" lon="-70.122833">
<ele>3825.9</ele>
<time>2026-10-06T18:28:00-05:00</time>
</trkpt>
<trkpt lat="-15.490947" lon="-70.122812">
<ele>3825.4</ele>
<time>2026-10-06T18:28:02-05:00</time>
</trkpt>
<trkpt lat="-15.490949" lon="-70.122765">
<ele>3825.7</ele>
<time>2026-10-06T18:28:04-05:00</time>
</trkpt>
<trkpt lat="-15.49092" lon="-70.122716">
<ele>3824.8</ele>
<time>2026-10-06T18:28:06-05:00</time>
</trkpt>
<trkpt lat="-15.490902" lon="-70.122683">
<ele>3824.9</ele>
<time>2026-10-06T18:28:08-05:00</time>
</trkpt>
<trkpt lat="-15.490899" lon="-70.122642">
<ele>3824.8</ele>
<time>2026-10-06T18:28:10-05:00</time>
</trkpt>
<trkpt lat="-15.490887" lon="-70.122601">
<ele>3824.1</ele>
<time>2026-10-06T18:28:12-05:00</time>
</trkpt>
<trkpt lat="-15.490865" lon="-70.122557">
<ele>3825.6</ele>
<time>2026-10-06T18:28:14-05:00</time>
</trkpt>
<trkpt lat="-15.490842" lon="-70.122504">
<ele>3825.4</ele>
<time>2026-10-06T18:28:16-05:00</time>
</trkpt>
<trkpt lat="-15.490814" lon="-70.122453">
<ele>3825.1</ele>
<time>2026-10-06T18:28:18-05:00</time>
</trkpt>
<trkpt lat="-15.490797" lon="-70.122438">
<ele>3825.0</ele>
<time>2026-10-06T18:28:20-05:00</time>
</trkpt>
<trkpt lat="-15.490786" lon="-70.122408">
<ele>3825.4</ele>
<time>2026-10-06T18:28:22-05:00</time>
</trkpt>
<trkpt lat="-15.490779" lon="-70.122377">
<ele>3825.5</ele>
<time>2026-10-06T18:28:24-05:00</time>
</trkpt>
<trkpt lat="-15.490774" lon="-70.122368">
<ele>3824.8</ele>
<time>2026-10-06T18:28:26-05:00</time>
</trkpt>
<trkpt lat="-15.490792" lon="-70.122367">
<ele>3825.4</ele>
<time>2026-10-06T18:28:28-05:00</time>
</trkpt>
<trkpt lat="-15.490831" lon="-70.122349">
<ele>3825.1</ele>
<time>2026-10-06T18:28:30-05:00</time>
</trkpt>
<trkpt lat="-15.490874" lon="-70.122304">
<ele>3826.1</ele>
<time>2026-10-06T18:28:32-05:00</time>
</trkpt>
<trkpt lat="-15.490883" lon="-70.122246">
<ele>3825.9</ele>
<time>2026-10-06T18:28:34-05:00</time>
</trkpt>
<trkpt lat="-15.49089" lon="-70.122176">
<ele>3826.1</ele>
<time>2026-10-06T18:28:36-05:00</time>
</trkpt>
<trkpt lat="-15.490885" lon="-70.122121">
<ele>3826.1</ele>
<time>2026-10-06T18:28:38-05:00</time>
</trkpt>
<trkpt lat="-15.490875" lon="-70.122094">
<ele>3826.5</ele>
<time>2026-10-06T18:28:40-05:00</time>
</trkpt>
<trkpt lat="-15.490861" lon="-70.122071">
<ele>3826.9</ele>
<time>2026-10-06T18:28:42-05:00</time>
</trkpt>
<trkpt lat="-15.490867" lon="-70.122083">
<ele>3826.8</ele>
<time>2026-10-06T18:28:44-05:00</time>
</trkpt>
<trkpt lat="-15.490854" lon="-70.122083">
<ele>3827.2</ele>
<time>2026-10-06T18:28:46-05:00</time>
</trkpt>
<trkpt lat="-15.490864" lon="-70.122084">
<ele>3825.9</ele>
<time>2026-10-06T18:28:48-05:00</time>
</trkpt>
<trkpt lat="-15.490871" lon="-70.122093">
<ele>3827.4</ele>
<time>2026-10-06T18:28:50-05:00</time>
</trkpt>
<trkpt lat="-15.490865" lon="-70.122079">
<ele>3827.0</ele>
<time>2026-10-06T18:28:52-05:00</time>
</trkpt>
<trkpt lat="-15.490871" lon="-70.122069">
<ele>3826.3</ele>
<time>2026-10-06T18:28:54-05:00</time>
</trkpt>
<trkpt lat="-15.490862" lon="-70.122073">
<ele>3827.0</ele>
<time>2026-10-06T18:28:56-05:00</time>
</trkpt>
<trkpt lat="-15.490874" lon="-70.122073">
<ele>3827.3</ele>
<time>2026-10-06T18:28:58-05:00</time>
</trkpt>
<trkpt lat="-15.490883" lon="-70.122052">
<ele>3826.6</ele>
<time>2026-10-06T18:29:00-05:00</time>
</trkpt>
<trkpt lat="-15.490893" lon="-70.122036">
<ele>3826.9</ele>
<time>2026-10-06T18:29:02-05:00</time>
</trkpt>
<trkpt lat="-15.490898" lon="-70.122028">
<ele>3827.3</ele>
<time>2026-10-06T18:29:04-05:00</time>
</trkpt>
<trkpt lat="-15.490904" lon="-70.122038">
<ele>3826.8</ele>
<time>2026-10-06T18:29:06-05:00</time>
</trkpt>
<trkpt lat="-15.4909" lon="-70.122053">
<ele>3826.6</ele>
<time>2026-10-06T18:29:08-05:00</time>
</trkpt>
<trkpt lat="-15.4909" lon="-70.122053">
<ele>3827.1</ele>
<time>2026-10-06T18:29:10-05:00</time>
</trkpt>
<trkpt lat="-15.490897" lon="-70.122063">
<ele>3827.4</ele>
<time>2026-10-06T18:29:12-05:00</time>
</trkpt>
<trkpt lat="-15.490842" lon="-70.122076">
<ele>3826.8</ele>
<time>2026-10-06T18:29:14-05:00</time>
</trkpt>
<trkpt lat="-15.490771" lon="-70.122081">
<ele>3826.5</ele>
<time>2026-10-06T18:29:16-05:00</time>
</trkpt>
<trkpt lat="-15.490684" lon="-70.122094">
<ele>3826.0</ele>
<time>2026-10-06T18:29:18-05:00</time>
</trkpt>
<trkpt lat="-15.490634" lon="-70.12212">
<ele>3825.5</ele>
<time>2026-10-06T18:29:20-05:00</time>
</trkpt>
<trkpt lat="-15.490617" lon="-70.122154">
<ele>3826.0</ele>
<time>2026-10-06T18:29:22-05:00</time>
</trkpt>
<trkpt lat="-15.490577" lon="-70.122165">
<ele>3826.3</ele>
<time>2026-10-06T18:29:24-05:00</time>
</trkpt>
<trkpt lat="-15.490531" lon="-70.122173">
<ele>3825.4</ele>
<time>2026-10-06T18:29:26-05:00</time>
</trkpt>
<trkpt lat="-15.490515" lon="-70.122195">
<ele>3825.8</ele>
<time>2026-10-06T18:29:28-05:00</time>
</trkpt>
<trkpt lat="-15.490454" lon="-70.12221">
<ele>3825.3</ele>
<time>2026-10-06T18:29:30-05:00</time>
</trkpt>
<trkpt lat="-15.490414" lon="-70.122235">
<ele>3825.8</ele>
<time>2026-10-06T18:29:32-05:00</time>
</trkpt>
<trkpt lat="-15.490376" lon="-70.122257">
<ele>3826.1</ele>
<time>2026-10-06T18:29:34-05:00</time>
</trkpt>
<trkpt lat="-15.490358" lon="-70.122277">
<ele>3826.4</ele>
<time>2026-10-06T18:29:36-05:00</time>
</trkpt>
<trkpt lat="-15.490314" lon="-70.122287">
<ele>3826.8</ele>
<time>2026-10-06T18:29:38-05:00</time>
</trkpt>
<trkpt lat="-15.490284" lon="-70.122301">
<ele>3826.5</ele>
<time>2026-10-06T18:29:40-05:00</time>
</trkpt>
<trkpt lat="-15.490241" lon="-70.122312">
<ele>3827.0</ele>
<time>2026-10-06T18:29:42-05:00</time>
</trkpt>
<trkpt lat="-15.490197" lon="-70.122327">
<ele>3826.7</ele>
<time>2026-10-06T18:29:44-05:00</time>
</trkpt>
<trkpt lat="-15.49014" lon="-70.12233">
<ele>3827.1</ele>
<time>2026-10-06T18:29:46-05:00</time>
</trkpt>
<trkpt lat="-15.490087" lon="-70.122338">
<ele>3826.0</ele>
<time>2026-10-06T18:29:48-05:00</time>
</trkpt>
<trkpt lat="-15.490032" lon="-70.122337">
<ele>3826.4</ele>
<time>2026-10-06T18:29:50-05:00</time>
</trkpt>
<trkpt lat="-15.489998" lon="-70.122328">
<ele>3826.6</ele>
<time>2026-10-06T18:29:52-05:00</time>
</trkpt>
<trkpt lat="-15.48995" lon="-70.122349">
<ele>3826.9</ele>
<time>2026-10-06T18:29:54-05:00</time>
</trkpt>
<trkpt lat="-15.489927" lon="-70.122386">
<ele>3826.7</ele>
<time>2026-10-06T18:29:56-05:00</time>
</trkpt>
<trkpt lat="-15.489905" lon="-70.122391">
<ele>3826.8</ele>
<time>2026-10-06T18:29:58-05:00</time>
</trkpt>
<trkpt lat="-15.489848" lon="-70.122386">
<ele>3827.3</ele>
<time>2026-10-06T18:30:00-05:00</time>
</trkpt>
<trkpt lat="-15.489799" lon="-70.122418">
<ele>3827.1</ele>
<time>2026-10-06T18:30:02-05:00</time>
</trkpt>
<trkpt lat="-15.489753" lon="-70.122446">
<ele>3827.1</ele>
<time>2026-10-06T18:30:04-05:00</time>
</trkpt>
<trkpt lat="-15.489706" lon="-70.122476">
<ele>3826.2</ele>
<time>2026-10-06T18:30:06-05:00</time>
</trkpt>
<trkpt lat="-15.489663" lon="-70.122503">
<ele>3826.9</ele>
<time>2026-10-06T18:30:08-05:00</time>
</trkpt>
<trkpt lat="-15.48962" lon="-70.122522">
<ele>3826.7</ele>
<time>2026-10-06T18:30:10-05:00</time>
</trkpt>
<trkpt lat="-15.489575" lon="-70.122536">
<ele>3826.3</ele>
<time>2026-10-06T18:30:12-05:00</time>
</trkpt>
<trkpt lat="-15.489526" lon="-70.12255">
<ele>3826.9</ele>
<time>2026-10-06T18:30:14-05:00</time>
</trkpt>
<trkpt lat="-15.489477" lon="-70.122574">
<ele>3826.6</ele>
<time>2026-10-06T18:30:16-05:00</time>
</trkpt>
<trkpt lat="-15.489446" lon="-70.122598">
<ele>3827.2</ele>
<time>2026-10-06T18:30:18-05:00</time>
</trkpt>
<trkpt lat="-15.489399" lon="-70.122601">
<ele>3827.1</ele>
<time>2026-10-06T18:30:20-05:00</time>
</trkpt>
<trkpt lat="-15.489358" lon="-70.122622">
<ele>3826.2</ele>
<time>2026-10-06T18:30:22-05:00</time>
</trkpt>
<trkpt lat="-15.489294" lon="-70.122636">
<ele>3826.4</ele>
<time>2026-10-06T18:30:24-05:00</time>
</trkpt>
<trkpt lat="-15.489252" lon="-70.122675">
<ele>3827.2</ele>
<time>2026-10-06T18:30:26-05:00</time>
</trkpt>
<trkpt lat="-15.489204" lon="-70.122691">
<ele>3826.8</ele>
<time>2026-10-06T18:30:28-05:00</time>
</trkpt>
<trkpt lat="-15.489178" lon="-70.122698">
<ele>3827.0</ele>
<time>2026-10-06T18:30:30-05:00</time>
</trkpt>
<trkpt lat="-15.489136" lon="-70.122721">
<ele>3826.7</ele>
<time>2026-10-06T18:30:32-05:00</time>
</trkpt>
<trkpt lat="-15.489097" lon="-70.122766">
<ele>3826.6</ele>
<time>2026-10-06T18:30:34-05:00</time>
</trkpt>
<trkpt lat="-15.489048" lon="-70.122785">
<ele>3827.2</ele>
<time>2026-10-06T18:30:36-05:00</time>
</trkpt>
<trkpt lat="-15.48898" lon="-70.1228">
<ele>3826.9</ele>
<time>2026-10-06T18:30:38-05:00</time>
</trkpt>
<trkpt lat="-15.488941" lon="-70.122822">
<ele>3826.7</ele>
<time>2026-10-06T18:30:40-05:00</time>
</trkpt>
<trkpt lat="-15.488905" lon="-70.122853">
<ele>3826.2</ele>
<time>2026-10-06T18:30:42-05:00</time>
</trkpt>
<trkpt lat="-15.488853" lon="-70.122874">
<ele>3826.3</ele>
<time>2026-10-06T18:30:44-05:00</time>
</trkpt>
<trkpt lat="-15.488809" lon="-70.122884">
<ele>3826.9</ele>
<time>2026-10-06T18:30:46-05:00</time>
</trkpt>
<trkpt lat="-15.488769" lon="-70.122904">
<ele>3825.9</ele>
<time>2026-10-06T18:30:48-05:00</time>
</trkpt>
<trkpt lat="-15.488723" lon="-70.122921">
<ele>3826.4</ele>
<time>2026-10-06T18:30:50-05:00</time>
</trkpt>
<trkpt lat="-15.48869" lon="-70.122932">
<ele>3826.3</ele>
<time>2026-10-06T18:30:52-05:00</time>
</trkpt>
<trkpt lat="-15.488655" lon="-70.122941">
<ele>3826.9</ele>
<time>2026-10-06T18:30:54-05:00</time>
</trkpt>
<trkpt lat="-15.488629" lon="-70.122958">
<ele>3826.5</ele>
<time>2026-10-06T18:30:56-05:00</time>
</trkpt>
<trkpt lat="-15.488602" lon="-70.122978">
<ele>3826.1</ele>
<time>2026-10-06T18:30:58-05:00</time>
</trkpt>
<trkpt lat="-15.488561" lon="-70.122998">
<ele>3826.6</ele>
<time>2026-10-06T18:31:00-05:00</time>
</trkpt>
<trkpt lat="-15.488544" lon="-70.123008">
<ele>3826.7</ele>
<time>2026-10-06T18:31:02-05:00</time>
</trkpt>
<trkpt lat="-15.488509" lon="-70.123025">
<ele>3826.2</ele>
<time>2026-10-06T18:31:04-05:00</time>
</trkpt>
<trkpt lat="-15.488483" lon="-70.123006">
<ele>3826.8</ele>
<time>2026-10-06T18:31:06-05:00</time>
</trkpt>
<trkpt lat="-15.488455" lon="-70.123005">
<ele>3825.6</ele>
<time>2026-10-06T18:31:08-05:00</time>
</trkpt>
<trkpt lat="-15.48842" lon="-70.123009">
<ele>3825.8</ele>
<time>2026-10-06T18:31:10-05:00</time>
</trkpt>
<trkpt lat="-15.488382" lon="-70.123025">
<ele>3826.8</ele>
<time>2026-10-06T18:31:12-05:00</time>
</trkpt>
<trkpt lat="-15.488362" lon="-70.123045">
<ele>3825.9</ele>
<time>2026-10-06T18:31:14-05:00</time>
</trkpt>
<trkpt lat="-15.488328" lon="-70.123057">
<ele>3827.4</ele>
<time>2026-10-06T18:31:16-05:00</time>
</trkpt>
<trkpt lat="-15.488316" lon="-70.12307">
<ele>3826.7</ele>
<time>2026-10-06T18:31:18-05:00</time>
</trkpt>
<trkpt lat="-15.488273" lon="-70.123085">
<ele>3825.9</ele>
<time>2026-10-06T18:31:20-05:00</time>
</trkpt>
<trkpt lat="-15.488221" lon="-70.123109">
<ele>3826.8</ele>
<time>2026-10-06T18:31:22-05:00</time>
</trkpt>
<trkpt lat="-15.488183" lon="-70.123116">
<ele>3826.5</ele>
<time>2026-10-06T18:31:24-05:00</time>
</trkpt>
<trkpt lat="-15.48814" lon="-70.123144">
<ele>3827.1</ele>
<time>2026-10-06T18:31:26-05:00</time>
</trkpt>
<trkpt lat="-15.488102" lon="-70.12315">
<ele>3826.5</ele>
<time>2026-10-06T18:31:28-05:00</time>
</trkpt>
<trkpt lat="-15.488065" lon="-70.123173">
<ele>3826.6</ele>
<time>2026-10-06T18:31:30-05:00</time>
</trkpt>
<trkpt lat="-15.48803" lon="-70.123173">
<ele>3825.9</ele>
<time>2026-10-06T18:31:32-05:00</time>
</trkpt>
<trkpt lat="-15.488006" lon="-70.123181">
<ele>3827.0</ele>
<time>2026-10-06T18:31:34-05:00</time>
</trkpt>
<trkpt lat="-15.487969" lon="-70.123204">
<ele>3826.5</ele>
<time>2026-10-06T18:31:36-05:00</time>
</trkpt>
<trkpt lat="-15.487936" lon="-70.123201">
<ele>3825.8</ele>
<time>2026-10-06T18:31:38-05:00</time>
</trkpt>
<trkpt lat="-15.487867" lon="-70.123234">
<ele>3826.4</ele>
<time>2026-10-06T18:31:40-05:00</time>
</trkpt>
<trkpt lat="-15.487789" lon="-70.123294">
<ele>3825.9</ele>
<time>2026-10-06T18:31:42-05:00</time>
</trkpt>
<trkpt lat="-15.487712" lon="-70.123331">
<ele>3826.1</ele>
<time>2026-10-06T18:31:44-05:00</time>
</trkpt>
<trkpt lat="-15.487616" lon="-70.123351">
<ele>3826.3</ele>
<time>2026-10-06T18:31:46-05:00</time>
</trkpt>
<trkpt lat="-15.487516" lon="-70.12338">
<ele>3826.9</ele>
<time>2026-10-06T18:31:48-05:00</time>
</trkpt>
<trkpt lat="-15.487428" lon="-70.123402">
<ele>3825.9</ele>
<time>2026-10-06T18:31:50-05:00</time>
</trkpt>
<trkpt lat="-15.487327" lon="-70.123438">
<ele>3826.3</ele>
<time>2026-10-06T18:31:52-05:00</time>
</trkpt>
<trkpt lat="-15.487233" lon="-70.123469">
<ele>3827.0</ele>
<time>2026-10-06T18:31:54-05:00</time>
</trkpt>
<trkpt lat="-15.48715" lon="-70.123494">
<ele>3827.0</ele>
<time>2026-10-06T18:31:56-05:00</time>
</trkpt>
<trkpt lat="-15.487105" lon="-70.123494">
<ele>3826.1</ele>
<time>2026-10-06T18:31:58-05:00</time>
</trkpt>
<trkpt lat="-15.48707" lon="-70.1235">
<ele>3826.3</ele>
<time>2026-10-06T18:32:00-05:00</time>
</trkpt>
<trkpt lat="-15.487077" lon="-70.123495">
<ele>3827.1</ele>
<time>2026-10-06T18:32:02-05:00</time>
</trkpt>
<trkpt lat="-15.487091" lon="-70.123492">
<ele>3826.2</ele>
<time>2026-10-06T18:32:04-05:00</time>
</trkpt>
<trkpt lat="-15.48709" lon="-70.123494">
<ele>3825.9</ele>
<time>2026-10-06T18:32:06-05:00</time>
</trkpt>
<trkpt lat="-15.487085" lon="-70.123499">
<ele>3826.5</ele>
<time>2026-10-06T18:32:08-05:00</time>
</trkpt>
<trkpt lat="-15.487084" lon="-70.123514">
<ele>3826.2</ele>
<time>2026-10-06T18:32:10-05:00</time>
</trkpt>
<trkpt lat="-15.487095" lon="-70.123526">
<ele>3825.8</ele>
<time>2026-10-06T18:32:12-05:00</time>
</trkpt>
<trkpt lat="-15.487094" lon="-70.123522">
<ele>3826.1</ele>
<time>2026-10-06T18:32:14-05:00</time>
</trkpt>
<trkpt lat="-15.48709" lon="-70.123526">
<ele>3826.5</ele>
<time>2026-10-06T18:32:16-05:00</time>
</trkpt>
<trkpt lat="-15.487085" lon="-70.123513">
<ele>3825.8</ele>
<time>2026-10-06T18:32:18-05:00</time>
</trkpt>
<trkpt lat="-15.487076" lon="-70.123505">
<ele>3825.4</ele>
<time>2026-10-06T18:32:20-05:00</time>
</trkpt>
<trkpt lat="-15.487096" lon="-70.123527">
<ele>3827.3</ele>
<time>2026-10-06T18:32:22-05:00</time>
</trkpt>
<trkpt lat="-15.487083" lon="-70.123545">
<ele>3826.0</ele>
<time>2026-10-06T18:32:24-05:00</time>
</trkpt>
<trkpt lat="-15.487071" lon="-70.123538">
<ele>3825.6</ele>
<time>2026-10-06T18:32:26-05:00</time>
</trkpt>
<trkpt lat="-15.487048" lon="-70.123554">
<ele>3826.0</ele>
<time>2026-10-06T18:32:28-05:00</time>
</trkpt>
<trkpt lat="-15.487026" lon="-70.123568">
<ele>3826.3</ele>
<time>2026-10-06T18:32:30-05:00</time>
</trkpt>
<trkpt lat="-15.48699" lon="-70.123604">
<ele>3825.9</ele>
<time>2026-10-06T18:32:32-05:00</time>
</trkpt>
<trkpt lat="-15.486899" lon="-70.12363">
<ele>3826.4</ele>
<time>2026-10-06T18:32:34-05:00</time>
</trkpt>
<trkpt lat="-15.486828" lon="-70.123662">
<ele>3826.5</ele>
<time>2026-10-06T18:32:36-05:00</time>
</trkpt>
<trkpt lat="-15.486743" lon="-70.123714">
<ele>3825.9</ele>
<time>2026-10-06T18:32:38-05:00</time>
</trkpt>
<trkpt lat="-15.486674" lon="-70.12376">
<ele>3825.9</ele>
<time>2026-10-06T18:32:40-05:00</time>
</trkpt>
<trkpt lat="-15.486585" lon="-70.123794">
<ele>3826.2</ele>
<time>2026-10-06T18:32:42-05:00</time>
</trkpt>
<trkpt lat="-15.486483" lon="-70.123831">
<ele>3825.8</ele>
<time>2026-10-06T18:32:44-05:00</time>
</trkpt>
<trkpt lat="-15.486401" lon="-70.123856">
<ele>3826.3</ele>
<time>2026-10-06T18:32:46-05:00</time>
</trkpt>
<trkpt lat="-15.486315" lon="-70.123885">
<ele>3826.0</ele>
<time>2026-10-06T18:32:48-05:00</time>
</trkpt>
<trkpt lat="-15.486228" lon="-70.123925">
<ele>3826.3</ele>
<time>2026-10-06T18:32:50-05:00</time>
</trkpt>
<trkpt lat="-15.486147" lon="-70.123946">
<ele>3826.2</ele>
<time>2026-10-06T18:32:52-05:00</time>
</trkpt>
<trkpt lat="-15.486071" lon="-70.123975">
<ele>3825.7</ele>
<time>2026-10-06T18:32:54-05:00</time>
</trkpt>
<trkpt lat="-15.486011" lon="-70.123989">
<ele>3826.5</ele>
<time>2026-10-06T18:32:56-05:00</time>
</trkpt>
<trkpt lat="-15.485944" lon="-70.124004">
<ele>3826.2</ele>
<time>2026-10-06T18:32:58-05:00</time>
</trkpt>
<trkpt lat="-15.485883" lon="-70.124025">
<ele>3826.1</ele>
<time>2026-10-06T18:33:00-05:00</time>
</trkpt>
<trkpt lat="-15.485816" lon="-70.124053">
<ele>3825.9</ele>
<time>2026-10-06T18:33:02-05:00</time>
</trkpt>
<trkpt lat="-15.485753" lon="-70.124092">
<ele>3827.0</ele>
<time>2026-10-06T18:33:04-05:00</time>
</trkpt>
<trkpt lat="-15.485684" lon="-70.124113">
<ele>3826.3</ele>
<time>2026-10-06T18:33:06-05:00</time>
</trkpt>
<trkpt lat="-15.485621" lon="-70.124142">
<ele>3825.7</ele>
<time>2026-10-06T18:33:08-05:00</time>
</trkpt>
<trkpt lat="-15.485557" lon="-70.124153">
<ele>3826.3</ele>
<time>2026-10-06T18:33:10-05:00</time>
</trkpt>
<trkpt lat="-15.485509" lon="-70.124173">
<ele>3826.3</ele>
<time>2026-10-06T18:33:12-05:00</time>
</trkpt>
<trkpt lat="-15.485436" lon="-70.124189">
<ele>3825.8</ele>
<time>2026-10-06T18:33:14-05:00</time>
</trkpt>
<trkpt lat="-15.485385" lon="-70.124206">
<ele>3826.4</ele>
<time>2026-10-06T18:33:16-05:00</time>
</trkpt>
<trkpt lat="-15.485315" lon="-70.124236">
<ele>3826.0</ele>
<time>2026-10-06T18:33:18-05:00</time>
</trkpt>
<trkpt lat="-15.485253" lon="-70.124253">
<ele>3825.8</ele>
<time>2026-10-06T18:33:20-05:00</time>
</trkpt>
<trkpt lat="-15.485184" lon="-70.124286">
<ele>3825.9</ele>
<time>2026-10-06T18:33:22-05:00</time>
</trkpt>
<trkpt lat="-15.485125" lon="-70.124334">
<ele>3826.3</ele>
<time>2026-10-06T18:33:24-05:00</time>
</trkpt>
<trkpt lat="-15.485023" lon="-70.124355">
<ele>3826.2</ele>
<time>2026-10-06T18:33:26-05:00</time>
</trkpt>
<trkpt lat="-15.484916" lon="-70.124398">
<ele>3825.8</ele>
<time>2026-10-06T18:33:28-05:00</time>
</trkpt>
<trkpt lat="-15.484854" lon="-70.12443">
<ele>3825.7</ele>
<time>2026-10-06T18:33:30-05:00</time>
</trkpt>
<trkpt lat="-15.484807" lon="-70.124433">
<ele>3826.3</ele>
<time>2026-10-06T18:33:32-05:00</time>
</trkpt>
<trkpt lat="-15.484781" lon="-70.124405">
<ele>3827.4</ele>
<time>2026-10-06T18:33:34-05:00</time>
</trkpt>
<trkpt lat="-15.484726" lon="-70.124352">
<ele>3827.0</ele>
<time>2026-10-06T18:33:36-05:00</time>
</trkpt>
<trkpt lat="-15.484654" lon="-70.124287">
<ele>3825.9</ele>
<time>2026-10-06T18:33:38-05:00</time>
</trkpt>
<trkpt lat="-15.484566" lon="-70.124216">
<ele>3825.9</ele>
<time>2026-10-06T18:33:40-05:00</time>
</trkpt>
<trkpt lat="-15.484491" lon="-70.12413">
<ele>3826.2</ele>
<time>2026-10-06T18:33:42-05:00</time>
</trkpt>
<trkpt lat="-15.48442" lon="-70.124044">
<ele>3826.4</ele>
<time>2026-10-06T18:33:44-05:00</time>
</trkpt>
<trkpt lat="-15.484347" lon="-70.123987">
<ele>3826.4</ele>
<time>2026-10-06T18:33:46-05:00</time>
</trkpt>
<trkpt lat="-15.484271" lon="-70.123895">
<ele>3827.1</ele>
<time>2026-10-06T18:33:48-05:00</time>
</trkpt>
<trkpt lat="-15.484209" lon="-70.123828">
<ele>3826.8</ele>
<time>2026-10-06T18:33:50-05:00</time>
</trkpt>
<trkpt lat="-15.484174" lon="-70.123782">
<ele>3826.6</ele>
<time>2026-10-06T18:33:52-05:00</time>
</trkpt>
<trkpt lat="-15.484148" lon="-70.123748">
<ele>3826.8</ele>
<time>2026-10-06T18:33:54-05:00</time>
</trkpt>
<trkpt lat="-15.484141" lon="-70.123736">
<ele>3825.7</ele>
<time>2026-10-06T18:33:56-05:00</time>
</trkpt>
<trkpt lat="-15.484133" lon="-70.123752">
<ele>3826.3</ele>
<time>2026-10-06T18:33:58-05:00</time>
</trkpt>
<trkpt lat="-15.484144" lon="-70.123745">
<ele>3826.3</ele>
<time>2026-10-06T18:34:00-05:00</time>
</trkpt>
<trkpt lat="-15.48415" lon="-70.12377">
<ele>3826.1</ele>
<time>2026-10-06T18:34:02-05:00</time>
</trkpt>
<trkpt lat="-15.484156" lon="-70.123764">
<ele>3825.8</ele>
<time>2026-10-06T18:34:04-05:00</time>
</trkpt>
<trkpt lat="-15.484141" lon="-70.123766">
<ele>3826.2</ele>
<time>2026-10-06T18:34:06-05:00</time>
</trkpt>
<trkpt lat="-15.484155" lon="-70.123765">
<ele>3825.6</ele>
<time>2026-10-06T18:34:08-05:00</time>
</trkpt>
<trkpt lat="-15.484154" lon="-70.123748">
<ele>3826.9</ele>
<time>2026-10-06T18:34:10-05:00</time>
</trkpt>
<trkpt lat="-15.484159" lon="-70.123742">
<ele>3826.1</ele>
<time>2026-10-06T18:34:12-05:00</time>
</trkpt>
<trkpt lat="-15.484146" lon="-70.123752">
<ele>3826.0</ele>
<time>2026-10-06T18:34:14-05:00</time>
</trkpt>
<trkpt lat="-15.484155" lon="-70.123739">
<ele>3826.5</ele>
<time>2026-10-06T18:34:16-05:00</time>
</trkpt>
<trkpt lat="-15.484165" lon="-70.123728">
<ele>3826.1</ele>
<time>2026-10-06T18:34:18-05:00</time>
</trkpt>
<trkpt lat="-15.484171" lon="-70.123731">
<ele>3826.1</ele>
<time>2026-10-06T18:34:20-05:00</time>
</trkpt>
<trkpt lat="-15.484163" lon="-70.123734">
<ele>3826.4</ele>
<time>2026-10-06T18:34:22-05:00</time>
</trkpt>
<trkpt lat="-15.484169" lon="-70.123746">
<ele>3826.8</ele>
<time>2026-10-06T18:34:24-05:00</time>
</trkpt>
<trkpt lat="-15.48417" lon="-70.123751">
<ele>3826.1</ele>
<time>2026-10-06T18:34:26-05:00</time>
</trkpt>
<trkpt lat="-15.484165" lon="-70.123749">
<ele>3826.8</ele>
<time>2026-10-06T18:34:28-05:00</time>
</trkpt>
<trkpt lat="-15.484146" lon="-70.123737">
<ele>3826.9</ele>
<time>2026-10-06T18:34:30-05:00</time>
</trkpt>
<trkpt lat="-15.484096" lon="-70.123704">
<ele>3826.2</ele>
<time>2026-10-06T18:34:32-05:00</time>
</trkpt>
<trkpt lat="-15.484038" lon="-70.123648">
<ele>3827.4</ele>
<time>2026-10-06T18:34:34-05:00</time>
</trkpt>
<trkpt lat="-15.483956" lon="-70.123548">
<ele>3827.0</ele>
<time>2026-10-06T18:34:36-05:00</time>
</trkpt>
<trkpt lat="-15.483851" lon="-70.123448">
<ele>3827.8</ele>
<time>2026-10-06T18:34:38-05:00</time>
</trkpt>
<trkpt lat="-15.483752" lon="-70.123356">
<ele>3827.2</ele>
<time>2026-10-06T18:34:40-05:00</time>
</trkpt>
<trkpt lat="-15.483672" lon="-70.12326">
<ele>3828.1</ele>
<time>2026-10-06T18:34:42-05:00</time>
</trkpt>
<trkpt lat="-15.48361" lon="-70.123191">
<ele>3827.6</ele>
<time>2026-10-06T18:34:44-05:00</time>
</trkpt>
<trkpt lat="-15.483568" lon="-70.123151">
<ele>3827.9</ele>
<time>2026-10-06T18:34:46-05:00</time>
</trkpt>
<trkpt lat="-15.483567" lon="-70.123128">
<ele>3828.1</ele>
<time>2026-10-06T18:34:48-05:00</time>
</trkpt>
<trkpt lat="-15.483556" lon="-70.123121">
<ele>3827.3</ele>
<time>2026-10-06T18:34:50-05:00</time>
</trkpt>
<trkpt lat="-15.483544" lon="-70.123107">
<ele>3827.5</ele>
<time>2026-10-06T18:34:52-05:00</time>
</trkpt>
<trkpt lat="-15.483558" lon="-70.123107">
<ele>3827.8</ele>
<time>2026-10-06T18:34:54-05:00</time>
</trkpt>
<trkpt lat="-15.483561" lon="-70.123121">
<ele>3828.6</ele>
<time>2026-10-06T18:34:56-05:00</time>
</trkpt>
<trkpt lat="-15.483558" lon="-70.12311">
<ele>3828.0</ele>
<time>2026-10-06T18:34:58-05:00</time>
</trkpt>
<trkpt lat="-15.48356" lon="-70.123095">
<ele>3827.8</ele>
<time>2026-10-06T18:35:00-05:00</time>
</trkpt>
<trkpt lat="-15.483571" lon="-70.123084">
<ele>3827.5</ele>
<time>2026-10-06T18:35:02-05:00</time>
</trkpt>
<trkpt lat="-15.483562" lon="-70.123086">
<ele>3828.2</ele>
<time>2026-10-06T18:35:04-05:00</time>
</trkpt>
<trkpt lat="-15.483558" lon="-70.123096">
<ele>3828.0</ele>
<time>2026-10-06T18:35:06-05:00</time>
</trkpt>
<trkpt lat="-15.483548" lon="-70.123094">
<ele>3828.7</ele>
<time>2026-10-06T18:35:08-05:00</time>
</trkpt>
<trkpt lat="-15.483546" lon="-70.123097">
<ele>3828.1</ele>
<time>2026-10-06T18:35:10-05:00</time>
</trkpt>
<trkpt lat="-15.483555" lon="-70.123088">
<ele>3828.1</ele>
<time>2026-10-06T18:35:12-05:00</time>
</trkpt>
<trkpt lat="-15.483547" lon="-70.123071">
<ele>3827.8</ele>
<time>2026-10-06T18:35:14-05:00</time>
</trkpt>
<trkpt lat="-15.483543" lon="-70.123101">
<ele>3827.7</ele>
<time>2026-10-06T18:35:16-05:00</time>
</trkpt>
<trkpt lat="-15.483547" lon="-70.123099">
<ele>3827.2</ele>
<time>2026-10-06T18:35:18-05:00</time>
</trkpt>
<trkpt lat="-15.483524" lon="-70.123069">
<ele>3827.4</ele>
<time>2026-10-06T18:35:20-05:00</time>
</trkpt>
<trkpt lat="-15.483481" lon="-70.123028">
<ele>3828.1</ele>
<time>2026-10-06T18:35:22-05:00</time>
</trkpt>
<trkpt lat="-15.483431" lon="-70.122973">
<ele>3827.6</ele>
<time>2026-10-06T18:35:24-05:00</time>
</trkpt>
<trkpt lat="-15.483352" lon="-70.122909">
<ele>3827.4</ele>
<time>2026-10-06T18:35:26-05:00</time>
</trkpt>
<trkpt lat="-15.48329" lon="-70.122841">
<ele>3827.4</ele>
<time>2026-10-06T18:35:28-05:00</time>
</trkpt>
<trkpt lat="-15.483214" lon="-70.122757">
<ele>3827.8</ele>
<time>2026-10-06T18:35:30-05:00</time>
</trkpt>
<trkpt lat="-15.483146" lon="-70.122708">
<ele>3827.2</ele>
<time>2026-10-06T18:35:32-05:00</time>
</trkpt>
<trkpt lat="-15.483065" lon="-70.122639">
<ele>3827.2</ele>
<time>2026-10-06T18:35:34-05:00</time>
</trkpt>
<trkpt lat="-15.482999" lon="-70.122576">
<ele>3826.6</ele>
<time>2026-10-06T18:35:36-05:00</time>
</trkpt>
<trkpt lat="-15.482929" lon="-70.122505">
<ele>3827.3</ele>
<time>2026-10-06T18:35:38-05:00</time>
</trkpt>
<trkpt lat="-15.482871" lon="-70.122418">
<ele>3826.9</ele>
<time>2026-10-06T18:35:40-05:00</time>
</trkpt>
<trkpt lat="-15.482827" lon="-70.122342">
<ele>3826.6</ele>
<time>2026-10-06T18:35:42-05:00</time>
</trkpt>
<trkpt lat="-15.482822" lon="-70.122297">
<ele>3826.7</ele>
<time>2026-10-06T18:35:44-05:00</time>
</trkpt>
<trkpt lat="-15.482811" lon="-70.12229">
<ele>3826.8</ele>
<time>2026-10-06T18:35:46-05:00</time>
</trkpt>
<trkpt lat="-15.482825" lon="-70.122289">
<ele>3826.3</ele>
<time>2026-10-06T18:35:48-05:00</time>
</trkpt>
<trkpt lat="-15.482827" lon="-70.122286">
<ele>3827.1</ele>
<time>2026-10-06T18:35:50-05:00</time>
</trkpt>
<trkpt lat="-15.482834" lon="-70.122313">
<ele>3827.1</ele>
<time>2026-10-06T18:35:52-05:00</time>
</trkpt>
<trkpt lat="-15.482834" lon="-70.122302">
<ele>3826.4</ele>
<time>2026-10-06T18:35:54-05:00</time>
</trkpt>
<trkpt lat="-15.482832" lon="-70.122294">
<ele>3827.3</ele>
<time>2026-10-06T18:35:56-05:00</time>
</trkpt>
<trkpt lat="-15.482827" lon="-70.122297">
<ele>3826.7</ele>
<time>2026-10-06T18:35:58-05:00</time>
</trkpt>
<trkpt lat="-15.482829" lon="-70.12228">
<ele>3827.2</ele>
<time>2026-10-06T18:36:00-05:00</time>
</trkpt>
<trkpt lat="-15.482831" lon="-70.122277">
<ele>3827.4</ele>
<time>2026-10-06T18:36:02-05:00</time>
</trkpt>
<trkpt lat="-15.482833" lon="-70.122283">
<ele>3826.0</ele>
<time>2026-10-06T18:36:04-05:00</time>
</trkpt>
<trkpt lat="-15.482826" lon="-70.122299">
<ele>3826.3</ele>
<time>2026-10-06T18:36:06-05:00</time>
</trkpt>
<trkpt lat="-15.482826" lon="-70.122298">
<ele>3826.6</ele>
<time>2026-10-06T18:36:08-05:00</time>
</trkpt>
<trkpt lat="-15.482824" lon="-70.122294">
<ele>3826.5</ele>
<time>2026-10-06T18:36:10-05:00</time>
</trkpt>
<trkpt lat="-15.482828" lon="-70.122271">
<ele>3826.4</ele>
<time>2026-10-06T18:36:12-05:00</time>
</trkpt>
<trkpt lat="-15.482815" lon="-70.122288">
<ele>3826.6</ele>
<time>2026-10-06T18:36:14-05:00</time>
</trkpt>
<trkpt lat="-15.482808" lon="-70.122293">
<ele>3826.9</ele>
<time>2026-10-06T18:36:16-05:00</time>
</trkpt>
<trkpt lat="-15.482787" lon="-70.122306">
<ele>3826.8</ele>
<time>2026-10-06T18:36:18-05:00</time>
</trkpt>
<trkpt lat="-15.482815" lon="-70.122294">
<ele>3827.2</ele>
<time>2026-10-06T18:36:20-05:00</time>
</trkpt>
<trkpt lat="-15.482825" lon="-70.122308">
<ele>3827.1</ele>
<time>2026-10-06T18:36:22-05:00</time>
</trkpt>
<trkpt lat="-15.482821" lon="-70.122333">
<ele>3826.0</ele>
<time>2026-10-06T18:36:24-05:00</time>
</trkpt>
<trkpt lat="-15.48282" lon="-70.122318">
<ele>3826.7</ele>
<time>2026-10-06T18:36:26-05:00</time>
</trkpt>
<trkpt lat="-15.482815" lon="-70.122311">
<ele>3826.3</ele>
<time>2026-10-06T18:36:28-05:00</time>
</trkpt>
<trkpt lat="-15.482824" lon="-70.12231">
<ele>3826.6</ele>
<time>2026-10-06T18:36:30-05:00</time>
</trkpt>
<trkpt lat="-15.482786" lon="-70.122284">
<ele>3825.9</ele>
<time>2026-10-06T18:36:32-05:00</time>
</trkpt>
<trkpt lat="-15.482727" lon="-70.122265">
<ele>3826.5</ele>
<time>2026-10-06T18:36:34-05:00</time>
</trkpt>
<trkpt lat="-15.482661" lon="-70.122243">
<ele>3827.2</ele>
<time>2026-10-06T18:36:36-05:00</time>
</trkpt>
<trkpt lat="-15.482612" lon="-70.122161">
<ele>3826.4</ele>
<time>2026-10-06T18:36:38-05:00</time>
</trkpt>
<trkpt lat="-15.482579" lon="-70.122093">
<ele>3827.1</ele>
<time>2026-10-06T18:36:40-05:00</time>
</trkpt>
<trkpt lat="-15.482524" lon="-70.122025">
<ele>3826.8</ele>
<time>2026-10-06T18:36:42-05:00</time>
</trkpt>
<trkpt lat="-15.482464" lon="-70.121978">
<ele>3826.8</ele>
<time>2026-10-06T18:36:44-05:00</time>
</trkpt>
<trkpt lat="-15.482408" lon="-70.12192">
<ele>3827.2</ele>
<time>2026-10-06T18:36:46-05:00</time>
</trkpt>
<trkpt lat="-15.482342" lon="-70.12187">
<ele>3826.9</ele>
<time>2026-10-06T18:36:48-05:00</time>
</trkpt>
<trkpt lat="-15.482286" lon="-70.121803">
<ele>3827.0</ele>
<time>2026-10-06T18:36:50-05:00</time>
</trkpt>
<trkpt lat="-15.48224" lon="-70.12174">
<ele>3826.9</ele>
<time>2026-10-06T18:36:52-05:00</time>
</trkpt>
<trkpt lat="-15.482158" lon="-70.121671">
<ele>3826.1</ele>
<time>2026-10-06T18:36:54-05:00</time>
</trkpt>
<trkpt lat="-15.482111" lon="-70.121614">
<ele>3826.0</ele>
<time>2026-10-06T18:36:56-05:00</time>
</trkpt>
<trkpt lat="-15.482069" lon="-70.121545">
<ele>3825.8</ele>
<time>2026-10-06T18:36:58-05:00</time>
</trkpt>
<trkpt lat="-15.482016" lon="-70.12151">
<ele>3826.2</ele>
<time>2026-10-06T18:37:00-05:00</time>
</trkpt>
<trkpt lat="-15.481954" lon="-70.121464">
<ele>3825.6</ele>
<time>2026-10-06T18:37:02-05:00</time>
</trkpt>
<trkpt lat="-15.481902" lon="-70.121414">
<ele>3826.2</ele>
<time>2026-10-06T18:37:04-05:00</time>
</trkpt>
<trkpt lat="-15.48184" lon="-70.121374">
<ele>3825.2</ele>
<time>2026-10-06T18:37:06-05:00</time>
</trkpt>
<trkpt lat="-15.481799" lon="-70.121312">
<ele>3825.7</ele>
<time>2026-10-06T18:37:08-05:00</time>
</trkpt>
<trkpt lat="-15.481744" lon="-70.121265">
<ele>3825.6</ele>
<time>2026-10-06T18:37:10-05:00</time>
</trkpt>
<trkpt lat="-15.481676" lon="-70.121208">
<ele>3825.8</ele>
<time>2026-10-06T18:37:12-05:00</time>
</trkpt>
<trkpt lat="-15.481626" lon="-70.121166">
<ele>3825.3</ele>
<time>2026-10-06T18:37:14-05:00</time>
</trkpt>
<trkpt lat="-15.481572" lon="-70.121099">
<ele>3825.4</ele>
<time>2026-10-06T18:37:16-05:00</time>
</trkpt>
<trkpt lat="-15.481504" lon="-70.121034">
<ele>3825.7</ele>
<time>2026-10-06T18:37:18-05:00</time>
</trkpt>
<trkpt lat="-15.481448" lon="-70.120974">
<ele>3824.8</ele>
<time>2026-10-06T18:37:20-05:00</time>
</trkpt>
<trkpt lat="-15.481394" lon="-70.120914">
<ele>3825.4</ele>
<time>2026-10-06T18:37:22-05:00</time>
</trkpt>
<trkpt lat="-15.481346" lon="-70.120875">
<ele>3825.7</ele>
<time>2026-10-06T18:37:24-05:00</time>
</trkpt>
<trkpt lat="-15.481276" lon="-70.120813">
<ele>3825.0</ele>
<time>2026-10-06T18:37:26-05:00</time>
</trkpt>
<trkpt lat="-15.481212" lon="-70.120753">
<ele>3825.7</ele>
<time>2026-10-06T18:37:28-05:00</time>
</trkpt>
<trkpt lat="-15.481127" lon="-70.120667">
<ele>3825.0</ele>
<time>2026-10-06T18:37:30-05:00</time>
</trkpt>
<trkpt lat="-15.481051" lon="-70.120578">
<ele>3825.2</ele>
<time>2026-10-06T18:37:32-05:00</time>
</trkpt>
<trkpt lat="-15.481035" lon="-70.120528">
<ele>3825.6</ele>
<time>2026-10-06T18:37:34-05:00</time>
</trkpt>
<trkpt lat="-15.481022" lon="-70.120531">
<ele>3825.1</ele>
<time>2026-10-06T18:37:36-05:00</time>
</trkpt>
<trkpt lat="-15.481017" lon="-70.120547">
<ele>3825.6</ele>
<time>2026-10-06T18:37:38-05:00</time>
</trkpt>
<trkpt lat="-15.481028" lon="-70.120542">
<ele>3825.0</ele>
<time>2026-10-06T18:37:40-05:00</time>
</trkpt>
<trkpt lat="-15.481031" lon="-70.120542">
<ele>3824.9</ele>
<time>2026-10-06T18:37:42-05:00</time>
</trkpt>
<trkpt lat="-15.481027" lon="-70.120541">
<ele>3825.3</ele>
<time>2026-10-06T18:37:44-05:00</time>
</trkpt>
<trkpt lat="-15.481029" lon="-70.120548">
<ele>3825.2</ele>
<time>2026-10-06T18:37:46-05:00</time>
</trkpt>
<trkpt lat="-15.481012" lon="-70.120544">
<ele>3825.4</ele>
<time>2026-10-06T18:37:48-05:00</time>
</trkpt>
<trkpt lat="-15.481001" lon="-70.12055">
<ele>3825.6</ele>
<time>2026-10-06T18:37:50-05:00</time>
</trkpt>
<trkpt lat="-15.481008" lon="-70.120554">
<ele>3825.4</ele>
<time>2026-10-06T18:37:52-05:00</time>
</trkpt>
<trkpt lat="-15.481002" lon="-70.120555">
<ele>3825.2</ele>
<time>2026-10-06T18:37:54-05:00</time>
</trkpt>
<trkpt lat="-15.480988" lon="-70.120555">
<ele>3825.9</ele>
<time>2026-10-06T18:37:56-05:00</time>
</trkpt>
<trkpt lat="-15.480996" lon="-70.12054">
<ele>3825.4</ele>
<time>2026-10-06T18:37:58-05:00</time>
</trkpt>
<trkpt lat="-15.480994" lon="-70.12053">
<ele>3825.7</ele>
<time>2026-10-06T18:38:00-05:00</time>
</trkpt>
<trkpt lat="-15.480996" lon="-70.120531">
<ele>3825.4</ele>
<time>2026-10-06T18:38:02-05:00</time>
</trkpt>
<trkpt lat="-15.481009" lon="-70.120523">
<ele>3825.6</ele>
<time>2026-10-06T18:38:04-05:00</time>
</trkpt>
<trkpt lat="-15.481028" lon="-70.120527">
<ele>3825.7</ele>
<time>2026-10-06T18:38:06-05:00</time>
</trkpt>
<trkpt lat="-15.481041" lon="-70.120537">
<ele>3825.8</ele>
<time>2026-10-06T18:38:08-05:00</time>
</trkpt>
<trkpt lat="-15.481034" lon="-70.120521">
<ele>3825.5</ele>
<time>2026-10-06T18:38:10-05:00</time>
</trkpt>
<trkpt lat="-15.480997" lon="-70.120496">
<ele>3825.7</ele>
<time>2026-10-06T18:38:12-05:00</time>
</trkpt>
<trkpt lat="-15.480928" lon="-70.120467">
<ele>3825.7</ele>
<time>2026-10-06T18:38:14-05:00</time>
</trkpt>
<trkpt lat="-15.480855" lon="-70.120426">
<ele>3824.9</ele>
<time>2026-10-06T18:38:16-05:00</time>
</trkpt>
<trkpt lat="-15.480782" lon="-70.120361">
<ele>3825.5</ele>
<time>2026-10-06T18:38:18-05:00</time>
</trkpt>
<trkpt lat="-15.480694" lon="-70.120269">
<ele>3826.4</ele>
<time>2026-10-06T18:38:20-05:00</time>
</trkpt>
<trkpt lat="-15.480619" lon="-70.120198">
<ele>3825.5</ele>
<time>2026-10-06T18:38:22-05:00</time>
</trkpt>
<trkpt lat="-15.480547" lon="-70.120124">
<ele>3825.6</ele>
<time>2026-10-06T18:38:24-05:00</time>
</trkpt>
<trkpt lat="-15.48047" lon="-70.120054">
<ele>3825.6</ele>
<time>2026-10-06T18:38:26-05:00</time>
</trkpt>
<trkpt lat="-15.480413" lon="-70.119969">
<ele>3825.2</ele>
<time>2026-10-06T18:38:28-05:00</time>
</trkpt>
<trkpt lat="-15.480347" lon="-70.119905">
<ele>3826.5</ele>
<time>2026-10-06T18:38:30-05:00</time>
</trkpt>
<trkpt lat="-15.480289" lon="-70.119837">
<ele>3826.3</ele>
<time>2026-10-06T18:38:32-05:00</time>
</trkpt>
<trkpt lat="-15.480215" lon="-70.119768">
<ele>3826.6</ele>
<time>2026-10-06T18:38:34-05:00</time>
</trkpt>
<trkpt lat="-15.480149" lon="-70.119709">
<ele>3826.4</ele>
<time>2026-10-06T18:38:36-05:00</time>
</trkpt>
<trkpt lat="-15.480101" lon="-70.119662">
<ele>3826.7</ele>
<time>2026-10-06T18:38:38-05:00</time>
</trkpt>
<trkpt lat="-15.480062" lon="-70.119618">
<ele>3826.2</ele>
<time>2026-10-06T18:38:40-05:00</time>
</trkpt>
<trkpt lat="-15.479999" lon="-70.119562">
<ele>3827.2</ele>
<time>2026-10-06T18:38:42-05:00</time>
</trkpt>
<trkpt lat="-15.479936" lon="-70.119502">
<ele>3827.9</ele>
<time>2026-10-06T18:38:44-05:00</time>
</trkpt>
<trkpt lat="-15.479876" lon="-70.119428">
<ele>3827.7</ele>
<time>2026-10-06T18:38:46-05:00</time>
</trkpt>
<trkpt lat="-15.479829" lon="-70.11937">
<ele>3828.0</ele>
<time>2026-10-06T18:38:48-05:00</time>
</trkpt>
<trkpt lat="-15.479766" lon="-70.119334">
<ele>3829.1</ele>
<time>2026-10-06T18:38:50-05:00</time>
</trkpt>
<trkpt lat="-15.479694" lon="-70.119266">
<ele>3828.6</ele>
<time>2026-10-06T18:38:52-05:00</time>
</trkpt>
<trkpt lat="-15.479601" lon="-70.119184">
<ele>3828.2</ele>
<time>2026-10-06T18:38:54-05:00</time>
</trkpt>
<trkpt lat="-15.479519" lon="-70.119111">
<ele>3827.4</ele>
<time>2026-10-06T18:38:56-05:00</time>
</trkpt>
<trkpt lat="-15.479445" lon="-70.119029">
<ele>3827.7</ele>
<time>2026-10-06T18:38:58-05:00</time>
</trkpt>
<trkpt lat="-15.479417" lon="-70.118974">
<ele>3827.0</ele>
<time>2026-10-06T18:39:00-05:00</time>
</trkpt>
<trkpt lat="-15.479405" lon="-70.118967">
<ele>3827.8</ele>
<time>2026-10-06T18:39:02-05:00</time>
</trkpt>
<trkpt lat="-15.479391" lon="-70.11897">
<ele>3826.5</ele>
<time>2026-10-06T18:39:04-05:00</time>
</trkpt>
<trkpt lat="-15.479404" lon="-70.118978">
<ele>3825.9</ele>
<time>2026-10-06T18:39:06-05:00</time>
</trkpt>
<trkpt lat="-15.479407" lon="-70.118969">
<ele>3826.6</ele>
<time>2026-10-06T18:39:08-05:00</time>
</trkpt>
<trkpt lat="-15.479413" lon="-70.118958">
<ele>3826.4</ele>
<time>2026-10-06T18:39:10-05:00</time>
</trkpt>
<trkpt lat="-15.479432" lon="-70.118978">
<ele>3826.9</ele>
<time>2026-10-06T18:39:12-05:00</time>
</trkpt>
<trkpt lat="-15.479433" lon="-70.118986">
<ele>3826.4</ele>
<time>2026-10-06T18:39:14-05:00</time>
</trkpt>
<trkpt lat="-15.479435" lon="-70.118984">
<ele>3827.1</ele>
<time>2026-10-06T18:39:16-05:00</time>
</trkpt>
<trkpt lat="-15.479443" lon="-70.118985">
<ele>3826.7</ele>
<time>2026-10-06T18:39:18-05:00</time>
</trkpt>
<trkpt lat="-15.479443" lon="-70.119002">
<ele>3826.9</ele>
<time>2026-10-06T18:39:20-05:00</time>
</trkpt>
<trkpt lat="-15.47944" lon="-70.11901">
<ele>3827.5</ele>
<time>2026-10-06T18:39:22-05:00</time>
</trkpt>
<trkpt lat="-15.479467" lon="-70.119015">
<ele>3826.7</ele>
<time>2026-10-06T18:39:24-05:00</time>
</trkpt>
<trkpt lat="-15.479458" lon="-70.119003">
<ele>3827.3</ele>
<time>2026-10-06T18:39:26-05:00</time>
</trkpt>
<trkpt lat="-15.479399" lon="-70.118974">
<ele>3826.4</ele>
<time>2026-10-06T18:39:28-05:00</time>
</trkpt>
<trkpt lat="-15.479322" lon="-70.118904">
<ele>3826.2</ele>
<time>2026-10-06T18:39:30-05:00</time>
</trkpt>
<trkpt lat="-15.479241" lon="-70.118822">
<ele>3826.9</ele>
<time>2026-10-06T18:39:32-05:00</time>
</trkpt>
<trkpt lat="-15.479162" lon="-70.11874">
<ele>3826.8</ele>
<time>2026-10-06T18:39:34-05:00</time>
</trkpt>
<trkpt lat="-15.479099" lon="-70.118665">
<ele>3825.6</ele>
<time>2026-10-06T18:39:36-05:00</time>
</trkpt>
<trkpt lat="-15.479046" lon="-70.118616">
<ele>3826.5</ele>
<time>2026-10-06T18:39:38-05:00</time>
</trkpt>
<trkpt lat="-15.478983" lon="-70.118554">
<ele>3826.6</ele>
<time>2026-10-06T18:39:40-05:00</time>
</trkpt>
<trkpt lat="-15.47893" lon="-70.118493">
<ele>3826.4</ele>
<time>2026-10-06T18:39:42-05:00</time>
</trkpt>
<trkpt lat="-15.478886" lon="-70.118426">
<ele>3826.7</ele>
<time>2026-10-06T18:39:44-05:00</time>
</trkpt>
<trkpt lat="-15.478832" lon="-70.118373">
<ele>3826.2</ele>
<time>2026-10-06T18:39:46-05:00</time>
</trkpt>
<trkpt lat="-15.478771" lon="-70.118322">
<ele>3826.2</ele>
<time>2026-10-06T18:39:48-05:00</time>
</trkpt>
<trkpt lat="-15.478711" lon="-70.118251">
<ele>3827.0</ele>
<time>2026-10-06T18:39:50-05:00</time>
</trkpt>
<trkpt lat="-15.478675" lon="-70.118198">
<ele>3825.5</ele>
<time>2026-10-06T18:39:52-05:00</time>
</trkpt>
<trkpt lat="-15.478601" lon="-70.118153">
<ele>3824.8</ele>
<time>2026-10-06T18:39:54-05:00</time>
</trkpt>
<trkpt lat="-15.478555" lon="-70.118096">
<ele>3825.8</ele>
<time>2026-10-06T18:39:56-05:00</time>
</trkpt>
<trkpt lat="-15.478511" lon="-70.118028">
<ele>3826.9</ele>
<time>2026-10-06T18:39:58-05:00</time>
</trkpt>
<trkpt lat="-15.478441" lon="-70.117963">
<ele>3826.3</ele>
<time>2026-10-06T18:40:00-05:00</time>
</trkpt>
<trkpt lat="-15.478389" lon="-70.11789">
<ele>3826.8</ele>
<time>2026-10-06T18:40:02-05:00</time>
</trkpt>
<trkpt lat="-15.478333" lon="-70.117831">
<ele>3827.4</ele>
<time>2026-10-06T18:40:04-05:00</time>
</trkpt>
<trkpt lat="-15.478252" lon="-70.11777">
<ele>3827.2</ele>
<time>2026-10-06T18:40:06-05:00</time>
</trkpt>
<trkpt lat="-15.4782" lon="-70.117725">
<ele>3827.4</ele>
<time>2026-10-06T18:40:08-05:00</time>
</trkpt>
<trkpt lat="-15.478151" lon="-70.11767">
<ele>3826.4</ele>
<time>2026-10-06T18:40:10-05:00</time>
</trkpt>
<trkpt lat="-15.478114" lon="-70.117602">
<ele>3827.4</ele>
<time>2026-10-06T18:40:12-05:00</time>
</trkpt>
<trkpt lat="-15.478051" lon="-70.117569">
<ele>3827.0</ele>
<time>2026-10-06T18:40:14-05:00</time>
</trkpt>
<trkpt lat="-15.477982" lon="-70.117528">
<ele>3826.6</ele>
<time>2026-10-06T18:40:16-05:00</time>
</trkpt>
<trkpt lat="-15.477934" lon="-70.117476">
<ele>3827.1</ele>
<time>2026-10-06T18:40:18-05:00</time>
</trkpt>
<trkpt lat="-15.477874" lon="-70.117401">
<ele>3826.0</ele>
<time>2026-10-06T18:40:20-05:00</time>
</trkpt>
<trkpt lat="-15.477803" lon="-70.11734">
<ele>3826.9</ele>
<time>2026-10-06T18:40:22-05:00</time>
</trkpt>
<trkpt lat="-15.477748" lon="-70.117284">
<ele>3826.6</ele>
<time>2026-10-06T18:40:24-05:00</time>
</trkpt>
<trkpt lat="-15.477662" lon="-70.117207">
<ele>3826.9</ele>
<time>2026-10-06T18:40:26-05:00</time>
</trkpt>
<trkpt lat="-15.4776" lon="-70.117141">
<ele>3825.8</ele>
<time>2026-10-06T18:40:28-05:00</time>
</trkpt>
<trkpt lat="-15.477523" lon="-70.117083">
<ele>3826.5</ele>
<time>2026-10-06T18:40:30-05:00</time>
</trkpt>
<trkpt lat="-15.477461" lon="-70.117023">
<ele>3826.7</ele>
<time>2026-10-06T18:40:32-05:00</time>
</trkpt>
<trkpt lat="-15.477415" lon="-70.11698">
<ele>3826.8</ele>
<time>2026-10-06T18:40:34-05:00</time>
</trkpt>
<trkpt lat="-15.477378" lon="-70.116918">
<ele>3826.5</ele>
<time>2026-10-06T18:40:36-05:00</time>
</trkpt>
<trkpt lat="-15.477328" lon="-70.116872">
<ele>3826.5</ele>
<time>2026-10-06T18:40:38-05:00</time>
</trkpt>
<trkpt lat="-15.477271" lon="-70.116816">
<ele>3826.5</ele>
<time>2026-10-06T18:40:40-05:00</time>
</trkpt>
<trkpt lat="-15.477208" lon="-70.116756">
<ele>3826.5</ele>
<time>2026-10-06T18:40:42-05:00</time>
</trkpt>
<trkpt lat="-15.477165" lon="-70.11669">
<ele>3825.9</ele>
<time>2026-10-06T18:40:44-05:00</time>
</trkpt>
<trkpt lat="-15.47711" lon="-70.116641">
<ele>3826.6</ele>
<time>2026-10-06T18:40:46-05:00</time>
</trkpt>
<trkpt lat="-15.477054" lon="-70.116589">
<ele>3825.9</ele>
<time>2026-10-06T18:40:48-05:00</time>
</trkpt>
<trkpt lat="-15.477001" lon="-70.116524">
<ele>3825.8</ele>
<time>2026-10-06T18:40:50-05:00</time>
</trkpt>
<trkpt lat="-15.476952" lon="-70.116476">
<ele>3826.8</ele>
<time>2026-10-06T18:40:52-05:00</time>
</trkpt>
<trkpt lat="-15.476886" lon="-70.116426">
<ele>3826.0</ele>
<time>2026-10-06T18:40:54-05:00</time>
</trkpt>
<trkpt lat="-15.476809" lon="-70.116375">
<ele>3826.4</ele>
<time>2026-10-06T18:40:56-05:00</time>
</trkpt>
<trkpt lat="-15.47674" lon="-70.116336">
<ele>3825.8</ele>
<time>2026-10-06T18:40:58-05:00</time>
</trkpt>
<trkpt lat="-15.476671" lon="-70.11627">
<ele>3826.2</ele>
<time>2026-10-06T18:41:00-05:00</time>
</trkpt>
<trkpt lat="-15.476617" lon="-70.116216">
<ele>3825.5</ele>
<time>2026-10-06T18:41:02-05:00</time>
</trkpt>
<trkpt lat="-15.476563" lon="-70.116156">
<ele>3826.4</ele>
<time>2026-10-06T18:41:04-05:00</time>
</trkpt>
<trkpt lat="-15.476488" lon="-70.116115">
<ele>3826.1</ele>
<time>2026-10-06T18:41:06-05:00</time>
</trkpt>
<trkpt lat="-15.476442" lon="-70.116056">
<ele>3825.4</ele>
<time>2026-10-06T18:41:08-05:00</time>
</trkpt>
<trkpt lat="-15.476437" lon="-70.116012">
<ele>3825.8</ele>
<time>2026-10-06T18:41:10-05:00</time>
</trkpt>
<trkpt lat="-15.476408" lon="-70.115991">
<ele>3826.4</ele>
<time>2026-10-06T18:41:12-05:00</time>
</trkpt>
<trkpt lat="-15.4764" lon="-70.115977">
<ele>3826.0</ele>
<time>2026-10-06T18:41:14-05:00</time>
</trkpt>
<trkpt lat="-15.476428" lon="-70.115901">
<ele>3825.6</ele>
<time>2026-10-06T18:41:16-05:00</time>
</trkpt>
<trkpt lat="-15.476482" lon="-70.115784">
<ele>3825.9</ele>
<time>2026-10-06T18:41:18-05:00</time>
</trkpt>
<trkpt lat="-15.476549" lon="-70.115641">
<ele>3825.6</ele>
<time>2026-10-06T18:41:20-05:00</time>
</trkpt>
<trkpt lat="-15.476608" lon="-70.115564">
<ele>3826.0</ele>
<time>2026-10-06T18:41:22-05:00</time>
</trkpt>
<trkpt lat="-15.476647" lon="-70.11553">
<ele>3825.6</ele>
<time>2026-10-06T18:41:24-05:00</time>
</trkpt>
<trkpt lat="-15.47664" lon="-70.115522">
<ele>3826.1</ele>
<time>2026-10-06T18:41:26-05:00</time>
</trkpt>
<trkpt lat="-15.476637" lon="-70.11552">
<ele>3825.7</ele>
<time>2026-10-06T18:41:28-05:00</time>
</trkpt>
<trkpt lat="-15.476652" lon="-70.115524">
<ele>3825.1</ele>
<time>2026-10-06T18:41:30-05:00</time>
</trkpt>
<trkpt lat="-15.476656" lon="-70.115526">
<ele>3825.7</ele>
<time>2026-10-06T18:41:32-05:00</time>
</trkpt>
<trkpt lat="-15.476652" lon="-70.115532">
<ele>3826.0</ele>
<time>2026-10-06T18:41:34-05:00</time>
</trkpt>
<trkpt lat="-15.476647" lon="-70.115522">
<ele>3826.0</ele>
<time>2026-10-06T18:41:36-05:00</time>
</trkpt>
<trkpt lat="-15.47664" lon="-70.115526">
<ele>3825.7</ele>
<time>2026-10-06T18:41:38-05:00</time>
</trkpt>
<trkpt lat="-15.476632" lon="-70.115493">
<ele>3825.8</ele>
<time>2026-10-06T18:41:40-05:00</time>
</trkpt>
<trkpt lat="-15.476646" lon="-70.115414">
<ele>3825.9</ele>
<time>2026-10-06T18:41:42-05:00</time>
</trkpt>
<trkpt lat="-15.476693" lon="-70.115319">
<ele>3825.9</ele>
<time>2026-10-06T18:41:44-05:00</time>
</trkpt>
<trkpt lat="-15.476749" lon="-70.115198">
<ele>3825.5</ele>
<time>2026-10-06T18:41:46-05:00</time>
</trkpt>
<trkpt lat="-15.476818" lon="-70.1151">
<ele>3825.9</ele>
<time>2026-10-06T18:41:48-05:00</time>
</trkpt>
<trkpt lat="-15.476849" lon="-70.115032">
<ele>3825.1</ele>
<time>2026-10-06T18:41:50-05:00</time>
</trkpt>
<trkpt lat="-15.476865" lon="-70.114964">
<ele>3825.0</ele>
<time>2026-10-06T18:41:52-05:00</time>
</trkpt>
<trkpt lat="-15.476889" lon="-70.114897">
<ele>3825.9</ele>
<time>2026-10-06T18:41:54-05:00</time>
</trkpt>
<trkpt lat="-15.476923" lon="-70.114836">
<ele>3825.0</ele>
<time>2026-10-06T18:41:56-05:00</time>
</trkpt>
<trkpt lat="-15.476955" lon="-70.114761">
<ele>3826.3</ele>
<time>2026-10-06T18:41:58-05:00</time>
</trkpt>
<trkpt lat="-15.476985" lon="-70.114695">
<ele>3826.2</ele>
<time>2026-10-06T18:42:00-05:00</time>
</trkpt>
<trkpt lat="-15.477006" lon="-70.114629">
<ele>3825.9</ele>
<time>2026-10-06T18:42:02-05:00</time>
</trkpt>
<trkpt lat="-15.47703" lon="-70.114566">
<ele>3825.2</ele>
<time>2026-10-06T18:42:04-05:00</time>
</trkpt>
<trkpt lat="-15.477043" lon="-70.11451">
<ele>3826.3</ele>
<time>2026-10-06T18:42:06-05:00</time>
</trkpt>
<trkpt lat="-15.477076" lon="-70.114437">
<ele>3825.6</ele>
<time>2026-10-06T18:42:08-05:00</time>
</trkpt>
<trkpt lat="-15.477113" lon="-70.114362">
<ele>3826.6</ele>
<time>2026-10-06T18:42:10-05:00</time>
</trkpt>
<trkpt lat="-15.47715" lon="-70.114305">
<ele>3825.5</ele>
<time>2026-10-06T18:42:12-05:00</time>
</trkpt>
<trkpt lat="-15.477179" lon="-70.114252">
<ele>3826.3</ele>
<time>2026-10-06T18:42:14-05:00</time>
</trkpt>
<trkpt lat="-15.477214" lon="-70.114179">
<ele>3825.8</ele>
<time>2026-10-06T18:42:16-05:00</time>
</trkpt>
<trkpt lat="-15.47725" lon="-70.114093">
<ele>3827.0</ele>
<time>2026-10-06T18:42:18-05:00</time>
</trkpt>
<trkpt lat="-15.477286" lon="-70.114018">
<ele>3826.4</ele>
<time>2026-10-06T18:42:20-05:00</time>
</trkpt>
<trkpt lat="-15.477313" lon="-70.113948">
<ele>3825.6</ele>
<time>2026-10-06T18:42:22-05:00</time>
</trkpt>
<trkpt lat="-15.477342" lon="-70.11387">
<ele>3825.7</ele>
<time>2026-10-06T18:42:24-05:00</time>
</trkpt>
<trkpt lat="-15.477381" lon="-70.113802">
<ele>3826.3</ele>
<time>2026-10-06T18:42:26-05:00</time>
</trkpt>
<trkpt lat="-15.477429" lon="-70.113743">
<ele>3825.8</ele>
<time>2026-10-06T18:42:28-05:00</time>
</trkpt>
<trkpt lat="-15.477466" lon="-70.113683">
<ele>3825.7</ele>
<time>2026-10-06T18:42:30-05:00</time>
</trkpt>
<trkpt lat="-15.477488" lon="-70.113614">
<ele>3825.9</ele>
<time>2026-10-06T18:42:32-05:00</time>
</trkpt>
<trkpt lat="-15.477541" lon="-70.113552">
<ele>3826.0</ele>
<time>2026-10-06T18:42:34-05:00</time>
</trkpt>
<trkpt lat="-15.477571" lon="-70.113475">
<ele>3825.2</ele>
<time>2026-10-06T18:42:36-05:00</time>
</trkpt>
<trkpt lat="-15.477583" lon="-70.11339">
<ele>3825.3</ele>
<time>2026-10-06T18:42:38-05:00</time>
</trkpt>
<trkpt lat="-15.477611" lon="-70.113312">
<ele>3825.7</ele>
<time>2026-10-06T18:42:40-05:00</time>
</trkpt>
<trkpt lat="-15.477639" lon="-70.113221">
<ele>3825.6</ele>
<time>2026-10-06T18:42:42-05:00</time>
</trkpt>
<trkpt lat="-15.477663" lon="-70.113153">
<ele>3825.1</ele>
<time>2026-10-06T18:42:44-05:00</time>
</trkpt>
<trkpt lat="-15.477702" lon="-70.113093">
<ele>3825.8</ele>
<time>2026-10-06T18:42:46-05:00</time>
</trkpt>
<trkpt lat="-15.477731" lon="-70.113017">
<ele>3825.1</ele>
<time>2026-10-06T18:42:48-05:00</time>
</trkpt>
<trkpt lat="-15.477773" lon="-70.112931">
<ele>3825.1</ele>
<time>2026-10-06T18:42:50-05:00</time>
</trkpt>
<trkpt lat="-15.477798" lon="-70.112866">
<ele>3825.0</ele>
<time>2026-10-06T18:42:52-05:00</time>
</trkpt>
<trkpt lat="-15.477816" lon="-70.11278">
<ele>3824.1</ele>
<time>2026-10-06T18:42:54-05:00</time>
</trkpt>
<trkpt lat="-15.477856" lon="-70.112713">
<ele>3825.0</ele>
<time>2026-10-06T18:42:56-05:00</time>
</trkpt>
<trkpt lat="-15.477888" lon="-70.112637">
<ele>3825.1</ele>
<time>2026-10-06T18:42:58-05:00</time>
</trkpt>
<trkpt lat="-15.477894" lon="-70.112587">
<ele>3825.9</ele>
<time>2026-10-06T18:43:00-05:00</time>
</trkpt>
<trkpt lat="-15.477925" lon="-70.112513">
<ele>3825.1</ele>
<time>2026-10-06T18:43:02-05:00</time>
</trkpt>
<trkpt lat="-15.477868" lon="-70.112443">
<ele>3825.0</ele>
<time>2026-10-06T18:43:04-05:00</time>
</trkpt>
<trkpt lat="-15.477765" lon="-70.112404">
<ele>3825.2</ele>
<time>2026-10-06T18:43:06-05:00</time>
</trkpt>
<trkpt lat="-15.477674" lon="-70.112389">
<ele>3824.7</ele>
<time>2026-10-06T18:43:08-05:00</time>
</trkpt>
<trkpt lat="-15.477589" lon="-70.112335">
<ele>3824.7</ele>
<time>2026-10-06T18:43:10-05:00</time>
</trkpt>
<trkpt lat="-15.477495" lon="-70.112293">
<ele>3825.2</ele>
<time>2026-10-06T18:43:12-05:00</time>
</trkpt>
<trkpt lat="-15.477403" lon="-70.112261">
<ele>3825.2</ele>
<time>2026-10-06T18:43:14-05:00</time>
</trkpt>
<trkpt lat="-15.47735" lon="-70.112246">
<ele>3824.2</ele>
<time>2026-10-06T18:43:16-05:00</time>
</trkpt>
<trkpt lat="-15.477328" lon="-70.11221">
<ele>3825.3</ele>
<time>2026-10-06T18:43:18-05:00</time>
</trkpt>
<trkpt lat="-15.477304" lon="-70.112183">
<ele>3825.3</ele>
<time>2026-10-06T18:43:20-05:00</time>
</trkpt>
<trkpt lat="-15.477328" lon="-70.112129">
<ele>3824.8</ele>
<time>2026-10-06T18:43:22-05:00</time>
</trkpt>
<trkpt lat="-15.477358" lon="-70.112046">
<ele>3825.1</ele>
<time>2026-10-06T18:43:24-05:00</time>
</trkpt>
<trkpt lat="-15.477423" lon="-70.111945">
<ele>3825.5</ele>
<time>2026-10-06T18:43:26-05:00</time>
</trkpt>
<trkpt lat="-15.477484" lon="-70.111827">
<ele>3826.1</ele>
<time>2026-10-06T18:43:28-05:00</time>
</trkpt>
<trkpt lat="-15.477539" lon="-70.111715">
<ele>3826.1</ele>
<time>2026-10-06T18:43:30-05:00</time>
</trkpt>
<trkpt lat="-15.477584" lon="-70.111638">
<ele>3826.1</ele>
<time>2026-10-06T18:43:32-05:00</time>
</trkpt>
<trkpt lat="-15.477626" lon="-70.111575">
<ele>3826.2</ele>
<time>2026-10-06T18:43:34-05:00</time>
</trkpt>
<trkpt lat="-15.477661" lon="-70.111554">
<ele>3826.3</ele>
<time>2026-10-06T18:43:36-05:00</time>
</trkpt>
<trkpt lat="-15.477654" lon="-70.111589">
<ele>3826.0</ele>
<time>2026-10-06T18:43:38-05:00</time>
</trkpt>
<trkpt lat="-15.477644" lon="-70.111601">
<ele>3826.1</ele>
<time>2026-10-06T18:43:40-05:00</time>
</trkpt>
<trkpt lat="-15.477636" lon="-70.1116">
<ele>3826.2</ele>
<time>2026-10-06T18:43:42-05:00</time>
</trkpt>
<trkpt lat="-15.477636" lon="-70.111601">
<ele>3826.5</ele>
<time>2026-10-06T18:43:44-05:00</time>
</trkpt>
<trkpt lat="-15.477629" lon="-70.1116">
<ele>3825.5</ele>
<time>2026-10-06T18:43:46-05:00</time>
</trkpt>
<trkpt lat="-15.477635" lon="-70.111596">
<ele>3826.5</ele>
<time>2026-10-06T18:43:48-05:00</time>
</trkpt>
<trkpt lat="-15.477634" lon="-70.111608">
<ele>3825.7</ele>
<time>2026-10-06T18:43:50-05:00</time>
</trkpt>
<trkpt lat="-15.47763" lon="-70.111619">
<ele>3825.7</ele>
<time>2026-10-06T18:43:52-05:00</time>
</trkpt>
<trkpt lat="-15.477622" lon="-70.111629">
<ele>3825.9</ele>
<time>2026-10-06T18:43:54-05:00</time>
</trkpt>
<trkpt lat="-15.477614" lon="-70.111635">
<ele>3826.1</ele>
<time>2026-10-06T18:43:56-05:00</time>
</trkpt>
<trkpt lat="-15.477607" lon="-70.111634">
<ele>3826.4</ele>
<time>2026-10-06T18:43:58-05:00</time>
</trkpt>
<trkpt lat="-15.477596" lon="-70.111612">
<ele>3826.4</ele>
<time>2026-10-06T18:44:00-05:00</time>
</trkpt>
<trkpt lat="-15.477605" lon="-70.111614">
<ele>3825.6</ele>
<time>2026-10-06T18:44:02-05:00</time>
</trkpt>
<trkpt lat="-15.477594" lon="-70.111627">
<ele>3826.4</ele>
<time>2026-10-06T18:44:04-05:00</time>
</trkpt>
<trkpt lat="-15.477573" lon="-70.111624">
<ele>3826.0</ele>
<time>2026-10-06T18:44:06-05:00</time>
</trkpt>
<trkpt lat="-15.477576" lon="-70.111635">
<ele>3826.0</ele>
<time>2026-10-06T18:44:08-05:00</time>
</trkpt>
<trkpt lat="-15.477589" lon="-70.111632">
<ele>3826.6</ele>
<time>2026-10-06T18:44:10-05:00</time>
</trkpt>
<trkpt lat="-15.477597" lon="-70.111606">
<ele>3825.6</ele>
<time>2026-10-06T18:44:12-05:00</time>
</trkpt>
<trkpt lat="-15.477589" lon="-70.111565">
<ele>3825.4</ele>
<time>2026-10-06T18:44:14-05:00</time>
</trkpt>
<trkpt lat="-15.477605" lon="-70.111511">
<ele>3826.0</ele>
<time>2026-10-06T18:44:16-05:00</time>
</trkpt>
<trkpt lat="-15.477617" lon="-70.111437">
<ele>3826.4</ele>
<time>2026-10-06T18:44:18-05:00</time>
</trkpt>
<trkpt lat="-15.477663" lon="-70.111331">
<ele>3825.7</ele>
<time>2026-10-06T18:44:20-05:00</time>
</trkpt>
<trkpt lat="-15.477718" lon="-70.111222">
<ele>3826.3</ele>
<time>2026-10-06T18:44:22-05:00</time>
</trkpt>
<trkpt lat="-15.477748" lon="-70.11112">
<ele>3825.3</ele>
<time>2026-10-06T18:44:24-05:00</time>
</trkpt>
<trkpt lat="-15.477776" lon="-70.111043">
<ele>3825.7</ele>
<time>2026-10-06T18:44:26-05:00</time>
</trkpt>
<trkpt lat="-15.477819" lon="-70.11095">
<ele>3826.0</ele>
<time>2026-10-06T18:44:28-05:00</time>
</trkpt>
<trkpt lat="-15.477852" lon="-70.110879">
<ele>3826.3</ele>
<time>2026-10-06T18:44:30-05:00</time>
</trkpt>
<trkpt lat="-15.477884" lon="-70.110817">
<ele>3826.1</ele>
<time>2026-10-06T18:44:32-05:00</time>
</trkpt>
<trkpt lat="-15.477911" lon="-70.110736">
<ele>3825.5</ele>
<time>2026-10-06T18:44:34-05:00</time>
</trkpt>
<trkpt lat="-15.477948" lon="-70.110667">
<ele>3825.2</ele>
<time>2026-10-06T18:44:36-05:00</time>
</trkpt>
<trkpt lat="-15.477988" lon="-70.110601">
<ele>3825.0</ele>
<time>2026-10-06T18:44:38-05:00</time>
</trkpt>
<trkpt lat="-15.478026" lon="-70.110517">
<ele>3825.4</ele>
<time>2026-10-06T18:44:40-05:00</time>
</trkpt>
<trkpt lat="-15.478065" lon="-70.110431">
<ele>3824.7</ele>
<time>2026-10-06T18:44:42-05:00</time>
</trkpt>
<trkpt lat="-15.478099" lon="-70.110379">
<ele>3823.8</ele>
<time>2026-10-06T18:44:44-05:00</time>
</trkpt>
<trkpt lat="-15.478128" lon="-70.110319">
<ele>3823.8</ele>
<time>2026-10-06T18:44:46-05:00</time>
</trkpt>
<trkpt lat="-15.478145" lon="-70.11027">
<ele>3824.0</ele>
<time>2026-10-06T18:44:48-05:00</time>
</trkpt>
<trkpt lat="-15.478188" lon="-70.110174">
<ele>3824.1</ele>
<time>2026-10-06T18:44:50-05:00</time>
</trkpt>
<trkpt lat="-15.478252" lon="-70.11009">
<ele>3824.4</ele>
<time>2026-10-06T18:44:52-05:00</time>
</trkpt>
<trkpt lat="-15.478305" lon="-70.110048">
<ele>3823.8</ele>
<time>2026-10-06T18:44:54-05:00</time>
</trkpt>
<trkpt lat="-15.478317" lon="-70.110046">
<ele>3823.9</ele>
<time>2026-10-06T18:44:56-05:00</time>
</trkpt>
<trkpt lat="-15.478323" lon="-70.110035">
<ele>3823.5</ele>
<time>2026-10-06T18:44:58-05:00</time>
</trkpt>
<trkpt lat="-15.478323" lon="-70.110046">
<ele>3824.7</ele>
<time>2026-10-06T18:45:00-05:00</time>
</trkpt>
<trkpt lat="-15.478308" lon="-70.11003">
<ele>3824.0</ele>
<time>2026-10-06T18:45:02-05:00</time>
</trkpt>
<trkpt lat="-15.478305" lon="-70.110038">
<ele>3824.5</ele>
<time>2026-10-06T18:45:04-05:00</time>
</trkpt>
<trkpt lat="-15.478314" lon="-70.110038">
<ele>3824.0</ele>
<time>2026-10-06T18:45:06-05:00</time>
</trkpt>
<trkpt lat="-15.478317" lon="-70.110025">
<ele>3824.3</ele>
<time>2026-10-06T18:45:08-05:00</time>
</trkpt>
<trkpt lat="-15.478303" lon="-70.109999">
<ele>3824.4</ele>
<time>2026-10-06T18:45:10-05:00</time>
</trkpt>
<trkpt lat="-15.478317" lon="-70.110007">
<ele>3824.0</ele>
<time>2026-10-06T18:45:12-05:00</time>
</trkpt>
<trkpt lat="-15.478311" lon="-70.110003">
<ele>3824.1</ele>
<time>2026-10-06T18:45:14-05:00</time>
</trkpt>
<trkpt lat="-15.478331" lon="-70.110008">
<ele>3823.8</ele>
<time>2026-10-06T18:45:16-05:00</time>
</trkpt>
<trkpt lat="-15.478328" lon="-70.110008">
<ele>3824.1</ele>
<time>2026-10-06T18:45:18-05:00</time>
</trkpt>
<trkpt lat="-15.478335" lon="-70.110007">
<ele>3823.6</ele>
<time>2026-10-06T18:45:20-05:00</time>
</trkpt>
<trkpt lat="-15.478328" lon="-70.110012">
<ele>3823.2</ele>
<time>2026-10-06T18:45:22-05:00</time>
</trkpt>
<trkpt lat="-15.478322" lon="-70.110021">
<ele>3824.1</ele>
<time>2026-10-06T18:45:24-05:00</time>
</trkpt>
<trkpt lat="-15.478321" lon="-70.110025">
<ele>3823.7</ele>
<time>2026-10-06T18:45:26-05:00</time>
</trkpt>
<trkpt lat="-15.478325" lon="-70.110028">
<ele>3823.9</ele>
<time>2026-10-06T18:45:28-05:00</time>
</trkpt>
<trkpt lat="-15.478341" lon="-70.11004">
<ele>3824.6</ele>
<time>2026-10-06T18:45:30-05:00</time>
</trkpt>
<trkpt lat="-15.478337" lon="-70.110031">
<ele>3824.0</ele>
<time>2026-10-06T18:45:32-05:00</time>
</trkpt>
<trkpt lat="-15.478355" lon="-70.110021">
<ele>3824.7</ele>
<time>2026-10-06T18:45:34-05:00</time>
</trkpt>
<trkpt lat="-15.47833" lon="-70.109985">
<ele>3823.9</ele>
<time>2026-10-06T18:45:36-05:00</time>
</trkpt>
<trkpt lat="-15.478282" lon="-70.109957">
<ele>3823.9</ele>
<time>2026-10-06T18:45:38-05:00</time>
</trkpt>
<trkpt lat="-15.478228" lon="-70.109908">
<ele>3824.6</ele>
<time>2026-10-06T18:45:40-05:00</time>
</trkpt>
<trkpt lat="-15.478156" lon="-70.109837">
<ele>3824.3</ele>
<time>2026-10-06T18:45:42-05:00</time>
</trkpt>
<trkpt lat="-15.478096" lon="-70.109739">
<ele>3824.8</ele>
<time>2026-10-06T18:45:44-05:00</time>
</trkpt>
<trkpt lat="-15.478036" lon="-70.109654">
<ele>3824.7</ele>
<time>2026-10-06T18:45:46-05:00</time>
</trkpt>
<trkpt lat="-15.477964" lon="-70.109567">
<ele>3824.9</ele>
<time>2026-10-06T18:45:48-05:00</time>
</trkpt>
<trkpt lat="-15.477894" lon="-70.109497">
<ele>3824.6</ele>
<time>2026-10-06T18:45:50-05:00</time>
</trkpt>
<trkpt lat="-15.477825" lon="-70.109414">
<ele>3824.4</ele>
<time>2026-10-06T18:45:52-05:00</time>
</trkpt>
<trkpt lat="-15.477757" lon="-70.109364">
<ele>3825.7</ele>
<time>2026-10-06T18:45:54-05:00</time>
</trkpt>
<trkpt lat="-15.477711" lon="-70.109313">
<ele>3825.5</ele>
<time>2026-10-06T18:45:56-05:00</time>
</trkpt>
<trkpt lat="-15.477644" lon="-70.109246">
<ele>3825.1</ele>
<time>2026-10-06T18:45:58-05:00</time>
</trkpt>
<trkpt lat="-15.477596" lon="-70.109158">
<ele>3824.6</ele>
<time>2026-10-06T18:46:00-05:00</time>
</trkpt>
<trkpt lat="-15.477537" lon="-70.109075">
<ele>3825.2</ele>
<time>2026-10-06T18:46:02-05:00</time>
</trkpt>
<trkpt lat="-15.477463" lon="-70.108973">
<ele>3824.5</ele>
<time>2026-10-06T18:46:04-05:00</time>
</trkpt>
<trkpt lat="-15.477401" lon="-70.108919">
<ele>3824.1</ele>
<time>2026-10-06T18:46:06-05:00</time>
</trkpt>
<trkpt lat="-15.47733" lon="-70.108848">
<ele>3825.0</ele>
<time>2026-10-06T18:46:08-05:00</time>
</trkpt>
<trkpt lat="-15.477284" lon="-70.108793">
<ele>3824.4</ele>
<time>2026-10-06T18:46:10-05:00</time>
</trkpt>
<trkpt lat="-15.477237" lon="-70.108743">
<ele>3824.7</ele>
<time>2026-10-06T18:46:12-05:00</time>
</trkpt>
<trkpt lat="-15.477219" lon="-70.108701">
<ele>3824.2</ele>
<time>2026-10-06T18:46:14-05:00</time>
</trkpt>
<trkpt lat="-15.477212" lon="-70.108678">
<ele>3824.6</ele>
<time>2026-10-06T18:46:16-05:00</time>
</trkpt>
<trkpt lat="-15.47721" lon="-70.108672">
<ele>3824.9</ele>
<time>2026-10-06T18:46:18-05:00</time>
</trkpt>
<trkpt lat="-15.477214" lon="-70.108652">
<ele>3824.7</ele>
<time>2026-10-06T18:46:20-05:00</time>
</trkpt>
<trkpt lat="-15.477206" lon="-70.108655">
<ele>3824.6</ele>
<time>2026-10-06T18:46:22-05:00</time>
</trkpt>
<trkpt lat="-15.477204" lon="-70.108649">
<ele>3824.0</ele>
<time>2026-10-06T18:46:24-05:00</time>
</trkpt>
<trkpt lat="-15.477194" lon="-70.108654">
<ele>3823.7</ele>
<time>2026-10-06T18:46:26-05:00</time>
</trkpt>
<trkpt lat="-15.477193" lon="-70.108656">
<ele>3824.3</ele>
<time>2026-10-06T18:46:28-05:00</time>
</trkpt>
<trkpt lat="-15.477195" lon="-70.108663">
<ele>3825.0</ele>
<time>2026-10-06T18:46:30-05:00</time>
</trkpt>
<trkpt lat="-15.477204" lon="-70.108654">
<ele>3825.1</ele>
<time>2026-10-06T18:46:32-05:00</time>
</trkpt>
<trkpt lat="-15.477213" lon="-70.108648">
<ele>3824.6</ele>
<time>2026-10-06T18:46:34-05:00</time>
</trkpt>
<trkpt lat="-15.477214" lon="-70.108634">
<ele>3824.7</ele>
<time>2026-10-06T18:46:36-05:00</time>
</trkpt>
<trkpt lat="-15.477197" lon="-70.108633">
<ele>3824.2</ele>
<time>2026-10-06T18:46:38-05:00</time>
</trkpt>
<trkpt lat="-15.477146" lon="-70.108602">
<ele>3824.7</ele>
<time>2026-10-06T18:46:40-05:00</time>
</trkpt>
<trkpt lat="-15.47708" lon="-70.108536">
<ele>3824.5</ele>
<time>2026-10-06T18:46:42-05:00</time>
</trkpt>
<trkpt lat="-15.47703" lon="-70.108456">
<ele>3824.5</ele>
<time>2026-10-06T18:46:44-05:00</time>
</trkpt>
<trkpt lat="-15.476962" lon="-70.108392">
<ele>3824.2</ele>
<time>2026-10-06T18:46:46-05:00</time>
</trkpt>
<trkpt lat="-15.476908" lon="-70.108301">
<ele>3823.3</ele>
<time>2026-10-06T18:46:48-05:00</time>
</trkpt>
<trkpt lat="-15.476868" lon="-70.108236">
<ele>3824.1</ele>
<time>2026-10-06T18:46:50-05:00</time>
</trkpt>
<trkpt lat="-15.476805" lon="-70.108155">
<ele>3823.7</ele>
<time>2026-10-06T18:46:52-05:00</time>
</trkpt>
<trkpt lat="-15.476742" lon="-70.108073">
<ele>3823.8</ele>
<time>2026-10-06T18:46:54-05:00</time>
</trkpt>
<trkpt lat="-15.476687" lon="-70.107978">
<ele>3823.4</ele>
<time>2026-10-06T18:46:56-05:00</time>
</trkpt>
<trkpt lat="-15.476618" lon="-70.107897">
<ele>3823.7</ele>
<time>2026-10-06T18:46:58-05:00</time>
</trkpt>
<trkpt lat="-15.47655" lon="-70.107819">
<ele>3824.4</ele>
<time>2026-10-06T18:47:00-05:00</time>
</trkpt>
<trkpt lat="-15.476467" lon="-70.107729">
<ele>3824.2</ele>
<time>2026-10-06T18:47:02-05:00</time>
</trkpt>
<trkpt lat="-15.476389" lon="-70.10763">
<ele>3823.8</ele>
<time>2026-10-06T18:47:04-05:00</time>
</trkpt>
<trkpt lat="-15.476315" lon="-70.107535">
<ele>3823.8</ele>
<time>2026-10-06T18:47:06-05:00</time>
</trkpt>
<trkpt lat="-15.476266" lon="-70.107463">
<ele>3823.5</ele>
<time>2026-10-06T18:47:08-05:00</time>
</trkpt>
<trkpt lat="-15.476196" lon="-70.107407">
<ele>3824.2</ele>
<time>2026-10-06T18:47:10-05:00</time>
</trkpt>
<trkpt lat="-15.476174" lon="-70.107371">
<ele>3824.0</ele>
<time>2026-10-06T18:47:12-05:00</time>
</trkpt>
<trkpt lat="-15.476176" lon="-70.107352">
<ele>3823.3</ele>
<time>2026-10-06T18:47:14-05:00</time>
</trkpt>
<trkpt lat="-15.476166" lon="-70.107368">
<ele>3823.3</ele>
<time>2026-10-06T18:47:16-05:00</time>
</trkpt>
<trkpt lat="-15.476154" lon="-70.107373">
<ele>3824.4</ele>
<time>2026-10-06T18:47:18-05:00</time>
</trkpt>
<trkpt lat="-15.476146" lon="-70.107373">
<ele>3823.7</ele>
<time>2026-10-06T18:47:20-05:00</time>
</trkpt>
<trkpt lat="-15.476143" lon="-70.107371">
<ele>3824.2</ele>
<time>2026-10-06T18:47:22-05:00</time>
</trkpt>
<trkpt lat="-15.476149" lon="-70.107364">
<ele>3824.5</ele>
<time>2026-10-06T18:47:24-05:00</time>
</trkpt>
<trkpt lat="-15.476141" lon="-70.107348">
<ele>3824.3</ele>
<time>2026-10-06T18:47:26-05:00</time>
</trkpt>
<trkpt lat="-15.476126" lon="-70.10735">
<ele>3823.9</ele>
<time>2026-10-06T18:47:28-05:00</time>
</trkpt>
<trkpt lat="-15.476132" lon="-70.107353">
<ele>3823.9</ele>
<time>2026-10-06T18:47:30-05:00</time>
</trkpt>
<trkpt lat="-15.476139" lon="-70.107346">
<ele>3824.7</ele>
<time>2026-10-06T18:47:32-05:00</time>
</trkpt>
<trkpt lat="-15.476136" lon="-70.107337">
<ele>3823.6</ele>
<time>2026-10-06T18:47:34-05:00</time>
</trkpt>
<trkpt lat="-15.476145" lon="-70.107354">
<ele>3823.9</ele>
<time>2026-10-06T18:47:36-05:00</time>
</trkpt>
<trkpt lat="-15.476157" lon="-70.107355">
<ele>3823.8</ele>
<time>2026-10-06T18:47:38-05:00</time>
</trkpt>
<trkpt lat="-15.476146" lon="-70.107361">
<ele>3823.9</ele>
<time>2026-10-06T18:47:40-05:00</time>
</trkpt>
<trkpt lat="-15.476143" lon="-70.107377">
<ele>3823.8</ele>
<time>2026-10-06T18:47:42-05:00</time>
</trkpt>
<trkpt lat="-15.476153" lon="-70.107355">
<ele>3824.1</ele>
<time>2026-10-06T18:47:44-05:00</time>
</trkpt>
<trkpt lat="-15.476165" lon="-70.107358">
<ele>3823.2</ele>
<time>2026-10-06T18:47:46-05:00</time>
</trkpt>
<trkpt lat="-15.476147" lon="-70.107357">
<ele>3824.0</ele>
<time>2026-10-06T18:47:48-05:00</time>
</trkpt>
<trkpt lat="-15.47615" lon="-70.107371">
<ele>3824.2</ele>
<time>2026-10-06T18:47:50-05:00</time>
</trkpt>
<trkpt lat="-15.476158" lon="-70.107378">
<ele>3823.6</ele>
<time>2026-10-06T18:47:52-05:00</time>
</trkpt>
<trkpt lat="-15.476163" lon="-70.107365">
<ele>3824.3</ele>
<time>2026-10-06T18:47:54-05:00</time>
</trkpt>
<trkpt lat="-15.476143" lon="-70.10737">
<ele>3824.0</ele>
<time>2026-10-06T18:47:56-05:00</time>
</trkpt>
<trkpt lat="-15.476143" lon="-70.107354">
<ele>3823.4</ele>
<time>2026-10-06T18:47:58-05:00</time>
</trkpt>
<trkpt lat="-15.476097" lon="-70.107312">
<ele>3824.6</ele>
<time>2026-10-06T18:48:00-05:00</time>
</trkpt>
<trkpt lat="-15.476054" lon="-70.107221">
<ele>3824.3</ele>
<time>2026-10-06T18:48:02-05:00</time>
</trkpt>
<trkpt lat="-15.475978" lon="-70.107138">
<ele>3823.7</ele>
<time>2026-10-06T18:48:04-05:00</time>
</trkpt>
<trkpt lat="-15.475914" lon="-70.107086">
<ele>3824.2</ele>
<time>2026-10-06T18:48:06-05:00</time>
</trkpt>
<trkpt lat="-15.475849" lon="-70.10703">
<ele>3823.2</ele>
<time>2026-10-06T18:48:08-05:00</time>
</trkpt>
<trkpt lat="-15.475801" lon="-70.106956">
<ele>3823.5</ele>
<time>2026-10-06T18:48:10-05:00</time>
</trkpt>
<trkpt lat="-15.475758" lon="-70.106869">
<ele>3823.8</ele>
<time>2026-10-06T18:48:12-05:00</time>
</trkpt>
<trkpt lat="-15.475704" lon="-70.106795">
<ele>3823.6</ele>
<time>2026-10-06T18:48:14-05:00</time>
</trkpt>
<trkpt lat="-15.47566" lon="-70.106722">
<ele>3823.1</ele>
<time>2026-10-06T18:48:16-05:00</time>
</trkpt>
<trkpt lat="-15.475596" lon="-70.106654">
<ele>3823.4</ele>
<time>2026-10-06T18:48:18-05:00</time>
</trkpt>
<trkpt lat="-15.47554" lon="-70.106593">
<ele>3823.0</ele>
<time>2026-10-06T18:48:20-05:00</time>
</trkpt>
<trkpt lat="-15.475503" lon="-70.106505">
<ele>3823.4</ele>
<time>2026-10-06T18:48:22-05:00</time>
</trkpt>
<trkpt lat="-15.475464" lon="-70.106459">
<ele>3823.2</ele>
<time>2026-10-06T18:48:24-05:00</time>
</trkpt>
<trkpt lat="-15.475406" lon="-70.106392">
<ele>3823.6</ele>
<time>2026-10-06T18:48:26-05:00</time>
</trkpt>
<trkpt lat="-15.475339" lon="-70.106329">
<ele>3823.3</ele>
<time>2026-10-06T18:48:28-05:00</time>
</trkpt>
<trkpt lat="-15.475304" lon="-70.106283">
<ele>3823.5</ele>
<time>2026-10-06T18:48:30-05:00</time>
</trkpt>
<trkpt lat="-15.475265" lon="-70.106244">
<ele>3823.0</ele>
<time>2026-10-06T18:48:32-05:00</time>
</trkpt>
<trkpt lat="-15.475211" lon="-70.106154">
<ele>3823.3</ele>
<time>2026-10-06T18:48:34-05:00</time>
</trkpt>
<trkpt lat="-15.475152" lon="-70.106093">
<ele>3823.2</ele>
<time>2026-10-06T18:48:36-05:00</time>
</trkpt>
<trkpt lat="-15.475079" lon="-70.106023">
<ele>3822.5</ele>
<time>2026-10-06T18:48:38-05:00</time>
</trkpt>
<trkpt lat="-15.475023" lon="-70.10597">
<ele>3822.7</ele>
<time>2026-10-06T18:48:40-05:00</time>
</trkpt>
<trkpt lat="-15.474978" lon="-70.105906">
<ele>3822.5</ele>
<time>2026-10-06T18:48:42-05:00</time>
</trkpt>
<trkpt lat="-15.474917" lon="-70.105809">
<ele>3823.2</ele>
<time>2026-10-06T18:48:44-05:00</time>
</trkpt>
<trkpt lat="-15.474863" lon="-70.105737">
<ele>3823.8</ele>
<time>2026-10-06T18:48:46-05:00</time>
</trkpt>
<trkpt lat="-15.474831" lon="-70.105656">
<ele>3823.3</ele>
<time>2026-10-06T18:48:48-05:00</time>
</trkpt>
<trkpt lat="-15.474798" lon="-70.105557">
<ele>3822.5</ele>
<time>2026-10-06T18:48:50-05:00</time>
</trkpt>
<trkpt lat="-15.474771" lon="-70.105464">
<ele>3823.5</ele>
<time>2026-10-06T18:48:52-05:00</time>
</trkpt>
<trkpt lat="-15.474763" lon="-70.105369">
<ele>3824.3</ele>
<time>2026-10-06T18:48:54-05:00</time>
</trkpt>
<trkpt lat="-15.474757" lon="-70.105323">
<ele>3823.7</ele>
<time>2026-10-06T18:48:56-05:00</time>
</trkpt>
<trkpt lat="-15.474745" lon="-70.105316">
<ele>3823.5</ele>
<time>2026-10-06T18:48:58-05:00</time>
</trkpt>
<trkpt lat="-15.474749" lon="-70.105317">
<ele>3824.0</ele>
<time>2026-10-06T18:49:00-05:00</time>
</trkpt>
<trkpt lat="-15.474766" lon="-70.105329">
<ele>3823.1</ele>
<time>2026-10-06T18:49:02-05:00</time>
</trkpt>
<trkpt lat="-15.47476" lon="-70.105329">
<ele>3822.8</ele>
<time>2026-10-06T18:49:04-05:00</time>
</trkpt>
<trkpt lat="-15.47476" lon="-70.105339">
<ele>3823.6</ele>
<time>2026-10-06T18:49:06-05:00</time>
</trkpt>
<trkpt lat="-15.47475" lon="-70.105357">
<ele>3823.4</ele>
<time>2026-10-06T18:49:08-05:00</time>
</trkpt>
<trkpt lat="-15.474739" lon="-70.10535">
<ele>3823.7</ele>
<time>2026-10-06T18:49:10-05:00</time>
</trkpt>
<trkpt lat="-15.474728" lon="-70.105349">
<ele>3823.5</ele>
<time>2026-10-06T18:49:12-05:00</time>
</trkpt>
<trkpt lat="-15.474673" lon="-70.1053">
<ele>3823.2</ele>
<time>2026-10-06T18:49:14-05:00</time>
</trkpt>
<trkpt lat="-15.474632" lon="-70.105221">
<ele>3823.3</ele>
<time>2026-10-06T18:49:16-05:00</time>
</trkpt>
<trkpt lat="-15.4746" lon="-70.105123">
<ele>3823.7</ele>
<time>2026-10-06T18:49:18-05:00</time>
</trkpt>
<trkpt lat="-15.474546" lon="-70.105022">
<ele>3823.3</ele>
<time>2026-10-06T18:49:20-05:00</time>
</trkpt>
<trkpt lat="-15.474518" lon="-70.104914">
<ele>3823.4</ele>
<time>2026-10-06T18:49:22-05:00</time>
</trkpt>
<trkpt lat="-15.474474" lon="-70.104843">
<ele>3823.4</ele>
<time>2026-10-06T18:49:24-05:00</time>
</trkpt>
<trkpt lat="-15.474442" lon="-70.104766">
<ele>3824.0</ele>
<time>2026-10-06T18:49:26-05:00</time>
</trkpt>
<trkpt lat="-15.474427" lon="-70.104684">
<ele>3823.9</ele>
<time>2026-10-06T18:49:28-05:00</time>
</trkpt>
<trkpt lat="-15.47441" lon="-70.104587">
<ele>3823.5</ele>
<time>2026-10-06T18:49:30-05:00</time>
</trkpt>
<trkpt lat="-15.474384" lon="-70.104506">
<ele>3824.3</ele>
<time>2026-10-06T18:49:32-05:00</time>
</trkpt>
<trkpt lat="-15.474363" lon="-70.104437">
<ele>3825.1</ele>
<time>2026-10-06T18:49:34-05:00</time>
</trkpt>
<trkpt lat="-15.474342" lon="-70.104397">
<ele>3823.7</ele>
<time>2026-10-06T18:49:36-05:00</time>
</trkpt>
<trkpt lat="-15.47434" lon="-70.104397">
<ele>3823.4</ele>
<time>2026-10-06T18:49:38-05:00</time>
</trkpt>
<trkpt lat="-15.474327" lon="-70.104416">
<ele>3824.0</ele>
<time>2026-10-06T18:49:40-05:00</time>
</trkpt>
<trkpt lat="-15.474329" lon="-70.104408">
<ele>3824.4</ele>
<time>2026-10-06T18:49:42-05:00</time>
</trkpt>
<trkpt lat="-15.474338" lon="-70.104411">
<ele>3824.0</ele>
<time>2026-10-06T18:49:44-05:00</time>
</trkpt>
<trkpt lat="-15.474348" lon="-70.104415">
<ele>3823.3</ele>
<time>2026-10-06T18:49:46-05:00</time>
</trkpt>
<trkpt lat="-15.474362" lon="-70.104403">
<ele>3824.3</ele>
<time>2026-10-06T18:49:48-05:00</time>
</trkpt>
<trkpt lat="-15.474343" lon="-70.104379">
<ele>3823.9</ele>
<time>2026-10-06T18:49:50-05:00</time>
</trkpt>
<trkpt lat="-15.474307" lon="-70.104313">
<ele>3823.9</ele>
<time>2026-10-06T18:49:52-05:00</time>
</trkpt>
<trkpt lat="-15.47425" lon="-70.10421">
<ele>3823.6</ele>
<time>2026-10-06T18:49:54-05:00</time>
</trkpt>
<trkpt lat="-15.474196" lon="-70.104097">
<ele>3823.4</ele>
<time>2026-10-06T18:49:56-05:00</time>
</trkpt>
<trkpt lat="-15.474149" lon="-70.104002">
<ele>3823.2</ele>
<time>2026-10-06T18:49:58-05:00</time>
</trkpt>
<trkpt lat="-15.474147" lon="-70.103925">
<ele>3823.3</ele>
<time>2026-10-06T18:50:00-05:00</time>
</trkpt>
<trkpt lat="-15.474143" lon="-70.103871">
<ele>3822.9</ele>
<time>2026-10-06T18:50:02-05:00</time>
</trkpt>
<trkpt lat="-15.474143" lon="-70.10386">
<ele>3822.9</ele>
<time>2026-10-06T18:50:04-05:00</time>
</trkpt>
<trkpt lat="-15.474154" lon="-70.103861">
<ele>3822.5</ele>
<time>2026-10-06T18:50:06-05:00</time>
</trkpt>
<trkpt lat="-15.47416" lon="-70.103861">
<ele>3822.7</ele>
<time>2026-10-06T18:50:08-05:00</time>
</trkpt>
<trkpt lat="-15.474153" lon="-70.103854">
<ele>3823.2</ele>
<time>2026-10-06T18:50:10-05:00</time>
</trkpt>
<trkpt lat="-15.474118" lon="-70.103812">
<ele>3823.3</ele>
<time>2026-10-06T18:50:12-05:00</time>
</trkpt>
<trkpt lat="-15.474051" lon="-70.103728">
<ele>3824.0</ele>
<time>2026-10-06T18:50:14-05:00</time>
</trkpt>
<trkpt lat="-15.474019" lon="-70.103619">
<ele>3824.2</ele>
<time>2026-10-06T18:50:16-05:00</time>
</trkpt>
<trkpt lat="-15.473969" lon="-70.103527">
<ele>3823.2</ele>
<time>2026-10-06T18:50:18-05:00</time>
</trkpt>
<trkpt lat="-15.473923" lon="-70.103447">
<ele>3824.4</ele>
<time>2026-10-06T18:50:20-05:00</time>
</trkpt>
<trkpt lat="-15.4739" lon="-70.103381">
<ele>3823.5</ele>
<time>2026-10-06T18:50:22-05:00</time>
</trkpt>
<trkpt lat="-15.47387" lon="-70.1033">
<ele>3823.8</ele>
<time>2026-10-06T18:50:24-05:00</time>
</trkpt>
<trkpt lat="-15.473839" lon="-70.10322">
<ele>3823.3</ele>
<time>2026-10-06T18:50:26-05:00</time>
</trkpt>
<trkpt lat="-15.473806" lon="-70.103147">
<ele>3823.7</ele>
<time>2026-10-06T18:50:28-05:00</time>
</trkpt>
<trkpt lat="-15.473782" lon="-70.103071">
<ele>3823.8</ele>
<time>2026-10-06T18:50:30-05:00</time>
</trkpt>
<trkpt lat="-15.473747" lon="-70.102975">
<ele>3823.9</ele>
<time>2026-10-06T18:50:32-05:00</time>
</trkpt>
<trkpt lat="-15.473703" lon="-70.1029">
<ele>3823.5</ele>
<time>2026-10-06T18:50:34-05:00</time>
</trkpt>
<trkpt lat="-15.473679" lon="-70.102838">
<ele>3824.2</ele>
<time>2026-10-06T18:50:36-05:00</time>
</trkpt>
<trkpt lat="-15.473659" lon="-70.102761">
<ele>3823.5</ele>
<time>2026-10-06T18:50:38-05:00</time>
</trkpt>
<trkpt lat="-15.473633" lon="-70.102696">
<ele>3823.2</ele>
<time>2026-10-06T18:50:40-05:00</time>
</trkpt>
<trkpt lat="-15.473585" lon="-70.102623">
<ele>3823.9</ele>
<time>2026-10-06T18:50:42-05:00</time>
</trkpt>
<trkpt lat="-15.47355" lon="-70.102537">
<ele>3823.3</ele>
<time>2026-10-06T18:50:44-05:00</time>
</trkpt>
<trkpt lat="-15.473509" lon="-70.102457">
<ele>3823.6</ele>
<time>2026-10-06T18:50:46-05:00</time>
</trkpt>
<trkpt lat="-15.473473" lon="-70.102405">
<ele>3823.3</ele>
<time>2026-10-06T18:50:48-05:00</time>
</trkpt>
<trkpt lat="-15.473425" lon="-70.102342">
<ele>3823.7</ele>
<time>2026-10-06T18:50:50-05:00</time>
</trkpt>
<trkpt lat="-15.473376" lon="-70.102289">
<ele>3823.5</ele>
<time>2026-10-06T18:50:52-05:00</time>
</trkpt>
<trkpt lat="-15.473361" lon="-70.102217">
<ele>3822.4</ele>
<time>2026-10-06T18:50:54-05:00</time>
</trkpt>
<trkpt lat="-15.473313" lon="-70.102129">
<ele>3823.3</ele>
<time>2026-10-06T18:50:56-05:00</time>
</trkpt>
<trkpt lat="-15.473261" lon="-70.102015">
<ele>3823.1</ele>
<time>2026-10-06T18:50:58-05:00</time>
</trkpt>
<trkpt lat="-15.473206" lon="-70.10191">
<ele>3823.0</ele>
<time>2026-10-06T18:51:00-05:00</time>
</trkpt>
<trkpt lat="-15.473168" lon="-70.101803">
<ele>3822.6</ele>
<time>2026-10-06T18:51:02-05:00</time>
</trkpt>
<trkpt lat="-15.473163" lon="-70.101717">
<ele>3822.9</ele>
<time>2026-10-06T18:51:04-05:00</time>
</trkpt>
<trkpt lat="-15.473175" lon="-70.101675">
<ele>3823.4</ele>
<time>2026-10-06T18:51:06-05:00</time>
</trkpt>
<trkpt lat="-15.47317" lon="-70.101691">
<ele>3823.2</ele>
<time>2026-10-06T18:51:08-05:00</time>
</trkpt>
<trkpt lat="-15.473178" lon="-70.101697">
<ele>3822.9</ele>
<time>2026-10-06T18:51:10-05:00</time>
</trkpt>
<trkpt lat="-15.473181" lon="-70.101724">
<ele>3822.8</ele>
<time>2026-10-06T18:51:12-05:00</time>
</trkpt>
<trkpt lat="-15.473191" lon="-70.101714">
<ele>3822.6</ele>
<time>2026-10-06T18:51:14-05:00</time>
</trkpt>
<trkpt lat="-15.473188" lon="-70.101713">
<ele>3822.8</ele>
<time>2026-10-06T18:51:16-05:00</time>
</trkpt>
<trkpt lat="-15.473178" lon="-70.101705">
<ele>3823.2</ele>
<time>2026-10-06T18:51:18-05:00</time>
</trkpt>
<trkpt lat="-15.473182" lon="-70.101695">
<ele>3822.7</ele>
<time>2026-10-06T18:51:20-05:00</time>
</trkpt>
<trkpt lat="-15.473168" lon="-70.1017">
<ele>3822.5</ele>
<time>2026-10-06T18:51:22-05:00</time>
</trkpt>
<trkpt lat="-15.473145" lon="-70.101697">
<ele>3822.4</ele>
<time>2026-10-06T18:51:24-05:00</time>
</trkpt>
<trkpt lat="-15.473133" lon="-70.101715">
<ele>3823.4</ele>
<time>2026-10-06T18:51:26-05:00</time>
</trkpt>
<trkpt lat="-15.473144" lon="-70.10173">
<ele>3823.0</ele>
<time>2026-10-06T18:51:28-05:00</time>
</trkpt>
<trkpt lat="-15.473135" lon="-70.101709">
<ele>3822.8</ele>
<time>2026-10-06T18:51:30-05:00</time>
</trkpt>
<trkpt lat="-15.473116" lon="-70.101662">
<ele>3823.4</ele>
<time>2026-10-06T18:51:32-05:00</time>
</trkpt>
<trkpt lat="-15.473093" lon="-70.101578">
<ele>3822.9</ele>
<time>2026-10-06T18:51:34-05:00</time>
</trkpt>
<trkpt lat="-15.473039" lon="-70.101444">
<ele>3823.3</ele>
<time>2026-10-06T18:51:36-05:00</time>
</trkpt>
<trkpt lat="-15.473006" lon="-70.101318">
<ele>3823.1</ele>
<time>2026-10-06T18:51:38-05:00</time>
</trkpt>
<trkpt lat="-15.472973" lon="-70.101212">
<ele>3824.0</ele>
<time>2026-10-06T18:51:40-05:00</time>
</trkpt>
<trkpt lat="-15.472948" lon="-70.101141">
<ele>3823.1</ele>
<time>2026-10-06T18:51:42-05:00</time>
</trkpt>
<trkpt lat="-15.472928" lon="-70.101051">
<ele>3823.4</ele>
<time>2026-10-06T18:51:44-05:00</time>
</trkpt>
<trkpt lat="-15.472931" lon="-70.101043">
<ele>3823.2</ele>
<time>2026-10-06T18:51:46-05:00</time>
</trkpt>
<trkpt lat="-15.473022" lon="-70.101019">
<ele>3823.7</ele>
<time>2026-10-06T18:51:48-05:00</time>
</trkpt>
<trkpt lat="-15.473092" lon="-70.100984">
<ele>3823.0</ele>
<time>2026-10-06T18:51:50-05:00</time>
</trkpt>
<trkpt lat="-15.473173" lon="-70.100949">
<ele>3823.5</ele>
<time>2026-10-06T18:51:52-05:00</time>
</trkpt>
<trkpt lat="-15.473239" lon="-70.100896">
<ele>3822.6</ele>
<time>2026-10-06T18:51:54-05:00</time>
</trkpt>
<trkpt lat="-15.473338" lon="-70.10086">
<ele>3822.6</ele>
<time>2026-10-06T18:51:56-05:00</time>
</trkpt>
<trkpt lat="-15.473438" lon="-70.100841">
<ele>3822.8</ele>
<time>2026-10-06T18:51:58-05:00</time>
</trkpt>
<trkpt lat="-15.47353" lon="-70.100821">
<ele>3823.2</ele>
<time>2026-10-06T18:52:00-05:00</time>
</trkpt>
<trkpt lat="-15.473612" lon="-70.100784">
<ele>3823.2</ele>
<time>2026-10-06T18:52:02-05:00</time>
</trkpt>
<trkpt lat="-15.473709" lon="-70.100764">
<ele>3823.0</ele>
<time>2026-10-06T18:52:04-05:00</time>
</trkpt>
<trkpt lat="-15.473792" lon="-70.100698">
<ele>3822.8</ele>
<time>2026-10-06T18:52:06-05:00</time>
</trkpt>
<trkpt lat="-15.473877" lon="-70.100661">
<ele>3823.3</ele>
<time>2026-10-06T18:52:08-05:00</time>
</trkpt>
<trkpt lat="-15.473944" lon="-70.100664">
<ele>3823.4</ele>
<time>2026-10-06T18:52:10-05:00</time>
</trkpt>
<trkpt lat="-15.474008" lon="-70.100634">
<ele>3823.7</ele>
<time>2026-10-06T18:52:12-05:00</time>
</trkpt>
<trkpt lat="-15.474091" lon="-70.100604">
<ele>3823.0</ele>
<time>2026-10-06T18:52:14-05:00</time>
</trkpt>
<trkpt lat="-15.47417" lon="-70.100575">
<ele>3823.1</ele>
<time>2026-10-06T18:52:16-05:00</time>
</trkpt>
<trkpt lat="-15.474243" lon="-70.100526">
<ele>3822.8</ele>
<time>2026-10-06T18:52:18-05:00</time>
</trkpt>
<trkpt lat="-15.474343" lon="-70.100482">
<ele>3823.1</ele>
<time>2026-10-06T18:52:20-05:00</time>
</trkpt>
<trkpt lat="-15.474441" lon="-70.100438">
<ele>3823.4</ele>
<time>2026-10-06T18:52:22-05:00</time>
</trkpt>
<trkpt lat="-15.474528" lon="-70.100419">
<ele>3823.0</ele>
<time>2026-10-06T18:52:24-05:00</time>
</trkpt>
<trkpt lat="-15.474627" lon="-70.100384">
<ele>3823.0</ele>
<time>2026-10-06T18:52:26-05:00</time>
</trkpt>
<trkpt lat="-15.474705" lon="-70.100353">
<ele>3823.0</ele>
<time>2026-10-06T18:52:28-05:00</time>
</trkpt>
<trkpt lat="-15.474776" lon="-70.100331">
<ele>3823.5</ele>
<time>2026-10-06T18:52:30-05:00</time>
</trkpt>
<trkpt lat="-15.474853" lon="-70.100308">
<ele>3823.0</ele>
<time>2026-10-06T18:52:32-05:00</time>
</trkpt>
<trkpt lat="-15.47493" lon="-70.100295">
<ele>3823.1</ele>
<time>2026-10-06T18:52:34-05:00</time>
</trkpt>
<trkpt lat="-15.475017" lon="-70.100261">
<ele>3823.0</ele>
<time>2026-10-06T18:52:36-05:00</time>
</trkpt>
<trkpt lat="-15.475096" lon="-70.100237">
<ele>3823.3</ele>
<time>2026-10-06T18:52:38-05:00</time>
</trkpt>
<trkpt lat="-15.475198" lon="-70.100215">
<ele>3822.9</ele>
<time>2026-10-06T18:52:40-05:00</time>
</trkpt>
<trkpt lat="-15.475293" lon="-70.100189">
<ele>3822.8</ele>
<time>2026-10-06T18:52:42-05:00</time>
</trkpt>
<trkpt lat="-15.47537" lon="-70.100148">
<ele>3822.6</ele>
<time>2026-10-06T18:52:44-05:00</time>
</trkpt>
<trkpt lat="-15.475456" lon="-70.100127">
<ele>3822.7</ele>
<time>2026-10-06T18:52:46-05:00</time>
</trkpt>
<trkpt lat="-15.47551" lon="-70.100126">
<ele>3823.1</ele>
<time>2026-10-06T18:52:48-05:00</time>
</trkpt>
<trkpt lat="-15.475527" lon="-70.100117">
<ele>3823.0</ele>
<time>2026-10-06T18:52:50-05:00</time>
</trkpt>
<trkpt lat="-15.475538" lon="-70.100126">
<ele>3823.1</ele>
<time>2026-10-06T18:52:52-05:00</time>
</trkpt>
<trkpt lat="-15.475548" lon="-70.100114">
<ele>3823.0</ele>
<time>2026-10-06T18:52:54-05:00</time>
</trkpt>
<trkpt lat="-15.475541" lon="-70.10012">
<ele>3823.0</ele>
<time>2026-10-06T18:52:56-05:00</time>
</trkpt>
<trkpt lat="-15.47555" lon="-70.100117">
<ele>3822.9</ele>
<time>2026-10-06T18:52:58-05:00</time>
</trkpt>
<trkpt lat="-15.475535" lon="-70.100118">
<ele>3822.9</ele>
<time>2026-10-06T18:53:00-05:00</time>
</trkpt>
<trkpt lat="-15.475531" lon="-70.100102">
<ele>3823.1</ele>
<time>2026-10-06T18:53:02-05:00</time>
</trkpt>
<trkpt lat="-15.475523" lon="-70.100105">
<ele>3823.2</ele>
<time>2026-10-06T18:53:04-05:00</time>
</trkpt>
<trkpt lat="-15.475522" lon="-70.100092">
<ele>3823.0</ele>
<time>2026-10-06T18:53:06-05:00</time>
</trkpt>
<trkpt lat="-15.475517" lon="-70.100063">
<ele>3822.4</ele>
<time>2026-10-06T18:53:08-05:00</time>
</trkpt>
<trkpt lat="-15.475524" lon="-70.100105">
<ele>3823.5</ele>
<time>2026-10-06T18:53:10-05:00</time>
</trkpt>
<trkpt lat="-15.475538" lon="-70.100098">
<ele>3822.3</ele>
<time>2026-10-06T18:53:12-05:00</time>
</trkpt>
<trkpt lat="-15.475554" lon="-70.100109">
<ele>3822.6</ele>
<time>2026-10-06T18:53:14-05:00</time>
</trkpt>
<trkpt lat="-15.475573" lon="-70.100097">
<ele>3823.1</ele>
<time>2026-10-06T18:53:16-05:00</time>
</trkpt>
<trkpt lat="-15.475579" lon="-70.100103">
<ele>3822.8</ele>
<time>2026-10-06T18:53:18-05:00</time>
</trkpt>
<trkpt lat="-15.475587" lon="-70.100105">
<ele>3823.2</ele>
<time>2026-10-06T18:53:20-05:00</time>
</trkpt>
<trkpt lat="-15.475619" lon="-70.100088">
<ele>3822.9</ele>
<time>2026-10-06T18:53:22-05:00</time>
</trkpt>
<trkpt lat="-15.475669" lon="-70.100046">
<ele>3822.7</ele>
<time>2026-10-06T18:53:24-05:00</time>
</trkpt>
<trkpt lat="-15.475742" lon="-70.100017">
<ele>3823.4</ele>
<time>2026-10-06T18:53:26-05:00</time>
</trkpt>
<trkpt lat="-15.475837" lon="-70.099989">
<ele>3822.8</ele>
<time>2026-10-06T18:53:28-05:00</time>
</trkpt>
<trkpt lat="-15.475924" lon="-70.099937">
<ele>3822.4</ele>
<time>2026-10-06T18:53:30-05:00</time>
</trkpt>
<trkpt lat="-15.475991" lon="-70.099923">
<ele>3822.9</ele>
<time>2026-10-06T18:53:32-05:00</time>
</trkpt>
<trkpt lat="-15.476072" lon="-70.099901">
<ele>3823.2</ele>
<time>2026-10-06T18:53:34-05:00</time>
</trkpt>
<trkpt lat="-15.476143" lon="-70.099881">
<ele>3822.3</ele>
<time>2026-10-06T18:53:36-05:00</time>
</trkpt>
<trkpt lat="-15.476215" lon="-70.099867">
<ele>3823.5</ele>
<time>2026-10-06T18:53:38-05:00</time>
</trkpt>
<trkpt lat="-15.476299" lon="-70.099845">
<ele>3822.1</ele>
<time>2026-10-06T18:53:40-05:00</time>
</trkpt>
<trkpt lat="-15.476374" lon="-70.099808">
<ele>3822.7</ele>
<time>2026-10-06T18:53:42-05:00</time>
</trkpt>
<trkpt lat="-15.47645" lon="-70.099773">
<ele>3823.2</ele>
<time>2026-10-06T18:53:44-05:00</time>
</trkpt>
<trkpt lat="-15.476496" lon="-70.099739">
<ele>3822.9</ele>
<time>2026-10-06T18:53:46-05:00</time>
</trkpt>
<trkpt lat="-15.47658" lon="-70.099704">
<ele>3823.0</ele>
<time>2026-10-06T18:53:48-05:00</time>
</trkpt>
<trkpt lat="-15.476664" lon="-70.099684">
<ele>3822.6</ele>
<time>2026-10-06T18:53:50-05:00</time>
</trkpt>
<trkpt lat="-15.476754" lon="-70.09964">
<ele>3822.2</ele>
<time>2026-10-06T18:53:52-05:00</time>
</trkpt>
<trkpt lat="-15.476841" lon="-70.099613">
<ele>3823.4</ele>
<time>2026-10-06T18:53:54-05:00</time>
</trkpt>
<trkpt lat="-15.476906" lon="-70.099611">
<ele>3823.0</ele>
<time>2026-10-06T18:53:56-05:00</time>
</trkpt>
<trkpt lat="-15.476942" lon="-70.099595">
<ele>3822.8</ele>
<time>2026-10-06T18:53:58-05:00</time>
</trkpt>
<trkpt lat="-15.476953" lon="-70.099596">
<ele>3822.8</ele>
<time>2026-10-06T18:54:00-05:00</time>
</trkpt>
<trkpt lat="-15.47696" lon="-70.099595">
<ele>3823.0</ele>
<time>2026-10-06T18:54:02-05:00</time>
</trkpt>
<trkpt lat="-15.476972" lon="-70.099605">
<ele>3823.2</ele>
<time>2026-10-06T18:54:04-05:00</time>
</trkpt>
<trkpt lat="-15.476993" lon="-70.099604">
<ele>3822.8</ele>
<time>2026-10-06T18:54:06-05:00</time>
</trkpt>
<trkpt lat="-15.476981" lon="-70.099606">
<ele>3823.1</ele>
<time>2026-10-06T18:54:08-05:00</time>
</trkpt>
<trkpt lat="-15.476988" lon="-70.099599">
<ele>3823.4</ele>
<time>2026-10-06T18:54:10-05:00</time>
</trkpt>
<trkpt lat="-15.476999" lon="-70.099594">
<ele>3822.8</ele>
<time>2026-10-06T18:54:12-05:00</time>
</trkpt>
<trkpt lat="-15.476995" lon="-70.0996">
<ele>3823.1</ele>
<time>2026-10-06T18:54:14-05:00</time>
</trkpt>
<trkpt lat="-15.476973" lon="-70.099585">
<ele>3823.6</ele>
<time>2026-10-06T18:54:16-05:00</time>
</trkpt>
<trkpt lat="-15.476974" lon="-70.099587">
<ele>3822.4</ele>
<time>2026-10-06T18:54:18-05:00</time>
</trkpt>
<trkpt lat="-15.476972" lon="-70.099593">
<ele>3823.1</ele>
<time>2026-10-06T18:54:20-05:00</time>
</trkpt>
<trkpt lat="-15.476968" lon="-70.099612">
<ele>3822.3</ele>
<time>2026-10-06T18:54:22-05:00</time>
</trkpt>
<trkpt lat="-15.476964" lon="-70.099595">
<ele>3822.9</ele>
<time>2026-10-06T18:54:24-05:00</time>
</trkpt>
<trkpt lat="-15.476949" lon="-70.0996">
<ele>3823.3</ele>
<time>2026-10-06T18:54:26-05:00</time>
</trkpt>
<trkpt lat="-15.476942" lon="-70.099581">
<ele>3822.8</ele>
<time>2026-10-06T18:54:28-05:00</time>
</trkpt>
<trkpt lat="-15.476921" lon="-70.09959">
<ele>3822.9</ele>
<time>2026-10-06T18:54:30-05:00</time>
</trkpt>
<trkpt lat="-15.476921" lon="-70.099597">
<ele>3822.3</ele>
<time>2026-10-06T18:54:32-05:00</time>
</trkpt>
<trkpt lat="-15.476924" lon="-70.09958">
<ele>3822.6</ele>
<time>2026-10-06T18:54:34-05:00</time>
</trkpt>
<trkpt lat="-15.47695" lon="-70.099596">
<ele>3823.3</ele>
<time>2026-10-06T18:54:36-05:00</time>
</trkpt>
<trkpt lat="-15.47695" lon="-70.099595">
<ele>3823.2</ele>
<time>2026-10-06T18:54:38-05:00</time>
</trkpt>
<trkpt lat="-15.476946" lon="-70.099604">
<ele>3822.7</ele>
<time>2026-10-06T18:54:40-05:00</time>
</trkpt>
<trkpt lat="-15.476938" lon="-70.099601">
<ele>3823.3</ele>
<time>2026-10-06T18:54:42-05:00</time>
</trkpt>
<trkpt lat="-15.476951" lon="-70.099585">
<ele>3823.0</ele>
<time>2026-10-06T18:54:44-05:00</time>
</trkpt>
<trkpt lat="-15.477032" lon="-70.099523">
<ele>3822.7</ele>
<time>2026-10-06T18:54:46-05:00</time>
</trkpt>
<trkpt lat="-15.477152" lon="-70.09948">
<ele>3822.6</ele>
<time>2026-10-06T18:54:48-05:00</time>
</trkpt>
<trkpt lat="-15.47725" lon="-70.099445">
<ele>3822.4</ele>
<time>2026-10-06T18:54:50-05:00</time>
</trkpt>
<trkpt lat="-15.477333" lon="-70.099393">
<ele>3822.9</ele>
<time>2026-10-06T18:54:52-05:00</time>
</trkpt>
<trkpt lat="-15.477425" lon="-70.099354">
<ele>3822.8</ele>
<time>2026-10-06T18:54:54-05:00</time>
</trkpt>
<trkpt lat="-15.477511" lon="-70.099334">
<ele>3822.7</ele>
<time>2026-10-06T18:54:56-05:00</time>
</trkpt>
<trkpt lat="-15.477609" lon="-70.099292">
<ele>3822.8</ele>
<time>2026-10-06T18:54:58-05:00</time>
</trkpt>
<trkpt lat="-15.477649" lon="-70.099276">
<ele>3822.6</ele>
<time>2026-10-06T18:55:00-05:00</time>
</trkpt>
</trkseg>
</trk>
</gpx>